[
{
	ingredientPattern: "_T_,PLP,_K_",
	ingredients: {
		"T": { type: "item", code: "game:flaxtwine", quantity: 2 },
		"L": { type: "block", code: "game:linen-*" },
		"K": { type: "item", code: "game:knife-*", isTool: true, toolDurabilityCost: 35 },
		"P": { type: "item", code: "game:metalplate-*", allowedVariants: ["tinbronze", "bismuthbronze", "blackbronze"] }
	},
	width: 3,
	height: 3,
	name: "miningbag",
	output: { type: "item", code: "game:miningbag"  }
},
{
	ingredientPattern: "PLP",
	ingredients: {
		"L": { type: "item", code: "game:linensack" },
		"P": { type: "item", code: "game:metalplate-*", allowedVariants: ["tinbronze", "bismuthbronze", "blackbronze"] }
	},
	width: 3,
	height: 1,
	name: "miningbagalt",
	output: { type: "item", code: "game:miningbag"  }
}
]