{
	"editor": {
		"allAngles": false,
		"entityTextureMode": false
	},
	"textureWidth": 16,
	"textureHeight": 16,
	"textureSizes": {
	},
	"textures": {
	},
	"elements": [
		{
			"name": "origin",
			"from": [ 11.0, 0.5, 7.7 ], 
			"to": [ 11.0, 0.5, 7.7 ], 
			"rotationOrigin": [ 8.0, 0.0, 8.0 ],
			"faces": {
				"north": { "texture": "#string", "uv": [ 0.0, 0.0, 0.5, 0.5 ] },
				"east": { "texture": "#string", "uv": [ 0.0, 0.0, 0.5, 0.5 ] },
				"south": { "texture": "#string", "uv": [ 0.0, 0.0, 0.5, 0.5 ] },
				"west": { "texture": "#string", "uv": [ 0.0, 0.0, 0.5, 0.5 ] },
				"up": { "texture": "#string", "uv": [ 0.0, 0.0, 0.5, 0.5 ] },
				"down": { "texture": "#string", "uv": [ 0.0, 0.0, 0.5, 0.5 ] }
			},
			"children": [
				{
					"name": "handle 2",
					"from": [ -8.0, -0.5, -0.5 ], 
					"to": [ 8.0, 1.0, 0.5 ], 
					"rotationOrigin": [ 0.0, 0.3, 0.0 ],
					"faces": {
						"north": { "texture": "#handle", "uv": [ 0.0, 5.5, 16.0, 7.0 ] },
						"east": { "texture": "#handle", "uv": [ 0.5, 0.5, 1.5, 2.0 ] },
						"south": { "texture": "#handle", "uv": [ 0.0, 10.5, 16.0, 12.0 ] },
						"west": { "texture": "#handle", "uv": [ 14.0, 10.0, 15.0, 11.5 ], "enabled": false },
						"up": { "texture": "#handle", "uv": [ 0.0, 4.5, 16.0, 5.5 ] },
						"down": { "texture": "#handle", "uv": [ 0.0, 5.0, 16.0, 6.0 ] }
					}
				},
				{
					"name": "handle 3",
					"from": [ -8.5, -0.5, 0.5 ], 
					"to": [ 7.5, 1.0, 1.0 ], 
					"rotationOrigin": [ -10.0, -8.0, 1.0 ],
					"faces": {
						"north": { "texture": "#handle", "uv": [ 0.0, 5.5, 16.0, 7.0 ], "enabled": false },
						"east": { "texture": "#handle", "uv": [ 0.5, 0.5, 1.0, 2.0 ] },
						"south": { "texture": "#handle", "uv": [ 0.0, 10.5, 16.0, 12.0 ] },
						"west": { "texture": "#handle", "uv": [ 14.0, 10.0, 14.5, 11.5 ], "enabled": false },
						"up": { "texture": "#handle", "uv": [ 0.0, 8.5, 16.0, 9.0 ] },
						"down": { "texture": "#handle", "uv": [ 0.0, 5.0, 16.0, 5.5 ] }
					}
				},
				{
					"name": "HeadString1",
					"from": [ 5.8, -1.5, -1.9 ], 
					"to": [ 6.3, 2.0, 3.1 ], 
					"rotationOrigin": [ 5.8, -1.5, -0.4 ],
					"rotationY": -65.5,
					"faces": {
						"north": { "texture": "#string", "uv": [ 1.0, 0.0, 4.5, 0.5 ], "rotation": 90 },
						"east": { "texture": "#string", "uv": [ 0.0, 0.0, 5.0, 3.5 ] },
						"south": { "texture": "#string", "uv": [ 0.0, 0.0, 0.5, 3.5 ] },
						"west": { "texture": "#string", "uv": [ 0.0, 0.0, 5.0, 3.5 ] },
						"up": { "texture": "#string", "uv": [ 3.5, 0.0, 8.5, 0.5 ], "rotation": 90 },
						"down": { "texture": "#string", "uv": [ 0.0, 0.0, 0.5, 5.0 ] }
					}
				},
				{
					"name": "HeadString2",
					"from": [ 6.0, -1.4, -1.2 ], 
					"to": [ 6.5, 1.9, 3.8 ], 
					"rotationOrigin": [ 6.0, -1.4, 0.3 ],
					"rotationX": 1.9999995073623897,
					"rotationY": -114.5,
					"rotationZ": -2.9684691826926236E-8,
					"faces": {
						"north": { "texture": "#string", "uv": [ 0.0, 0.5, 3.0, 1.0 ], "rotation": 90 },
						"east": { "texture": "#string", "uv": [ 0.0, 0.0, 5.0, 3.0 ] },
						"south": { "texture": "#string", "uv": [ 2.0, 0.5, 5.0, 1.0 ], "rotation": 90 },
						"west": { "texture": "#string", "uv": [ 0.0, 4.0, 5.0, 7.0 ] },
						"up": { "texture": "#string", "uv": [ 3.0, 0.5, 8.0, 1.0 ], "rotation": 90 },
						"down": { "texture": "#string", "uv": [ 6.5, 0.5, 11.5, 1.0 ], "rotation": 90 }
					}
				},
				{
					"name": "HeadBaseString",
					"from": [ 2.8, -0.6, -0.8 ], 
					"to": [ 3.3, 1.1, 1.2 ], 
					"rotationOrigin": [ 2.8, -0.6, 0.7 ],
					"rotationX": 0.9999997998811924,
					"faces": {
						"north": { "texture": "#string", "uv": [ 1.0, 0.5, 2.5, 1.0 ], "rotation": 90 },
						"east": { "texture": "#string", "uv": [ 0.0, 2.0, 2.0, 3.5 ], "enabled": false },
						"south": { "texture": "#string", "uv": [ 0.0, 2.5, 1.5, 3.0 ], "rotation": 90 },
						"west": { "texture": "#string", "uv": [ 2.0, 2.5, 4.0, 4.0 ] },
						"up": { "texture": "#string", "uv": [ 4.5, 0.0, 6.5, 0.5 ], "rotation": 90 },
						"down": { "texture": "#string", "uv": [ 2.5, 2.0, 4.5, 2.5 ], "rotation": 90 }
					}
				},
				{
					"name": "handle 11",
					"from": [ -14.0, -0.5, -0.5 ], 
					"to": [ -8.0, 1.0, 0.5 ], 
					"rotationOrigin": [ -11.0, 0.3, 0.0 ],
					"faces": {
						"north": { "texture": "#handle", "uv": [ 0.0, 5.5, 6.0, 7.0 ] },
						"east": { "texture": "#handle", "uv": [ 0.5, 0.5, 1.5, 2.0 ], "enabled": false },
						"south": { "texture": "#handle", "uv": [ 0.0, 10.5, 6.0, 12.0 ] },
						"west": { "texture": "#handle", "uv": [ 14.0, 10.0, 15.0, 11.5 ] },
						"up": { "texture": "#handle", "uv": [ 0.0, 4.5, 6.0, 5.5 ] },
						"down": { "texture": "#handle", "uv": [ 0.0, 5.0, 6.0, 6.0 ] }
					}
				},
				{
					"name": "handle 12",
					"from": [ -12.5, -0.5, 0.5 ], 
					"to": [ -8.5, 1.0, 1.0 ], 
					"rotationOrigin": [ -14.0, -8.0, 1.0 ],
					"faces": {
						"north": { "texture": "#handle", "uv": [ 0.0, 5.5, 4.0, 7.0 ], "enabled": false },
						"east": { "texture": "#handle", "uv": [ 0.5, 0.5, 1.0, 2.0 ], "enabled": false },
						"south": { "texture": "#handle", "uv": [ 0.0, 10.5, 4.0, 12.0 ] },
						"west": { "texture": "#handle", "uv": [ 14.0, 10.0, 14.5, 11.5 ] },
						"up": { "texture": "#handle", "uv": [ 0.0, 8.5, 4.0, 9.0 ] },
						"down": { "texture": "#handle", "uv": [ 0.0, 5.0, 4.0, 5.5 ] }
					}
				},
				{
					"name": "Head",
					"from": [ 3.0, -1.25, -2.25 ], 
					"to": [ 7.0, 1.75, 2.75 ], 
					"rotationOrigin": [ 3.0, -1.5, -1.9 ],
					"faces": {
						"north": { "texture": "#material", "uv": [ 3.5, 9.0, 7.5, 12.0 ] },
						"east": { "texture": "#material", "uv": [ 7.5, 5.5, 12.5, 8.5 ] },
						"south": { "texture": "#material", "uv": [ 1.5, 11.5, 5.5, 14.5 ] },
						"west": { "texture": "#material", "uv": [ 3.5, 8.5, 8.5, 11.5 ] },
						"up": { "texture": "#material", "uv": [ 11.5, 3.5, 15.5, 8.5 ] },
						"down": { "texture": "#material", "uv": [ 7.0, 6.5, 11.0, 11.5 ] }
					},
					"children": [
						{
							"name": "Hittingface",
							"from": [ 0.5, 0.5, -0.5 ], 
							"to": [ 3.5, 2.5, 0.0 ], 
							"rotationOrigin": [ 0.5, 0.5, -0.5 ],
							"faces": {
								"north": { "texture": "#material", "uv": [ 11.5, 12.0, 14.5, 14.0 ] },
								"east": { "texture": "#material", "uv": [ 5.0, 8.5, 5.5, 10.5 ] },
								"south": { "texture": "#material", "uv": [ 3.5, 12.0, 6.5, 14.0 ], "enabled": false },
								"west": { "texture": "#material", "uv": [ 10.0, 9.5, 10.5, 11.5 ] },
								"up": { "texture": "#material", "uv": [ 5.5, 13.5, 8.5, 14.0 ] },
								"down": { "texture": "#material", "uv": [ 8.5, 10.0, 11.5, 10.5 ] }
							}
						},
						{
							"name": "Hittingface2",
							"from": [ 0.5, 0.5, 5.0 ], 
							"to": [ 3.5, 2.5, 5.5 ], 
							"rotationOrigin": [ 0.5, 0.5, 5.0 ],
							"faces": {
								"north": { "texture": "#material", "uv": [ 7.5, 1.5, 10.5, 3.5 ], "enabled": false },
								"east": { "texture": "#material", "uv": [ 4.0, 9.5, 4.5, 11.5 ] },
								"south": { "texture": "#material", "uv": [ 9.5, 12.5, 12.5, 14.5 ] },
								"west": { "texture": "#material", "uv": [ 4.5, 9.5, 5.0, 11.5 ] },
								"up": { "texture": "#material", "uv": [ 1.0, 10.5, 4.0, 11.0 ] },
								"down": { "texture": "#material", "uv": [ 7.5, 10.5, 10.5, 11.0 ] }
							}
						}
					]
				},
				{
					"name": "HeadTopString",
					"from": [ 6.7, -0.6, -0.8 ], 
					"to": [ 7.2, 1.1, 1.2 ], 
					"rotationOrigin": [ 6.7, -0.6, 0.7 ],
					"rotationX": 0.9999997998811924,
					"faces": {
						"north": { "texture": "#string", "uv": [ 1.0, 0.5, 2.5, 1.0 ], "rotation": 90 },
						"east": { "texture": "#string", "uv": [ 0.0, 2.0, 2.0, 3.5 ] },
						"south": { "texture": "#string", "uv": [ 0.0, 2.5, 1.5, 3.0 ], "rotation": 90 },
						"west": { "texture": "#string", "uv": [ 2.0, 2.5, 4.0, 4.0 ], "enabled": false },
						"up": { "texture": "#string", "uv": [ 4.5, 0.0, 6.5, 0.5 ], "rotation": 90 },
						"down": { "texture": "#string", "uv": [ 2.5, 2.0, 4.5, 2.5 ], "rotation": 90 }
					}
				}
			]
		}
	]}