{
	"editor": {
		"allAngles": false,
		"entityTextureMode": false
	},
	"textureWidth": 16,
	"textureHeight": 16,
	"textureSizes": {
	},
	"textures": {
	},
	"elements": [
		{
			"name": "Origin",
			"from": [ 8.0, 0.0, 8.0 ], 
			"to": [ 9.0, 1.0, 9.0 ], 
			"rotationOrigin": [ 8.0, 0.0, 8.0 ],
			"faces": {
				"north": { "texture": "#string", "uv": [ 0.0, 0.0, 1.0, 1.0 ], "enabled": false },
				"east": { "texture": "#string", "uv": [ 0.0, 0.0, 1.0, 1.0 ], "enabled": false },
				"south": { "texture": "#string", "uv": [ 0.0, 0.0, 1.0, 1.0 ], "enabled": false },
				"west": { "texture": "#string", "uv": [ 0.0, 0.0, 1.0, 1.0 ], "enabled": false },
				"up": { "texture": "#string", "uv": [ 0.0, 0.0, 1.0, 1.0 ], "enabled": false },
				"down": { "texture": "#string", "uv": [ 0.0, 0.0, 1.0, 1.0 ], "enabled": false }
			},
			"children": [
				{
					"name": "Backplate",
					"from": [ -1.0, -1.0, -2.25 ], 
					"to": [ 1.0, 1.0, -1.75 ], 
					"rotationOrigin": [ -1.0, -1.0, -2.0 ],
					"faces": {
						"north": { "texture": "#metal", "uv": [ 6.5, 6.5, 8.5, 8.5 ] },
						"east": { "texture": "#string", "uv": [ 0.0, 0.0, 0.5, 2.0 ], "enabled": false },
						"south": { "texture": "#string", "uv": [ 0.0, 0.0, 2.0, 2.0 ], "enabled": false },
						"west": { "texture": "#string", "uv": [ 0.0, 0.0, 0.5, 2.0 ], "enabled": false },
						"up": { "texture": "#string", "uv": [ 0.0, 0.0, 2.0, 0.5 ], "enabled": false },
						"down": { "texture": "#metal", "uv": [ 0.0, 0.0, 2.0, 0.5 ], "enabled": false }
					},
					"children": [
						{
							"name": "UpFlair",
							"from": [ 0.0, 2.0, 0.0 ], 
							"to": [ 2.0, 2.5, 0.5 ], 
							"rotationOrigin": [ 0.0, 2.0, 0.0 ],
							"faces": {
								"north": { "texture": "#metal", "uv": [ 3.0, 12.5, 5.0, 13.0 ] },
								"east": { "texture": "#metal", "uv": [ 3.0, 7.5, 3.5, 8.0 ] },
								"south": { "texture": "#metal", "uv": [ 6.5, 8.0, 8.5, 8.5 ] },
								"west": { "texture": "#metal", "uv": [ 4.5, 5.0, 5.0, 5.5 ] },
								"up": { "texture": "#metal", "uv": [ 6.0, 2.0, 8.0, 2.5 ] },
								"down": { "texture": "#string", "uv": [ 0.0, 0.0, 2.0, 0.5 ], "enabled": false }
							}
						},
						{
							"name": "DownFlair",
							"from": [ 0.0, -0.5, 0.0 ], 
							"to": [ 2.0, 0.0, 0.5 ], 
							"rotationOrigin": [ 0.0, -0.5, 0.0 ],
							"faces": {
								"north": { "texture": "#metal", "uv": [ 12.5, 6.5, 14.5, 7.0 ] },
								"east": { "texture": "#metal", "uv": [ 3.5, 8.0, 4.0, 8.5 ] },
								"south": { "texture": "#metal", "uv": [ 1.5, 6.0, 3.5, 6.5 ] },
								"west": { "texture": "#metal", "uv": [ 6.0, 7.0, 6.5, 7.5 ] },
								"up": { "texture": "#string", "uv": [ 0.0, 0.0, 2.0, 0.5 ], "enabled": false },
								"down": { "texture": "#metal", "uv": [ 4.0, 11.5, 6.0, 12.0 ] }
							}
						},
						{
							"name": "EastFlair",
							"from": [ 2.0, 0.0, 0.0 ], 
							"to": [ 2.5, 2.0, 0.5 ], 
							"rotationOrigin": [ 2.0, 0.0, 0.0 ],
							"faces": {
								"north": { "texture": "#metal", "uv": [ 8.0, 7.5, 8.5, 9.5 ] },
								"east": { "texture": "#metal", "uv": [ 6.0, 11.0, 6.5, 13.0 ] },
								"south": { "texture": "#metal", "uv": [ 10.0, 6.0, 10.5, 8.0 ] },
								"west": { "texture": "#string", "uv": [ 0.0, 0.0, 0.5, 2.0 ], "enabled": false },
								"up": { "texture": "#metal", "uv": [ 8.0, 4.5, 8.5, 5.0 ] },
								"down": { "texture": "#metal", "uv": [ 7.5, 5.5, 8.0, 6.0 ] }
							}
						},
						{
							"name": "WestFlair",
							"from": [ -0.5, 0.0, 0.0 ], 
							"to": [ 0.0, 2.0, 0.5 ], 
							"rotationOrigin": [ -0.5, 0.0, 0.0 ],
							"faces": {
								"north": { "texture": "#metal", "uv": [ 11.0, 8.5, 11.5, 10.5 ] },
								"east": { "texture": "#metal", "uv": [ 0.0, 0.0, 0.5, 2.0 ], "enabled": false },
								"south": { "texture": "#metal", "uv": [ 4.5, 8.5, 5.0, 10.5 ] },
								"west": { "texture": "#metal", "uv": [ 13.0, 6.0, 13.5, 8.0 ] },
								"up": { "texture": "#metal", "uv": [ 11.0, 9.5, 11.5, 10.0 ] },
								"down": { "texture": "#metal", "uv": [ 9.5, 7.0, 10.0, 7.5 ] }
							}
						},
						{
							"name": "Cube9",
							"from": [ 0.0, 0.0, 0.5 ], 
							"to": [ 2.0, 2.0, 1.0 ], 
							"rotationOrigin": [ 0.0, 0.0, 0.5 ],
							"faces": {
								"north": { "texture": "#string", "uv": [ 0.0, 0.0, 2.0, 2.0 ], "enabled": false },
								"east": { "texture": "#metal", "uv": [ 5.5, 11.5, 6.0, 13.5 ] },
								"south": { "texture": "#metal", "uv": [ 6.0, 5.0, 8.0, 7.0 ] },
								"west": { "texture": "#metal", "uv": [ 3.5, 8.0, 4.0, 10.0 ] },
								"up": { "texture": "#metal", "uv": [ 10.0, 9.5, 12.0, 10.0 ] },
								"down": { "texture": "#metal", "uv": [ 8.0, 7.0, 10.0, 7.5 ] }
							},
							"children": [
								{
									"name": "WedgeTop",
									"from": [ 0.5, 1.5, -0.1 ], 
									"to": [ 1.5, 2.0, 4.9 ], 
									"rotationOrigin": [ 1.5, 1.5, -0.1 ],
									"rotationX": 5.75,
									"faces": {
										"north": { "texture": "#metal", "uv": [ 0.0, 0.0, 1.0, 0.5 ], "enabled": false },
										"east": { "texture": "#metal", "uv": [ 7.0, 4.5, 12.0, 5.0 ] },
										"south": { "texture": "#metal", "uv": [ 3.5, 14.5, 4.5, 15.0 ] },
										"west": { "texture": "#metal", "uv": [ 4.5, 7.0, 9.5, 7.5 ] },
										"up": { "texture": "#metal", "uv": [ 2.0, 5.5, 3.0, 10.5 ] },
										"down": { "texture": "#metal", "uv": [ 6.5, 7.0, 7.5, 12.0 ] }
									}
								},
								{
									"name": "WedgeLower",
									"from": [ 0.5, 0.0, -0.1 ], 
									"to": [ 1.5, 0.5, 4.9 ], 
									"rotationOrigin": [ 1.5, 0.5, -0.1 ],
									"rotationX": -5.75,
									"faces": {
										"north": { "texture": "#string", "uv": [ 0.0, 0.0, 1.0, 0.5 ], "enabled": false },
										"east": { "texture": "#metal", "uv": [ 4.5, 10.0, 9.5, 10.5 ] },
										"south": { "texture": "#metal", "uv": [ 1.0, 12.5, 2.0, 13.0 ] },
										"west": { "texture": "#metal", "uv": [ 4.0, 6.0, 9.0, 6.5 ] },
										"up": { "texture": "#metal", "uv": [ 5.5, 4.0, 6.5, 9.0 ] },
										"down": { "texture": "#metal", "uv": [ 1.5, 6.0, 2.5, 11.0 ] }
									}
								},
								{
									"name": "WedgeInner",
									"from": [ 0.75, 0.5, 0.35 ], 
									"to": [ 1.25, 1.5, 4.85 ], 
									"rotationOrigin": [ 0.7, 0.5, 0.4 ],
									"faces": {
										"north": { "texture": "#string", "uv": [ 0.0, 0.0, 0.5, 1.0 ], "enabled": false },
										"east": { "texture": "#metal", "uv": [ 4.5, 6.0, 9.0, 7.0 ] },
										"south": { "texture": "#string", "uv": [ 0.0, 0.0, 0.5, 1.0 ], "enabled": false },
										"west": { "texture": "#metal", "uv": [ 0.5, 10.0, 5.0, 11.0 ] },
										"up": { "texture": "#string", "uv": [ 0.0, 0.0, 0.5, 4.5 ], "enabled": false },
										"down": { "texture": "#string", "uv": [ 0.0, 0.0, 0.5, 4.5 ], "enabled": false }
									}
								}
							]
						}
					]
				}
			]
		}
	]}