{
	"editor": {
		"allAngles": true,
		"entityTextureMode": true
	},
	"textureWidth": 16,
	"textureHeight": 16,
	"textureSizes": {
	},
	"textures": {
		"pheasanchick": "entity/pheasant/pheasantchick1"
	},
	"elements": [
		{
			"name": "body",
			"from": [ 7.1, 0.8, 7.0 ], 
			"to": [ 9.6, 2.6, 9.0 ], 
			"unwrapMode": 5,
			"unwrapRotation": 1,
			"autoUnwrap": false,
			"uv": [ 0.5, 5.5 ],
			"rotationOrigin": [ 8.4, 1.8, 8.0 ],
			"rotationZ": -20.0,
			"faces": {
				"north": { "texture": "#pheasanchick", "uv": [ 0.0, 7.0, 1.5, 9.5 ], "rotation": 270 },
				"east": { "texture": "#pheasanchick", "uv": [ 1.5, 5.5, 4.0, 7.0 ], "rotation": 180, "autoUv": false },
				"south": { "texture": "#pheasanchick", "uv": [ 4.0, 7.0, 5.5, 9.5 ], "rotation": 90 },
				"west": { "texture": "#pheasanchick", "uv": [ 1.5, 9.5, 4.0, 11.0 ], "autoUv": false },
				"up": { "texture": "#pheasanchick", "uv": [ 1.5, 7.0, 4.0, 9.5 ], "rotation": 90, "autoUv": false },
				"down": { "texture": "#pheasanchick", "uv": [ 5.5, 7.0, 8.0, 9.5 ], "rotation": 270, "autoUv": false }
			},
			"children": [
				{
					"name": "R leg",
					"from": [ 0.8, -0.2, 0.3 ], 
					"to": [ 1.3, 0.8, 0.8 ], 
					"unwrapMode": 4,
					"uv": [ 11.0, 11.0 ],
					"rotationOrigin": [ 1.1, 0.8, 0.5 ],
					"rotationX": -3.0,
					"rotationZ": 30.0,
					"faces": {
						"north": { "texture": "#pheasanchick", "uv": [ 11.0, 11.0, 11.5, 12.0 ] },
						"east": { "texture": "#pheasanchick", "uv": [ 12.5, 11.0, 13.0, 12.0 ] },
						"south": { "texture": "#pheasanchick", "uv": [ 12.0, 11.0, 12.5, 12.0 ] },
						"west": { "texture": "#pheasanchick", "uv": [ 11.5, 11.0, 12.0, 12.0 ] },
						"up": { "texture": "#pheasanchick", "uv": [ 11.5, 11.0, 12.0, 11.5 ], "rotation": 90, "enabled": false },
						"down": { "texture": "#pheasanchick", "uv": [ 11.5, 12.0, 12.0, 12.5 ], "rotation": 90 }
					},
					"children": [
						{
							"name": "R feet",
							"from": [ 0.1, -0.7, 0.1 ], 
							"to": [ 0.6, 0.5, 0.6 ], 
							"unwrapMode": 4,
							"uv": [ 11.0, 13.0 ],
							"rotationOrigin": [ 0.3, 0.3, 0.4 ],
							"rotationX": 3.0,
							"rotationZ": -10.0,
							"faces": {
								"north": { "texture": "#pheasanchick", "uv": [ 11.0, 13.5, 11.5, 14.5 ] },
								"east": { "texture": "#pheasanchick", "uv": [ 12.5, 13.5, 13.0, 14.5 ] },
								"south": { "texture": "#pheasanchick", "uv": [ 12.0, 13.5, 12.5, 14.5 ] },
								"west": { "texture": "#pheasanchick", "uv": [ 11.5, 13.5, 12.0, 14.5 ] },
								"up": { "texture": "#pheasanchick", "uv": [ 11.5, 13.0, 12.0, 13.5 ], "rotation": 90 },
								"down": { "texture": "#pheasanchick", "uv": [ 11.5, 14.5, 12.0, 15.0 ], "rotation": 90 }
							},
							"children": [
								{
									"name": "Cube1",
									"from": [ -0.5, 0.0, -0.12 ], 
									"to": [ 0.5, 0.0, 0.63 ], 
									"autoUnwrap": false,
									"uv": [ 12.0, 14.5 ],
									"rotationOrigin": [ 0.0, 0.0, 0.25 ],
									"faces": {
										"north": { "texture": "#pheasanchick", "uv": [ 0.0, 1.0, 1.0, 1.5 ], "enabled": false },
										"east": { "texture": "#pheasanchick", "uv": [ 1.0, 1.0, 1.5, 1.5 ], "enabled": false, "windMode": [-1,-1,-1,-1] },
										"south": { "texture": "#pheasanchick", "uv": [ 1.0, 1.0, 2.0, 1.5 ], "enabled": false, "windMode": [-1,-1,-1,-1] },
										"west": { "texture": "#pheasanchick", "uv": [ 1.0, 1.0, 1.5, 1.5 ], "enabled": false, "windMode": [-1,-1,-1,-1] },
										"up": { "texture": "#pheasanchick", "uv": [ 12.0, 14.5, 14.0, 16.0 ], "rotation": 180, "autoUv": false, "windMode": [-1,-1,-1,-1] },
										"down": { "texture": "#pheasanchick", "uv": [ 13.0, 14.5, 14.0, 15.0 ], "enabled": false, "windMode": [-1,-1,-1,-1] }
									}
								}
							]
						}
					]
				},
				{
					"name": "L leg",
					"from": [ 0.8, -0.2, 1.2 ], 
					"to": [ 1.3, 0.8, 1.7 ], 
					"unwrapMode": 4,
					"uv": [ 13.5, 11.0 ],
					"rotationOrigin": [ 1.1, 0.8, 1.5 ],
					"rotationX": 3.0,
					"rotationZ": 30.0,
					"faces": {
						"north": { "texture": "#pheasanchick", "uv": [ 13.5, 11.0, 14.0, 12.0 ] },
						"east": { "texture": "#pheasanchick", "uv": [ 15.0, 11.0, 15.5, 12.0 ] },
						"south": { "texture": "#pheasanchick", "uv": [ 14.5, 11.0, 15.0, 12.0 ] },
						"west": { "texture": "#pheasanchick", "uv": [ 14.0, 11.0, 14.5, 12.0 ] },
						"up": { "texture": "#pheasanchick", "uv": [ 14.0, 11.0, 14.5, 11.5 ], "rotation": 90, "enabled": false },
						"down": { "texture": "#pheasanchick", "uv": [ 14.0, 12.0, 14.5, 12.5 ], "rotation": 90 }
					},
					"children": [
						{
							"name": "L foot",
							"from": [ 0.1, -0.7, -0.1 ], 
							"to": [ 0.6, 0.5, 0.4 ], 
							"unwrapMode": 4,
							"uv": [ 13.5, 13.0 ],
							"rotationOrigin": [ 0.3, 0.3, 0.1 ],
							"rotationX": -3.0,
							"rotationZ": -10.0,
							"faces": {
								"north": { "texture": "#pheasanchick", "uv": [ 13.5, 13.5, 14.0, 14.5 ] },
								"east": { "texture": "#pheasanchick", "uv": [ 15.0, 13.5, 15.5, 14.5 ] },
								"south": { "texture": "#pheasanchick", "uv": [ 14.5, 13.5, 15.0, 14.5 ] },
								"west": { "texture": "#pheasanchick", "uv": [ 14.0, 13.5, 14.5, 14.5 ] },
								"up": { "texture": "#pheasanchick", "uv": [ 14.0, 13.0, 14.5, 13.5 ], "rotation": 90 },
								"down": { "texture": "#pheasanchick", "uv": [ 14.0, 14.5, 14.5, 15.0 ], "rotation": 90 }
							},
							"children": [
								{
									"name": "Cube13",
									"from": [ -0.5, 0.0015, -0.1 ], 
									"to": [ 0.5, 0.0015, 0.65 ], 
									"autoUnwrap": false,
									"uv": [ 12.0, 14.5 ],
									"rotationOrigin": [ 0.0, 0.0015, 0.275 ],
									"rotationX": 0.27,
									"rotationY": 3.093,
									"rotationZ": -0.007,
									"faces": {
										"north": { "texture": "#pheasanchick", "uv": [ 0.0, 1.0, 1.0, 1.5 ], "enabled": false },
										"east": { "texture": "#pheasanchick", "uv": [ 1.0, 1.0, 1.5, 1.5 ], "enabled": false },
										"south": { "texture": "#pheasanchick", "uv": [ 1.0, 1.0, 2.0, 1.5 ], "enabled": false },
										"west": { "texture": "#pheasanchick", "uv": [ 1.0, 1.0, 1.5, 1.5 ], "enabled": false },
										"up": { "texture": "#pheasanchick", "uv": [ 12.0, 14.5, 14.0, 16.0 ], "rotation": 180, "autoUv": false },
										"down": { "texture": "#pheasanchick", "uv": [ 13.0, 14.5, 14.0, 15.0 ], "enabled": false }
									}
								}
							]
						}
					]
				},
				{
					"name": "R wing",
					"from": [ 0.0, 0.4, -0.3 ], 
					"to": [ 2.0, 1.4, 0.2 ], 
					"unwrapMode": 1,
					"uv": [ 13.0, 8.5 ],
					"rotationOrigin": [ 0.0, 1.4, 0.2 ],
					"rotationY": -4.0,
					"rotationZ": 11.0,
					"faces": {
						"north": { "texture": "#pheasanchick", "uv": [ 13.0, 9.0, 15.0, 10.0 ] },
						"east": { "texture": "#pheasanchick", "uv": [ 13.0, 9.0, 13.5, 10.0 ], "enabled": false },
						"south": { "texture": "#pheasanchick", "uv": [ 15.5, 9.0, 17.5, 10.0 ], "enabled": false },
						"west": { "texture": "#pheasanchick", "uv": [ 15.0, 9.0, 15.5, 10.0 ] },
						"up": { "texture": "#pheasanchick", "uv": [ 13.0, 8.5, 15.0, 9.0 ], "rotation": 180 },
						"down": { "texture": "#pheasanchick", "uv": [ 13.0, 10.0, 15.0, 10.5 ], "enabled": false }
					}
				},
				{
					"name": "L wing",
					"from": [ 0.0, 0.4, 1.8 ], 
					"to": [ 2.0, 1.4, 2.3 ], 
					"unwrapMode": 3,
					"uv": [ 11.0, 8.5 ],
					"rotationOrigin": [ 0.0, 1.4, 1.8 ],
					"rotationY": 4.0,
					"rotationZ": 11.0,
					"faces": {
						"north": { "texture": "#pheasanchick", "uv": [ 13.5, 9.0, 15.5, 10.0 ], "enabled": false },
						"east": { "texture": "#pheasanchick", "uv": [ 13.5, 9.0, 14.0, 10.0 ], "enabled": false },
						"south": { "texture": "#pheasanchick", "uv": [ 11.5, 9.0, 13.5, 10.0 ] },
						"west": { "texture": "#pheasanchick", "uv": [ 11.0, 9.0, 11.5, 10.0 ] },
						"up": { "texture": "#pheasanchick", "uv": [ 11.5, 8.5, 13.5, 9.0 ] },
						"down": { "texture": "#pheasanchick", "uv": [ 11.5, 10.0, 13.5, 10.5 ], "rotation": 180, "enabled": false }
					}
				},
				{
					"name": "neck",
					"from": [ -0.8, -0.1, 0.5 ], 
					"to": [ 0.7, 0.9, 1.5 ], 
					"unwrapMode": 1,
					"unwrapRotation": 1,
					"uv": [ 4.5, 10.0 ],
					"rotationOrigin": [ 0.7, 0.4, 1.0 ],
					"rotationZ": -45.0,
					"faces": {
						"north": { "texture": "#pheasanchick", "uv": [ 5.5, 11.0, 6.5, 12.5 ], "rotation": 90 },
						"east": { "texture": "#pheasanchick", "uv": [ 5.5, 12.5, 6.5, 13.5 ], "rotation": 90, "enabled": false },
						"south": { "texture": "#pheasanchick", "uv": [ 7.5, 11.0, 8.5, 12.5 ], "rotation": 270 },
						"west": { "texture": "#pheasanchick", "uv": [ 5.5, 10.0, 6.5, 11.0 ], "rotation": 90 },
						"up": { "texture": "#pheasanchick", "uv": [ 4.5, 11.0, 5.5, 12.5 ], "rotation": 270 },
						"down": { "texture": "#pheasanchick", "uv": [ 6.5, 11.0, 7.5, 12.5 ], "rotation": 90 }
					},
					"children": [
						{
							"name": "head",
							"from": [ -1.2, 0.6, -0.3 ], 
							"to": [ 0.4, 2.1, 1.3 ], 
							"unwrapMode": 4,
							"autoUnwrap": false,
							"uv": [ 0.5, 0.5 ],
							"rotationOrigin": [ 0.3, 1.3, 0.5 ],
							"rotationZ": 67.5,
							"faces": {
								"north": { "texture": "#pheasanchick", "uv": [ 6.0, 3.5, 8.5, 6.0 ], "autoUv": false },
								"east": { "texture": "#pheasanchick", "uv": [ 13.5, 3.5, 16.0, 6.0 ], "autoUv": false },
								"south": { "texture": "#pheasanchick", "uv": [ 11.0, 3.5, 13.5, 6.0 ], "autoUv": false },
								"west": { "texture": "#pheasanchick", "uv": [ 8.5, 3.5, 11.0, 6.0 ], "autoUv": false },
								"up": { "texture": "#pheasanchick", "uv": [ 8.5, 1.0, 11.0, 3.5 ], "rotation": 90, "autoUv": false },
								"down": { "texture": "#pheasanchick", "uv": [ 8.5, 6.0, 11.0, 8.5 ], "rotation": 90, "autoUv": false }
							},
							"children": [
								{
									"name": "beak",
									"from": [ -0.4, 0.5, 0.6 ], 
									"to": [ 0.6, 1.0, 1.0 ], 
									"unwrapMode": 5,
									"unwrapRotation": 1,
									"uv": [ 13.5, 2.0 ],
									"rotationOrigin": [ 0.6, 0.5, 0.6 ],
									"rotationZ": 20.0,
									"faces": {
										"north": { "texture": "#pheasanchick", "uv": [ 13.5, 2.0, 14.0, 3.0 ], "rotation": 270 },
										"east": { "texture": "#pheasanchick", "uv": [ 14.0, 2.0, 14.5, 2.5 ], "rotation": 180, "enabled": false },
										"south": { "texture": "#pheasanchick", "uv": [ 14.0, 2.0, 14.5, 3.0 ], "rotation": 90 },
										"west": { "texture": "#pheasanchick", "uv": [ 14.0, 3.0, 14.0, 3.5 ] },
										"up": { "texture": "#pheasanchick", "uv": [ 14.0, 2.0, 14.5, 3.0 ], "rotation": 90 },
										"down": { "texture": "#pheasanchick", "uv": [ 14.5, 2.0, 15.0, 3.0 ], "rotation": 270 }
									}
								}
							]
						}
					]
				},
				{
					"name": "tail",
					"from": [ 2.0, 0.7, 0.5 ], 
					"to": [ 3.0, 1.7, 1.5 ], 
					"unwrapMode": 2,
					"unwrapRotation": 1,
					"uv": [ 6.5, 13.0 ],
					"rotationOrigin": [ 2.0, 1.0, 0.9 ],
					"rotationZ": 14.0,
					"faces": {
						"north": { "texture": "#pheasanchick", "uv": [ 7.5, 13.0, 8.5, 14.0 ], "rotation": 90 },
						"east": { "texture": "#pheasanchick", "uv": [ 7.5, 14.0, 8.5, 15.0 ], "rotation": 90 },
						"south": { "texture": "#pheasanchick", "uv": [ 7.5, 15.0, 8.5, 16.0 ], "rotation": 90 },
						"west": { "texture": "#pheasanchick", "uv": [ 9.5, 14.0, 10.5, 15.0 ], "rotation": 270, "enabled": false },
						"up": { "texture": "#pheasanchick", "uv": [ 6.5, 14.0, 7.5, 15.0 ] },
						"down": { "texture": "#pheasanchick", "uv": [ 8.5, 14.0, 9.5, 15.0 ] }
					}
				}
			],
			"attachmentpoints": [
				{
					"code": "Center",
					"posX": "1.0","posY": "1.0","posZ": "1.0",
					"rotationX": "0.0","rotationY": "0.0","rotationZ": "0.0"
				}
			]
		}
	],
	"animations": [
		{
			"name": "Run",
			"code": "run",
			"quantityframes": 24,
			"onActivityStopped": "EaseOut",
			"onAnimationEnd": "Repeat",
			"keyframes": [
				{
					"frame": 0,
					"elements": {
						"body": { "offsetX": -0.5, "offsetY": 0.3, "offsetZ": 0.0, "rotationX": 0.0, "rotationY": 0.0, "rotationZ": -22.0 },
						"R leg": { "offsetX": 0.0, "offsetY": 0.0, "offsetZ": 0.0, "rotationX": 0.0, "rotationY": 0.0, "rotationZ": 17.0 },
						"R feet": { "rotationX": 0.0, "rotationY": 0.0, "rotationZ": -53.0 },
						"L leg": { "offsetX": 0.5, "offsetY": -1.0, "offsetZ": 0.0, "rotationX": 0.0, "rotationY": 0.0, "rotationZ": 39.0 },
						"L foot": { "rotationX": 0.0, "rotationY": 0.0, "rotationZ": 0.0 },
						"R wing": { "offsetX": 0.0, "offsetY": 0.0, "offsetZ": 0.0, "rotationX": 0.0, "rotationY": 40.0, "rotationZ": 30.0 },
						"L wing": { "offsetX": 0.0, "offsetY": 0.0, "offsetZ": 0.0, "rotationX": 0.0, "rotationY": -40.0, "rotationZ": 30.0 }
					}
				},
				{
					"frame": 4,
					"elements": {
						"body": { "offsetX": -0.5, "offsetY": 0.3, "offsetZ": 0.0, "rotationX": 0.0, "rotationY": 0.0, "rotationZ": -19.0 },
						"R leg": { "offsetX": 0.2, "offsetY": -0.6, "offsetZ": 0.0, "rotationX": 0.0, "rotationY": 0.0, "rotationZ": -6.0 },
						"R feet": { "rotationX": 0.0, "rotationY": 0.0, "rotationZ": 0.0 },
						"L leg": { "offsetX": 0.5, "offsetY": -1.0, "offsetZ": 0.0, "rotationX": 0.0, "rotationY": 0.0, "rotationZ": 55.0 },
						"L foot": { "rotationX": 0.0, "rotationY": 0.0, "rotationZ": 0.0 },
						"R wing": { "offsetX": 0.0, "offsetY": 0.0, "offsetZ": 0.0, "rotationX": 0.0, "rotationY": 25.0, "rotationZ": 17.0 },
						"L wing": { "offsetX": 0.0, "offsetY": 0.0, "offsetZ": 0.0, "rotationX": 0.0, "rotationY": -25.0, "rotationZ": 17.0 }
					}
				},
				{
					"frame": 8,
					"elements": {
						"body": { "offsetX": -0.5, "offsetY": 0.3, "offsetZ": 0.0, "rotationX": 0.0, "rotationY": 0.0, "rotationZ": -15.0 },
						"R leg": { "offsetX": 0.5, "offsetY": -1.0, "offsetZ": 0.0, "rotationX": 0.0, "rotationY": 0.0, "rotationZ": 22.0 },
						"R feet": { "rotationX": 0.0, "rotationY": 0.0, "rotationZ": -50.0 },
						"L leg": { "offsetX": 0.5, "offsetY": -0.5, "offsetZ": 0.0, "rotationX": 0.0, "rotationY": 0.0, "rotationZ": 39.0 },
						"L foot": { "rotationX": 0.0, "rotationY": 0.0, "rotationZ": -30.0 },
						"R wing": { "offsetX": 0.0, "offsetY": 0.0, "offsetZ": 0.0, "rotationX": 0.0, "rotationY": 40.0, "rotationZ": 30.0 },
						"L wing": { "offsetX": 0.0, "offsetY": 0.0, "offsetZ": 0.0, "rotationX": 0.0, "rotationY": -40.0, "rotationZ": 30.0 }
					}
				},
				{
					"frame": 12,
					"elements": {
						"body": { "offsetX": -0.5, "offsetY": 0.3, "offsetZ": 0.0, "rotationX": 0.0, "rotationY": 0.0, "rotationZ": -22.0 },
						"R leg": { "offsetX": 0.5, "offsetY": -1.0, "offsetZ": 0.0, "rotationX": 0.0, "rotationY": 0.0, "rotationZ": 44.0 },
						"R feet": { "rotationX": 0.0, "rotationY": 0.0, "rotationZ": 0.0 },
						"L leg": { "offsetX": 0.0, "offsetY": 0.0, "offsetZ": 0.0, "rotationX": 0.0, "rotationY": 0.0, "rotationZ": 17.0 },
						"L foot": { "rotationX": 0.0, "rotationY": 0.0, "rotationZ": -17.0 },
						"R wing": { "offsetX": 0.0, "offsetY": 0.0, "offsetZ": 0.0, "rotationX": 0.0, "rotationY": 25.0, "rotationZ": 17.0 },
						"L wing": { "offsetX": 0.0, "offsetY": 0.0, "offsetZ": 0.0, "rotationX": 0.0, "rotationY": -25.0, "rotationZ": 17.0 }
					}
				},
				{
					"frame": 16,
					"elements": {
						"body": { "offsetX": -0.5, "offsetY": 0.3, "offsetZ": 0.0, "rotationX": 0.0, "rotationY": 0.0, "rotationZ": -19.0 },
						"R leg": { "offsetX": 0.5, "offsetY": -1.0, "offsetZ": 0.0, "rotationX": 0.0, "rotationY": 0.0, "rotationZ": 55.0 },
						"R feet": { "rotationX": 0.0, "rotationY": 0.0, "rotationZ": 0.0 },
						"L leg": { "offsetX": 0.2, "offsetY": -0.6, "offsetZ": 0.0, "rotationX": 0.0, "rotationY": 0.0, "rotationZ": 8.0 },
						"L foot": { "rotationX": 0.0, "rotationY": 0.0, "rotationZ": 0.0 },
						"R wing": { "offsetX": 0.0, "offsetY": 0.0, "offsetZ": 0.0, "rotationX": 0.0, "rotationY": 25.0, "rotationZ": 17.0 },
						"L wing": { "offsetX": 0.0, "offsetY": 0.0, "offsetZ": 0.0, "rotationX": 0.0, "rotationY": -25.0, "rotationZ": 17.0 }
					}
				},
				{
					"frame": 20,
					"elements": {
						"body": { "offsetX": -0.5, "offsetY": 0.3, "offsetZ": 0.0, "rotationX": 0.0, "rotationY": 0.0, "rotationZ": -15.0 },
						"R leg": { "offsetX": 0.5, "offsetY": -0.5, "offsetZ": 0.0, "rotationX": 0.0, "rotationY": 0.0, "rotationZ": 39.0 },
						"R feet": { "rotationX": 0.0, "rotationY": 0.0, "rotationZ": -39.0 },
						"L leg": { "offsetX": 0.5, "offsetY": -1.0, "offsetZ": 0.0, "rotationX": 0.0, "rotationY": 0.0, "rotationZ": 22.0 },
						"L foot": { "rotationX": 0.0, "rotationY": 0.0, "rotationZ": -50.0 },
						"R wing": { "offsetX": 0.0, "offsetY": 0.0, "offsetZ": 0.0, "rotationX": 0.0, "rotationY": 25.0, "rotationZ": 17.0 },
						"L wing": { "offsetX": 0.0, "offsetY": 0.0, "offsetZ": 0.0, "rotationX": 0.0, "rotationY": -25.0, "rotationZ": 17.0 }
					}
				}
			]
		},

		{
			"name": "Death",
			"code": "death",
			"quantityframes": 30,
			"onActivityStopped": "PlayTillEnd",
			"onAnimationEnd": "Hold",
			"keyframes": [
				{
					"frame": 0,
					"elements": {
						"body": { "offsetX": 0.0, "offsetY": 0.0, "offsetZ": 0.0, "rotationX": 0.0, "rotationY": 0.0, "rotationZ": 0.0 },
						"R leg": { "offsetX": 0.0, "offsetY": 0.0, "offsetZ": 0.0, "rotationX": 0.0, "rotationY": 0.0, "rotationZ": 0.0 },
						"L leg": { "offsetX": 0.0, "offsetY": 0.0, "offsetZ": 0.0, "rotationX": 0.0, "rotationY": 0.0, "rotationZ": 0.0 },
						"R wing": { "offsetX": 0.0, "offsetY": 0.0, "offsetZ": 0.0, "rotationX": 0.0, "rotationY": 0.0, "rotationZ": 0.0 },
						"L wing": { "offsetX": 0.0, "offsetY": 0.0, "offsetZ": 0.0, "rotationX": 0.0, "rotationY": 0.0, "rotationZ": 0.0 }
					}
				},
				{
					"frame": 15,
					"elements": {
						"body": { "offsetX": -1.0, "offsetY": 2.0, "offsetZ": 1.2, "rotationX": 67.5, "rotationY": 15.0, "rotationZ": 22.5 },
						"R leg": { "offsetX": 0.0, "offsetY": 0.0, "offsetZ": 0.0, "rotationX": 0.0, "rotationY": -45.0, "rotationZ": 22.5 },
						"L leg": { "offsetX": 0.0, "offsetY": 0.0, "offsetZ": 0.0, "rotationX": 0.0, "rotationY": 0.0, "rotationZ": -22.5 },
						"R wing": { "offsetX": 0.0, "offsetY": 0.0, "offsetZ": 0.0, "rotationX": -10.0, "rotationY": -22.5, "rotationZ": 22.5 },
						"L wing": { "offsetX": 0.0, "offsetY": 0.0, "offsetZ": 0.0, "rotationX": -22.5, "rotationY": -22.5, "rotationZ": 0.0 }
					}
				},
				{
					"frame": 29,
					"elements": {
						"body": { "offsetX": -1.0, "offsetY": 2.0, "offsetZ": 1.2, "rotationX": 67.5, "rotationY": 15.0, "rotationZ": 22.5 },
						"R leg": { "offsetX": 0.0, "offsetY": 0.0, "offsetZ": 0.0, "rotationX": 0.0, "rotationY": -45.0, "rotationZ": 22.5 },
						"L leg": { "offsetX": 0.0, "offsetY": 0.0, "offsetZ": 0.0, "rotationX": 0.0, "rotationY": 0.0, "rotationZ": -22.5 },
						"R wing": { "offsetX": 0.0, "offsetY": 0.0, "offsetZ": 0.0, "rotationX": -10.0, "rotationY": -22.5, "rotationZ": 22.5 },
						"L wing": { "offsetX": 0.0, "offsetY": 0.0, "offsetZ": 0.0, "rotationX": -22.5, "rotationY": -22.5, "rotationZ": 0.0 }
					}
				}
			]
		},

		{
			"name": "Walk",
			"code": "walk",
			"quantityframes": 32,
			"onActivityStopped": "EaseOut",
			"onAnimationEnd": "Repeat",
			"keyframes": [
				{
					"frame": 0,
					"elements": {
						"body": { "offsetX": 0.0, "offsetY": 0.0, "offsetZ": 0.0, "rotationX": 5.0, "rotationY": 0.0, "rotationZ": -5.0 },
						"R leg": { "offsetX": -0.3, "offsetY": 0.0, "offsetZ": 0.0, "rotationX": -5.0, "rotationY": 0.0, "rotationZ": -10.0 },
						"R feet": { "rotationX": 0.0, "rotationY": 0.0, "rotationZ": 0.0 },
						"L leg": { "offsetX": 0.2, "offsetY": -0.2, "offsetZ": 0.0, "rotationX": -5.0, "rotationY": 0.0, "rotationZ": 22.5 },
						"L foot": { "rotationX": 0.0, "rotationY": 0.0, "rotationZ": 0.0 },
						"R wing": { "offsetX": 0.0, "offsetY": 0.0, "offsetZ": 0.0, "rotationX": 0.0, "rotationY": 0.0, "rotationZ": 0.0 },
						"L wing": { "offsetX": 0.0, "offsetY": 0.0, "offsetZ": 0.0, "rotationX": 0.0, "rotationY": 0.0, "rotationZ": 0.0 }
					}
				},
				{
					"frame": 8,
					"elements": {
						"body": { "offsetX": 0.0, "offsetY": 0.0, "offsetZ": 0.0, "rotationX": 0.0, "rotationY": 0.0, "rotationZ": -5.0 },
						"R leg": { "offsetX": -0.4, "offsetY": 0.0, "offsetZ": 0.0, "rotationX": 0.0, "rotationY": 0.0, "rotationZ": 17.0 },
						"R feet": { "rotationX": 0.0, "rotationY": 0.0, "rotationZ": -33.0 },
						"L leg": { "offsetX": 0.0, "offsetY": 0.2, "offsetZ": 0.0, "rotationX": 0.0, "rotationY": 0.0, "rotationZ": 28.0 },
						"L foot": { "rotationX": 0.0, "rotationY": 0.0, "rotationZ": -25.0 },
						"R wing": { "offsetX": 0.0, "offsetY": 0.0, "offsetZ": 0.0, "rotationX": 0.0, "rotationY": 0.0, "rotationZ": 0.0 },
						"L wing": { "offsetX": 0.0, "offsetY": 0.0, "offsetZ": 0.0, "rotationX": 0.0, "rotationY": 0.0, "rotationZ": 0.0 }
					}
				},
				{
					"frame": 16,
					"elements": {
						"body": { "offsetX": 0.0, "offsetY": 0.0, "offsetZ": 0.0, "rotationX": -5.0, "rotationY": 0.0, "rotationZ": -5.0 },
						"R leg": { "offsetX": 0.2, "offsetY": -0.2, "offsetZ": 0.0, "rotationX": 5.0, "rotationY": 0.0, "rotationZ": 22.5 },
						"R feet": { "rotationX": 0.0, "rotationY": 0.0, "rotationZ": 0.0 },
						"L leg": { "offsetX": -0.3, "offsetY": 0.0, "offsetZ": 0.0, "rotationX": 5.0, "rotationY": 0.0, "rotationZ": -10.0 },
						"L foot": { "rotationX": 0.0, "rotationY": 0.0, "rotationZ": 0.0 },
						"R wing": { "offsetX": 0.0, "offsetY": 0.0, "offsetZ": 0.0, "rotationX": 0.0, "rotationY": 0.0, "rotationZ": 0.0 },
						"L wing": { "offsetX": 0.0, "offsetY": 0.0, "offsetZ": 0.0, "rotationX": 0.0, "rotationY": 0.0, "rotationZ": 0.0 }
					}
				},
				{
					"frame": 24,
					"elements": {
						"body": { "offsetX": 0.0, "offsetY": 0.0, "offsetZ": 0.0, "rotationX": 0.0, "rotationY": 0.0, "rotationZ": -5.0 },
						"R leg": { "offsetX": 0.0, "offsetY": 0.2, "offsetZ": 0.0, "rotationX": 0.0, "rotationY": 0.0, "rotationZ": 28.0 },
						"R feet": { "rotationX": 0.0, "rotationY": 0.0, "rotationZ": -17.0 },
						"L leg": { "offsetX": -0.4, "offsetY": 0.0, "offsetZ": 0.0, "rotationX": 0.0, "rotationY": 0.0, "rotationZ": 11.0 },
						"L foot": { "rotationX": 0.0, "rotationY": 0.0, "rotationZ": -30.0 },
						"R wing": { "offsetX": 0.0, "offsetY": 0.0, "offsetZ": 0.0, "rotationX": 0.0, "rotationY": 0.0, "rotationZ": 0.0 },
						"L wing": { "offsetX": 0.0, "offsetY": 0.0, "offsetZ": 0.0, "rotationX": 0.0, "rotationY": 0.0, "rotationZ": 0.0 }
					}
				}
			]
		},

		{
			"name": "Eat",
			"code": "eat",
			"quantityframes": 44,
			"onActivityStopped": "Rewind",
			"onAnimationEnd": "Stop",
			"keyframes": [
				{
					"frame": 0,
					"elements": {
						"body": { "offsetX": 0.0, "offsetY": 0.0, "offsetZ": 0.0, "rotationX": 0.0, "rotationY": 0.0, "rotationZ": 0.0 },
						"R leg": { "offsetX": 0.0, "offsetY": 0.0, "offsetZ": 0.0, "rotationX": 0.0, "rotationY": 0.0, "rotationZ": 0.0 },
						"R feet": { "rotationX": 0.0, "rotationY": 0.0, "rotationZ": 0.0 },
						"L leg": { "offsetX": 0.0, "offsetY": 0.0, "offsetZ": 0.0, "rotationX": 0.0, "rotationY": 0.0, "rotationZ": 0.0 },
						"L foot": { "rotationX": 0.0, "rotationY": 0.0, "rotationZ": 0.0 },
						"neck": {  },
						"head": { "offsetX": 0.0, "offsetY": 0.0, "offsetZ": 0.0, "rotationX": 0.0, "rotationY": 0.0, "rotationZ": 0.0 },
						"L wing": { "rotationX": 0.0, "rotationY": 0.0, "rotationZ": 0.0 },
						"R wing": { "rotationX": 0.0, "rotationY": 0.0, "rotationZ": 0.0 }
					}
				},
				{
					"frame": 12,
					"elements": {
						"body": { "offsetX": -0.6, "offsetY": 0.1, "offsetZ": 0.0, "rotationX": 0.0, "rotationY": 0.0, "rotationZ": 40.0 },
						"R leg": { "offsetX": 0.0, "offsetY": 0.0, "offsetZ": 0.0, "rotationX": 0.0, "rotationY": 0.0, "rotationZ": -5.0 },
						"R feet": { "rotationX": 0.0, "rotationY": 0.0, "rotationZ": -33.0 },
						"L leg": { "offsetX": 0.0, "offsetY": 0.1, "offsetZ": 0.0, "rotationX": 0.0, "rotationY": 0.0, "rotationZ": -20.0 },
						"L foot": { "rotationX": 0.0, "rotationY": 0.0, "rotationZ": -28.0 },
						"neck": {  },
						"head": { "offsetX": 0.0, "offsetY": 0.0, "offsetZ": 0.0, "rotationX": 0.0, "rotationY": 0.0, "rotationZ": 22.0 },
						"L wing": { "rotationX": 0.0, "rotationY": 0.0, "rotationZ": 0.0 },
						"R wing": { "rotationX": 0.0, "rotationY": 0.0, "rotationZ": 0.0 }
					}
				},
				{
					"frame": 18,
					"elements": {
						"body": { "rotationX": 0.0, "rotationY": 0.0, "rotationZ": 40.0 },
						"neck": {  },
						"head": { "offsetX": -0.2, "offsetY": 0.0, "offsetZ": 0.0 },
						"L wing": { "rotationX": 0.0, "rotationY": 0.0, "rotationZ": 6.0 },
						"R wing": { "rotationX": 0.0, "rotationY": 0.0, "rotationZ": 6.0 }
					}
				},
				{
					"frame": 20,
					"elements": {
						"body": { "rotationX": 0.0, "rotationY": 0.0, "rotationZ": 40.0 },
						"neck": {  },
						"head": { "offsetX": 0.0, "offsetY": 0.0, "offsetZ": 0.0 }
					}
				},
				{
					"frame": 22,
					"elements": {
						"body": { "rotationX": 0.0, "rotationY": 0.0, "rotationZ": 40.0 },
						"neck": {  },
						"head": { "offsetX": -0.2, "offsetY": 0.0, "offsetZ": 0.0 },
						"L wing": { "rotationX": 0.0, "rotationY": 0.0, "rotationZ": 0.0 },
						"R wing": { "rotationX": 0.0, "rotationY": 0.0, "rotationZ": 0.0 }
					}
				},
				{
					"frame": 24,
					"elements": {
						"body": { "offsetX": -0.6, "offsetY": 0.1, "offsetZ": 0.0, "rotationX": 0.0, "rotationY": 0.0, "rotationZ": 40.0 },
						"R leg": { "offsetX": 0.0, "offsetY": 0.0, "offsetZ": 0.0, "rotationX": 0.0, "rotationY": 0.0, "rotationZ": -5.0 },
						"R feet": { "rotationX": 0.0, "rotationY": 0.0, "rotationZ": -33.0 },
						"L leg": { "offsetX": 0.0, "offsetY": 0.1, "offsetZ": 0.0, "rotationX": 0.0, "rotationY": 0.0, "rotationZ": -20.0 },
						"L foot": { "rotationX": 0.0, "rotationY": 0.0, "rotationZ": -28.0 },
						"neck": {  },
						"head": { "offsetX": 0.0, "offsetY": 0.0, "offsetZ": 0.0, "rotationX": 0.0, "rotationY": 0.0, "rotationZ": 22.0 },
						"L wing": { "rotationX": 0.0, "rotationY": 0.0, "rotationZ": 0.0 },
						"R wing": { "rotationX": 0.0, "rotationY": 0.0, "rotationZ": 0.0 }
					}
				}
			]
		},

		{
			"name": "Hurt",
			"code": "hurt",
			"quantityframes": 30,
			"onActivityStopped": "PlayTillEnd",
			"onAnimationEnd": "Stop",
			"keyframes": [
				{
					"frame": 0,
					"elements": {
						"body": { "offsetX": 0.0, "offsetY": 0.0, "offsetZ": 0.0, "rotationX": 0.0, "rotationY": 0.0, "rotationZ": 0.0 },
						"R leg": { "offsetX": 0.0, "offsetY": 0.0, "offsetZ": 0.0, "rotationX": 0.0, "rotationY": 0.0, "rotationZ": 0.0 },
						"L leg": { "offsetX": 0.0, "offsetY": 0.0, "offsetZ": 0.0, "rotationX": 0.0, "rotationY": 0.0, "rotationZ": 0.0 },
						"R wing": { "offsetX": 0.0, "offsetY": 0.0, "offsetZ": 0.0, "rotationX": 0.0, "rotationY": 0.0, "rotationZ": 0.0 },
						"L wing": { "offsetX": 0.0, "offsetY": 0.0, "offsetZ": 0.0, "rotationX": 0.0, "rotationY": 0.0, "rotationZ": 0.0 }
					}
				},
				{
					"frame": 6,
					"elements": {
						"body": { "offsetX": 0.0, "offsetY": 0.0, "offsetZ": 0.0, "rotationX": 0.0, "rotationY": 0.0, "rotationZ": -15.0 },
						"R leg": { "offsetX": 0.0, "offsetY": 0.0, "offsetZ": 0.0, "rotationX": 0.0, "rotationY": 0.0, "rotationZ": 5.0 },
						"L leg": { "offsetX": 0.0, "offsetY": 0.0, "offsetZ": 0.0, "rotationX": 0.0, "rotationY": 0.0, "rotationZ": 5.0 },
						"R wing": { "offsetX": 0.0, "offsetY": 0.0, "offsetZ": 0.0, "rotationX": 15.0, "rotationY": 35.0, "rotationZ": 0.0 },
						"L wing": { "offsetX": 0.0, "offsetY": 0.0, "offsetZ": 0.0, "rotationX": -15.0, "rotationY": -35.0, "rotationZ": 0.0 }
					}
				}
			]
		},

		{
			"name": "Idle",
			"code": "idle",
			"quantityframes": 30,
			"onActivityStopped": "EaseOut",
			"onAnimationEnd": "Repeat",
			"keyframes": [
				{
					"frame": 0,
					"elements": {
						"body": { "offsetX": 0.0, "offsetY": 0.0, "offsetZ": 0.0, "rotationX": 0.0, "rotationY": 0.0, "rotationZ": 0.0 },
						"R leg": { "offsetX": 0.0, "offsetY": 0.0, "offsetZ": 0.0, "rotationX": 0.0, "rotationY": 0.0, "rotationZ": 0.0 },
						"L leg": { "offsetX": 0.0, "offsetY": 0.0, "offsetZ": 0.0, "rotationX": 0.0, "rotationY": 0.0, "rotationZ": 0.0 },
						"R wing": { "offsetX": 0.0, "offsetY": 0.0, "offsetZ": 0.0, "rotationX": 0.0, "rotationY": 0.0, "rotationZ": 0.0 },
						"L wing": { "offsetX": 0.0, "offsetY": 0.0, "offsetZ": 0.0, "rotationX": 0.0, "rotationY": 0.0, "rotationZ": 0.0 }
					}
				},
				{
					"frame": 15,
					"elements": {
						"body": { "offsetX": 0.0, "offsetY": 0.0, "offsetZ": 0.0, "rotationX": 0.0, "rotationY": 0.0, "rotationZ": -1.0 },
						"R leg": { "offsetX": 0.0, "offsetY": 0.0, "offsetZ": 0.0, "rotationX": 0.0, "rotationY": 0.0, "rotationZ": 1.0 },
						"L leg": { "offsetX": 0.0, "offsetY": 0.0, "offsetZ": 0.0, "rotationX": 0.0, "rotationY": 0.0, "rotationZ": 1.0 },
						"R wing": { "offsetX": 0.0, "offsetY": 0.0, "offsetZ": 0.0, "rotationX": 0.0, "rotationY": 0.0, "rotationZ": 0.0 },
						"L wing": { "offsetX": 0.0, "offsetY": 0.0, "offsetZ": 0.0, "rotationX": 0.0, "rotationY": 0.0, "rotationZ": 0.0 }
					}
				}
			]
		},

		{
			"name": "Sit",
			"code": "sit",
			"quantityframes": 30,
			"onActivityStopped": "EaseOut",
			"onAnimationEnd": "Repeat",
			"keyframes": [
				{
					"frame": 0,
					"elements": {
						"body": { "offsetX": 0.0, "offsetY": -0.7, "offsetZ": 0.0, "rotationX": 0.0, "rotationY": 0.0, "rotationZ": 25.0 },
						"L leg": { "rotationX": 0.0, "rotationY": 0.0, "rotationZ": 3.0 },
						"L foot": { "rotationX": 0.0, "rotationY": 0.0, "rotationZ": -111.0 },
						"R leg": { "rotationX": 0.0, "rotationY": 0.0, "rotationZ": 0.0 },
						"R feet": { "rotationX": 0.0, "rotationY": 0.0, "rotationZ": -105.0 },
						"neck": { "rotationX": 0.0, "rotationY": 0.0, "rotationZ": -19.0 },
						"head": { "rotationX": 0.0, "rotationY": 0.0, "rotationZ": -11.0 }
					}
				},
				{
					"frame": 15,
					"elements": {
						"body": { "offsetX": 0.0, "offsetY": -0.7, "offsetZ": 0.0, "rotationX": 0.0, "rotationY": 0.0, "rotationZ": 24.0 },
						"R leg": { "rotationX": 0.0, "rotationY": 0.0, "rotationZ": 1.0 },
						"R feet": { "rotationX": 0.0, "rotationY": 0.0, "rotationZ": -105.0 },
						"L leg": { "rotationX": 0.0, "rotationY": 0.0, "rotationZ": 4.0 },
						"L foot": { "rotationX": 0.0, "rotationY": 0.0, "rotationZ": -111.0 },
						"neck": { "rotationX": 0.0, "rotationY": 0.0, "rotationZ": -19.0 },
						"head": { "rotationX": 0.0, "rotationY": 0.0, "rotationZ": -10.0 }
					}
				}
			]
		},

		{
			"name": "Sleep",
			"code": "sleep",
			"quantityframes": 30,
			"onActivityStopped": "EaseOut",
			"onAnimationEnd": "Repeat",
			"keyframes": [
				{
					"frame": 0,
					"elements": {
						"body": { "offsetX": 0.0, "offsetY": -0.7, "offsetZ": 0.0, "rotationX": 0.0, "rotationY": 0.0, "rotationZ": 25.0 },
						"L leg": { "rotationX": 0.0, "rotationY": 0.0, "rotationZ": 3.0 },
						"L foot": { "rotationX": 0.0, "rotationY": 0.0, "rotationZ": -111.0 },
						"R leg": { "rotationX": 0.0, "rotationY": 0.0, "rotationZ": 0.0 },
						"R feet": { "rotationX": 0.0, "rotationY": 0.0, "rotationZ": -105.0 },
						"neck": { "rotationX": 0.0, "rotationY": 0.0, "rotationZ": -28.0 },
						"head": { "rotationX": 0.0, "rotationY": 0.0, "rotationZ": 25.0 }
					}
				},
				{
					"frame": 15,
					"elements": {
						"body": { "offsetX": 0.0, "offsetY": -0.7, "offsetZ": 0.0, "rotationX": 0.0, "rotationY": 0.0, "rotationZ": 24.0 },
						"R leg": { "rotationX": 0.0, "rotationY": 0.0, "rotationZ": 1.0 },
						"R feet": { "rotationX": 0.0, "rotationY": 0.0, "rotationZ": -105.0 },
						"L leg": { "rotationX": 0.0, "rotationY": 0.0, "rotationZ": 4.0 },
						"L foot": { "rotationX": 0.0, "rotationY": 0.0, "rotationZ": -111.0 },
						"neck": { "rotationX": 0.0, "rotationY": 0.0, "rotationZ": -28.0 },
						"head": { "rotationX": 0.0, "rotationY": 0.0, "rotationZ": 26.0 }
					}
				}
			]
		}
	]
}