﻿[
 {
   file: "expandedfoods:recipes/kneading/wildcraft/herbstuff/acorns/acornbreadedfishnuggetherb.json",
    op: "replace", 
    path: "/0/enabled", 
    value: "true",
    "side": "server",
    dependsOn: [{ "modid": "wildcraft" }, { "modid": "acorns" }, { "modid": "primitivesurvival" }]
 },
 {
   file: "expandedfoods:recipes/kneading/wildcraft/herbstuff/acorns/acornbreadedfishnuggetherb.json",
    op: "replace", 
    path: "/1/enabled", 
    value: "true",
    "side": "server",
    dependsOn: [{ "modid": "wildcraft" }, { "modid": "acorns" }, { "modid": "primitivesurvival" }]
 },
]