{
	"editor": {
		"allAngles": false,
		"entityTextureMode": true
	},
	"textureWidth": 16,
	"textureHeight": 16,
	"textureSizes": {
	},
	"textures": {
		"temporalgear": "game:item/resource/temporalgear",
		"claystone": "game:block/stone/sand/claystone",
		"col69": "game:block/creative/col69",
		"smoky": "game:block/glass/smoky",
		"col68": "game:block/creative/col68",
		"col67": "game:block/creative/col67",
		"utility-thermometer": "game:item/utility/thermometer",
		"col66": "game:block/creative/col66",
		"col71": "game:block/creative/col71",
		"col70": "game:block/creative/col70"
	},
	"elements": [
		{
			"name": "origin",
			"from": [ 0.0, 0.0, 0.0 ], 
			"to": [ 0.0, 0.0, 0.0 ], 
			"uv": [ 12.0, 12.0 ],
			"rotationOrigin": [ 8.0, 0.0, 8.0 ],
			"faces": {
				"north": { "texture": "#null", "uv": [ 12.0, 12.5, 12.5, 13.0 ], "enabled": false },
				"east": { "texture": "#null", "uv": [ 12.5, 12.5, 13.0, 13.0 ], "enabled": false },
				"south": { "texture": "#null", "uv": [ 12.0, 12.5, 12.5, 13.0 ], "enabled": false },
				"west": { "texture": "#null", "uv": [ 12.5, 12.5, 13.0, 13.0 ], "enabled": false },
				"up": { "texture": "#null", "uv": [ 12.0, 12.0, 12.5, 12.5 ], "enabled": false },
				"down": { "texture": "#null", "uv": [ 12.5, 12.0, 13.0, 12.5 ], "enabled": false }
			},
			"children": [
				{
					"name": "base",
					"from": [ 6.0, 0.0, 6.0 ], 
					"to": [ 10.0, 1.0, 10.0 ], 
					"autoUnwrap": false,
					"uv": [ 0.0, 11.0 ],
					"rotationOrigin": [ 8.0, 0.0, 8.0 ],
					"faces": {
						"north": { "texture": "#utility-thermometer", "uv": [ 0.0, 15.0, 4.0, 16.0 ] },
						"east": { "texture": "#utility-thermometer", "uv": [ 4.0, 15.0, 8.0, 16.0 ] },
						"south": { "texture": "#utility-thermometer", "uv": [ 8.0, 15.0, 12.0, 16.0 ] },
						"west": { "texture": "#utility-thermometer", "uv": [ 12.0, 15.0, 16.0, 16.0 ] },
						"up": { "texture": "#utility-thermometer", "uv": [ 12.0, 0.0, 16.0, 4.0 ] },
						"down": { "texture": "#utility-thermometer", "uv": [ 12.0, 4.0, 16.0, 8.0 ] }
					},
					"children": [
						{
							"name": "weight3",
							"from": [ 0.7, 5.2, 3.8 ], 
							"to": [ 1.2, 5.7, 4.3 ], 
							"autoUnwrap": false,
							"uv": [ 6.0, 12.0 ],
							"rotationOrigin": [ 4.7, 5.2, 0.8 ],
							"faces": {
								"north": { "texture": "#col68", "uv": [ 6.0, 13.0, 6.5, 13.5 ] },
								"east": { "texture": "#col68", "uv": [ 7.0, 13.0, 7.5, 13.5 ] },
								"south": { "texture": "#col68", "uv": [ 7.0, 13.0, 7.5, 13.5 ] },
								"west": { "texture": "#col68", "uv": [ 6.0, 12.0, 6.5, 12.5 ] },
								"up": { "texture": "#col68", "uv": [ 6.0, 12.0, 6.5, 12.5 ] },
								"down": { "texture": "#col68", "uv": [ 7.0, 12.0, 7.5, 12.5 ] }
							}
						},
						{
							"name": "weight5",
							"from": [ 1.5, 5.0, 1.5 ], 
							"to": [ 2.5, 6.0, 2.5 ], 
							"autoUnwrap": false,
							"uv": [ 10.0, 12.0 ],
							"rotationOrigin": [ 1.6, 5.0, 1.8 ],
							"faces": {
								"north": { "texture": "#utility-thermometer", "uv": [ 10.0, 13.0, 11.0, 14.0 ] },
								"east": { "texture": "#utility-thermometer", "uv": [ 11.0, 13.0, 12.0, 14.0 ] },
								"south": { "texture": "#utility-thermometer", "uv": [ 11.0, 12.0, 12.0, 13.0 ] },
								"west": { "texture": "#utility-thermometer", "uv": [ 11.0, 13.0, 12.0, 14.0 ] },
								"up": { "texture": "#utility-thermometer", "uv": [ 10.0, 12.0, 11.0, 13.0 ] },
								"down": { "texture": "#utility-thermometer", "uv": [ 11.0, 12.0, 12.0, 13.0 ] }
							},
							"children": [
								{
									"name": "sand3",
									"from": [ 0.1, 1.5, 0.1 ], 
									"to": [ 0.9, 2.0, 0.9 ], 
									"autoUnwrap": false,
									"uv": [ 0.0, 0.0 ],
									"rotationOrigin": [ 1.6, 1.5, 1.6 ],
									"faces": {
										"north": { "texture": "#claystone", "uv": [ 0.0, 0.0, 0.5, 0.5 ] },
										"east": { "texture": "#claystone", "uv": [ 3.0, 0.0, 3.5, 0.5 ] },
										"south": { "texture": "#claystone", "uv": [ 6.0, 0.0, 6.5, 0.5 ] },
										"west": { "texture": "#claystone", "uv": [ 9.0, 0.0, 9.5, 0.5 ] },
										"up": { "texture": "#claystone", "uv": [ 12.0, 8.0, 12.5, 8.5 ] },
										"down": { "texture": "#claystone", "uv": [ 0.0, 0.0, 0.5, 0.5 ] }
									}
								},
								{
									"name": "sand4",
									"from": [ 0.1, -0.8, 0.1 ], 
									"to": [ 0.9, -0.4, 0.9 ], 
									"autoUnwrap": false,
									"uv": [ 0.0, 0.0 ],
									"rotationOrigin": [ 0.5, -4.3, 0.5 ],
									"faces": {
										"north": { "texture": "#claystone", "uv": [ 0.0, 0.0, 0.5, 0.5 ] },
										"east": { "texture": "#claystone", "uv": [ 3.0, 0.0, 3.5, 0.5 ] },
										"south": { "texture": "#claystone", "uv": [ 6.0, 0.0, 6.5, 0.5 ] },
										"west": { "texture": "#claystone", "uv": [ 9.0, 0.0, 9.5, 0.5 ] },
										"up": { "texture": "#claystone", "uv": [ 12.0, 8.0, 12.5, 8.5 ] },
										"down": { "texture": "#claystone", "uv": [ 0.0, 0.0, 0.5, 0.5 ] }
									}
								}
							]
						},
						{
							"name": "weight9",
							"from": [ 2.0, 4.8, 4.2 ], 
							"to": [ 2.5, 5.3, 4.7 ], 
							"autoUnwrap": false,
							"uv": [ 6.0, 12.0 ],
							"rotationOrigin": [ 6.0, 4.8, 1.2 ],
							"faces": {
								"north": { "texture": "#col69", "uv": [ 6.0, 13.0, 6.5, 13.5 ] },
								"east": { "texture": "#col69", "uv": [ 7.0, 13.0, 7.5, 13.5 ] },
								"south": { "texture": "#col69", "uv": [ 7.0, 13.0, 7.5, 13.5 ] },
								"west": { "texture": "#col69", "uv": [ 6.0, 12.0, 6.5, 12.5 ] },
								"up": { "texture": "#col69", "uv": [ 6.0, 12.0, 6.5, 12.5 ] },
								"down": { "texture": "#col69", "uv": [ 7.0, 12.0, 7.5, 12.5 ] }
							}
						},
						{
							"name": "weight10",
							"from": [ 3.8, 5.2, 3.5 ], 
							"to": [ 4.3, 5.7, 4.0 ], 
							"autoUnwrap": false,
							"uv": [ 6.0, 12.0 ],
							"rotationOrigin": [ 7.8, 5.2, 0.5 ],
							"faces": {
								"north": { "texture": "#col70", "uv": [ 6.0, 13.0, 6.5, 13.5 ] },
								"east": { "texture": "#col70", "uv": [ 7.0, 13.0, 7.5, 13.5 ] },
								"south": { "texture": "#col70", "uv": [ 7.0, 13.0, 7.5, 13.5 ] },
								"west": { "texture": "#col70", "uv": [ 6.0, 12.0, 6.5, 12.5 ] },
								"up": { "texture": "#col70", "uv": [ 6.0, 12.0, 6.5, 12.5 ] },
								"down": { "texture": "#col70", "uv": [ 7.0, 12.0, 7.5, 12.5 ] }
							}
						},
						{
							"name": "weight11",
							"from": [ 4.3, 5.5, 2.0 ], 
							"to": [ 4.8, 6.0, 2.5 ], 
							"autoUnwrap": false,
							"uv": [ 6.0, 12.0 ],
							"rotationOrigin": [ 8.3, 5.5, -1.0 ],
							"faces": {
								"north": { "texture": "#col71", "uv": [ 6.0, 13.0, 6.5, 13.5 ] },
								"east": { "texture": "#col71", "uv": [ 7.0, 13.0, 7.5, 13.5 ] },
								"south": { "texture": "#col71", "uv": [ 7.0, 13.0, 7.5, 13.5 ] },
								"west": { "texture": "#col71", "uv": [ 6.0, 12.0, 6.5, 12.5 ] },
								"up": { "texture": "#col71", "uv": [ 6.0, 12.0, 6.5, 12.5 ] },
								"down": { "texture": "#col71", "uv": [ 7.0, 12.0, 7.5, 12.5 ] }
							}
						},
						{
							"name": "weight12",
							"from": [ 4.1, 5.2, 0.6 ], 
							"to": [ 4.6, 5.7, 1.1 ], 
							"autoUnwrap": false,
							"uv": [ 6.0, 12.0 ],
							"rotationOrigin": [ 8.1, 5.2, -2.4 ],
							"faces": {
								"north": { "texture": "#col70", "uv": [ 6.0, 13.0, 6.5, 13.5 ] },
								"east": { "texture": "#col70", "uv": [ 7.0, 13.0, 7.5, 13.5 ] },
								"south": { "texture": "#col70", "uv": [ 7.0, 13.0, 7.5, 13.5 ] },
								"west": { "texture": "#col70", "uv": [ 6.0, 12.0, 6.5, 12.5 ] },
								"up": { "texture": "#col70", "uv": [ 6.0, 12.0, 6.5, 12.5 ] },
								"down": { "texture": "#col70", "uv": [ 7.0, 12.0, 7.5, 12.5 ] }
							}
						},
						{
							"name": "weight13",
							"from": [ 3.1, 4.7, -0.6 ], 
							"to": [ 3.6, 5.2, -0.1 ], 
							"autoUnwrap": false,
							"uv": [ 6.0, 12.0 ],
							"rotationOrigin": [ 7.1, 4.7, -3.6 ],
							"faces": {
								"north": { "texture": "#col69", "uv": [ 6.0, 13.0, 6.5, 13.5 ] },
								"east": { "texture": "#col69", "uv": [ 7.0, 13.0, 7.5, 13.5 ] },
								"south": { "texture": "#col69", "uv": [ 7.0, 13.0, 7.5, 13.5 ] },
								"west": { "texture": "#col69", "uv": [ 6.0, 12.0, 6.5, 12.5 ] },
								"up": { "texture": "#col69", "uv": [ 6.0, 12.0, 6.5, 12.5 ] },
								"down": { "texture": "#col69", "uv": [ 7.0, 12.0, 7.5, 12.5 ] }
							}
						},
						{
							"name": "weight14",
							"from": [ 1.6, 5.1, -1.0 ], 
							"to": [ 2.1, 5.6, -0.5 ], 
							"autoUnwrap": false,
							"uv": [ 6.0, 12.0 ],
							"rotationOrigin": [ 5.6, 5.1, -4.0 ],
							"faces": {
								"north": { "texture": "#col68", "uv": [ 6.0, 13.0, 6.5, 13.5 ] },
								"east": { "texture": "#col68", "uv": [ 7.0, 13.0, 7.5, 13.5 ] },
								"south": { "texture": "#col68", "uv": [ 7.0, 13.0, 7.5, 13.5 ] },
								"west": { "texture": "#col68", "uv": [ 6.0, 12.0, 6.5, 12.5 ] },
								"up": { "texture": "#col68", "uv": [ 6.0, 12.0, 6.5, 12.5 ] },
								"down": { "texture": "#col68", "uv": [ 7.0, 12.0, 7.5, 12.5 ] }
							}
						},
						{
							"name": "weight15",
							"from": [ 0.2, 5.7, -0.2 ], 
							"to": [ 0.7, 6.2, 0.3 ], 
							"autoUnwrap": false,
							"uv": [ 6.0, 12.0 ],
							"rotationOrigin": [ 4.2, 5.7, -3.2 ],
							"faces": {
								"north": { "texture": "#col67", "uv": [ 6.0, 13.0, 6.5, 13.5 ] },
								"east": { "texture": "#col67", "uv": [ 7.0, 13.0, 7.5, 13.5 ] },
								"south": { "texture": "#col67", "uv": [ 7.0, 13.0, 7.5, 13.5 ] },
								"west": { "texture": "#col67", "uv": [ 6.0, 12.0, 6.5, 12.5 ] },
								"up": { "texture": "#col67", "uv": [ 6.0, 12.0, 6.5, 12.5 ] },
								"down": { "texture": "#col67", "uv": [ 7.0, 12.0, 7.5, 12.5 ] }
							}
						},
						{
							"name": "weight16",
							"from": [ -0.5, 5.5, 1.2 ], 
							"to": [ 0.0, 6.0, 1.7 ], 
							"autoUnwrap": false,
							"uv": [ 6.0, 12.0 ],
							"rotationOrigin": [ 3.5, 5.5, -1.8 ],
							"faces": {
								"north": { "texture": "#col66", "uv": [ 6.0, 13.0, 6.5, 13.5 ] },
								"east": { "texture": "#col66", "uv": [ 7.0, 13.0, 7.5, 13.5 ] },
								"south": { "texture": "#col66", "uv": [ 7.0, 13.0, 7.5, 13.5 ] },
								"west": { "texture": "#col66", "uv": [ 6.0, 12.0, 6.5, 12.5 ] },
								"up": { "texture": "#col66", "uv": [ 6.0, 12.0, 6.5, 12.5 ] },
								"down": { "texture": "#col66", "uv": [ 7.0, 12.0, 7.5, 12.5 ] }
							}
						},
						{
							"name": "weight17",
							"from": [ -0.5, 5.3, 3.0 ], 
							"to": [ 0.0, 5.8, 3.5 ], 
							"autoUnwrap": false,
							"uv": [ 6.0, 12.0 ],
							"rotationOrigin": [ 3.5, 5.3, 0.0 ],
							"faces": {
								"north": { "texture": "#col67", "uv": [ 6.0, 13.0, 6.5, 13.5 ] },
								"east": { "texture": "#col67", "uv": [ 7.0, 13.0, 7.5, 13.5 ] },
								"south": { "texture": "#col67", "uv": [ 7.0, 13.0, 7.5, 13.5 ] },
								"west": { "texture": "#col67", "uv": [ 6.0, 12.0, 6.5, 12.5 ] },
								"up": { "texture": "#col67", "uv": [ 6.0, 12.0, 6.5, 12.5 ] },
								"down": { "texture": "#col67", "uv": [ 7.0, 12.0, 7.5, 12.5 ] }
							}
						},
						{
							"name": "sand6",
							"from": [ 0.6, 2.2, 0.6 ], 
							"to": [ 3.4, 3.7, 3.4 ], 
							"autoUnwrap": false,
							"uv": [ 0.0, 0.0 ],
							"rotationOrigin": [ 2.1, 2.2, 2.1 ],
							"faces": {
								"north": { "texture": "#claystone", "uv": [ 0.0, 0.0, 2.5, 1.5 ] },
								"east": { "texture": "#claystone", "uv": [ 3.0, 0.0, 5.5, 1.5 ] },
								"south": { "texture": "#claystone", "uv": [ 6.0, 0.0, 8.5, 1.5 ] },
								"west": { "texture": "#claystone", "uv": [ 9.0, 0.0, 11.5, 1.5 ] },
								"up": { "texture": "#claystone", "uv": [ 12.0, 8.0, 14.5, 10.5 ] },
								"down": { "texture": "#claystone", "uv": [ 0.0, 0.0, 2.5, 2.5 ] }
							},
							"children": [
								{
									"name": "sand5",
									"from": [ 0.8, 1.5, 0.8 ], 
									"to": [ 2.0, 2.0, 2.0 ], 
									"autoUnwrap": false,
									"uv": [ 0.0, 0.0 ],
									"rotationOrigin": [ 1.4, -2.0, 1.4 ],
									"faces": {
										"north": { "texture": "#claystone", "uv": [ 0.0, 0.0, 1.0, 0.5 ] },
										"east": { "texture": "#claystone", "uv": [ 3.0, 0.0, 4.0, 0.5 ] },
										"south": { "texture": "#claystone", "uv": [ 6.0, 0.0, 7.0, 0.5 ] },
										"west": { "texture": "#claystone", "uv": [ 9.0, 0.0, 10.0, 0.5 ] },
										"up": { "texture": "#claystone", "uv": [ 12.0, 8.0, 13.0, 9.0 ] },
										"down": { "texture": "#claystone", "uv": [ 0.0, 0.0, 1.0, 1.0 ] }
									}
								}
							]
						},
						{
							"name": "sand",
							"from": [ 0.6, 7.3, 0.6 ], 
							"to": [ 3.4, 8.8, 3.4 ], 
							"autoUnwrap": false,
							"uv": [ 0.0, 0.0 ],
							"rotationOrigin": [ 2.1, 7.3, 2.1 ],
							"faces": {
								"north": { "texture": "#claystone", "uv": [ 0.0, 0.0, 2.5, 1.5 ] },
								"east": { "texture": "#claystone", "uv": [ 3.0, 0.0, 5.5, 1.5 ] },
								"south": { "texture": "#claystone", "uv": [ 6.0, 0.0, 8.5, 1.5 ] },
								"west": { "texture": "#claystone", "uv": [ 9.0, 0.0, 11.5, 1.5 ] },
								"up": { "texture": "#claystone", "uv": [ 12.0, 8.0, 14.5, 10.5 ] },
								"down": { "texture": "#claystone", "uv": [ 0.0, 0.0, 2.5, 2.5 ] }
							},
							"children": [
								{
									"name": "sand2",
									"from": [ 0.8, -0.5, 0.8 ], 
									"to": [ 2.0, 0.0, 2.0 ], 
									"autoUnwrap": false,
									"uv": [ 0.0, 0.0 ],
									"rotationOrigin": [ 2.3, -0.5, 2.3 ],
									"faces": {
										"north": { "texture": "#claystone", "uv": [ 0.0, 0.0, 1.0, 0.5 ] },
										"east": { "texture": "#claystone", "uv": [ 3.0, 0.0, 4.0, 0.5 ] },
										"south": { "texture": "#claystone", "uv": [ 6.0, 0.0, 7.0, 0.5 ] },
										"west": { "texture": "#claystone", "uv": [ 9.0, 0.0, 10.0, 0.5 ] },
										"up": { "texture": "#claystone", "uv": [ 12.0, 8.0, 13.0, 9.0 ] },
										"down": { "texture": "#claystone", "uv": [ 0.0, 0.0, 1.0, 1.0 ] }
									}
								}
							]
						},
						{
							"name": "base24",
							"from": [ 0.9, 5.22, 0.9 ], 
							"to": [ 3.1, 5.77, 3.1 ], 
							"autoUnwrap": false,
							"uv": [ 0.0, 11.0 ],
							"rotationOrigin": [ 3.65, 5.22, 3.65 ],
							"faces": {
								"north": { "texture": "#temporalgear", "uv": [ 0.0, 15.0, 2.0, 15.5 ] },
								"east": { "texture": "#temporalgear", "uv": [ 4.0, 15.0, 6.0, 15.5 ] },
								"south": { "texture": "#temporalgear", "uv": [ 8.0, 15.0, 10.0, 15.5 ] },
								"west": { "texture": "#temporalgear", "uv": [ 12.0, 15.0, 14.0, 15.5 ] },
								"up": { "texture": "#temporalgear", "uv": [ 12.0, 0.0, 14.0, 2.0 ] },
								"down": { "texture": "#temporalgear", "uv": [ 12.0, 4.0, 14.0, 6.0 ] }
							},
							"children": [
								{
									"name": "base25",
									"from": [ 0.44, -0.011, -0.33 ], 
									"to": [ 0.88, 0.561, 2.53 ], 
									"autoUnwrap": false,
									"uv": [ 0.0, 11.0 ],
									"rotationOrigin": [ 3.19, 0.0, 2.42 ],
									"faces": {
										"north": { "texture": "#temporalgear", "uv": [ 0.0, 15.0, 0.55, 15.55 ] },
										"east": { "texture": "#temporalgear", "uv": [ 4.0, 15.0, 6.75, 15.55 ] },
										"south": { "texture": "#temporalgear", "uv": [ 8.0, 15.0, 8.55, 15.55 ] },
										"west": { "texture": "#temporalgear", "uv": [ 12.0, 15.0, 14.75, 15.55 ] },
										"up": { "texture": "#temporalgear", "uv": [ 12.0, 0.0, 12.55, 2.75 ] },
										"down": { "texture": "#temporalgear", "uv": [ 12.0, 4.0, 12.55, 6.75 ] }
									}
								},
								{
									"name": "base26",
									"from": [ -0.33, -0.022, 0.44 ], 
									"to": [ 2.53, 0.572, 0.88 ], 
									"autoUnwrap": false,
									"uv": [ 0.0, 11.0 ],
									"rotationOrigin": [ 2.42, 0.0, 3.19 ],
									"faces": {
										"north": { "texture": "#temporalgear", "uv": [ 0.0, 15.0, 2.75, 15.55 ] },
										"east": { "texture": "#temporalgear", "uv": [ 4.0, 15.0, 4.55, 15.55 ] },
										"south": { "texture": "#temporalgear", "uv": [ 8.0, 15.0, 10.75, 15.55 ] },
										"west": { "texture": "#temporalgear", "uv": [ 12.0, 15.0, 12.55, 15.55 ] },
										"up": { "texture": "#temporalgear", "uv": [ 12.0, 0.0, 14.75, 0.55 ] },
										"down": { "texture": "#temporalgear", "uv": [ 12.0, 4.0, 14.75, 4.55 ] }
									}
								},
								{
									"name": "base27",
									"from": [ -0.33, -0.022, 1.32 ], 
									"to": [ 2.53, 0.572, 1.76 ], 
									"autoUnwrap": false,
									"uv": [ 0.0, 11.0 ],
									"rotationOrigin": [ 2.42, 0.0, 4.07 ],
									"faces": {
										"north": { "texture": "#temporalgear", "uv": [ 0.0, 15.0, 2.75, 15.55 ] },
										"east": { "texture": "#temporalgear", "uv": [ 4.0, 15.0, 4.55, 15.55 ] },
										"south": { "texture": "#temporalgear", "uv": [ 8.0, 15.0, 10.75, 15.55 ] },
										"west": { "texture": "#temporalgear", "uv": [ 12.0, 15.0, 12.55, 15.55 ] },
										"up": { "texture": "#temporalgear", "uv": [ 12.0, 0.0, 14.75, 0.55 ] },
										"down": { "texture": "#temporalgear", "uv": [ 12.0, 4.0, 14.75, 4.55 ] }
									}
								},
								{
									"name": "base28",
									"from": [ 1.32, -0.011, -0.33 ], 
									"to": [ 1.76, 0.561, 2.53 ], 
									"autoUnwrap": false,
									"uv": [ 0.0, 11.0 ],
									"rotationOrigin": [ 4.07, 0.0, 2.42 ],
									"faces": {
										"north": { "texture": "#temporalgear", "uv": [ 0.0, 15.0, 0.55, 15.55 ] },
										"east": { "texture": "#temporalgear", "uv": [ 4.0, 15.0, 6.75, 15.55 ] },
										"south": { "texture": "#temporalgear", "uv": [ 8.0, 15.0, 8.55, 15.55 ] },
										"west": { "texture": "#temporalgear", "uv": [ 12.0, 15.0, 14.75, 15.55 ] },
										"up": { "texture": "#temporalgear", "uv": [ 12.0, 0.0, 12.55, 2.75 ] },
										"down": { "texture": "#temporalgear", "uv": [ 12.0, 4.0, 12.55, 6.75 ] }
									}
								}
							]
						}
					]
				},
				{
					"name": "base11",
					"from": [ 6.0, 10.0, 6.0 ], 
					"to": [ 10.0, 11.0, 10.0 ], 
					"autoUnwrap": false,
					"uv": [ 0.0, 11.0 ],
					"rotationOrigin": [ 8.0, 10.0, 8.0 ],
					"faces": {
						"north": { "texture": "#utility-thermometer", "uv": [ 0.0, 15.0, 4.0, 16.0 ] },
						"east": { "texture": "#utility-thermometer", "uv": [ 4.0, 15.0, 8.0, 16.0 ] },
						"south": { "texture": "#utility-thermometer", "uv": [ 8.0, 15.0, 12.0, 16.0 ] },
						"west": { "texture": "#utility-thermometer", "uv": [ 12.0, 15.0, 16.0, 16.0 ] },
						"up": { "texture": "#utility-thermometer", "uv": [ 12.0, 0.0, 16.0, 4.0 ] },
						"down": { "texture": "#utility-thermometer", "uv": [ 12.0, 4.0, 16.0, 8.0 ] }
					}
				},
				{
					"name": "body10",
					"from": [ 7.0, 4.0, 7.0 ], 
					"to": [ 9.0, 7.0, 9.0 ], 
					"renderPass": 1,
					"autoUnwrap": false,
					"uv": [ 0.0, 0.0 ],
					"rotationOrigin": [ 8.5, 4.0, 8.5 ],
					"faces": {
						"north": { "texture": "#smoky", "uv": [ 0.0, 0.0, 2.0, 3.0 ] },
						"east": { "texture": "#smoky", "uv": [ 3.0, 0.0, 5.0, 3.0 ] },
						"south": { "texture": "#smoky", "uv": [ 6.0, 0.0, 8.0, 3.0 ] },
						"west": { "texture": "#smoky", "uv": [ 9.0, 0.0, 11.0, 3.0 ] },
						"up": { "texture": "#smoky", "uv": [ 12.0, 8.0, 14.0, 10.0 ], "enabled": false },
						"down": { "texture": "#smoky", "uv": [ 0.0, 0.0, 2.0, 2.0 ], "enabled": false }
					}
				},
				{
					"name": "body",
					"from": [ 6.5, 1.0, 6.5 ], 
					"to": [ 9.5, 4.0, 9.5 ], 
					"renderPass": 1,
					"autoUnwrap": false,
					"uv": [ 0.0, 0.0 ],
					"rotationOrigin": [ 8.0, 1.0, 8.0 ],
					"faces": {
						"north": { "texture": "#smoky", "uv": [ 0.0, 0.0, 3.0, 3.0 ] },
						"east": { "texture": "#smoky", "uv": [ 3.0, 0.0, 6.0, 3.0 ] },
						"south": { "texture": "#smoky", "uv": [ 6.0, 0.0, 9.0, 3.0 ] },
						"west": { "texture": "#smoky", "uv": [ 9.0, 0.0, 12.0, 3.0 ] },
						"up": { "texture": "#smoky", "uv": [ 12.0, 8.0, 15.0, 11.0 ] },
						"down": { "texture": "#smoky", "uv": [ 0.0, 0.0, 3.0, 3.0 ], "enabled": false }
					}
				},
				{
					"name": "body11",
					"from": [ 6.5, 7.0, 6.5 ], 
					"to": [ 9.5, 10.0, 9.5 ], 
					"renderPass": 1,
					"autoUnwrap": false,
					"uv": [ 0.0, 0.0 ],
					"rotationOrigin": [ 8.0, 7.0, 8.0 ],
					"faces": {
						"north": { "texture": "#smoky", "uv": [ 0.0, 0.0, 3.0, 3.0 ] },
						"east": { "texture": "#smoky", "uv": [ 3.0, 0.0, 6.0, 3.0 ] },
						"south": { "texture": "#smoky", "uv": [ 6.0, 0.0, 9.0, 3.0 ] },
						"west": { "texture": "#smoky", "uv": [ 9.0, 0.0, 12.0, 3.0 ] },
						"up": { "texture": "#smoky", "uv": [ 12.0, 8.0, 15.0, 11.0 ], "enabled": false },
						"down": { "texture": "#smoky", "uv": [ 0.0, 0.0, 3.0, 3.0 ] }
					}
				}
			]
		}
	]}