{
  "code": "throwncage",
  "class": "EntityThrownCage",
  "hitboxSize": {
    "x": 0.5,
    "y": 0.5
  },
  "variantgroups": [
    { "code": "type", "states": [ "case", "empty", "full" ] },
    { "code": "metal", "states": [ "copper", "tinbronze", "bismuthbronze", "blackbronze", "iron", "meteoriciron", "steel", "creative" ] }
  ],
  "client": {
    "renderer": "Shape",
    "shape": { "base": "item/cage/full" },
    "texturesByType": {
      "*-case-creative": { "case": { "base": "game:item/resource/temporalgear" } },
      "*-empty-creative": {
        "core": { "base": "game:item/tool/material/blackbronze" },
        "case": { "base": "game:item/resource/temporalgear" }
      },
      "*-full-creative": {
        "core": { "base": "game:item/tool/material/gold" },
        "case": { "base": "game:item/resource/temporalgear" }
      },
      "*-case-*": { "case": { "base": "game:block/metal/plate/{metal}" } },
      "*-empty-*": {
        "core": { "base": "game:item/tool/material/blackbronze" },
        "case": { "base": "game:block/metal/plate/{metal}" }
      },
      "*-full-*": {
        "core": { "base": "game:item/tool/material/gold" },
        "case": { "base": "game:block/metal/plate/{metal}" }
      }
    },
    "size": 0.5,
    "behaviors": [
      { "code": "passivephysics" },
      { "code": "interpolateposition" },
      { "code": "floatupwhenstuck" }
    ],
    "animations": [
      {
        "code": "soul",
        "animation": "soul",
        "animationSpeed": 1,
        "EaseInSpeed": 1000000000000000,
        "EaseOutSpeed": 1000000000000000,
        "BlendMode": "Add",
        "ClientSide": true
      },
      {
        "code": "ring1",
        "animation": "ring1",
        "animationSpeed": 1,
        "EaseInSpeed": 1000000000000000,
        "EaseOutSpeed": 1000000000000000,
        "BlendMode": "Add",
        "ClientSide": true
      },
      {
        "code": "ring2",
        "animation": "ring2",
        "animationSpeed": 1,
        "EaseInSpeed": 1000000000000000,
        "EaseOutSpeed": 1000000000000000,
        "BlendMode": "Add",
        "ClientSide": true
      },
      {
        "code": "ring3",
        "animation": "ring3",
        "animationSpeed": 1,
        "EaseInSpeed": 1000000000000000,
        "EaseOutSpeed": 1000000000000000,
        "BlendMode": "Add",
        "ClientSide": true
      }
    ]
  },
  "server": {
    "behaviors": [
      { "code": "passivephysics" },
      { "code": "despawn", "minSeconds": 300 },
      { "code": "floatupwhenstuck" }
    ]
  },
  "sounds": {},
  "attributes": {
    "physics": {
      "groundDragFactor": 1,
      "airDragFallingFactor": 0.25
    }
  }
}
