{
  "ingredient": {
    "type": "item",
    "code": "game:ingot-*",
    "name": "metal",
    "skipVariants": ["blistersteel", "leadsolder", "silversolder"]
  },
  "pattern": [
    ["_____#_____", "_____#_____", "_____#_____", "_____#_____", "____###____", "###########", "____###____", "_____#_____", "_____#_____", "_____#_____", "_____#_____"],
    ["___________", "___________", "___________", "___________", "____###____", "____###____", "____###____", "___________", "___________", "___________", "___________"]
  ],
  "name": "Herb rack top",
  "output": { "type": "item", "code": "alchemy:herbracktop-{metal}" }
}
