{
	"editor": {
		"allAngles": false,
		"singleTexture": false
	},
	"textureWidth": 16,
	"textureHeight": 16,
	"textures": {
		"hay-egg": "block/nestbox/hay-egg",
		"singlehay2": "block/nestbox/singlehay2",
		"sides": "block/nestbox/sides",
		"wood": "block/nestbox/generic",
		"egg-1": "block/nestbox/egg-chicken",
		"egg-2": "block/nestbox/egg-chicken",
		"egg-3": "block/nestbox/egg-chicken"
	},
	"elements": [
		{
			"name": "N",
			"from": [ 3.0, 0.0, 3.5 ], 
			"to": [ 13.0, 3.0, 4.5 ], 
			"faces": {
				"north": { "texture": "#sides", "uv": [ 3.0, 6.0, 13.0, 9.0 ] },
				"east": { "texture": "#sides", "uv": [ 2.0, 6.0, 3.0, 9.0 ] },
				"south": { "texture": "#sides", "uv": [ 3.0, 6.0, 13.0, 9.0 ] },
				"west": { "texture": "#sides", "uv": [ 13.0, 6.0, 14.0, 9.0 ] },
				"up": { "texture": "#sides", "uv": [ 3.0, 12.5, 13.0, 13.5 ] },
				"down": { "texture": "#sides", "uv": [ 3.0, 14.0, 13.0, 15.0 ] }
			}
		},
		{
			"name": "S",
			"from": [ 3.0, 0.0, 11.5 ], 
			"to": [ 13.0, 3.0, 12.5 ], 
			"faces": {
				"north": { "texture": "#sides", "uv": [ 3.0, 2.5, 13.0, 5.5 ] },
				"east": { "texture": "#sides", "uv": [ 13.0, 2.0, 14.0, 5.0 ] },
				"south": { "texture": "#sides", "uv": [ 3.0, 2.5, 13.0, 5.5 ] },
				"west": { "texture": "#sides", "uv": [ 2.0, 3.0, 3.0, 6.0 ] },
				"up": { "texture": "#sides", "uv": [ 3.0, 13.0, 13.0, 14.0 ] },
				"down": { "texture": "#sides", "uv": [ 2.0, 13.0, 12.0, 14.0 ] }
			}
		},
		{
			"name": "W",
			"from": [ 3.0, 0.0, 4.5 ], 
			"to": [ 4.0, 3.0, 11.5 ], 
			"faces": {
				"north": { "texture": "#sides", "uv": [ 4.0, 7.0, 5.0, 10.0 ], "enabled": false },
				"east": { "texture": "#sides", "uv": [ 5.0, 2.5, 12.0, 5.5 ] },
				"south": { "texture": "#1", "uv": [ 7.0, 5.0, 8.0, 8.0 ], "enabled": false },
				"west": { "texture": "#sides", "uv": [ 5.0, 2.5, 12.0, 5.5 ] },
				"up": { "texture": "#sides", "uv": [ 4.0, 13.0, 11.0, 14.0 ], "rotation": 90 },
				"down": { "texture": "#sides", "uv": [ 5.0, 6.0, 12.0, 7.0 ], "rotation": 90 }
			}
		},
		{
			"name": "E",
			"from": [ 12.0, 0.0, 4.5 ], 
			"to": [ 13.0, 3.0, 11.5 ], 
			"faces": {
				"north": { "texture": "#1", "uv": [ 5.0, 8.0, 6.0, 11.0 ], "enabled": false },
				"east": { "texture": "#sides", "uv": [ 4.0, 2.5, 11.0, 5.5 ] },
				"south": { "texture": "#1", "uv": [ 5.0, 5.0, 6.0, 8.0 ], "enabled": false },
				"west": { "texture": "#sides", "uv": [ 4.0, 2.5, 11.0, 5.5 ] },
				"up": { "texture": "#sides", "uv": [ 7.0, 13.0, 14.0, 14.0 ], "rotation": 90 },
				"down": { "texture": "#sides", "uv": [ 5.0, 1.0, 12.0, 2.0 ], "rotation": 90 }
			}
		},
		{
			"name": "floor",
			"from": [ 4.0, 0.0, 4.5 ], 
			"to": [ 12.0, 1.0, 11.5 ], 
			"faces": {
				"north": { "texture": "#1", "uv": [ 0.0, 5.0, 8.0, 6.0 ], "enabled": false },
				"east": { "texture": "#1", "uv": [ 7.0, 5.0, 14.0, 6.0 ], "enabled": false },
				"south": { "texture": "#1", "uv": [ 8.0, 6.0, 16.0, 7.0 ], "enabled": false },
				"west": { "texture": "#1", "uv": [ 3.0, 6.0, 10.0, 7.0 ], "enabled": false },
				"up": { "texture": "#hay-egg", "uv": [ 1.0, 7.0, 8.0, 15.0 ], "rotation": 90 },
				"down": { "texture": "#wood", "uv": [ 2.0, 2.0, 9.0, 10.0 ] }
			}
		},
		{
			"name": "Cube1",
			"from": [ 4.0, 1.0, 5.5 ], 
			"to": [ 12.0, 5.0, 5.5 ], 
			"rotationOrigin": [ 8.0, 1.0, 5.5 ],
			"rotationX": -22.5,
			"renderPass": 2,
			"faces": {
				"north": { "texture": "#hay-egg", "uv": [ 0.0, 0.0, 8.0, 4.0 ], "enabled": false },
				"east": { "texture": "#hay-egg", "uv": [ 0.0, 0.0, 0.5, 4.0 ], "enabled": false },
				"south": { "texture": "#singlehay2", "uv": [ 5.5, 9.0, 13.5, 13.0 ] },
				"west": { "texture": "#hay-egg", "uv": [ 0.0, 0.0, 0.5, 4.0 ], "enabled": false },
				"up": { "texture": "#singlehay2", "uv": [ 3.0, 1.0, 11.0, 1.5 ], "enabled": false },
				"down": { "texture": "#hay-egg", "uv": [ 0.0, 0.0, 8.0, 0.5 ], "enabled": false }
			}
		},
		{
			"name": "Cube7",
			"from": [ 4.0, 1.0, 10.5 ], 
			"to": [ 12.0, 5.0, 10.5 ], 
			"rotationOrigin": [ 8.0, 1.0, 10.5 ],
			"rotationX": 22.5,
			"renderPass": 2,
			"faces": {
				"north": { "texture": "#hay-egg", "uv": [ 0.0, 0.0, 8.0, 4.0 ], "enabled": false },
				"east": { "texture": "#hay-egg", "uv": [ 0.0, 0.0, 0.5, 4.0 ], "enabled": false },
				"south": { "texture": "#singlehay2", "uv": [ 1.0, 1.0, 9.0, 5.0 ] },
				"west": { "texture": "#hay-egg", "uv": [ 0.0, 0.0, 0.5, 4.0 ], "enabled": false },
				"up": { "texture": "#singlehay2", "uv": [ 3.0, 1.0, 11.0, 1.5 ], "enabled": false },
				"down": { "texture": "#hay-egg", "uv": [ 0.0, 0.0, 8.0, 0.5 ], "enabled": false }
			}
		},
		{
			"name": "Cube8",
			"from": [ 7.0, 1.0, 8.5 ], 
			"to": [ 15.0, 5.0, 8.5 ], 
			"rotationOrigin": [ 11.0, 1.0, 8.5 ],
			"rotationX": 90.0,
			"rotationY": 67.5,
			"renderPass": 2,
			"rotationZ": -90.0,
			"faces": {
				"north": { "texture": "#hay-egg", "uv": [ 0.0, 0.0, 8.0, 4.0 ], "enabled": false },
				"east": { "texture": "#hay-egg", "uv": [ 0.0, 0.0, 0.5, 4.0 ], "enabled": false },
				"south": { "texture": "#singlehay2", "uv": [ 5.5, 9.0, 13.5, 13.0 ] },
				"west": { "texture": "#hay-egg", "uv": [ 0.0, 0.0, 0.5, 4.0 ], "enabled": false },
				"up": { "texture": "#singlehay2", "uv": [ 3.0, 1.0, 11.0, 1.5 ], "enabled": false },
				"down": { "texture": "#hay-egg", "uv": [ 0.0, 0.0, 8.0, 0.5 ], "enabled": false }
			}
		},
		{
			"name": "Cube9",
			"from": [ 1.0, 1.0, 8.5 ], 
			"to": [ 9.0, 5.0, 8.5 ], 
			"rotationOrigin": [ 5.0, 1.0, 8.5 ],
			"rotationX": -90.0,
			"rotationY": 67.5,
			"rotationZ": 90.0,
			"renderPass": 2,
			"faces": {
				"north": { "texture": "#hay-egg", "uv": [ 0.0, 0.0, 8.0, 4.0 ], "enabled": false },
				"east": { "texture": "#hay-egg", "uv": [ 0.0, 0.0, 0.5, 4.0 ], "enabled": false },
				"south": { "texture": "#singlehay2", "uv": [ 5.5, 1.0, 13.5, 5.0 ] },
				"west": { "texture": "#hay-egg", "uv": [ 0.0, 0.0, 0.5, 4.0 ], "enabled": false },
				"up": { "texture": "#singlehay2", "uv": [ 3.0, 1.0, 11.0, 1.5 ], "enabled": false },
				"down": { "texture": "#hay-egg", "uv": [ 0.0, 0.0, 8.0, 0.5 ], "enabled": false }
			}
		},
		{
			"name": "Cube10",
			"from": [ 3.9, 1.0, 6.1 ], 
			"to": [ 7.9, 6.0, 6.1 ], 
			"rotationOrigin": [ 5.9, 1.0, 6.1 ],
			"rotationX": -22.5,
			"rotationY": 45.0,
			"rotationZ": 22.5,
			"renderPass": 2,
			"faces": {
				"north": { "texture": "#hay-egg", "uv": [ 0.0, 0.0, 4.0, 5.0 ], "enabled": false },
				"east": { "texture": "#hay-egg", "uv": [ 0.0, 0.0, 0.5, 5.0 ], "enabled": false },
				"south": { "texture": "#singlehay2", "uv": [ 4.5, 0.5, 8.5, 5.5 ] },
				"west": { "texture": "#hay-egg", "uv": [ 0.0, 0.0, 0.5, 5.0 ], "enabled": false },
				"up": { "texture": "#singlehay2", "uv": [ 3.0, 1.0, 7.0, 1.5 ], "enabled": false },
				"down": { "texture": "#hay-egg", "uv": [ 0.0, 0.0, 4.0, 0.5 ], "enabled": false }
			}
		},
		{
			"name": "Cube11",
			"from": [ 8.0, 1.0, 6.1 ], 
			"to": [ 12.0, 6.0, 6.1 ], 
			"rotationOrigin": [ 10.0, 1.0, 6.1 ],
			"rotationX": -22.5,
			"rotationY": -45.0,
			"rotationZ": -22.5,
			"renderPass": 2,
			"faces": {
				"north": { "texture": "#hay-egg", "uv": [ 0.0, 0.0, 4.0, 5.0 ], "enabled": false },
				"east": { "texture": "#hay-egg", "uv": [ 0.0, 0.0, 0.5, 5.0 ], "enabled": false },
				"south": { "texture": "#singlehay2", "uv": [ 7.5, 8.5, 11.5, 13.5 ] },
				"west": { "texture": "#hay-egg", "uv": [ 0.0, 0.0, 0.5, 5.0 ], "enabled": false },
				"up": { "texture": "#singlehay2", "uv": [ 3.0, 1.0, 7.0, 1.5 ], "enabled": false },
				"down": { "texture": "#hay-egg", "uv": [ 0.0, 0.0, 4.0, 0.5 ], "enabled": false }
			}
		},
		{
			"name": "Cube12",
			"from": [ 8.0, 1.0, 10.1 ], 
			"to": [ 12.0, 6.0, 10.1 ], 
			"rotationOrigin": [ 10.0, 1.0, 10.1 ],
			"rotationX": 22.5,
			"rotationY": -135.0,
			"rotationZ": 22.5,
			"renderPass": 2,
			"faces": {
				"north": { "texture": "#hay-egg", "uv": [ 0.0, 0.0, 4.0, 5.0 ], "enabled": false },
				"east": { "texture": "#hay-egg", "uv": [ 0.0, 0.0, 0.5, 5.0 ], "enabled": false },
				"south": { "texture": "#singlehay2", "uv": [ 7.0, 0.5, 11.0, 5.5 ] },
				"west": { "texture": "#hay-egg", "uv": [ 0.0, 0.0, 0.5, 5.0 ], "enabled": false },
				"up": { "texture": "#singlehay2", "uv": [ 3.0, 1.0, 7.0, 1.5 ], "enabled": false },
				"down": { "texture": "#hay-egg", "uv": [ 0.0, 0.0, 4.0, 0.5 ], "enabled": false }
			}
		},
		{
			"name": "Cube13",
			"from": [ 3.8, 1.0, 9.0 ], 
			"to": [ 7.8, 6.0, 9.0 ], 
			"rotationOrigin": [ 5.8, 1.0, 9.0 ],
			"rotationX": 39.0,
			"rotationY": -45.0,
			"rotationZ": 22.5,
			"renderPass": 2,
			"faces": {
				"north": { "texture": "#hay-egg", "uv": [ 0.0, 0.0, 4.0, 5.0 ], "enabled": false },
				"east": { "texture": "#hay-egg", "uv": [ 0.0, 0.0, 0.5, 5.0 ], "enabled": false },
				"south": { "texture": "#singlehay2", "uv": [ 3.5, 9.0, 7.5, 14.0 ] },
				"west": { "texture": "#hay-egg", "uv": [ 0.0, 0.0, 0.5, 5.0 ], "enabled": false },
				"up": { "texture": "#singlehay2", "uv": [ 3.0, 1.0, 7.0, 1.5 ], "enabled": false },
				"down": { "texture": "#hay-egg", "uv": [ 0.0, 0.0, 4.0, 0.5 ], "enabled": false }
			}
		},
		{
			"name": "egg",
			"from": [ 8.4, 1.0, 6.1 ], 
			"to": [ 10.4, 2.0, 8.1 ], 
			"rotationOrigin": [ 9.4, 1.0, 7.1 ],
			"rotationY": -22.5,
			"faces": {
				"north": { "texture": "#hay-egg", "uv": [ 10.5, 2.0, 12.5, 3.0 ] },
				"east": { "texture": "#hay-egg", "uv": [ 11.5, 2.5, 13.5, 3.5 ] },
				"south": { "texture": "#hay-egg", "uv": [ 12.5, 3.0, 14.5, 4.0 ] },
				"west": { "texture": "#hay-egg", "uv": [ 11.0, 3.0, 13.0, 4.0 ] },
				"up": { "texture": "#hay-egg", "uv": [ 10.5, 1.5, 12.5, 3.5 ] },
				"down": { "texture": "#hay-egg", "uv": [ 0.0, 0.0, 2.0, 2.0 ], "enabled": false }
			}
		},
		{
			"name": "egg 2",
			"from": [ 6.0, 0.9, 5.9 ], 
			"to": [ 8.0, 1.9, 7.9 ], 
			"rotationOrigin": [ 7.0, 1.0, 6.9 ],
			"rotationY": 36.5,
			"faces": {
				"north": { "texture": "#hay-egg", "uv": [ 9.5, 7.0, 11.5, 8.0 ] },
				"east": { "texture": "#hay-egg", "uv": [ 12.0, 7.5, 14.0, 8.5 ] },
				"south": { "texture": "#hay-egg", "uv": [ 11.5, 6.0, 13.5, 7.0 ] },
				"west": { "texture": "#hay-egg", "uv": [ 12.0, 7.0, 14.0, 8.0 ] },
				"up": { "texture": "#hay-egg", "uv": [ 12.0, 7.5, 14.0, 9.5 ] },
				"down": { "texture": "#hay-egg", "uv": [ 0.0, 0.0, 2.0, 2.0 ], "enabled": false }
			}
		},
		{
			"name": "egg 3",
			"from": [ 7.0, 1.0, 7.8 ], 
			"to": [ 9.0, 2.0, 9.8 ], 
			"rotationOrigin": [ 8.0, 1.1, 8.8 ],
			"rotationX": 1.0,
			"rotationY": 5.5,
			"faces": {
				"north": { "texture": "#hay-egg", "uv": [ 11.5, 12.0, 13.5, 13.0 ] },
				"east": { "texture": "#hay-egg", "uv": [ 12.5, 11.5, 14.5, 12.5 ] },
				"south": { "texture": "#hay-egg", "uv": [ 11.0, 13.0, 13.0, 14.0 ] },
				"west": { "texture": "#hay-egg", "uv": [ 10.5, 11.5, 12.5, 12.5 ] },
				"up": { "texture": "#hay-egg", "uv": [ 13.5, 11.5, 15.5, 13.5 ] },
				"down": { "texture": "#hay-egg", "uv": [ 0.0, 0.0, 2.0, 2.0 ], "enabled": false }
			}
		}
	]}