{
	code: "bolthead",
	variantgroups: [
		{ code: "material", states: ["flint", "copper", "tinbronze", "bismuthbronze", "blackbronze", "gold", "silver", "iron", "meteoriciron", "steel" ] },
	],
	attributes: {
		displaycaseable: true, 
		shelvable: true,
	},
	maxstacksize: 64,
	shape: { "base": "bolt-tip" },
	texturesByType: {
		"*-flint": {
			"copper": { base: "game:block/stone/flint" }
		},
		"*": {
			"copper": { base: "game:block/metal/ingot/{material}" }
		}
	},
	creativeinventory: { "general": ["*"], "items": ["*"] },
	guiTransform: {
		translation: { x: 0, y: 0, z: 0 },
		rotation: { x: -56, y: 32, z: 0 },
		origin: { x: 0.76, y: 0.76, z: 0.1 },
		scale: 4.85
	},
	fpHandTransform: {
		translation: { x: 0.4, y: -0.1, z: 0 },
		rotation: { x: 79, y: 86, z: -25 },
		scale: 1.75
	},
	tpHandTransform: {
		translation: { x: -0.67, y: -0.7, z: -0.15 },
		rotation: { x: 90, y: 21, z: 0 },
		scale: 0.77
	},
	groundTransform: {
		translation: { x: 0, y: 0, z: 0 },
		rotation: { x: 19, y: 0, z: 0 },
		origin: { x: 0.5, y: 0, z: 0.5 },
		scale: 4
	}
}
