{
	code: "bullet",
	class: "ItemArrow",
	variantgroups: [
		{ code: "material", states: ["copper", "gold", "silver", "lead", "bismuth" ] },
	],
	maxstacksize: 64,
	storageFlags: 513,
	shape: {  base: "bullet" },
	texturesByType: {
		"*": {
			"material": { base: "game:block/metal/ingot/{material}" }
		}
	},
	creativeinventory: { "general": ["*"], "items": ["*"], "tools": ["*"] },
	guiTransform: {
		rotation: { x: -23, y: -45, z: -145 },
		origin: { x: 0.69, y: -0.39, z: 0.1 },
		scale: 5.08
	},
	fpHandTransform: {
		translation: { x: 0.35, y: 0, z: 0 },
		rotation: { x: 87, y: 90, z: -30 },
		scale: 2.0
	},
	tpHandTransform: {
		translation: { x: -1.05, y: -0.59, z: -0.96 },
		rotation: { x: 0, y: 2, z: 3 },
		scale: 0.48
	},
	groundTransform: {
		translation: { x: 0, y: 0, z: 0 },
		rotation: { x: 90, y: 0, z: 0 },
		origin: { x: 0.5, y: 0, z: 0.5 },
		scale: 2.64
	},
	attributes: {
		damageByType: {
			"*-copper": -5,
			"*-bismuth": -3,
			"*-gold": 7,
			"*-silver": 0,
            "*-lead": 0
		},
		breakChanceOnImpact: 1,
		handbook: {
			groupBy: ["bullet-*"]
		}
	},
}
