{
	code: "hand_cannon",
	class: "ItemRangedWeapon",
	variantgroups: [
		{ code: "material", states: ["brass", "bismuthbronze", "tinbronze", "blackbronze", "iron", "meteoriciron", "steel" ] }
	],
	maxstacksize: 1,
	durabilityByType:{
		"*-brass": 75,
		"*-bismuthbronze": 125,
		"*-tinbronze": 100,
		"*-blackbronze": 150,
		"*-iron": 250,
		"*-meteoriciron": 300,
		"*-steel": 400
	},
	shape: {
		base: "handcannon",
		alternates: [
			{ base: "handcannon-loading" },
			{ base: "handcannon-loaded" },
			{ base: "handcannon-firing" },
		]
	},
	texturesByType: {
		"*": {
			"brass": { base: "game:block/metal/ingot/{material}" }
		}
	},
	tool: "bow",
	creativeinventory: { "general": ["*"], "items": ["*"], "tools": ["*"] },
	attributes: {
		accuracyBonus: -0.2,
		damageByType: {
			"*-brass": 14,
			"*-bismuthbronze": 15,
			"*-tinbronze": 15,
			"*-blackbronze": 16,
			"*-iron": 17,
			"*-meteoriciron": 18,
			"*-steel": 20
		},
		toolrackTransform: {
			translation: { x: 0, y: 0, z: 0 },
			rotation: { x: 90, y: 90, z: 0 },
			origin: { x: 0.7, y: 0.65, z: 0.85 },
			scale: 0.8
		},
		projectile: "firedbullet-*",
		ammo: "arquebus_ammo-*",
		stayLoaded: true,
		loadedVariant: 3,
		firingVariant: 4,
		numDrawStages: 1,
		unloadAfterMilliseconds: 20000,
		releaseSound: "sounds/cannon",
		fizzleSound: "sounds/arquebus-fizzle",
		loadSound: "sounds/arquebus-load",
		releaseFire: true,
		waterUnloads: true,
		drawTime: 4.5,
		drawSpeed: 1,
		projectileSpeed: 3,
		handbook: {
			groupBy: ["hand_cannon-*"]
		}
	},
	fpHandTransform: {
		translation: { x: 0, y: 0, z: 0 },
		rotation: { x: 0, y: 0, z: 0 },
		origin: { x: 1.5, y: -1.1, z: 0.5 },
		scale: 2.5
	},
	guiTransform: {
		translation: { x: 0, y: 0, z: 0 },
		rotation: { x: -129, y: 41, z: -37 },
		origin: { x: -0.7, y: 0.5, z: 0.15 },
		scale: 0.52
	},
	groundTransform: {
		translation: { x: 0, y: 0.09, z: 0 },
		rotation: { x: 0, y: 0, z: 90 },
		origin: { x: 0.45, y: 0, z: 0.5 },
		scale: 3
	},
	tpHandTransform: {
		translation: { x: -0.75, y: -0.45, z: -0.6 },
		rotation: { x: 90, y: 0, z: -90 },
		origin: { x: 0.5, y: 0, z: 0.5 },
		scale: 0.65
	}
}
