{"GameVersion":"1.18.5","SizeX":7,"SizeY":5,"SizeZ":6,"BlockCodes":{"9698":"game:supportbeam-aged","8613":"game:meta-underground","2966":"game:cobblestone-granite","9493":"game:agedstonebricks-granite","2336":"game:slantedroofing-agedthatch-south-free","2316":"game:slantedroofing-agedthatch-north-free","8606":"game:clutter","2326":"game:slantedroofing-agedthatch-east-free","633":"game:lootvessel-forage"},"ItemCodes":{},"Indices":[4096,3146752,1025,2049,3073,4097,1049601,1051649,1052673,2098177,3146753,3147777,1026,2050,3074,4098,1052674,2101250,3146754,3148802,4196354,4197378,3,1027,2051,3075,4099,1050627,1051651,2098179,2101251,3149827,4196355,1028,2052,3076,4100,5124,1050628,1051652,2098180,3146756,3148804,3149828,1029,2053,3077,4101,1049605,1052677,2099205,3146757,3147781,3149829,4196357,4197381,2054,3149830],"BlockIds":[8613,9698,2966,9493,2966,2966,9698,9698,9698,9698,2336,9698,9493,9493,2966,9493,9698,9698,2336,9698,2336,2316,8613,9493,2966,9493,9493,8606,2326,9698,9698,2316,2336,9493,2966,9493,9493,8613,8606,2316,9698,2336,9698,2316,2966,9493,633,9493,9698,9698,9698,2336,9698,2316,2336,2316,8613,9698],"DecorIndices":[],"DecorIds":[],"BlockEntities":{"3146752":"!<d@[F*KV##64c-E,TfC\"onW'!<d@[F*a\"j#64o6@VfsmCI<#NAIrp*E,]`9FCJfiD(T1/ARl&M@V&tbF!L_m+pnYd!!%O6*<6'>58\"J9!!'f\"'mcrrZlK,H!'_=[9-=<:","1049601":"!<d@[F*KY$#64c-E,TfC\"98E%!<d@[F*a\"j#64o6@VfsmCI<#NAIrp*E,]`9FCJfiD(T1/ARl&M@V&tbF!L_m+pnYd!!!!`*<6'>58\"J9!!!!`'`\\465TKh)!'_=[9-=?;","1051649":"!<d@[F*KY$#64c-E,TfC\"98E%!<d@[F*a(l#64o6@VfsmCI<#NAIrp*E,]`9FCJfiD(T1/ARl&M@V&tbF!L_m+pnYd!!#8K*<6()58\"J9!!%O6'aa$MZ5ioFTKa:Q9-=?;","1052673":"!<d@[F*KY$#64c-E,TfC\"98E%!<d@[F*a+m#64o6@VfsmCI<#NAIrp*E,]`9FCJfiD(T1/ARl&M@V&tbF!L_m+pnYd!!!!`*<6'>58\"J9!!!!`'`\\5a590_(!'_=[9-=?;","2098177":"!<d@[F*KY$#64c-E,TfC\"TSN&!<d@[F*a\"j#64o6@VfsmCI<#NAIrp*E,]`9FCJfiD(T1/ARl&M@V&tbF\"%(r-OL@n!!!!`'`\\5a590_(J3FSV%K6>,4r\"%t!'hP)!!#8$i_(Bt!!","3147777":"!<d@[F*KY$#64c-E,TfC\"onW'!<d@[F*a%k#64o6@VfsmCI<#NAIrp*E,]`9FCJfiD(T1/ARl&M@V&tbF!L_m+pnhi!!!!`'`\\5a590_(J3OYR%KHJ.4rs\\'^HWRp9-=B<","1052674":"!<d@[F*K\\%#64c-E,TfC\"98E%!<d@[F*a+m#64o6@VfsmCI<#NAIrp*E,]`9FCJfiD(T1/ARl&M@V&tbF!L_m+pnYd!!%O6*<6'>58\"J9r;V71'uN$\\ZQ9)GIm4e09-=?;","2101250":"!<d@[F*K\\%#64c-E,TfC\"TSN&!<d@[F*a+m#64o6@VfsmCI<#NAIrp*E,]`9FCJfiD(T1/ARl&M@V&tbF\"%(r-OL@n!!!!`'`\\5a590_(5X,kl%K6>,4r\"%t!'hP)!._g$i_(Bt!!","3148802":"!<d@[F*K\\%#64c-E,TfC\"onW'!<d@[F*a(l#64o6@VfsmCI<#NAIrp*E,]`9FCJfiD(T1/ARl&M@V&tbEutAh*=<,_!!!!`'`\\5a58\";4rr<!^*<6)T^DPs'+9_`","1050627":"!<d@[F*K_&#64c-E,TfC\"98E%!<d@[F*a%k#64o6@VfsmCI<#NAHu^]F`__:EWlSfH#R=\"@Wc0rATT[1#BFa)@<?'_z\":8pVF(djWB5D/-;u=<4#BFa)@<?'az#mk*[Ci!ZmFCet_!!","2098179":"!<d@[F*K_&#64c-E,TfC\"TSN&!<d@[F*a\"j#64o6@VfsmCI<#NAIrp*E,]`9FCJfiD(T1/ARl&M@V&tbF\"%(r-OL@n!!!!`'`\\5a590_(!'_),%K?D-4r\"%t!'hP)!!#8$i_(Bt!!","2101251":"!<d@[F*K_&#64c-E,TfC\"TSN&!<d@[F*a+m#64o6@VfsmCI<#NAIrp*E,]`9FCJfiD(T1/ARl&M@V&tbF\"%(r-OL@n!!!!`'`\\5a590_(5X,kl%K6>,4r\"%t!'hP)!._g$i_(Bt!!","1050628":"!<d@[F*Kb'#64c-E,TfC\"98E%!<d@[F*a%k#64o6@VfsmCI<#NAHu^]F`__:EWlSfH#R=(@q]:bE\\2<SBl7Km1B[r'DffE0AQSp4!!!-.D.Rd%6#L=OA_Ra;^'\"[]DffE0AQf'6!!!<3@rH1\"ARfgnA,lT","2098180":"!<d@[F*Kb'#64c-E,TfC\"TSN&!<d@[F*a\"j#64o6@VfsmCI<#NAIrp*E,]`9FCJfiD(T1/ARl&M@V&tbF\"%(r-OL@n!!!!`'`\\5a590_(J3FSV%K6>,4r\"%t!'hP)!!#8$i_(Bt!!","3148804":"!<d@[F*Kb'#64c-E,TfC\"onW'!<d@[F*a(l#64o6@VfsmCI<#NAIrp*E,]`9FCJfiD(T1/ARl&M@V&tbEutAh*=<,_!!!!`'`\\5a58\";4rr<!^*<6)T58`BQ+9_`","1049605":"!<d@[F*Ke(#64c-E,TfC\"98E%!<d@[F*a\"j#64o6@VfsmCI<#NAIrp*E,]`9FCJfiD(T1/ARl&M@V&tbF!L_m+pnYd!!!!`*<6'>58\"J9!!!!`'`\\465TKh)!'_=[9-=?;","1052677":"!<d@[F*Ke(#64c-E,TfC\"98E%!<d@[F*a+m#64o6@VfsmCI<#NAIrp*E,]`9FCJfiD(T1/ARl&M@V&tbF!L_m+pnYd!!!!`*<6'>58\"J9!!!!`'`\\465TKh)!'_=[9-=?;","2099205":"!<d@[F*Ke(#64c-E,TfC\"TSN&!<d@[F*a%k#64o6@VfsmCI<#NAIrp*E,]`9FCJfiD(T1/ARl&M@V&tbF\"%(r-OL@n!!!!`'`\\5a590_(!5B-W%K?D-4r\"%t!'hP)!.[9Ni_(Bq!!","3147781":"!<d@[F*Ke(#64c-E,TfC\"onW'!<d@[F*a%k#64o6@VfsmCI<#NAIrp*E,]`9FCJfiD(T1/ARl&M@V&tbF!L_m+pnhi!!!!`'`\\5a590_(J3OYR%K?D-4rjV'+@$e'9-=B<","3149830":"!<d@[F*Kh)#64c-E,TfC\"onW'!<d@[F*a+m#64o6@VfsmCI<#NAIrp*E,]`9FCJfiD(T1/ARl&M@V&tbEutAh*=;rj!!!!`&e>EO!+<SWXfs(X*<H4+58`BQ+9;H"},"Entities":[],"ReplaceMode":2,"EntranceRotation":-1}