{
  "code": "circuitadaptive",
  "class": "ItemGeneric",
  "enabled": false,

  "behaviors": [
    {
      "name": "GroundStorable",
      "properties": {
        "layout": "Quadrants",
        "collisionBox": {
          "x1": 0,
          "y1": 0,
          "z1": 0,
          "x2": 1,
          "y2": 0.125,
          "z2": 1
        }
      }
    }
  ],

  "texture": { "base": "items/parts/circuit_adaptive" },

  "creativeinventory": {
    "general": [ "*" ],
    "items": [ "*" ],
    "viescraftmachines": [ "*" ]
  },

  "maxstacksize": 1,

  "materialDensity": 900,

  "attributes": {
    "groundStorageTransform": {
      "rotation": {
        "x": 0,
        "y": 0,
        "z": 45
      }
    }
  }
}