{
  "code": "frameparts",
  "class": "ItemGenericBig",
  "enabled": true,

  "behaviors": [
    {
      "name": "GroundStorable",
      "properties": {
        "layout": "SingleCenter"
      }
    }
  ],

  "creativeinventory": {
    "general": [ "*" ],
    "items": [ "*" ],
    "viescraftmachines": [ "*" ]
  },

  "shapeByType": {
    "*": { "base": "items/shapeframeparts" }
  },
  "texturesByType": {
    "*": {
      "default": { "base": "default" },
      "frame": { "base": "entities/machines/frame" },
      "wood": { "base": "game:block/wood/oak" }
    }
  },

  "maxstacksize": 64,

  "materialDensity": 900,

  "guiTransform": {
    "translation": {
      "x": 2.5,
      "y": 0,
      "z": 0
    },
    "rotation": {
      "x": 151,
      "y": -138,
      "z": 2
    },
    "origin": {
      "x": 0.5,
      "y": 0.3,
      "z": 0.5
    },
    "scale": 1.25
  },
  "fpHandTransform": {
    "translation": {
      "x": 0,
      "y": 0.25,
      "z": 0
    },
    "rotation": {
      "x": -2,
      "y": 2,
      "z": 15
    },
    "origin": {
      "x": 0.2,
      "y": 0.25,
      "z": 1.2
    }
  },
  "tpHandTransform": {
    "translation": {
      "x": -1.6,
      "y": -1,
      "z": -0.45
    },
    "rotation": {
      "x": 13,
      "y": -170,
      "z": 68
    },
    "scale": 0.56
  },
  "groundTransform": {
    "translation": {
      "x": 0,
      "y": 0.2,
      "z": 0
    },
    "rotation": {
      "x": 0,
      "y": 0,
      "z": 0
    },
    "origin": {
      "x": 0.5,
      "y": 0.5,
      "z": 0.5299
    },
    "scale": 1.99
  }
}