{
  "code": "temporalassembly",
  "class": "ItemTemporalAssembly",
  "enabled": true,

  "variantgroups": [
    {
      "code": "mode",
      "states": [ "flying", "ground", "sea", "underwater" ]
    },
    {
      "code": "type",
      "states": [ "darter", "carrier", "hauler" ]
    }
  ],

  "attributes": {
    "handbook": {
      "groupBy": [ "temporalassembly-{mode}-*" ]
    }
  },

  "behaviors": [
    {
      "name": "GroundStorable",
      "properties": {
        "layout": "SingleCenter"
      }
    }
  ],

  "maxstacksize": 1,

  "creativeinventory": {
    "general": [ "*" ],
    "items": [ "*" ],
    "viescraftmachines": [ "*" ]
  },

  "combustiblePropsByType": {
    "*-full": {
      "meltingPoint": 650,
      "meltingDuration": 45,
      "smeltedRatio": 1,
      "smeltingType": "bake",
      "smeltedStack": {
        "type": "item",
        "code": "frameparts"
      },
      "requiresContainer": false
    }
  },

  "shapeByType": {
    "*": { "base": "items/shapetemoralassembly" }
  },
  "texturesByType": {
    "*-flying-darter": {
      "default": { "base": "default" },
      "obsidian": { "base": "entities/machines/frame" },
      "frame": { "base": "entities/machines/frame" },
      "metal": { "base": "entities/machines/frame" },
      "connector": { "base": "items/parts/connector" },
      "filament": { "base": "color-purple" },
      "rustyglow": { "base": "game:block/machine/statictranslocator/rustyglow" },
      "runewriting": { "base": "items/runewritingdarter" },
      "vintageglass": { "base": "game:block/glass/vintage" },
      "gold": { "base": "game:block/metal/plate/gold" }
    },
    "*-flying-carrier": {
      "default": { "base": "default" },
      "obsidian": { "base": "entities/machines/frame" },
      "frame": { "base": "entities/machines/frame" },
      "metal": { "base": "entities/machines/frame" },
      "connector": { "base": "items/parts/connector" },
      "filament": { "base": "color-purple" },
      "rustyglow": { "base": "game:block/machine/statictranslocator/rustyglow" },
      "runewriting": { "base": "items/runewritingcarrier" },
      "vintageglass": { "base": "game:block/glass/vintage" },
      "gold": { "base": "game:block/metal/plate/gold" }
    },
    "*-flying-hauler": {
      "default": { "base": "default" },
      "obsidian": { "base": "entities/machines/frame" },
      "frame": { "base": "entities/machines/frame" },
      "metal": { "base": "entities/machines/frame" },
      "connector": { "base": "items/parts/connector" },
      "filament": { "base": "color-purple" },
      "rustyglow": { "base": "game:block/machine/statictranslocator/rustyglow" },
      "runewriting": { "base": "items/runewritinghauler" },
      "vintageglass": { "base": "game:block/glass/vintage" },
      "gold": { "base": "game:block/metal/plate/gold" }
    },

    "*-ground-darter": {
      "default": { "base": "default" },
      "obsidian": { "base": "entities/machines/frame" },
      "frame": { "base": "entities/machines/frame" },
      "metal": { "base": "entities/machines/frame" },
      "connector": { "base": "items/parts/connector" },
      "filament": { "base": "color-green" },
      "rustyglow": { "base": "game:block/machine/statictranslocator/rustyglow" },
      "runewriting": { "base": "items/runewritingdarter" },
      "vintageglass": { "base": "game:block/glass/vintage" },
      "gold": { "base": "game:block/metal/plate/gold" }
    },
    "*-ground-carrier": {
      "default": { "base": "default" },
      "obsidian": { "base": "entities/machines/frame" },
      "frame": { "base": "entities/machines/frame" },
      "metal": { "base": "entities/machines/frame" },
      "connector": { "base": "items/parts/connector" },
      "filament": { "base": "color-green" },
      "rustyglow": { "base": "game:block/machine/statictranslocator/rustyglow" },
      "runewriting": { "base": "items/runewritingcarrier" },
      "vintageglass": { "base": "game:block/glass/vintage" },
      "gold": { "base": "game:block/metal/plate/gold" }
    },
    "*-ground-hauler": {
      "default": { "base": "default" },
      "obsidian": { "base": "entities/machines/frame" },
      "frame": { "base": "entities/machines/frame" },
      "metal": { "base": "entities/machines/frame" },
      "connector": { "base": "items/parts/connector" },
      "filament": { "base": "color-green" },
      "rustyglow": { "base": "game:block/machine/statictranslocator/rustyglow" },
      "runewriting": { "base": "items/runewritinghauler" },
      "vintageglass": { "base": "game:block/glass/vintage" },
      "gold": { "base": "game:block/metal/plate/gold" }
    },

    "*-sea-darter": {
      "default": { "base": "default" },
      "obsidian": { "base": "entities/machines/frame" },
      "frame": { "base": "entities/machines/frame" },
      "metal": { "base": "entities/machines/frame" },
      "connector": { "base": "items/parts/connector" },
      "filament": { "base": "color-blue" },
      "rustyglow": { "base": "game:block/machine/statictranslocator/rustyglow" },
      "runewriting": { "base": "items/runewritingdarter" },
      "vintageglass": { "base": "game:block/glass/vintage" },
      "gold": { "base": "game:block/metal/plate/gold" }
    },
    "*-sea-carrier": {
      "default": { "base": "default" },
      "obsidian": { "base": "entities/machines/frame" },
      "frame": { "base": "entities/machines/frame" },
      "metal": { "base": "entities/machines/frame" },
      "connector": { "base": "items/parts/connector" },
      "filament": { "base": "color-blue" },
      "rustyglow": { "base": "game:block/machine/statictranslocator/rustyglow" },
      "runewriting": { "base": "items/runewritingcarrier" },
      "vintageglass": { "base": "game:block/glass/vintage" },
      "gold": { "base": "game:block/metal/plate/gold" }
    },
    "*-sea-hauler": {
      "default": { "base": "default" },
      "obsidian": { "base": "entities/machines/frame" },
      "frame": { "base": "entities/machines/frame" },
      "metal": { "base": "entities/machines/frame" },
      "connector": { "base": "items/parts/connector" },
      "filament": { "base": "color-blue" },
      "rustyglow": { "base": "game:block/machine/statictranslocator/rustyglow" },
      "runewriting": { "base": "items/runewritinghauler" },
      "vintageglass": { "base": "game:block/glass/vintage" },
      "gold": { "base": "game:block/metal/plate/gold" }
    },

    "*-underwater-darter": {
      "default": { "base": "default" },
      "obsidian": { "base": "entities/machines/frame" },
      "frame": { "base": "entities/machines/frame" },
      "metal": { "base": "entities/machines/frame" },
      "connector": { "base": "items/parts/connector" },
      "filament": { "base": "color-cyan" },
      "rustyglow": { "base": "game:block/machine/statictranslocator/rustyglow" },
      "runewriting": { "base": "items/runewritingdarter" },
      "vintageglass": { "base": "game:block/glass/vintage" },
      "gold": { "base": "game:block/metal/plate/gold" }
    },
    "*-underwater-carrier": {
      "default": { "base": "default" },
      "obsidian": { "base": "entities/machines/frame" },
      "frame": { "base": "entities/machines/frame" },
      "metal": { "base": "entities/machines/frame" },
      "connector": { "base": "items/parts/connector" },
      "filament": { "base": "color-cyan" },
      "rustyglow": { "base": "game:block/machine/statictranslocator/rustyglow" },
      "runewriting": { "base": "items/runewritingcarrier" },
      "vintageglass": { "base": "game:block/glass/vintage" },
      "gold": { "base": "game:block/metal/plate/gold" }
    },
    "*-underwater-hauler": {
      "default": { "base": "default" },
      "obsidian": { "base": "entities/machines/frame" },
      "frame": { "base": "entities/machines/frame" },
      "metal": { "base": "entities/machines/frame" },
      "connector": { "base": "items/parts/connector" },
      "filament": { "base": "color-cyan" },
      "rustyglow": { "base": "game:block/machine/statictranslocator/rustyglow" },
      "runewriting": { "base": "items/runewritinghauler" },
      "vintageglass": { "base": "game:block/glass/vintage" },
      "gold": { "base": "game:block/metal/plate/gold" }
    },

    "*": {
      "default": { "base": "default" },
      "obsidian": { "base": "entities/machines/frame" },
      "frame": { "base": "entities/machines/frame" },
      "metal": { "base": "entities/machines/frame" },
      "connector": { "base": "items/parts/connector" },
      "filament": { "base": "color-red" },
      "rustyglow": { "base": "game:block/machine/statictranslocator/rustyglow" },
      "runewriting": { "base": "items/runewritingdarter" },
      "vintageglass": { "base": "game:block/glass/vintage" },
      "gold": { "base": "game:block/metal/plate/gold" }
    }
  },

  "materialDensity": 600,

  "guiTransform": {
    "translation": {
      "x": 2.5,
      "y": 0,
      "z": 0
    },
    "rotation": {
      "x": 90,
      "y": 0,
      "z": 0
    },
    "origin": {
      "x": 0.5,
      "y": 0,
      "z": 0.5
    },
    "scale": 1.5
  },
  "fpHandTransform": {
    "translation": {
      "x": 0.05,
      "y": -0.1,
      "z": 0
    },
    "rotation": {
      "x": 125,
      "y": 119,
      "z": -88
    },
    "scale": 1.5
  },
  "groundTransform": {
    "translation": {
      "x": 0,
      "y": 0.2,
      "z": 0
    },
    "rotation": {
      "x": 0,
      "y": 0,
      "z": 0
    },
    "origin": {
      "x": 0.5,
      "y": 0.5,
      "z": 0.5299
    },
    "scale": 2.01
  },
  "tpHandTransform": {
    "translation": {
      "x": -1.6,
      "y": -1,
      "z": -0.45
    },
    "rotation": {
      "x": 13,
      "y": -170,
      "z": 68
    },
    "scale": 0.56
  }

}