{"GameVersion": "1.18.5", "SizeX": 25, "SizeY": 13, "SizeZ": 33, "BlockCodes": {"488": "game:bowl-fired", "661": "game:claypot-burned", "8613": "game:meta-underground", "2966": "game:cobblestone-granite", "9493": "game:agedstonebricks-granite", "9472": "game:polishedrockold-cobbled-granite", "9471": "game:polishedrockold-full-granite", "8060": "game:bed-woodaged-feet-north", "8057": "game:bed-woodaged-head-north", "8610": "game:groundstorage", "8606": "game:clutter", "8611": "game:meta-filler", "2833": "game:cobblestoneslab-granite-up-free", "637": "game:lootvessel-arcticsupplies", "8054": "game:barrel", "2757": "game:cobblestoneslab-granite-north-free", "6169": "game:quern-granite", "8082": "game:woodbucket", "2795": "game:cobblestoneslab-granite-south-free", "8109": "game:chest-east", "8375": "game:toolrack-west", "632": "game:lootvessel-food", "633": "game:lootvessel-forage", "1431": "game:metalpartpile-large-south", "3080": "game:cobblestonestairs-granite-down-south-free", "1422": "game:loosegears-1", "9522": "game:door-ruined-windowed1", "3099": "game:cobblestonestairs-granite-up-west-free", "8389": "game:torch-basic-burnedout-west", "136": "game:multiblock-monolithic-0-p1-0", "896": "game:glasspane-leaded-aged-ew", "3118": "game:cobblestonestairs-granite-down-west-free", "4154": "game:drystone-granite", "9521": "game:door-ruined-rough3", "9520": "game:door-ruined-rough2", "2814": "game:cobblestoneslab-granite-west-free", "3061": "game:cobblestonestairs-granite-up-south-free", "2985": "game:cobblestonestairs-granite-up-north-free", "412": "game:drycarcass-humanoid2", "8063": "game:bed-woodaged-head-east", "6179": "game:rock-granite", "8617": "game:spiderweb", "8219": "game:loosestick-free", "8614": "game:meta-spawner", "9523": "game:door-ruined-windowed2", "8066": "game:bed-woodaged-feet-east", "1565": "game:torchholder-aged-empty-north", "883": "game:glasspane-leaded-aged-ns", "3004": "game:cobblestonestairs-granite-down-north-free", "1187": "game:locustnest-stalagmite-main1", "3042": "game:cobblestonestairs-granite-down-east-free", "1423": "game:loosegears-2", "8200": "game:firepit-cold", "2852": "game:cobblestoneslab-granite-down-free", "1180": "game:locustnest-cage", "6492": "game:stalagsection-granite-04", "4294": "game:drystonefence-granite-ns-free", "4194": "game:drystonefence-granite-n-free", "4234": "game:drystonefence-granite-s-free", "5122": "game:looseboulders-granite-free", "1189": "game:locustnest-stalagmite-small2", "2017": "game:glowworms-base1-short", "8383": "game:torch-basic-burnedout-east", "3023": "game:cobblestonestairs-granite-up-east-free", "1188": "game:locustnest-stalagmite-small1", "1156": "game:water-w-5", "8612": "game:meta-pathway", "6469": "game:stalagsection-granite-06", "1168": "game:water-d-6", "411": "game:drycarcass-humanoid1", "1164": "game:water-s-6", "1154": "game:water-s-5", "1144": "game:water-s-4", "1178": "game:water-d-7", "2022": "game:glowworms-end1", "2016": "game:glowworms-base1", "1152": "game:water-e-5", "635": "game:lootvessel-tool", "1432": "game:metalpartpile-large-west", "1430": "game:metalpartpile-large-east", "4214": "game:drystonefence-granite-e-free", "1428": "game:metal-scraps", "1436": "game:metalpartpile-large", "9519": "game:door-ruined-rough1", "831": "game:tapestry-east", "1424": "game:loosegears-3", "5107": "game:gravel-granite", "1429": "game:metalpartpile-large-north", "6510": "game:bunchocandles-2", "8372": "game:toolrack-north", "634": "game:lootvessel-ore", "8256": "game:painting-castleruin-east", "832": "game:tapestry-south", "9715": "game:clutteredbookshelf-agedacacia", "9716": "game:clutteredbookshelfwithlore", "1591": "game:torchholder-aged-empty-east", "8263": "game:painting-oldvillage-east"}, "ItemCodes": {"1578": "game:blade-scrap-scrap", "1743": "game:spear-scrap-scrap", "252": "game:waterportion", "1437": "game:rot", "234": "game:spiritportion-cassava", "269": "game:stackrandomizer-ore", "3669": "game:stackrandomizer-mines", "272": "game:stackrandomizer-seed", "3814": "game:stackrandomizer-backpack", "3080": "game:stackrandomizer-ruinedweapon", "275": "game:stackrandomizer-resource", "229": "game:spiritportion-mead", "1752": "game:club-scrap-scrap", "242": "game:spiritportion-cherry", "3704": "game:stackrandomizer-jonasframes", "259": "game:stackrandomizer-cloth-mediumstatus", "279": "game:stackrandomizer-gear", "3816": "game:stackrandomizer-mask", "3647": "game:stackrandomizer-jonasparts", "278": "game:stackrandomizer-painting", "208": "game:honeyportion", "277": "game:stackrandomizer-lantern", "258": "game:stackrandomizer-cloth-lowstatus", "3639": "game:stackrandomizer-clayproducts", "2396": "game:poultice-linen-horsetail", "3641": "game:stackrandomizer-newlore", "773": "game:firewood", "1753": "game:club-scrapmace-scrap", "1554": "game:axe-scrap-scrap", "274": "game:stackrandomizer-copperweapon", "271": "game:stackrandomizer-ingot", "3638": "game:stackrandomizer-buildingblocks", "273": "game:stackrandomizer-coppertool", "3637": "game:stackrandomizer-armor", "262": "game:stackrandomizer-accessory-mediumstatus"}, "Indices": [5261312, 3151873, 3162113, 3163137, 3164161, 3165185, 3166209, 3167233, 4210689, 4211713, 4212737, 4213761, 4214785, 4215809, 5253121, 5259265, 5260289, 5261313, 5262337, 5263361, 5264385, 6307841, 6308865, 6309889, 6310913, 6311937, 6312961, 7356417, 7357441, 7358465, 7359489, 7360513, 7361537, 3151874, 3152898, 3153922, 3154946, 3155970, 3156994, 3158018, 3159042, 3160066, 3161090, 3162114, 3163138, 3164162, 3165186, 3166210, 3167234, 4200450, 4201474, 4202498, 4203522, 4204546, 4205570, 4206594, 4207618, 4208642, 4209666, 4210690, 4211714, 4212738, 4213762, 4214786, 4215810, 5249026, 5250050, 5251074, 5252098, 5253122, 5254146, 5255170, 5256194, 5257218, 5258242, 5259266, 5260290, 5261314, 5262338, 5263362, 5264386, 5265410, 6297602, 6298626, 6299650, 6300674, 6301698, 6302722, 6303746, 6304770, 6305794, 6306818, 6307842, 6308866, 6309890, 6310914, 6311938, 6312962, 7346178, 7347202, 7348226, 7349250, 7350274, 7351298, 7352322, 7353346, 7354370, 7355394, 7356418, 7357442, 7358466, 7359490, 7360514, 7361538, 8395778, 3151875, 3152899, 3153923, 3154947, 3155971, 3156995, 3158019, 3159043, 3160067, 3161091, 3162115, 3163139, 3164163, 3165187, 3166211, 3167235, 4200451, 4201475, 4202499, 4203523, 4204547, 4205571, 4206595, 4207619, 4208643, 4209667, 4210691, 4211715, 4212739, 4213763, 4214787, 4215811, 5249027, 5250051, 5251075, 5252099, 5253123, 5254147, 5255171, 5256195, 5257219, 5258243, 5259267, 5260291, 5261315, 5262339, 5263363, 5264387, 6297603, 6298627, 6299651, 6300675, 6301699, 6302723, 6303747, 6304771, 6305795, 6306819, 6307843, 6308867, 6309891, 6310915, 6311939, 6312963, 7346179, 7347203, 7348227, 7349251, 7350275, 7351299, 7352323, 7353347, 7354371, 7355395, 7356419, 7357443, 7358467, 7359491, 7360515, 7361539, 2103300, 3151876, 3152900, 3153924, 3154948, 3155972, 3156996, 3158020, 3159044, 3160068, 3161092, 3162116, 3163140, 3164164, 3165188, 3166212, 3167236, 4200452, 4201476, 4202500, 4203524, 4204548, 4205572, 4206596, 4207620, 4208644, 4209668, 4210692, 4211716, 4212740, 4213764, 4214788, 4215812, 5249028, 5250052, 5251076, 5252100, 5253124, 5254148, 5255172, 5256196, 5257220, 5258244, 5259268, 5260292, 5261316, 5262340, 5263364, 5264388, 6297604, 6298628, 6299652, 6300676, 6301700, 6302724, 6303748, 6304772, 6305796, 6306820, 6307844, 6308868, 6309892, 6310916, 6311940, 6312964, 7346180, 7347204, 7348228, 7349252, 7350276, 7351300, 7352324, 7353348, 7354372, 7355396, 7356420, 7357444, 7358468, 7359492, 7360516, 7361540, 2110469, 2116613, 3151877, 3152901, 3153925, 3154949, 3155973, 3156997, 3158021, 3159045, 3160069, 3161093, 3162117, 3163141, 3164165, 3165189, 3166213, 3167237, 3168261, 3169285, 3170309, 4200453, 4201477, 4202501, 4203525, 4204549, 4205573, 4206597, 4207621, 4208645, 4209669, 4210693, 4211717, 4212741, 4213765, 4214789, 4215813, 4216837, 4217861, 4218885, 5248005, 5249029, 5250053, 5251077, 5252101, 5253125, 5254149, 5255173, 5256197, 5257221, 5258245, 5259269, 5260293, 5261317, 5262341, 5263365, 5264389, 5265413, 5266437, 5267461, 5268485, 6297605, 6298629, 6299653, 6300677, 6301701, 6302725, 6303749, 6304773, 6305797, 6306821, 6307845, 6308869, 6309893, 6310917, 6311941, 6312965, 6313989, 6315013, 6316037, 7346181, 7347205, 7348229, 7349253, 7350277, 7351301, 7352325, 7353349, 7354373, 7355397, 7356421, 7357445, 7358469, 7359493, 7360517, 7361541, 7362565, 7363589, 7364613, 3151878, 3152902, 3153926, 3154950, 3155974, 3156998, 3158022, 3159046, 3160070, 3161094, 3162118, 3163142, 3164166, 3165190, 3166214, 3167238, 3168262, 3169286, 3170310, 4200454, 4201478, 4202502, 4203526, 4204550, 4205574, 4206598, 4207622, 4208646, 4209670, 4210694, 4211718, 4212742, 4213766, 4214790, 4215814, 4216838, 4217862, 4218886, 5249030, 5250054, 5251078, 5252102, 5253126, 5254150, 5255174, 5256198, 5257222, 5258246, 5259270, 5260294, 5261318, 5262342, 5263366, 5264390, 5265414, 5266438, 5267462, 6297606, 6298630, 6299654, 6300678, 6301702, 6302726, 6303750, 6304774, 6305798, 6306822, 6307846, 6308870, 6309894, 6310918, 6311942, 6312966, 6313990, 6315014, 6316038, 7346182, 7347206, 7348230, 7349254, 7350278, 7351302, 7352326, 7353350, 7354374, 7355398, 7356422, 7357446, 7358470, 7359494, 7360518, 7361542, 7362566, 7363590, 7364614, 8398854, 8402950, 8403974, 8404998, 8406022, 8407046, 8408070, 9452550, 9453574, 9454598, 9455622, 10504198, 3151879, 3152903, 3153927, 3154951, 3155975, 3156999, 3158023, 3159047, 3160071, 3161095, 3162119, 3163143, 3164167, 3165191, 3166215, 3167239, 3168263, 3169287, 3170311, 4200455, 4201479, 4202503, 4203527, 4204551, 4205575, 4206599, 4207623, 4208647, 4209671, 4210695, 4211719, 4212743, 4213767, 4214791, 4215815, 4216839, 4217863, 4218887, 5248007, 5249031, 5250055, 5251079, 5252103, 5253127, 5254151, 5255175, 5256199, 5257223, 5258247, 5259271, 5260295, 5261319, 5262343, 5263367, 5264391, 5265415, 5266439, 5267463, 6297607, 6298631, 6299655, 6300679, 6301703, 6302727, 6303751, 6304775, 6305799, 6306823, 6307847, 6308871, 6309895, 6310919, 6311943, 6312967, 6313991, 6315015, 6316039, 7346183, 7347207, 7348231, 7349255, 7350279, 7351303, 7352327, 7353351, 7354375, 7355399, 7356423, 7357447, 7358471, 7359495, 7360519, 7361543, 7362567, 7363591, 7364615, 8400903, 8401927, 8402951, 8403975, 8404999, 8406023, 8407047, 8408071, 8409095, 8410119, 9448455, 9449479, 9450503, 9451527, 9452551, 9453575, 9454599, 9455623, 9456647, 10500103, 10501127, 10502151, 10503175, 10504199, 3151880, 3152904, 3153928, 3154952, 3155976, 3157000, 3158024, 3159048, 3160072, 3161096, 3162120, 3163144, 3164168, 3165192, 3166216, 3167240, 3168264, 3169288, 3170312, 4200456, 4201480, 4202504, 4203528, 4204552, 4205576, 4206600, 4207624, 4208648, 4209672, 4210696, 4211720, 4212744, 4213768, 4214792, 4215816, 4216840, 4217864, 4218888, 5249032, 5250056, 5251080, 5252104, 5253128, 5254152, 5255176, 5256200, 5257224, 5258248, 5259272, 5260296, 5261320, 5262344, 5263368, 5264392, 5265416, 5266440, 5267464, 6297608, 6298632, 6299656, 6300680, 6301704, 6302728, 6303752, 6304776, 6305800, 6306824, 6307848, 6308872, 6309896, 6310920, 6311944, 6312968, 6313992, 6315016, 6316040, 7346184, 7347208, 7348232, 7349256, 7350280, 7351304, 7352328, 7353352, 7354376, 7355400, 7356424, 7357448, 7358472, 7359496, 7360520, 7361544, 7362568, 7363592, 7364616, 8397832, 8398856, 8399880, 8400904, 8401928, 8402952, 8403976, 8405000, 8406024, 8407048, 8408072, 8409096, 9446408, 9447432, 9448456, 9449480, 9450504, 9451528, 9452552, 9453576, 9454600, 9455624, 9456648, 10498056, 10499080, 10500104, 10501128, 10502152, 10503176, 10504200, 3151881, 3152905, 3153929, 3154953, 3155977, 3157001, 3158025, 3159049, 3160073, 3161097, 3162121, 3163145, 3164169, 3165193, 3166217, 3167241, 3168265, 3169289, 3170313, 3173385, 4200457, 4201481, 4202505, 4203529, 4204553, 4205577, 4206601, 4207625, 4208649, 4209673, 4210697, 4211721, 4212745, 4213769, 4214793, 4215817, 4216841, 4217865, 4218889, 4221961, 5249033, 5250057, 5251081, 5252105, 5253129, 5254153, 5255177, 5256201, 5257225, 5258249, 5259273, 5260297, 5261321, 5262345, 5263369, 5264393, 5265417, 5266441, 5267465, 6297609, 6298633, 6299657, 6300681, 6301705, 6302729, 6303753, 6304777, 6305801, 6306825, 6307849, 6308873, 6309897, 6310921, 6311945, 6312969, 6313993, 6315017, 6316041, 6319113, 7346185, 7347209, 7348233, 7349257, 7350281, 7351305, 7352329, 7353353, 7354377, 7355401, 7356425, 7357449, 7358473, 7359497, 7360521, 7361545, 7362569, 7363593, 7364617, 8395785, 8396809, 8397833, 8398857, 8399881, 8400905, 8401929, 8402953, 8403977, 8405001, 8406025, 8407049, 8408073, 8409097, 9444361, 9445385, 9446409, 9447433, 9448457, 9449481, 9450505, 9451529, 9452553, 9453577, 9454601, 9455625, 9456649, 9457673, 10496009, 10497033, 10498057, 10499081, 10500105, 10501129, 10502153, 10503177, 10504201, 10505225, 2105354, 2108426, 2109450, 2110474, 2111498, 2112522, 2113546, 2114570, 2115594, 2116618, 2117642, 3150858, 3151882, 3152906, 3153930, 3154954, 3155978, 3157002, 3158026, 3159050, 3160074, 3161098, 3162122, 3163146, 3164170, 3165194, 3166218, 3167242, 3168266, 3169290, 3170314, 3171338, 3172362, 3173386, 4199434, 4200458, 4201482, 4202506, 4203530, 4204554, 4205578, 4206602, 4207626, 4208650, 4209674, 4210698, 4211722, 4212746, 4213770, 4214794, 4215818, 4216842, 4217866, 4218890, 4219914, 4220938, 4221962, 4222986, 4224010, 5246986, 5248010, 5249034, 5250058, 5251082, 5252106, 5253130, 5254154, 5255178, 5256202, 5257226, 5258250, 5259274, 5260298, 5261322, 5262346, 5263370, 5264394, 5265418, 5266442, 5267466, 5268490, 5269514, 5270538, 6295562, 6296586, 6297610, 6298634, 6299658, 6300682, 6301706, 6302730, 6303754, 6304778, 6305802, 6306826, 6307850, 6308874, 6309898, 6310922, 6311946, 6312970, 6313994, 6315018, 6316042, 6317066, 6318090, 6319114, 7345162, 7346186, 7347210, 7348234, 7349258, 7350282, 7351306, 7352330, 7353354, 7354378, 7355402, 7356426, 7357450, 7358474, 7359498, 7360522, 7361546, 7362570, 7363594, 7364618, 7365642, 7366666, 7367690, 8393738, 8394762, 8395786, 8396810, 8397834, 8398858, 8399882, 8400906, 8401930, 8402954, 8403978, 8405002, 8406026, 8407050, 8408074, 8409098, 8410122, 8411146, 8416266, 9442314, 9443338, 9444362, 9445386, 9446410, 9447434, 9448458, 9449482, 9450506, 9451530, 9452554, 9453578, 9454602, 9455626, 9456650, 9457674, 9458698, 9459722, 10492938, 10493962, 10494986, 10496010, 10497034, 10498058, 10499082, 10500106, 10501130, 10502154, 10503178, 10504202, 10505226, 11546634, 11547658, 11548682, 11550730, 11551754, 1081355, 2102283, 2103307, 2104331, 2105355, 2106379, 2107403, 2108427, 2109451, 2110475, 2111499, 2112523, 2113547, 2114571, 2115595, 2116619, 2117643, 2118667, 2119691, 2120715, 2121739, 2122763, 2123787, 2124811, 2125835, 2126859, 2127883, 2128907, 2129931, 3148811, 3149835, 3150859, 3151883, 3152907, 3153931, 3154955, 3155979, 3157003, 3158027, 3159051, 3160075, 3161099, 3162123, 3163147, 3164171, 3165195, 3166219, 3167243, 3168267, 3169291, 3170315, 3171339, 3172363, 3173387, 3174411, 3175435, 3176459, 3177483, 3178507, 4197387, 4198411, 4199435, 4200459, 4201483, 4202507, 4203531, 4204555, 4205579, 4206603, 4207627, 4208651, 4209675, 4210699, 4211723, 4212747, 4213771, 4214795, 4215819, 4216843, 4217867, 4218891, 4219915, 4220939, 4221963, 4222987, 4224011, 4225035, 4226059, 4227083, 5246987, 5248011, 5249035, 5250059, 5251083, 5252107, 5253131, 5254155, 5255179, 5256203, 5257227, 5258251, 5259275, 5260299, 5261323, 5262347, 5263371, 5264395, 5265419, 5266443, 5267467, 5268491, 5269515, 5270539, 5271563, 5272587, 5273611, 5274635, 5275659, 6295563, 6296587, 6297611, 6298635, 6299659, 6300683, 6301707, 6302731, 6303755, 6304779, 6305803, 6306827, 6307851, 6308875, 6309899, 6310923, 6311947, 6312971, 6313995, 6315019, 6316043, 6317067, 6318091, 6319115, 6320139, 6321163, 7344139, 7345163, 7346187, 7347211, 7348235, 7349259, 7350283, 7351307, 7352331, 7353355, 7354379, 7355403, 7356427, 7357451, 7358475, 7359499, 7360523, 7361547, 7362571, 7363595, 7364619, 7365643, 7366667, 7367691, 7368715, 8392715, 8393739, 8394763, 8395787, 8396811, 8397835, 8398859, 8399883, 8400907, 8401931, 8402955, 8403979, 8405003, 8406027, 8407051, 8408075, 8409099, 8410123, 8411147, 8412171, 8413195, 8414219, 8415243, 8416267, 9441291, 9442315, 9443339, 9444363, 9445387, 9446411, 9447435, 9448459, 9449483, 9450507, 9451531, 9452555, 9453579, 9454603, 9455627, 9456651, 9457675, 9458699, 9459723, 10490891, 10491915, 10492939, 10493963, 10494987, 10496011, 10497035, 10498059, 10499083, 10500107, 10501131, 10502155, 10503179, 10504203, 10505227, 10506251, 10507275, 11543563, 11544587, 11545611, 11546635, 11547659, 11548683, 11549707, 11550731, 11551755, 11552779, 1075212, 1080332, 2101260, 2102284, 2103308, 2104332, 2105356, 2106380, 2107404, 2108428, 2109452, 2110476, 2111500, 2112524, 2113548, 2114572, 2115596, 2116620, 2117644, 2118668, 2119692, 2120716, 2121740, 2122764, 2123788, 2124812, 2125836, 2126860, 2127884, 2128908, 3148812, 3149836, 3150860, 3151884, 3152908, 3153932, 3154956, 3155980, 3157004, 3158028, 3159052, 3160076, 3161100, 3162124, 3163148, 3164172, 3165196, 3166220, 3167244, 3168268, 3169292, 3170316, 3171340, 3172364, 3173388, 3174412, 3175436, 3176460, 3177484, 3178508, 4197388, 4198412, 4199436, 4200460, 4201484, 4202508, 4203532, 4204556, 4205580, 4206604, 4207628, 4208652, 4209676, 4210700, 4211724, 4212748, 4213772, 4214796, 4215820, 4216844, 4217868, 4218892, 4219916, 4220940, 4221964, 4222988, 4224012, 4225036, 4226060, 4227084, 5243916, 5244940, 5245964, 5246988, 5248012, 5249036, 5250060, 5251084, 5252108, 5253132, 5254156, 5255180, 5256204, 5257228, 5258252, 5259276, 5260300, 5261324, 5262348, 5263372, 5264396, 5265420, 5266444, 5267468, 5268492, 5269516, 5270540, 5271564, 5272588, 5273612, 5274636, 5275660, 6292492, 6293516, 6294540, 6295564, 6296588, 6297612, 6298636, 6299660, 6300684, 6301708, 6302732, 6303756, 6304780, 6305804, 6306828, 6307852, 6308876, 6309900, 6310924, 6311948, 6312972, 6313996, 6315020, 6316044, 6317068, 6318092, 6319116, 6320140, 6321164, 7343116, 7344140, 7345164, 7346188, 7347212, 7348236, 7349260, 7350284, 7351308, 7352332, 7353356, 7354380, 7355404, 7356428, 7357452, 7358476, 7359500, 7360524, 7361548, 7362572, 7363596, 7364620, 7365644, 7366668, 7367692, 7368716, 8391692, 8392716, 8393740, 8394764, 8395788, 8396812, 8397836, 8398860, 8399884, 8400908, 8401932, 8402956, 8403980, 8405004, 8406028, 8407052, 8408076, 8409100, 8410124, 8411148, 8412172, 8413196, 8414220, 8415244, 8416268, 9440268, 9441292, 9442316, 9443340, 9444364, 9445388, 9446412, 9447436, 9448460, 9449484, 9450508, 9451532, 9452556, 9453580, 9454604, 9455628, 9456652, 9457676, 9458700, 9459724, 9460748, 10489868, 10490892, 10491916, 10492940, 10493964, 10494988, 10496012, 10497036, 10498060, 10499084, 10500108, 10501132, 10502156, 10503180, 10504204, 10505228, 10506252, 10507276, 11541516, 11542540, 11543564, 11544588, 11545612, 11546636, 11547660, 11548684, 11549708, 11550732, 11551756, 11552780, 11553804, 1064973, 1079309, 2101261, 2102285, 2103309, 2104333, 2105357, 2106381, 2107405, 2108429, 2109453, 2110477, 2111501, 2112525, 2113549, 2114573, 2115597, 2116621, 2117645, 2118669, 2119693, 2120717, 2121741, 2122765, 2123789, 2124813, 2125837, 2126861, 2127885, 2128909, 3148813, 3149837, 3150861, 3151885, 3152909, 3153933, 3154957, 3155981, 3157005, 3158029, 3159053, 3160077, 3161101, 3162125, 3163149, 3164173, 3165197, 3166221, 3167245, 3168269, 3169293, 3170317, 3171341, 3172365, 3173389, 3174413, 3175437, 3176461, 3177485, 3178509, 4196365, 4197389, 4198413, 4199437, 4200461, 4201485, 4202509, 4203533, 4204557, 4205581, 4206605, 4207629, 4208653, 4209677, 4210701, 4211725, 4212749, 4213773, 4214797, 4215821, 4216845, 4217869, 4218893, 4219917, 4220941, 4221965, 4222989, 4224013, 4225037, 4226061, 4227085, 5242893, 5243917, 5244941, 5245965, 5246989, 5248013, 5249037, 5250061, 5251085, 5252109, 5253133, 5254157, 5255181, 5256205, 5257229, 5258253, 5259277, 5260301, 5261325, 5262349, 5263373, 5264397, 5265421, 5266445, 5267469, 5268493, 5269517, 5270541, 5271565, 5273613, 5274637, 5275661, 6292493, 6293517, 6294541, 6295565, 6296589, 6297613, 6298637, 6299661, 6300685, 6301709, 6302733, 6303757, 6304781, 6305805, 6306829, 6307853, 6308877, 6309901, 6310925, 6311949, 6312973, 6313997, 6315021, 6316045, 6317069, 6318093, 6319117, 6320141, 7342093, 7343117, 7344141, 7345165, 7346189, 7347213, 7348237, 7349261, 7350285, 7351309, 7352333, 7353357, 7354381, 7355405, 7356429, 7357453, 7358477, 7359501, 7360525, 7361549, 7362573, 7363597, 7364621, 7365645, 7366669, 7367693, 8389645, 8390669, 8391693, 8392717, 8393741, 8394765, 8395789, 8396813, 8397837, 8398861, 8399885, 8400909, 8401933, 8402957, 8403981, 8405005, 8406029, 8407053, 8408077, 8409101, 8410125, 8411149, 8412173, 8413197, 8414221, 8415245, 8416269, 9439245, 9440269, 9441293, 9442317, 9443341, 9444365, 9445389, 9446413, 9447437, 9448461, 9449485, 9450509, 9451533, 9452557, 9453581, 9454605, 9455629, 9456653, 9457677, 9458701, 9459725, 9463821, 10488845, 10489869, 10490893, 10491917, 10492941, 10493965, 10494989, 10496013, 10497037, 10498061, 10499085, 10500109, 10501133, 10502157, 10503181, 10504205, 10505229, 10506253, 10507277, 11541517, 11542541, 11543565, 11544589, 11545613, 11546637, 11547661, 11548685, 11549709, 11550733, 11551757, 11552781, 11553805, 12591117, 12601357, 2100238, 2101262, 2102286, 2103310, 2104334, 2110478, 2111502, 2112526, 2113550, 2114574, 2115598, 2116622, 2117646, 2118670, 2119694, 2120718, 2121742, 2122766, 3147790, 3148814, 3149838, 3150862, 3151886, 3152910, 3153934, 3154958, 3155982, 3157006, 3158030, 3159054, 3160078, 3161102, 3162126, 3163150, 3164174, 3165198, 3166222, 3167246, 3168270, 3169294, 3170318, 3171342, 3172366, 3173390, 3174414, 3175438, 4196366, 4197390, 4198414, 4199438, 4200462, 4201486, 4202510, 4203534, 4204558, 4205582, 4206606, 4207630, 4208654, 4209678, 4210702, 4211726, 4212750, 4213774, 4214798, 4215822, 4216846, 4217870, 4218894, 4219918, 4220942, 4221966, 4222990, 5243918, 5244942, 5245966, 5246990, 5248014, 5249038, 5250062, 5251086, 5252110, 5253134, 5254158, 5255182, 5256206, 5257230, 5258254, 5259278, 5260302, 5261326, 5262350, 5263374, 5264398, 5265422, 5266446, 5267470, 5268494, 5269518, 5270542, 5271566, 6292494, 6293518, 6294542, 6295566, 6296590, 6297614, 6298638, 6299662, 6300686, 6301710, 6302734, 6303758, 6304782, 6305806, 6306830, 6307854, 6308878, 6309902, 6310926, 6311950, 6312974, 6313998, 6315022, 6316046, 6317070, 6318094, 6319118, 7342094, 7343118, 7344142, 7345166, 7346190, 7347214, 7348238, 7349262, 7350286, 7351310, 7352334, 7353358, 7354382, 7355406, 7356430, 7357454, 7358478, 7359502, 7360526, 7361550, 7362574, 7363598, 7364622, 7365646, 7366670, 7367694, 8390670, 8391694, 8392718, 8393742, 8394766, 8395790, 8396814, 8397838, 8398862, 8399886, 8400910, 8401934, 8402958, 8403982, 8405006, 8406030, 8407054, 8408078, 8409102, 8410126, 8411150, 8412174, 8416270, 9439246, 9440270, 9441294, 9442318, 9443342, 9444366, 9445390, 9446414, 9447438, 9448462, 9449486, 9450510, 9451534, 9452558, 9453582, 9454606, 9455630, 9456654, 9457678, 9458702, 9459726, 10488846, 10489870, 10490894, 10491918, 10492942, 10493966, 10494990, 10496014, 10497038, 10498062, 10499086, 10500110, 10501134, 10502158, 10503182, 10504206, 10505230, 10506254, 10507278, 11541518, 11542542, 11543566, 11544590, 11545614, 11546638, 11547662, 11548686, 11549710, 11550734, 11551758, 11552782, 11553806, 2100239, 2101263, 2102287, 2103311, 2104335, 3147791, 3148815, 3149839, 3150863, 3151887, 3152911, 3153935, 3154959, 3155983, 3157007, 3158031, 3159055, 3160079, 3161103, 3162127, 3163151, 3164175, 3165199, 3166223, 3167247, 3168271, 3170319, 3171343, 3172367, 3174415, 4196367, 4197391, 4198415, 4199439, 4200463, 4201487, 4202511, 4203535, 4204559, 4205583, 4206607, 4207631, 4208655, 4209679, 4210703, 4211727, 4212751, 4213775, 4214799, 4215823, 4216847, 4217871, 4218895, 4219919, 4220943, 4221967, 5244943, 5245967, 5246991, 5248015, 5249039, 5250063, 5251087, 5252111, 5253135, 5254159, 5255183, 5256207, 5257231, 5258255, 5259279, 5260303, 5261327, 5262351, 5263375, 5264399, 5265423, 5266447, 5267471, 5268495, 5269519, 5270543, 5271567, 6293519, 6294543, 6295567, 6296591, 6297615, 6298639, 6299663, 6300687, 6301711, 6302735, 6303759, 6304783, 6305807, 6306831, 6307855, 6308879, 6309903, 6310927, 6311951, 6312975, 6313999, 6315023, 6316047, 6317071, 6318095, 6319119, 7342095, 7343119, 7344143, 7345167, 7346191, 7347215, 7348239, 7349263, 7350287, 7351311, 7352335, 7353359, 7354383, 7355407, 7356431, 7357455, 7358479, 7359503, 7360527, 7361551, 7362575, 7363599, 7364623, 7365647, 7366671, 7367695, 8390671, 8391695, 8392719, 8393743, 8394767, 8395791, 8396815, 8397839, 8398863, 8399887, 8400911, 8401935, 8402959, 8403983, 8405007, 8406031, 8407055, 8408079, 8409103, 8410127, 8411151, 8412175, 9439247, 9440271, 9441295, 9442319, 9443343, 9444367, 9445391, 9446415, 9447439, 9448463, 9449487, 9450511, 9451535, 9452559, 9453583, 9454607, 9455631, 9456655, 9457679, 9458703, 9459727, 10488847, 10489871, 10490895, 10491919, 10492943, 10493967, 10494991, 10496015, 10497039, 10498063, 10499087, 10500111, 10501135, 10502159, 10503183, 10504207, 10505231, 10506255, 10507279, 11543567, 11544591, 11545615, 11546639, 11547663, 11548687, 11549711, 11550735, 20496, 21520, 22544, 23568, 1052688, 1069072, 1070096, 1071120, 1072144, 2100240, 2101264, 2102288, 2103312, 2104336, 2117648, 2118672, 2119696, 2120720, 3147792, 3148816, 3149840, 3150864, 3151888, 3152912, 3153936, 3154960, 3155984, 3157008, 3158032, 3159056, 3160080, 3161104, 3162128, 3163152, 3164176, 3165200, 3166224, 3167248, 3168272, 3170320, 3171344, 3172368, 4196368, 4197392, 4198416, 4199440, 4200464, 4201488, 4202512, 4203536, 4204560, 4205584, 4206608, 4207632, 4208656, 4209680, 4210704, 4211728, 4212752, 4213776, 4214800, 4215824, 4216848, 4217872, 4218896, 4219920, 4220944, 4221968, 4222992, 4224016, 5244944, 5245968, 5246992, 5248016, 5249040, 5250064, 5251088, 5252112, 5253136, 5254160, 5255184, 5256208, 5257232, 5258256, 5259280, 5260304, 5261328, 5262352, 5263376, 5264400, 5265424, 5266448, 5267472, 5268496, 5269520, 5270544, 5271568, 5272592, 6293520, 6294544, 6295568, 6296592, 6297616, 6298640, 6299664, 6300688, 6301712, 6302736, 6303760, 6304784, 6305808, 6306832, 6307856, 6308880, 6309904, 6310928, 6311952, 6312976, 6314000, 6315024, 6316048, 6317072, 6318096, 6319120, 6320144, 6321168, 7342096, 7343120, 7344144, 7345168, 7346192, 7347216, 7348240, 7349264, 7350288, 7351312, 7352336, 7353360, 7354384, 7355408, 7356432, 7357456, 7358480, 7359504, 7360528, 7361552, 7362576, 7363600, 7364624, 7365648, 7366672, 7367696, 7368720, 8390672, 8391696, 8392720, 8393744, 8394768, 8395792, 8396816, 8397840, 8398864, 8399888, 8400912, 8401936, 8402960, 8403984, 8405008, 8406032, 8407056, 8408080, 8409104, 8410128, 8411152, 8412176, 9439248, 9440272, 9441296, 9442320, 9443344, 9444368, 9445392, 9446416, 9447440, 9448464, 9449488, 9450512, 9451536, 9452560, 9453584, 9454608, 9455632, 9456656, 9457680, 9458704, 9459728, 10489872, 10490896, 10491920, 10493968, 10494992, 10496016, 10497040, 10498064, 10499088, 10500112, 10501136, 10502160, 10503184, 10504208, 10505232, 10506256, 10507280, 20497, 21521, 22545, 23569, 1069073, 1070097, 1071121, 1072145, 2100241, 2101265, 2102289, 2103313, 2104337, 2117649, 2118673, 2119697, 2120721, 2121745, 3147793, 3148817, 3149841, 3150865, 3151889, 3152913, 3153937, 3154961, 3155985, 3157009, 3158033, 3159057, 3160081, 3161105, 3162129, 3163153, 3164177, 3165201, 3166225, 3167249, 3168273, 3169297, 3170321, 3171345, 3172369, 3173393, 3174417, 4196369, 4197393, 4198417, 4199441, 4200465, 4201489, 4202513, 4203537, 4204561, 4205585, 4206609, 4207633, 4208657, 4209681, 4210705, 4211729, 4212753, 4213777, 4214801, 4215825, 4216849, 4217873, 4218897, 4219921, 4220945, 4221969, 4222993, 4224017, 5244945, 5245969, 5246993, 5248017, 5249041, 5250065, 5251089, 5252113, 5253137, 5254161, 5255185, 5256209, 5257233, 5258257, 5259281, 5260305, 5261329, 5262353, 5263377, 5264401, 5265425, 5266449, 5267473, 5268497, 5269521, 5270545, 5271569, 5272593, 6293521, 6294545, 6295569, 6296593, 6297617, 6298641, 6299665, 6300689, 6301713, 6302737, 6303761, 6304785, 6305809, 6306833, 6307857, 6308881, 6309905, 6310929, 6311953, 6312977, 6314001, 6315025, 6316049, 6317073, 6318097, 6319121, 6320145, 6321169, 6322193, 7342097, 7343121, 7344145, 7345169, 7346193, 7347217, 7348241, 7349265, 7350289, 7351313, 7352337, 7353361, 7354385, 7355409, 7356433, 7357457, 7358481, 7359505, 7360529, 7361553, 7362577, 7363601, 7364625, 7365649, 7366673, 7367697, 7368721, 8391697, 8392721, 8393745, 8394769, 8395793, 8396817, 8397841, 8398865, 8399889, 8400913, 8401937, 8402961, 8403985, 8405009, 8406033, 8407057, 8408081, 8409105, 8410129, 8411153, 9440273, 9441297, 9442321, 9443345, 9444369, 9445393, 9446417, 9447441, 9448465, 9449489, 9450513, 9451537, 9452561, 9453585, 9454609, 9455633, 9456657, 9457681, 9458705, 10492945, 10493969, 10494993, 10496017, 10497041, 10498065, 10501137, 10503185, 20498, 21522, 22546, 23570, 1069074, 1070098, 1071122, 1072146, 2100242, 2101266, 2102290, 2103314, 2104338, 2112530, 2117650, 2118674, 2119698, 2120722, 3148818, 3149842, 3150866, 3151890, 3152914, 3153938, 3154962, 3155986, 3157010, 3158034, 3159058, 3160082, 3161106, 3162130, 3163154, 3164178, 3165202, 3166226, 3167250, 3168274, 3169298, 3170322, 3171346, 3172370, 3173394, 3174418, 4197394, 4198418, 4199442, 4200466, 4201490, 4202514, 4203538, 4204562, 4205586, 4206610, 4207634, 4208658, 4209682, 4210706, 4211730, 4212754, 4213778, 4214802, 4215826, 4216850, 4217874, 4218898, 4219922, 4220946, 4221970, 4222994, 4224018, 5245970, 5246994, 5248018, 5249042, 5250066, 5251090, 5252114, 5253138, 5254162, 5255186, 5256210, 5257234, 5258258, 5259282, 5260306, 5261330, 5262354, 5263378, 5264402, 5265426, 5266450, 5267474, 5268498, 5269522, 5270546, 5271570, 5272594, 6294546, 6295570, 6296594, 6297618, 6298642, 6299666, 6300690, 6301714, 6302738, 6303762, 6304786, 6305810, 6306834, 6307858, 6308882, 6309906, 6310930, 6311954, 6312978, 6314002, 6315026, 6316050, 6317074, 6318098, 6319122, 6320146, 6321170, 7343122, 7344146, 7345170, 7346194, 7347218, 7348242, 7349266, 7350290, 7351314, 7352338, 7353362, 7354386, 7355410, 7356434, 7357458, 7358482, 7359506, 7360530, 7361554, 7362578, 7363602, 7364626, 7365650, 7366674, 7367698, 7368722, 8391698, 8392722, 8393746, 8394770, 8395794, 8396818, 8397842, 8398866, 8399890, 8400914, 8401938, 8406034, 8409106, 8410130, 8411154, 8413202, 9445394, 9446418, 9447442, 9448466, 9449490, 9450514, 20499, 21523, 22547, 23571, 1068051, 1069075, 1070099, 1071123, 1072147, 2101267, 2102291, 2103315, 2104339, 2109459, 2117651, 2118675, 2119699, 2120723, 3148819, 3149843, 3150867, 3151891, 3152915, 3153939, 3154963, 3155987, 3157011, 3158035, 3159059, 3160083, 3161107, 3162131, 3163155, 3164179, 3165203, 3166227, 3167251, 3168275, 3169299, 4197395, 4198419, 4199443, 4200467, 4201491, 4202515, 4203539, 4204563, 4205587, 4206611, 4207635, 4208659, 4209683, 4210707, 4211731, 4212755, 4213779, 4214803, 4215827, 4216851, 4217875, 4218899, 4219923, 4220947, 4221971, 4222995, 4224019, 5245971, 5246995, 5248019, 5249043, 5250067, 5251091, 5252115, 5253139, 5254163, 5255187, 5256211, 5257235, 5258259, 5259283, 5260307, 5261331, 5262355, 5263379, 5264403, 5265427, 5266451, 5267475, 5268499, 5269523, 5270547, 5271571, 5272595, 6294547, 6295571, 6296595, 6297619, 6298643, 6299667, 6300691, 6301715, 6302739, 6303763, 6304787, 6305811, 6306835, 6307859, 6308883, 6309907, 6310931, 6311955, 6312979, 6314003, 6315027, 6316051, 6317075, 6318099, 6319123, 6320147, 6321171, 7348243, 7349267, 7350291, 7351315, 7352339, 7353363, 7354387, 7355411, 7356435, 7357459, 7358483, 7359507, 7360531, 7361555, 7362579, 7363603, 7364627, 7365651, 7366675, 7367699, 7368723, 8409107, 8410131, 8411155, 9446419, 20500, 21524, 22548, 23572, 1069076, 1070100, 1071124, 1072148, 2101268, 2102292, 2103316, 2104340, 2114580, 2117652, 2118676, 2119700, 2120724, 3148820, 3149844, 3150868, 3151892, 3152916, 3153940, 3154964, 3155988, 3157012, 3158036, 3159060, 3160084, 3161108, 3162132, 3163156, 3164180, 3165204, 3166228, 3167252, 3168276, 4197396, 4198420, 4199444, 4200468, 4201492, 4202516, 4203540, 4204564, 4205588, 4206612, 4207636, 4208660, 4209684, 4210708, 4211732, 4212756, 4213780, 4214804, 4215828, 4216852, 4220948, 5244948, 5245972, 5246996, 5248020, 5249044, 5250068, 5251092, 5252116, 5253140, 5254164, 5255188, 5256212, 5257236, 5258260, 5259284, 5260308, 5261332, 5262356, 5263380, 5264404, 5265428, 5271572, 6294548, 6295572, 6296596, 6297620, 6298644, 6299668, 6300692, 6301716, 6302740, 6303764, 6304788, 6305812, 6306836, 6307860, 6308884, 6309908, 6310932, 6311956, 6312980, 6314004, 6317076, 7347220, 7348244, 7349268, 7350292, 7351316, 7352340, 7353364, 7354388, 7355412, 7356436, 7357460, 7358484, 7359508, 7360532, 7361556, 7362580, 20501, 21525, 22549, 23573, 1068053, 1069077, 1070101, 1071125, 1072149, 2101269, 2102293, 2103317, 2104341, 2117653, 2118677, 2119701, 2120725, 3148821, 3149845, 3150869, 3151893, 3152917, 3153941, 3154965, 3155989, 3157013, 3158037, 3159061, 3160085, 3161109, 3162133, 3163157, 3164181, 3165205, 3166229, 3167253, 3168277, 4197397, 4198421, 4199445, 4200469, 4201493, 4202517, 4203541, 4204565, 4205589, 4206613, 4207637, 4208661, 4209685, 4210709, 4211733, 4212757, 4213781, 4214805, 4215829, 4216853, 5245973, 5246997, 5248021, 5249045, 5250069, 5251093, 5252117, 5253141, 5254165, 5255189, 5256213, 5257237, 5258261, 5259285, 5260309, 5261333, 5262357, 5263381, 5264405, 5265429, 6294549, 6295573, 6296597, 6297621, 6298645, 6299669, 6300693, 6301717, 6302741, 6303765, 6304789, 6305813, 6306837, 6307861, 6308885, 6309909, 6310933, 6311957, 6312981, 6314005, 7348245, 7349269, 7350293, 7351317, 7352341, 7353365, 7354389, 7355413, 7356437, 7357461, 7358485, 7359509, 7360533, 7361557, 7362581, 2101270, 2102294, 2103318, 2104342, 2120726, 3148822, 3149846, 3150870, 3151894, 3152918, 3153942, 3154966, 3155990, 3157014, 3158038, 3159062, 3160086, 3161110, 3162134, 3163158, 3164182, 3165206, 3166230, 3167254, 3168278, 4197398, 4198422, 4199446, 4200470, 4201494, 4202518, 4203542, 4204566, 4205590, 4206614, 4207638, 4208662, 4209686, 4210710, 4211734, 4212758, 4213782, 4214806, 4215830, 4216854, 5245974, 5246998, 5248022, 5249046, 5250070, 5251094, 5252118, 5253142, 5254166, 5255190, 5256214, 5257238, 5258262, 5259286, 5260310, 5261334, 5262358, 5263382, 5264406, 5265430, 6294550, 6295574, 6296598, 6297622, 6298646, 6299670, 6300694, 6301718, 6302742, 6303766, 6304790, 6305814, 6306838, 6307862, 6308886, 6309910, 6310934, 6311958, 6312982, 6314006, 7343126, 7348246, 7349270, 7350294, 7351318, 7352342, 7353366, 7354390, 7355414, 7356438, 7357462, 7358486, 7359510, 7360534, 7361558, 7362582, 3148823, 3149847, 3150871, 3151895, 3152919, 3153943, 3160087, 3161111, 3162135, 3163159, 3164183, 3165207, 3166231, 3167255, 3168279, 4197399, 4198423, 4199447, 4200471, 4201495, 4202519, 4208663, 4209687, 4210711, 4211735, 4212759, 4213783, 4214807, 4215831, 4216855, 5245975, 5246999, 5248023, 5249047, 5250071, 5251095, 5253143, 5257239, 5258263, 5259287, 5260311, 5261335, 5262359, 5263383, 5264407, 5265431, 6294551, 6295575, 6296599, 6297623, 6298647, 6299671, 6305815, 6306839, 6307863, 6308887, 6309911, 6310935, 6311959, 6312983, 6314007, 7354391, 7355415, 7356439, 7357463, 7358487, 7359511, 7360535, 7361559, 7362583, 5248024, 5261336, 5264408], "BlockIds": [8613, 8613, 2966, 9493, 2966, 9472, 9493, 9472, 9471, 2966, 2966, 9493, 2966, 9493, 8613, 2966, 9493, 2966, 9472, 9471, 9493, 9493, 9493, 2966, 9493, 9471, 2966, 9471, 2966, 9471, 9472, 9493, 9472, 9471, 9472, 9493, 2966, 9493, 9471, 2966, 2966, 9472, 2966, 9471, 9493, 9472, 9472, 9472, 9472, 2966, 9493, 2966, 9472, 9493, 9493, 2966, 9472, 2966, 9472, 9493, 8060, 8057, 8610, 8606, 2966, 9472, 9472, 9493, 9471, 9472, 9493, 9471, 2966, 2966, 9493, 9471, 8611, 8611, 8611, 2833, 9471, 8613, 9472, 2966, 9472, 9493, 2966, 9493, 9471, 9472, 9471, 9493, 2966, 8611, 8611, 8611, 637, 9472, 9493, 9493, 9493, 2966, 9493, 2966, 9472, 2966, 9472, 2966, 9493, 9471, 9472, 9493, 9493, 9493, 8613, 9493, 9471, 9472, 2966, 2966, 9493, 2966, 9472, 9472, 9472, 9493, 9472, 9472, 9472, 9472, 2966, 9471, 8054, 8054, 8054, 2757, 6169, 8082, 2795, 8109, 8054, 2966, 8611, 8611, 8611, 8606, 9493, 9472, 2833, 2833, 2833, 2757, 8375, 8375, 2795, 2833, 2833, 9493, 8611, 8611, 8611, 2833, 2966, 9471, 632, 632, 632, 2757, 8611, 8611, 2795, 633, 8054, 9472, 8611, 8611, 8611, 1431, 9471, 9493, 2966, 2966, 2966, 9493, 2966, 9493, 2966, 9472, 9493, 9472, 9493, 9471, 2966, 2966, 2966, 8613, 9471, 9493, 9493, 9472, 2966, 2966, 9493, 9472, 2966, 2966, 9472, 9471, 9471, 9471, 9471, 9472, 9472, 8606, 8611, 8611, 8611, 8611, 8611, 8611, 8611, 8611, 9471, 8611, 8606, 8606, 8606, 2966, 9472, 8611, 8611, 8611, 8611, 8611, 8611, 8611, 8611, 8611, 3080, 8611, 8611, 8611, 2833, 9472, 2966, 8611, 8611, 8611, 8611, 8611, 8611, 8611, 8611, 8611, 9472, 8611, 8611, 8611, 8109, 9472, 9471, 9493, 9471, 9471, 9493, 9493, 2966, 9471, 9472, 9493, 2966, 9472, 9471, 9472, 2966, 9472, 8613, 8613, 9493, 9472, 2966, 9493, 9493, 9493, 9493, 9493, 2966, 9493, 9471, 9471, 2966, 2966, 9493, 2966, 9493, 9493, 9493, 9472, 8611, 1422, 8611, 8611, 8611, 8611, 8611, 8611, 1431, 2966, 9522, 9493, 3099, 9472, 2966, 9493, 9472, 9471, 8613, 9493, 8611, 8611, 8611, 8611, 8389, 8611, 8611, 8611, 8611, 9493, 136, 9493, 896, 2966, 9493, 9493, 2966, 9471, 8613, 9493, 8611, 8611, 8611, 8611, 8611, 8611, 8611, 8611, 8611, 9471, 3118, 9471, 3118, 9471, 9471, 9472, 9493, 9471, 9472, 9471, 9472, 9493, 9471, 9471, 9472, 2966, 9471, 2966, 9471, 9472, 9471, 4154, 9493, 9493, 9493, 9493, 9471, 9493, 2966, 9493, 9471, 9493, 9493, 9471, 2966, 9471, 9471, 2966, 9471, 9493, 2966, 9493, 9493, 9493, 2966, 2966, 9471, 8606, 8606, 8606, 8611, 9471, 9493, 9521, 9520, 3099, 8611, 8611, 8611, 8611, 9493, 632, 8611, 8606, 9493, 9493, 8611, 8610, 8611, 8611, 9472, 9493, 136, 136, 2814, 8611, 8611, 8611, 8611, 3061, 8606, 8606, 8606, 9493, 2966, 8611, 8611, 8611, 8611, 9471, 9472, 3118, 3118, 9471, 8611, 8611, 8611, 8611, 9493, 8611, 8611, 8611, 9471, 2966, 9471, 9493, 2966, 9472, 9471, 9493, 2966, 9493, 9471, 2833, 2833, 2833, 2833, 9493, 2966, 9493, 9493, 2966, 8613, 2966, 9472, 9472, 9493, 9493, 9471, 9493, 9471, 9471, 9493, 8613, 9472, 9493, 9493, 9471, 9472, 9471, 9471, 9471, 9493, 2966, 2985, 9471, 2966, 2966, 9472, 9472, 9472, 2966, 9472, 2966, 8611, 8606, 8606, 8611, 9471, 8611, 412, 8611, 8611, 8611, 8611, 8611, 8611, 9471, 8611, 8611, 8063, 9493, 8613, 9471, 8611, 8610, 8611, 8611, 9472, 8611, 8611, 8611, 8611, 8611, 8611, 8611, 8611, 9472, 8611, 8611, 8611, 2966, 9493, 8611, 8611, 8611, 8611, 9493, 8611, 8611, 8611, 8611, 8611, 8611, 8611, 8611, 9471, 8611, 8611, 8611, 9471, 9472, 9493, 9471, 9493, 9493, 9493, 3118, 3118, 2833, 8611, 8611, 8611, 8611, 8611, 9471, 9493, 9493, 9472, 9471, 6179, 9471, 9471, 2757, 8611, 8611, 8611, 3080, 9493, 8613, 8613, 6179, 6179, 2966, 8617, 8611, 8611, 2833, 6179, 6179, 6179, 6179, 6179, 6179, 9471, 9472, 2966, 9471, 2966, 9493, 9472, 9471, 9471, 9471, 9493, 2966, 9472, 9471, 9493, 9493, 9493, 9471, 9472, 9471, 8606, 8611, 8611, 8611, 2985, 8611, 8611, 8611, 8611, 8219, 8614, 8611, 8611, 9523, 8611, 8611, 8066, 2966, 9472, 1565, 8611, 8611, 8611, 883, 8611, 8611, 8611, 8611, 8611, 8611, 8611, 8611, 136, 8611, 8611, 8611, 2966, 3004, 8611, 8611, 8611, 8611, 3004, 8611, 8611, 8611, 8611, 8611, 8611, 8611, 8611, 3080, 8611, 8611, 8611, 9471, 9472, 9471, 9493, 2966, 9471, 2966, 8611, 8611, 8611, 8611, 8611, 8611, 8611, 8611, 9471, 2966, 9471, 9472, 9493, 6179, 6179, 6179, 8611, 8611, 8611, 8611, 8611, 8611, 8611, 2833, 9493, 6179, 6179, 6179, 1187, 8617, 8617, 8611, 8611, 8611, 8611, 6179, 6179, 6179, 6179, 6179, 6179, 6179, 6179, 9493, 9472, 9472, 2966, 9471, 2966, 2985, 2966, 3099, 9471, 9493, 3099, 3099, 9472, 9472, 9493, 9493, 2966, 9471, 8613, 9472, 3042, 3042, 3042, 3042, 9472, 8611, 8611, 8611, 8611, 8611, 8611, 8611, 8611, 9493, 8109, 8611, 1423, 2966, 8613, 2966, 8606, 8200, 8611, 8610, 9493, 8611, 8611, 8389, 8611, 8611, 8611, 8611, 8611, 9493, 8611, 8611, 8611, 9493, 2966, 8611, 8611, 8611, 8611, 9493, 8611, 8611, 8611, 8611, 8611, 8611, 8611, 8611, 9471, 8611, 8611, 8611, 9493, 8613, 9472, 2966, 2966, 9471, 9472, 2852, 8611, 8611, 8611, 8611, 8611, 8611, 8611, 8611, 9493, 2966, 2966, 9493, 2966, 6179, 6179, 6179, 1180, 8617, 8611, 8611, 8611, 8611, 8611, 8611, 8611, 8611, 9472, 6179, 6179, 6179, 8617, 8617, 8611, 8611, 8611, 8611, 8611, 6492, 8611, 8611, 6179, 6179, 6179, 6179, 6179, 6179, 6179, 6179, 6179, 6179, 6179, 9471, 2966, 9471, 2966, 2966, 9472, 9472, 9472, 9472, 9472, 2966, 9493, 9471, 9471, 9471, 2966, 3099, 9493, 9493, 9472, 2966, 9472, 2852, 2852, 2852, 9472, 9472, 2966, 2966, 4154, 4154, 9493, 9493, 9493, 9493, 3099, 9472, 3099, 9472, 9471, 2966, 4294, 4294, 9471, 4194, 8611, 8611, 8611, 4234, 2966, 9472, 3099, 9471, 9471, 9471, 3099, 9472, 2966, 9472, 2966, 9493, 9472, 9472, 896, 2966, 9493, 9472, 8611, 8611, 9472, 4194, 8611, 8611, 8611, 4234, 2966, 4154, 896, 9471, 3118, 2966, 9471, 9493, 2966, 2966, 2966, 9471, 3118, 9493, 9493, 9472, 8611, 8611, 9472, 4194, 8611, 8611, 8611, 4234, 2966, 9471, 3118, 9493, 9472, 4154, 4154, 6179, 6179, 9493, 9493, 2966, 2966, 9493, 9472, 3004, 3080, 9493, 3004, 2833, 2833, 2833, 3080, 2966, 9472, 9471, 9471, 9471, 6179, 6179, 6179, 6179, 2966, 5122, 8611, 8617, 8611, 8611, 8611, 8611, 8611, 8611, 8611, 8611, 8611, 8611, 9493, 9472, 9471, 8613, 6179, 6179, 8611, 8611, 8611, 8611, 1189, 8611, 8611, 8611, 2017, 8611, 8611, 8611, 8611, 6179, 6179, 6179, 6179, 6179, 6179, 6179, 6179, 8611, 8611, 1189, 6179, 8611, 8611, 6179, 6179, 6179, 6179, 6179, 6179, 6179, 8613, 2966, 9493, 9493, 9472, 2966, 9471, 4154, 9472, 2852, 9493, 9472, 9493, 9471, 4154, 9471, 9493, 9471, 3099, 3099, 9493, 2966, 2966, 9493, 9471, 4154, 4154, 9471, 2985, 9493, 2966, 2985, 2852, 5122, 8611, 8611, 5122, 8611, 8611, 8611, 8611, 8606, 8611, 8611, 8611, 8611, 8611, 8611, 8611, 8611, 8611, 8611, 8611, 8611, 8611, 8611, 8611, 8611, 8611, 9471, 2966, 8611, 8611, 8611, 8611, 8611, 8611, 8611, 8611, 8611, 8611, 8611, 8611, 8611, 8611, 8611, 8611, 8611, 8611, 8611, 8611, 8611, 8611, 8611, 8611, 8611, 8611, 8611, 8611, 9493, 8611, 8611, 8611, 8611, 8383, 8611, 8611, 8611, 8611, 8611, 8611, 8611, 8611, 8611, 8611, 8383, 8611, 8611, 8611, 8611, 8611, 8611, 8611, 8611, 8611, 8611, 8611, 8611, 9471, 8611, 8611, 8611, 8611, 8611, 8611, 8611, 8611, 8611, 8611, 8611, 8611, 8611, 8611, 8611, 8611, 8611, 8611, 8611, 8611, 8611, 8611, 8611, 8611, 8611, 6179, 8611, 8611, 8611, 3118, 8611, 8617, 3118, 8611, 8611, 3118, 8611, 8611, 2833, 8617, 8611, 3118, 8611, 8611, 3118, 8617, 8611, 8611, 8611, 8611, 6179, 8611, 8611, 8611, 3023, 8611, 8611, 3023, 8611, 8611, 3023, 8611, 8611, 3023, 8611, 8611, 3023, 8611, 8611, 6179, 6179, 6179, 6179, 6179, 6179, 2017, 8611, 1188, 8611, 8611, 8611, 8611, 8611, 8611, 8611, 8611, 8611, 8611, 8611, 8611, 8611, 8611, 6179, 6179, 6179, 6179, 6179, 6179, 8611, 8611, 1188, 8611, 8611, 8611, 8611, 8611, 8611, 6179, 6179, 6179, 6179, 6179, 6179, 6179, 6179, 6179, 6179, 6179, 6179, 6179, 8613, 8613, 2966, 9493, 2966, 9493, 2966, 2966, 2966, 4154, 4154, 4154, 9472, 2966, 2985, 9493, 2852, 2852, 4154, 9472, 2852, 4154, 9493, 3061, 9493, 9493, 9493, 9493, 9471, 9471, 9493, 1156, 2985, 8606, 8611, 8611, 8611, 8611, 8611, 8611, 8611, 8611, 8611, 8611, 8611, 8611, 8611, 8611, 8611, 8611, 8611, 8606, 8611, 8611, 8611, 8611, 8611, 8611, 8611, 8612, 2966, 2814, 8611, 8611, 8611, 8611, 8611, 8611, 8611, 8611, 8611, 8611, 8611, 8611, 8611, 8611, 8611, 8611, 8611, 8611, 8611, 8611, 8611, 8611, 8611, 8611, 8611, 8611, 8611, 8612, 9472, 2966, 9471, 8611, 8611, 8611, 8611, 8611, 8611, 8611, 8611, 8611, 8611, 8611, 8611, 8611, 8611, 8611, 8611, 8611, 8611, 8611, 8611, 8611, 8611, 8611, 8611, 8611, 8611, 8611, 8611, 8611, 9471, 9471, 4154, 8611, 8611, 8611, 8611, 8611, 8611, 8611, 8611, 8611, 8611, 8611, 8611, 8611, 8611, 8611, 8611, 8611, 8611, 8611, 8611, 8611, 8611, 8611, 8611, 8611, 8611, 9493, 8611, 8611, 8611, 8611, 8611, 8611, 8611, 2833, 8611, 8611, 2833, 8611, 8611, 2833, 8611, 8611, 2833, 8611, 6492, 8611, 8611, 8611, 8611, 8611, 8611, 2966, 6492, 8611, 8611, 8611, 2833, 8611, 8611, 2833, 8611, 8611, 2833, 8611, 8611, 2833, 8611, 8611, 2833, 8611, 6469, 8611, 6179, 6179, 6179, 6179, 6179, 6469, 8611, 8611, 8611, 8611, 8611, 8611, 8611, 8611, 8611, 8611, 8611, 8611, 8611, 8611, 8611, 8611, 8611, 6179, 6179, 6179, 6179, 6179, 8611, 8611, 8611, 8611, 8611, 8611, 8611, 8611, 8611, 8611, 8611, 8611, 6179, 6179, 6179, 6179, 6179, 6179, 6179, 6179, 6179, 6179, 6179, 6179, 6179, 6179, 6179, 6179, 8613, 8613, 2966, 9471, 9472, 9471, 9493, 9493, 3023, 9493, 9493, 9471, 9471, 9472, 2966, 2966, 3023, 9471, 9472, 9472, 9472, 9493, 4154, 4154, 9493, 9493, 9471, 9472, 9493, 9472, 4154, 1168, 2985, 8611, 411, 8611, 8611, 8611, 8611, 8611, 8611, 8611, 8219, 8611, 8611, 8611, 8611, 8611, 8611, 8611, 8611, 8611, 8611, 8611, 8611, 8611, 8611, 8611, 8611, 8611, 9472, 9472, 1168, 8611, 8611, 8611, 8611, 8611, 8611, 8611, 8611, 8611, 8611, 8611, 8611, 8611, 8611, 8611, 8611, 8611, 8611, 8611, 8611, 8611, 8611, 8611, 8611, 8611, 8611, 8611, 8611, 8613, 9493, 1164, 1154, 1144, 8611, 8611, 8611, 8611, 8611, 8611, 8389, 8611, 8611, 8611, 8611, 8611, 8389, 8611, 8611, 8611, 8611, 8611, 8389, 8611, 8611, 8611, 8611, 8611, 8611, 8611, 8611, 2966, 1178, 9471, 8611, 8611, 8611, 8611, 8611, 8611, 8611, 8611, 8611, 8611, 8611, 8611, 8611, 8611, 8611, 8611, 8611, 8611, 8611, 8611, 8611, 8611, 8611, 8611, 8611, 6179, 3004, 8611, 8611, 8611, 8611, 3042, 8611, 8611, 3042, 8611, 8611, 3042, 8611, 8611, 3042, 8611, 8611, 3042, 8611, 8611, 3042, 8611, 8611, 6492, 6179, 8613, 6179, 6179, 2022, 8611, 8611, 8611, 3099, 8611, 8611, 3099, 8611, 8611, 3099, 8611, 8611, 3099, 8611, 8611, 3099, 8611, 8611, 6179, 6179, 6179, 6179, 6179, 6179, 8617, 2016, 8611, 8611, 8611, 8611, 8611, 8611, 8611, 8611, 8611, 8611, 6492, 8611, 8611, 8611, 8611, 8611, 8611, 6179, 8613, 6179, 6179, 6179, 6179, 8611, 8611, 8611, 1189, 8611, 8611, 8611, 8611, 6469, 8611, 8611, 8611, 8611, 6179, 6179, 6179, 6179, 6179, 6179, 6179, 6179, 6179, 6179, 6179, 6179, 6179, 6179, 6179, 8613, 8613, 9472, 9472, 2966, 9471, 2966, 9493, 2966, 2966, 2966, 9472, 9472, 9471, 9471, 2966, 9493, 9471, 9472, 9471, 9493, 4154, 1152, 2985, 8611, 8611, 9472, 4154, 9493, 9493, 9472, 9471, 4154, 4154, 9472, 2966, 9471, 4154, 9471, 3023, 3023, 2966, 9471, 9472, 9493, 3023, 9472, 9471, 9493, 9472, 8611, 8611, 8611, 8611, 9471, 4294, 4294, 4154, 4294, 4294, 4154, 4294, 4294, 9493, 4294, 4294, 9493, 8611, 8611, 4154, 2966, 3023, 9493, 9472, 9472, 9493, 9493, 9472, 8611, 8611, 8611, 8611, 3080, 8611, 8611, 4154, 8611, 8611, 9472, 8611, 8611, 9472, 8611, 8611, 9472, 8611, 8611, 4154, 9471, 896, 9493, 9493, 2966, 9471, 2966, 9493, 8611, 8611, 8611, 8611, 9471, 8611, 8611, 2966, 8611, 8611, 9493, 8611, 8611, 9471, 8611, 8611, 2966, 8611, 8611, 2966, 9493, 3042, 2966, 9472, 6179, 6179, 8611, 8611, 8611, 8611, 2966, 3004, 3080, 9493, 3004, 3080, 2966, 3004, 3080, 2966, 3004, 3080, 9472, 8611, 8611, 9471, 9471, 9471, 9493, 6179, 6179, 5122, 8611, 8611, 8611, 8611, 8611, 8611, 8611, 8611, 5122, 8611, 8611, 5122, 8611, 8611, 8611, 8611, 8611, 8611, 8611, 6179, 8613, 6179, 8611, 8611, 8611, 8611, 8611, 8611, 8611, 8611, 8611, 8611, 8611, 8611, 8611, 8611, 8611, 8611, 8611, 8611, 8611, 6179, 6179, 6179, 6179, 6179, 8611, 8611, 6492, 8611, 8611, 8611, 8611, 8611, 8611, 8611, 8611, 8611, 6179, 6179, 6179, 6179, 6179, 6179, 6179, 6179, 6179, 6179, 6179, 6179, 6179, 6179, 6179, 6179, 9471, 9493, 9493, 9472, 9493, 2966, 3099, 3099, 2814, 5122, 8611, 3061, 9472, 9471, 9471, 9493, 9472, 9493, 3099, 9472, 9471, 9472, 9493, 9471, 2966, 9471, 9472, 9493, 9493, 8613, 6179, 8611, 8611, 8611, 8611, 8611, 8611, 8611, 8611, 8611, 8611, 8611, 8611, 8611, 411, 8611, 8611, 8611, 8611, 8611, 8611, 4154, 635, 8611, 1432, 9472, 6179, 8611, 8611, 8611, 8611, 8611, 8611, 8611, 8611, 8611, 8611, 8611, 8611, 8611, 8611, 8611, 8611, 8611, 8611, 8611, 8611, 9493, 8611, 8611, 8611, 9493, 8613, 6179, 8611, 8611, 8611, 8611, 8611, 8611, 8611, 8611, 8611, 8611, 8611, 8611, 8611, 8611, 8611, 8611, 8611, 8611, 8611, 8611, 9472, 8611, 8611, 8611, 9472, 6179, 8611, 8611, 8611, 8611, 8611, 3118, 8611, 8611, 3118, 8611, 8611, 3118, 8611, 8611, 3118, 8611, 8611, 3118, 8611, 8611, 9471, 9472, 9471, 9493, 2966, 6179, 8611, 8611, 8611, 8611, 8611, 8611, 8611, 8611, 8611, 8611, 8611, 8611, 8611, 8611, 8611, 8611, 8611, 8611, 8611, 8611, 6179, 6179, 8611, 8611, 8611, 8611, 8611, 8611, 8611, 8611, 8611, 8611, 8611, 8611, 8611, 8611, 8611, 8611, 8611, 8611, 8611, 6179, 6179, 6179, 6179, 6179, 6179, 6179, 8611, 8611, 8611, 8611, 8611, 8611, 8611, 8611, 6179, 6179, 6179, 6179, 6179, 6179, 6179, 6179, 6179, 6179, 6179, 6179, 6179, 4154, 4154, 4154, 4154, 8613, 4154, 4154, 4154, 4154, 9493, 9472, 2985, 2966, 9493, 4154, 4154, 4154, 4154, 6179, 5122, 8611, 8611, 8611, 8611, 3061, 9471, 9493, 2985, 2966, 9472, 2966, 9493, 9493, 2966, 9471, 2966, 3061, 9493, 2966, 9471, 2966, 9472, 6179, 8611, 8611, 8611, 8611, 8611, 8611, 8611, 8611, 8611, 8611, 8611, 8611, 8611, 8611, 8611, 8611, 8611, 8611, 8611, 8611, 2966, 8611, 8611, 8610, 9493, 9493, 9471, 9471, 8611, 8611, 8611, 8611, 8611, 8611, 8611, 8611, 8611, 8611, 8611, 8611, 8611, 8611, 8611, 8611, 8611, 8611, 8611, 8611, 2966, 8611, 8611, 8611, 9493, 9493, 9472, 6179, 8611, 8611, 8611, 8611, 8611, 8611, 8611, 8611, 8611, 8611, 8611, 8611, 8611, 8611, 8611, 8611, 8611, 8611, 8611, 8611, 9493, 8611, 8611, 8611, 9472, 2966, 9493, 6179, 8611, 8611, 8611, 8611, 8611, 2833, 8611, 8611, 2833, 8611, 8611, 3042, 8611, 8611, 3042, 8617, 8611, 3042, 8611, 8611, 9471, 9493, 2966, 9471, 9493, 9471, 6179, 6492, 8611, 6492, 8611, 8611, 8611, 8611, 8611, 8611, 8611, 8611, 8611, 8611, 8611, 5122, 8611, 8611, 8611, 8611, 6179, 6179, 6179, 6179, 8617, 6469, 6179, 6179, 8611, 8611, 8611, 8611, 8611, 2833, 2833, 2833, 8611, 8611, 8611, 8611, 8611, 2017, 6179, 6179, 6179, 8613, 6179, 6179, 6179, 6179, 6179, 6179, 6179, 6179, 6179, 6179, 6179, 6179, 6179, 6179, 4154, 4154, 4154, 4154, 4154, 635, 4154, 4154, 9472, 9493, 9472, 9471, 2966, 4154, 8617, 4154, 4154, 8613, 2966, 8611, 8611, 8611, 8611, 1430, 9472, 9471, 9471, 2966, 9493, 9471, 9471, 9472, 9471, 9472, 9471, 2966, 9471, 9471, 2966, 2966, 2966, 9493, 9472, 9472, 2966, 9471, 8611, 8611, 8611, 8611, 8611, 4214, 8611, 8611, 4214, 8611, 8611, 2966, 9472, 9520, 9493, 3023, 9472, 9471, 8611, 8611, 9522, 8611, 1428, 1422, 8611, 8063, 9472, 2966, 8611, 8611, 8611, 8611, 8611, 4214, 8611, 8611, 4214, 8611, 8611, 3061, 9471, 136, 9471, 896, 9493, 4154, 8611, 8611, 136, 8611, 8611, 8611, 8611, 8611, 9471, 2966, 8611, 8611, 8611, 8611, 8611, 4214, 8611, 8611, 4214, 8611, 8611, 9472, 9472, 3042, 2966, 3042, 9493, 9493, 8611, 8611, 3080, 8611, 8611, 8611, 8611, 8606, 2966, 8613, 6179, 8617, 8611, 8611, 8611, 8611, 3042, 8611, 8611, 3042, 8611, 8611, 2966, 2966, 9493, 9471, 9472, 9472, 9493, 8611, 8611, 9472, 9493, 2966, 2966, 2966, 2966, 6179, 8611, 8611, 8611, 8611, 5122, 8611, 8611, 8611, 8611, 8611, 2966, 2966, 9471, 9493, 9472, 9471, 6179, 6179, 6179, 6179, 6179, 6179, 6179, 6179, 8611, 8611, 8611, 8611, 2833, 2833, 9472, 9471, 9472, 2966, 6179, 6179, 6179, 6179, 6179, 6179, 6179, 6179, 6179, 6179, 8613, 8613, 4154, 4154, 4154, 4154, 4154, 1436, 8606, 4154, 9493, 9472, 9493, 9472, 9471, 8613, 4154, 8611, 8606, 4154, 9493, 3023, 9472, 9523, 9472, 9471, 9493, 9493, 2966, 9493, 9471, 9472, 9493, 9493, 9472, 9472, 2966, 2966, 3023, 8606, 3061, 9471, 9472, 9493, 9472, 9471, 9493, 896, 9472, 136, 9471, 9493, 3023, 9519, 2966, 3023, 9471, 2966, 8611, 8611, 8611, 8606, 633, 9471, 8611, 8611, 9472, 8606, 8611, 1428, 8611, 8066, 9471, 9471, 3042, 9493, 3042, 2966, 2966, 9493, 136, 9472, 896, 9493, 9493, 8611, 8611, 8611, 8611, 2833, 9471, 8611, 8611, 9471, 8611, 831, 831, 831, 8611, 9493, 2966, 2985, 9493, 9472, 9493, 2966, 2966, 3042, 9493, 3042, 9471, 4154, 8611, 8611, 8611, 8611, 8109, 4154, 8611, 8611, 9472, 8611, 8611, 8611, 8611, 8606, 9493, 6179, 9493, 9472, 9493, 9471, 9493, 9493, 9493, 9493, 9472, 3042, 9493, 9472, 9471, 9471, 2966, 9471, 2966, 8611, 8611, 9493, 2966, 9472, 2966, 2966, 9493, 6179, 6179, 6179, 9493, 9472, 9471, 9471, 9472, 9493, 9493, 9493, 8613, 6179, 6179, 6179, 8613, 9471, 9471, 9493, 9471, 9493, 9493, 4154, 4154, 4154, 4154, 8613, 4154, 637, 8109, 4154, 2966, 9493, 9493, 9493, 8613, 4154, 637, 8611, 4154, 2966, 1424, 1432, 8611, 8611, 9471, 2966, 9471, 9472, 9472, 2966, 9493, 9472, 9493, 9471, 2966, 2966, 9493, 5107, 9471, 3061, 2966, 8611, 8611, 8611, 8611, 3080, 8606, 8611, 8606, 8611, 8617, 2966, 1429, 8611, 8611, 8606, 8109, 9493, 5122, 8606, 4154, 9493, 9493, 9493, 9493, 9493, 9472, 2985, 8611, 8611, 8611, 8611, 9471, 8611, 8611, 6510, 8611, 2833, 4154, 8372, 8611, 8611, 8611, 2833, 9471, 2833, 2833, 2966, 3023, 9471, 9471, 9471, 9471, 9493, 9472, 9472, 9471, 9471, 9471, 9472, 8611, 8611, 8611, 8611, 634, 4154, 8611, 8611, 8611, 8611, 1431, 4154, 8617, 635, 9493, 2966, 4154, 9493, 3023, 9471, 9493, 9493, 9471, 9471, 9493, 9493, 9472, 9472, 9472, 9472, 2966, 2966, 9472, 9472, 8617, 8611, 9471, 2966, 2966, 9493, 9471, 9471, 6179, 6179, 6179, 8613, 4154, 4154, 4154, 4154, 4154, 4154, 4154, 4154, 9493, 9471, 9471, 9471, 8613, 4154, 4154, 4154, 4154, 9493, 8063, 8611, 8611, 8611, 9493, 9493, 9472, 9471, 2966, 9471, 9493, 2966, 9472, 9471, 2966, 9472, 9472, 2966, 9472, 9493, 8611, 8611, 8611, 8611, 9493, 8611, 8611, 8611, 8611, 8109, 4154, 8611, 8611, 8614, 1422, 2814, 2966, 9471, 9472, 8613, 8613, 9471, 8611, 8611, 8611, 8611, 9471, 8611, 8611, 8611, 8611, 2833, 4154, 8372, 8611, 8611, 8611, 2814, 4154, 9472, 9472, 8613, 2966, 9471, 9493, 9493, 2966, 9471, 8611, 8611, 8611, 8611, 634, 9472, 8611, 8611, 8611, 8611, 2814, 9493, 9471, 9472, 8613, 8613, 2966, 2966, 9471, 9471, 9471, 9472, 9471, 9493, 9472, 2966, 2966, 2966, 9493, 9471, 2966, 4154, 4154, 4154, 4154, 8613, 4154, 4154, 4154, 4154, 9472, 2966, 9472, 9472, 4154, 4154, 4154, 4154, 9471, 8066, 8611, 8611, 8606, 9471, 9472, 9493, 2966, 9472, 2966, 2966, 9471, 2966, 9493, 9493, 9493, 2966, 2966, 9471, 9493, 8611, 8611, 8611, 8611, 9493, 8060, 8057, 8606, 8611, 633, 9471, 8611, 8063, 8611, 8611, 8611, 8611, 8606, 9471, 9471, 8611, 8611, 8611, 8611, 2966, 8611, 8611, 8256, 8611, 2833, 4154, 8611, 8611, 8611, 8611, 8611, 8611, 832, 9472, 9493, 2966, 9493, 9472, 9493, 9472, 8611, 8611, 8611, 8611, 8617, 9493, 8611, 8611, 8611, 8611, 8611, 8611, 832, 9471, 9493, 9493, 9493, 9471, 9493, 9493, 2966, 9471, 9493, 2966, 9471, 2966, 9471, 2966, 9471, 9471, 9472, 9471, 9472, 8613, 9471, 8109, 1428, 2795, 637, 9471, 9471, 9493, 9471, 2966, 9472, 2966, 9493, 9493, 9471, 9493, 9471, 9493, 9471, 9472, 9471, 8611, 8611, 2795, 2833, 9493, 9471, 9493, 9472, 9472, 9471, 2966, 9715, 8066, 8606, 8611, 8606, 8611, 8606, 9471, 9493, 8617, 8611, 2795, 8606, 9493, 9471, 9471, 9471, 9472, 2966, 2966, 9716, 8611, 1591, 8611, 8263, 8611, 832, 9471, 9493, 9472, 2966, 9471, 2966, 2966, 9471, 2966, 9471, 9472, 9472, 9471, 9715, 8611, 8611, 8611, 8611, 8611, 832, 9471, 8613, 9471, 9471, 2966, 2966, 9472, 9472, 2966, 9472, 9471, 9471, 9471, 9471, 9493, 9472, 2966, 2966, 9472, 9493, 9472, 9471, 9493, 2966, 9493, 9472, 9472, 9493, 9471, 9472, 9471, 9493, 9471, 9493, 3023, 9472, 2966, 9471, 9472, 9471, 2966, 9471, 9493, 2966, 9472, 2966, 2966, 9471, 9471, 9493, 2966, 2966, 9472, 8613, 9493, 2966, 4154, 9472, 9493, 9493, 9472, 2966, 9472, 2966, 9471, 9472, 2966, 9493, 9471, 9493, 9472, 2966, 4154, 4154, 9472, 9493, 2966, 9493, 2966, 2966, 9493, 2966, 9493, 2966, 9493, 9471, 9493, 8613, 8613, 8613], "DecorIndices": [], "DecorIds": [], "BlockEntities": {"4212738": "!<d@[F*LUC#64c-E,TfC#64`(!<d@[F*cBs#64o6@VfsmCI<#NAJ\\feA1`\"DDe*9hARmB+ART+$DJsQ;BEAc_Dfor>ARn,Q7;d3]FEpGgzz\"VPZjF`);4A3tQ<CghU#E`Hga!!!", "4213762": "!<d@[F*LUC#64c-E,TfC#64`(!<d@[F*cEt#64o6@VfsmCI<#NAIW9mDfor.F*)>@@:s-U$#+:#ASuU.Ed7ZiEH>r7FE7Qb!!!3,F)5c:EsD_\"!!*'\"!%J0Q!!*'\"!!!6)0`V4S!!(=L!!!$\"z!!s6LDfT?!;flqu@:s.JEc5o<!!EUFATMNNDJ*csgCME@!=E7WFCAZm7U]e<!rr<$!!", "4214786": "!<d@[F*LUC#64c-E,TfC#64`(!<d@[F*cHu#64o6@VfsmCI<#NAHu^]F`__:EWlSfH#R=5@W-1#F(f-$G%G_J@W-1#E+s-\"/R`:'A2FDoEc6&.FCePS!!!!%$#O6pBL-NKCh;$nq`b2gEc6&.FCeVU!!!!*$\"ImiCh7*uARkc@", "4201475": "!<d@[F*LXD#64c-E,TfC#64`(!<d@[F*c!h#64o6@VfsmCI<#NAHlUPEcP`-\"po!]G%GQ5DfU+(#'\"^#Dfg%%!!!!'\"`nKuFE7Zf0`V4S!!)os!!(@Nz!!rjNARTCdA,l]HF(JcrARn_RDI[6WDffE(88iWkErZ1?z!!!", "4202499": "!<d@[F*LXD#64c-E,TfC#64`(!<d@[F*c$i#64o6@VfsmCI<#NAHlUPEcP`-\"po!]G%GQ5DfU+(#'\"^#Dfg%%!!!!'\"`nKuFE7Zf0`V4S!!&Pn!!\";Fz!!rjNARTCdA,l]HF(JcrARn_RDI[6WDffE(88iWkErZ1?z!!!", "4203523": "!<d@[F*LXD#64c-E,TfC#64`(!<d@[F*c'j#64o6@VfsmCI<#NAHlUPEcP`-\"po!]G%GQ5DfU+(#'\"^#Dfg%%!!!!'\"`nKuFE7Zf0`V4S!!)9a!!(@Nz!!rjNARTCdA,l]HF(JcrARn_RDI[6WDffE(88iWkErZ1?z!!!", "4205571": "!<d@[F*LXD#64c-E,TfC#64`(!<d@[F*c-l#64o6@VfsmCI<#NAIWX%ATDZ?B6%EuBlmnf$#X<rGAhM;Bk.2Dz!!!$3FEMVA6tp[2Ec5ea@:O\"hB)ho3!!E=8!!%O6\"po!]G%GQ5DfU+(#'\"^#Dfg%%!!!!'\"`nKuFE7E^\":f-`E-67mEbTE%<,$2\\z!=`pbG>E@'E-67l@:NjK!!!!,&S#WkASuT]A917]Bl7HqDJ&qL!!!!", "4206595": "!<d@[F*LXD#64c-E,TfC#64`(!<d@[F*c0m#64o6@VfsmCI<#NAI<X\"De*=\"@r#Xt\"po!]G%GQ5DfU+(#'\"^#Dfg%$!!!!'\"`nKuFE7E^\":8pVF(djWB5D/-;u8cZ", "4208643": "!<d@[F*LXD#64c-E,TfC#64`(!<d@[F*c6o#64o6@VfsmCI<#NAI;p\\ATMrFARTY%\"po!]G%GQ5DfU+(#'\"^#Dfg%+!!!!'\"`nKuFE7Zf0E;+R!!!H/!!!$\"!!!-0FDl80CdVlEDI[7qor(%S#6?OZ!<<*\"<=T!/!<<*\"\":K<iFCAuQBOPdgAH2]156(oh1&q=T!!$\"/!!!$\"!!!-0FDl80CdVlEDI[5X!!#4`#6?U\\!<<*\"&-2b2!<<*\"\":K<iFCAuQBOPdgA^/Fm4obfg1]ROV!!!Q2!!!$\"!!!!(!AsiX!!!#]%KHJ0!!!!%$Zp</@;J;E@;]Rdc-4Bq!!`N_!!*'\"!!iu5!!*'\"!!!6)2ZNjY!!!Z5!!!$\"z!!NdCDfS0\\De!QMDe*Dd@q]FpF=h'4F*%QgFEqh:$=e!jCgh:(ARmS\"$#O6pBL-NKCh;?3aZfb", "4209667": "!<d@[F*LXD#64c-E,TfC#64`(!<d@[F*c9p#64o6@VfsmCI<#NAHlUPEcP`-\"po!]G%GQ5DfU+(#'\"^#Dfg%%!!!!'\"`nKuFE7Zf0`V4S!!)*\\!!(@Nz!!rjNARTCdA,l]HF(JcrARn_RDI[6WDffE(88iWkErZ1?z!!!", "4214787": "!<d@[F*LXD#64c-E,TfC#64`(!<d@[F*cHu#64o6@VfsmCI<#NAHu^]F`__:EWlSfH#R=0@rc\"\"AM7P6@<?'4Cgh?sAM%q@F9DhhDffE0AQSp4!!!-.D.Rd%6#L=OA_R_e^]Xm_DffE0AQf'6!!!<3@rH1\"ARfgnA,lT", "5254147": "!<d@[F*LXD#64c-E,TfC#QOi)!<d@[F*c-l#64o6@VfsmCI<#NAIWa\"DesH&@r!Z?ATMqt$#+:#ASuU.Ed7ZiEH>r7FE7Qb!!!3,F)5c:ErZ1?", "5255171": "!<d@[F*LXD#64c-E,TfC#QOi)!<d@[F*c0m#64o6@VfsmCI<#NAIWa\"DesH&@r!Z?ATMqt$#+:#ASuU.Ed7ZiEH>r7FE7Qb!!!3,F)5c:EsD_%!!*'\"!8%JU!!*'\"z!!", "6306819": "!<d@[F*LXD#64c-E,TfC#ljr*!<d@[F*c9p#64o6@VfsmCI<#NAHlUPEcP`-\"po!]G%GQ5DfU+(#'\"^#Dfg%%!!!!'\"`nKuFE7Zf0`V4S!!)Qi!!)3bz!!rjNARTCdA,l]HF(JcrARn_RDI[6WDffE(88iWkErZ1?z!!!", "4201476": "!<d@[F*L[E#64c-E,TfC#64`(!<d@[F*c!h#64o6@VfsmCI<#NAHu^]F`__:EWlSfH#R=4@rc\"\"AM7P6@<?'4F)>?%Cb9^M@:O(aA-<-XDffE0AQSp4!!!-.D.Rd%6#L=OA_Ra;4p2+2DffE0AQf'6!!!<3@rH1\"ARfgnA,lT", "4212740": "!<d@[F*L[E#64c-E,TfC#64`(!<d@[F*cBs#64o6@VfsmCI<#NAHu^]F`__:EWlSfH#R=%@q]:bE\\1^4ARkoKEc6&.FCePS!!!!%$#O6pBL-NKCh;$nqnE7=Ec6&.FCeVU!!!!*$\"ImiCh7*uARkc@", "4213764": "!<d@[F*L[E#64c-E,TfC#64`(!<d@[F*cEt#64o6@VfsmCI<#NAHu^]F`__:EWlSfH#R=%FCAWpAM%>'ARkoKEc6&.FCePS!!!!%$#O6pBL-NKCh;?38\\bH6Ec6&.FCeVU!!!!*$\"ImiCh7*uARkc@", "4214788": "!<d@[F*L[E#64c-E,TfC#64`(!<d@[F*cHu#64o6@VfsmCI<#NAHu^]F`__:EWlSfH#R=1@rc\"\"AM7P6@<?'4Cgh?sAM%Y>DJK@[Ec6&.FCePS!!!!%$#O6pBL-NKCh;$nqnE7=Ec6&.FCeVU!!!!*$\"ImiCh7*uARkc@", "6311940": "!<d@[F*L[E#64c-E,TfC#ljr*!<d@[F*cHu#64o6@VfsmCI<#NAI;p\\ATMrFARTY%\"po!]G%GQ5DfU+(#'\"^#Dfg%+!!!!'\"`nKuFE7Zf0E;+R!!%6R!!!$\"!!!!(!AOQT!!!!4!<<*#z#6?R[!<<*\"!s&B%!<<*\"!!`N\\!!*'\"!#GY9!!*'\"!!!6)1]ROV!!)3m!!!$\"!!!!(!AsiX!!!!`%KHJ0z#6?^_!<<*\"(BFL9!<<*\"\":K<iFCAuQBOPdgA]+2>4obfg2ZNjY!!!c8!!!$\"z!!NdCDfS0\\De!QMDe*Dd@q]FpF=h'4F*%QgFEqh:$=e!jCgh:(ARmS\"$#O6pBL-NKCh;?38O*7", "4211717": "!<d@[F*L^F#64c-E,TfC#64`(!<d@[F*c?r#64o6@VfsmCI<#NAJJ`oDfRFMF_P`)A1`\">DId[0ARmLu$?C',@<?'`;IO+j&';Qm#&eHlDIm>Y#n:TdG%G]987?CHCh7Yf!!", "5254149": "!<d@[F*L^F#64c-E,TfC#QOi)!<d@[F*c-l#64o6@VfsmCI<#NAK#Z/Earc7@UX=l@kD/4Ec,H!Dfp.RG@bi;!u#cs@;^.#FD5Z288iWkF%g.WF8u:@!!!#g^B50d@<6NXBOt[h6$-(EFCAuR@<lo.k+>XR2+g+6", "4201478": "!<d@[F*LaG#64c-E,TfC#64`(!<d@[F*c!h#64o6@VfsmCI<#NAHu^]F`__:EWlSfH#R=%@q]:bE\\1^4ARkoKEc6&.FCePS!!!!%$#O6pBL-NKCh;$nqnE7=Ec6&.FCeVU!!!!*$\"ImiCh7*uARkc@", "4202502": "!<d@[F*LaG#64c-E,TfC#64`(!<d@[F*c$i#64o6@VfsmCI<#NAHu^]F`__:EWlSfH#R=%FCAWpAM%>'ARkoKEc6&.FCePS!!!!%$#O6pBL-NKCh;?3ahIr`Ec6&.FCeVU!!!!*$\"ImiCh7*uARkc@", "4203526": "!<d@[F*LaG#64c-E,TfC#64`(!<d@[F*c'j#64o6@VfsmCI<#NAHu^]F`__:EWlSfH#R=%@q]:bE\\1^4ARkoKEc6&.FCePS!!!!%$#O6pBL-NKCh;?3ahIr`Ec6&.FCeVU!!!!*$\"ImiCh7*uARkc@", "4207622": "!<d@[F*LaG#64c-E,TfC#64`(!<d@[F*c3n#64o6@VfsmCI<#NAJ/NlDfRFMF_P`)A1_h?F_>AD\":B0fFCB9&=]/[=gCME@#mP<eASu'i!=93LDK]T3F@]hXA8Ggu!!*OLBkM+$6uR!a:iCDWz!=a'`B4uBTDf9YmDf]%]!!!!\"%<?/qBQQX\\DfSZmF'8SE!!!!", "4208646": "!<d@[F*LaG#64c-E,TfC#64`(!<d@[F*c6o#64o6@VfsmCI<#NAJ/NlDfRFMF_P`)A1_h?F_>AC\":B0fFCB9&=]/[=gCME@#mP<eASu'i!=93LDK]T3F@]hXA8Ggu!<EUFAS-$PDf9YmDf]\"\\!!!!\"$uBKeF@:%cE_p[q=TAF%!!*LEAS-$PDf9YmDf]+^s8W*!", "4217862": "!<d@[F*LaG#64c-E,TfC#64`(!<d@[F*cR##64o6@VfsmCI<#NAHu^]F`__:EWlSfH#R=4@rc\"\"AM7P6@<?'4F)>?%Cb9^M@:O(aA-<-XDffE0AQSp4!!!-.D.Rd%6#L=OA`V#M5Qh=4DffE0AQf'6!!!<3@rH1\"ARfgnA,lT", "5251078": "!<d@[F*LaG#64c-E,TfC#QOi)!<d@[F*c$i#64o6@VfsmCI<#NAIW9mDfor.F*)>@@:s-U$#+:#ASuU.Ed7ZiEH>r7FE7Qb!!!3,F)5c:EsD_\"z!9aF`!!*'\"!!W^=Df0Z.DKKq)!AFKS!!!#G!!!\"0z!!!6)1B7CT!!)3`!!!$\"z!!s6LDfT?!;flqu@:s.JEc5o<!!EUFATMNNDJ*csz!=E7WFCAZm7U]e<z!!", "5264390": "!<d@[F*LaG#64c-E,TfC#QOi)!<d@[F*cL!#64o6@VfsmCI<#NAHu^]F`__:EWlSfH#R=(F(f-$Ah@V2@<64*0a%`%DffE0AQSp4!!!-.D.Rd%6#L=OA_Ra;56M43DffE0AQf'6!!!<3@rH1\"ARfgnA,lT", "5265414": "!<d@[F*LaG#64c-E,TfC#QOi)!<d@[F*cO\"#64o6@VfsmCI<#NAHu^]F`__:EWlSfH#R=/F(f-$Ah@S2E--@WF*)G2BkM+$\":&scFCB9&=9&=$!!EUFATMNNDJ*csgCMCj\":&scFCB9&=o\\O&!!rsADes6$@ru9m!!!", "5266438": "!<d@[F*LaG#64c-E,TfC#QOi)!<d@[F*cR##64o6@VfsmCI<#NAHu^]F`__:EWlSfH#R=(F(f-$Ah@V2@<64*1'@i&DffE0AQSp4!!!-.D.Rd%6#L=OA_Ra;56M43DffE0AQf'6!!!<3@rH1\"ARfgnA,lT", "4202503": "!<d@[F*LdH#64c-E,TfC#64`(!<d@[F*c$i#64o6@VfsmCI<#NAHu^]F`__:EWlSfH#R=%FCAWpAM%>'ARkoKEc6&.FCePS!!!!%$#O6pBL-NKCh;?3ahIr`Ec6&.FCeVU!!!!*$\"ImiCh7*uARkc@", "4203527": "!<d@[F*LdH#64c-E,TfC#64`(!<d@[F*c'j#64o6@VfsmCI<#NAHu^]F`__:EWlSfH#R=%@q]:bE\\1^4ARkoKEc6&.FCePS!!!!%$#O6pBL-NKCh;\\NQG3P-Ec6&.FCeVU!!!!*$\"ImiCh7*uARkc@", "4207623": "!<d@[F*LdH#64c-E,TfC#64`(!<d@[F*c3n#64o6@VfsmCI<#NAJAZqH\"19'@psG\"/SK9D@;^!tA246#FE1f-F(o`1Df/*aF`MOsAS-#az!:[`*'Pq3!F@0_Q@r\"AP<,ZkeCd_]WF3;@.<E5Sd5QC", "4217863": "!<d@[F*LdH#64c-E,TfC#64`(!<d@[F*cR##64o6@VfsmCI<#NAJS`dA1`\"DDe*9hARmB+ART+$ARTY%!YK9fF`);4A3tQ1DKKT7GtDNHz!!!!&&oDQ0DKKH#6?uCD@<lF)<G>tD!!", "5251079": "!<d@[F*LdH#64c-E,TfC#QOi)!<d@[F*c$i#64o6@VfsmCI<#NAIW9mDfor.F*)>@@:s-U$#+:#ASuU.Ed7ZiEH>r7FE7Qb!!!3,F)5c:EsD_\"z!0mTc!!*'\"!!!6)0`V1R!!)3`!!!$\"z!!s6LDfT?!;flqu@:s.JEc5o<!!EUFATMNNDJ*csgCME@!=E7WFCAZm7U]e<z!!", "4201480": "!<d@[F*LgI#64c-E,TfC#64`(!<d@[F*c!h#64o6@VfsmCI<#NAHu^]F`__:EWlSfH#R=5@rc\"\"AM7P6@<?'4D.R6lF_r^LDfg)4Ed7cmEc6&.FCePS!!!!%$#O6pBL-NKCh;?3ah@l_Ec6&.FCeVU!!!!*$\"ImiCh7*uARkc@", "4211720": "!<d@[F*LgI#64c-E,TfC#64`(!<d@[F*c?r#64o6@VfsmCI<#NAINEeFC?bBE+*s.AT@eWD..ZVDfor>!rr<$\":]'_FCfK9@;JJQF`MO'!!!!+$Y=3tBlnVfDe*F#!WW3#'PCikANF@BBkDHuE\\1d>EcQ;AF:i.oD.Pb=EbT--ATBA5AS#f]!dHI!s8W*\"!dQL$!!!!\"!dZU#s8W*\"!dHI&!!!!\"!dQO&!!!!\"!dZU(!!!!\"%W,ot:i'QcATC[WDJ*Mp!!!!\"%W,X!:i'QcATC[WDJ*NW!!!!\"%WcStGA^;eDJ*NTDe*D]!!!!\"$?L/pGA]cdF`):3!!!!*'Q\\5%GA^2oCjA<YFCfJaD/aE6F9)CXBl7X,BjkgTF^]00BlnW!E+*s.ARkc@!!!$6Bl7X,BjkgVE+*s.;0?;bFD5iBz!=<CZDfp\"tBmO=k!!!!*$[6$#8SrEbEcbl'!!<mN@<6NhE+*s.<,ZkeCe/JeEcV4:6-0=$dm*pFBl8$(Ec,<%6XaqB@qg%1!rr<$!tK$_FCfK1@;J;E@<-!lz!!!9i!tTE`@q]:kB4XnNE_(+kEW?(>!!!#g56Dg?@<6NXBOPpoAQ<\\[@<?'[DffE(88iWkF6[fCs*FN@5n=KIE+*s.ARn5IFD5i2ATIhO!!!!", "4214792": "!<d@[F*LgI#64c-E,TfC#64`(!<d@[F*cHu#64o6@VfsmCI<#NAJJ`oDfRFMF_P`)A1`\">DId[0ARmP!$?C',@<?'`;IO)9!!!!*#&eHlDIm>Y#n:TdG%G]987?CHCh7Yf!!", "5250056": "!<d@[F*LgI#64c-E,TfC#QOi)!<d@[F*c!h#64o6@VfsmCI<#NAK5f1EarcrDerrqE\\1^4ARmB(D/aTB/T,KIFD(X", "4215817": "!<d@[F*LjJ#64c-E,TfC#64`(!<d@[F*cL!#64o6@VfsmCI<#NAI;p\\ATMrFARTY%\"po!]G%GQ5DfU+(#'\"^#Dfg%+!!!!'\"`nKuFE7Zf0E;+R!!!`7!!!$\"!!!!(!AOQT!!!!4!<<*#!!!!%$Zp</@;J;E@;]Rdc-/jF!!`N[!!*'\"!##A5!!*'\"!!E[ODffE(6YKnG@qEp/9KiF]!Aa]V!!!!#!<<*#z#6?X]!<<*\"2\\#ff!<<*\"!!`N^!!*'\"!!<6%!!*'\"!!!6)2?3aX!!$71!!!*$!!!!(!B0uZ!!!!Z%KHJ0z!!!02AoD]VCi<g!6Z6LH$=da\\F*'!F@<6Mo\"E\\p.AI;pcCi!O!F(Jl:\":8pVF(djWB5D,Zz", "5250057": "!<d@[F*LjJ#64c-E,TfC#QOi)!<d@[F*c!h#64o6@VfsmCI<#NAHu^]F`__:EWlSfH#R=9@rc\"\"AM7P6@<?'4D.R6lF_r^LDfg)4Ed96FCifdbEc6&.FCePS!!!!%$#O6pBL-NKCh;\\NQG3P-Ec6&.FCeVU!!!!*$\"ImiCh7*uARkc@", "5251081": "!<d@[F*LjJ#64c-E,TfC#QOi)!<d@[F*c$i#64o6@VfsmCI<#NAIN0bEb03(F=h!@Ch*_VBl8**DKKf;Gl\\+hF)5c:EsD[F!!WUJCi=E:!!!-7Ap&-3@:NkJASlBtEaa'4Eb,4NTKrSgD..ZgASlBtEaa'4Eb,4N!!!-3DfTDVDf9E*DJ)p_D.N\\I!!!-1Ap%[$6?R<d<,$2\\z\":o?XGXcgeCdN8bDH(=eAH2]1!!=!JG][Y;B6@p0BOt^RDffE(88iWkErZ1?z!!s*E@;\\YLDJ=3(7Wi9Y!!EX=@:Nt^A4C]QC]FG8!!!", "5253129": "!<d@[F*LjJ#64c-E,TfC#QOi)!<d@[F*c*k#64o6@VfsmCI<#NAIW9mDfor.F*)>@@:s-U$#+:#ASuU.Ed7ZiEH>r7FE7Qb!!!3,F)5c:EsD_\"!!*'\"!!NH)!\"&]+!!WgQASlBtEaa'4Eb,=fFCf<.ATD4$F`M%e@<6NjE+EC!AWQ1:!!&s]5QhI:ASlBtEaa'4Eb,4NTKrPX!!!<;AoD^\"AQ*\\hEa`Tl:i^JnErZ=LD.Rd%6#L=OA_Ra;^B\"[MFECr$BLZE?AH2]1!!!", "5257225": "!<d@[F*LjJ#64c-E,TfC#QOi)!<d@[F*c6o#64o6@VfsmCI<#NAK#Z/Earc7@UX=l@kD/4Ec,H!Dfp.RG@bi;!u#cs@;^.#FD5Z288iWkF%g.WF8u:@!!!#g^B50d@<6NXBOt[h6$-(EFCAuR@<lo.k+>XR2+g+6", "8398857": "!<d@[F*LjJ#64c-E,TfC$NL/,!<d@[F*c*k#64o6@VfsmCI<#NAIiTq@s)j7DImm2/Rr4%AH<'R@<b.XF`):,!!!!%%;B^%ATDs&Ce/JeEcW6(6TthbASuU(FEp5lA7]f_!!!!.Ci<g+F*'!CEc5iAAH;jW1&M\"NrrE1H1&M\"NrrE1I1&M\"NrrE1G1'IXX!!*.H1'.FU!!*.I1'IXX!!*RHBl6a`@<lF);IOHUAL%6U!!*RH@<bUb@<lF);IOHUAcMf1rrEUNE+*s.;IOHUAPI)RAH;c2!!*FJE+*s.6Z7*bF8u:@!!s?\\E+*s.:Msuo6\"Y4ME_1+eDfTq#!>]BeBln&tCf,=`DKKT7GuJZjGA^u&z!>K6cBln&tCf>:]GA^9#@;^1$FEn/m!!!$+B6%p5E)UIsAHVu5!!s$W@<5\"WE,Tc=ARkcC'5V)uFAm-eGA^AuFCAuVDfp)Azz!>&s_FCfK1@;J;>E+*6jFEn2n!!!*2Bl8$(Ec,<%6YKnKB4V&Cz,X;GBEb/`o@<-!l:h=Z<Dfp(#!!&[[RCPNa)Jii'F@0_MEbAr`E+EC!AQ3Si@;JJQF`MQgEr5l_qG]`k%s)\\uGA^u&7;d3]FD5<-z!X<=LEb%aPzz!>0$`F(o/r9Q+E`F*'cfF`):3z", "3161099": "!<d@[F*LpL#64c-E,TfC\"onW'!<d@[F*c9p#64o6@VfsmCI<#NAHu^]F`__:EWlSfH#R=,D.R3j@;]dhF\"METBl7Km1B[r'DffE0AQSp4!!!-.D.Rd%6#L=OA_Ra;4p2+2DffE0AQf'6!!!<3@rH1\"ARfgnA,lT", "5252107": "!<d@[F*LpL#64c-E,TfC#QOi)!<d@[F*c'j#64o6@VfsmCI<#NAK#Z/Earc7@UX=l@kD/4Ec,H!Dfp.RARTY%!u#cs@;^.#FD5Z288iWkF%g.WF8u:@!!!#g^B50d@<6NXBOt[h6$-(EFCAuR@<lo.k+>XR2+g+6", "5263371": "!<d@[F*LpL#64c-E,TfC#QOi)!<d@[F*cHu#64o6@VfsmCI<#NAK#Z/Earc7@UX=l@kD/4Ec,H!Dfp.RARTY%!u#cs@;^.#FD5Z288iWkF%g.WF8u:@!!!#g^B50d@<6NXBOt[h6$-(EFCAuR@<lo.k+>XR2+g+6", "3151884": "!<d@[F*LsM#64c-E,TfC\"onW'!<d@[F*bsg#64o6@VfsmCI<#NAHu^]F`__:EWlSfH#R=%@q]:bE\\2*GDJ'(WEc6&.FCePS!!!!%$#O6pBL-NKCh;$nq`b2gEc6&.FCeVU!!!!*$\"ImiCh7*uARkc@", "3170316": "!<d@[F*LsM#64c-E,TfC\"onW'!<d@[F*cU$#64o6@VfsmCI<#NAHu^]F`__:EWlSfH#R=,D.R3j@;]dhF\"METBl7Km2$=/)DffE0AQSp4!!!-.D.Rd%6#L=OAH2]1!!EOIDffE0AQf'6!!!<3@rH1\"ARfgnA,lT", "3152909": "!<d@[F*M!N#64c-E,TfC\"onW'!<d@[F*c!h#64o6@VfsmCI<#NAJAZqH\"19'@psG\"/SK9D@;^!tA2+0\"FE1f-F(o`1Df/*aF`MOsAS-#az!:[`*'Pq3!F@0_Q@r\"AP<,ZkeCd_]WF3;@.<E5Sd5QC", "5254157": "!<d@[F*M!N#64c-E,TfC#QOi)!<d@[F*c-l#64o6@VfsmCI<#NAK#Z/Earc7@UX=l@kD/4Ec,H!Dfp.RG@bi;!u#cs@;^.#FD5Z288iWkF%g.WF8u:@!!!#g^B50d@<6NXBOt[h6$-(EFCAuR@<lo.k+>XR2+g+6", "5260301": "!<d@[F*M!N#64c-E,TfC#QOi)!<d@[F*c?r#64o6@VfsmCI<#NAK#Z/Earc7@UX=l@kD/4Ec,H!Dfp.RG@bi;!u#cs@;^.#FD5Z288iWkF%g.WF8u:@!!!#g^B50d@<6NXBOt[h6$-(EFCAuR@<lo.k+>XR2+g+6", "5266445": "!<d@[F*M!N#64c-E,TfC#QOi)!<d@[F*cR##64o6@VfsmCI<#NAK#Z/Earc7@UX=l@kD/4Ec,H!Dfp.RG@bi;!u#cs@;^.#FD5Z288iWkF%g.WF8u:@!!!#g^B50d@<6NXBOt[h6$-(EFCAuR@<lo.k+>XR2+g+6", "4210703": "!<d@[F*M'P#64c-E,TfC#64`(!<d@[F*c<q#64o6@VfsmCI<#NAJAZqH\"19'@psG\"/SK9D@;^!tA2+0\"FE1f-F(o`1Df/*aF`MOsAS-#az!:[`*'Pq3!F@0_Q@r\"AP<,ZkeCd_]WF3;@.<E5Sd5QC", "4220944": "!<d@[F*M*Q#64c-E,TfC#64`(!<d@[F*c[&#64o6@VfsmCI<#NAIW9mDfor.F*)>@@:s-U$#+:#ASuU.Ed7ZiEH>r7FE7Qb!!!3,F)5c:EsD_\"!!*'\"!8.PV!!*'\"!!!6)0`V4S!!!W9!!!$\"z!!s6LDfT?!;flqu@:s.JEc5o<!!EUFATMNNDJ*csz!=E7WFCAZm7U]e<!WW3#!!", "4210705": "!<d@[F*M-R#64c-E,TfC#64`(!<d@[F*c<q#64o6@VfsmCI<#NAJ/NlDfRFMF_P`)A1_h?F_>AC\":B0fFCB9&=]/[=gCMCj#mP<eASu'i!!s*KDK]T3F@]hXA8Ggu!!!", "4217873": "!<d@[F*M-R#64c-E,TfC#64`(!<d@[F*cR##64o6@VfsmCI<#NAJJ`oDfRFMF_P`)A1`\">DId[0ARmLu$?C',@<?'`;IO)9!!!!*#&eHlDIm>Z#n:TdG%G]987?CHCh7Yf!!", "4222993": "!<d@[F*M-R#64c-E,TfC#64`(!<d@[F*ca(#64o6@VfsmCI<#NAJS`dA1`\"DDe*9hARmB+ART+$ARTY%!YK9fF`);4A3tQ1DKKT7GtDNHz!!!!&&oDQ0DKKH#6?uCD@<lF)<G>tD!!", "6320145": "!<d@[F*M-R#64c-E,TfC#ljr*!<d@[F*ca(#64o6@VfsmCI<#NAHu^]F`__:EWlSfH#R=/F(f-$Ah@S2E--@WF*)G2BkM+$\":&scFCB9&=9&=$!!EUFATMNNDJ*csgCHk@\":&scFCB9&=o\\O&!!rsADes6$@ru9m!!!", "1071122": "!<d@[F*M0S#64c-E,TfC\"98E%!<d@[F*cO\"#64o6@VfsmCI<#NAHu^]F`__:EWlSfH#R='CggjbATBA2B4YU1\":&scFCB9&=9&=$!!EUFATMNNDJ*csgCMCj\":&scFCB9&=o\\O&!!rsADes6$@ru9m!!!", "2119698": "!<d@[F*M0S#64c-E,TfC\"TSN&!<d@[F*cO\"#64o6@VfsmCI<#NAHu^]F`__:EWlSfH#R='CggjbATBA2B4YU2\":&scFCB9&=9&=$!!EUFATMNNDJ*csgCMCj\":&scFCB9&=o\\O&!!rsADes6$@ru9m!!!", "3151890": "!<d@[F*M0S#64c-E,TfC\"onW'!<d@[F*bsg#64o6@VfsmCI<#NAJJ`oDfRFMF_P`)A1`\">DId[0ARmP!$?C',@<?'`;IO+j&'7$B#&eHlDIm>Y#n:TdG%G]987?CHCh7Yf!!", "3168274": "!<d@[F*M0S#64c-E,TfC\"onW'!<d@[F*cO\"#64o6@VfsmCI<#NAHu^]F`__:EWlSfH#R='CggjbATBA2B4YU2\":&scFCB9&=9&=$!!EUFATMNNDJ*csgCMCj\":&scFCB9&=o\\O&!!rsADes6$@ru9m!!!", "4204562": "!<d@[F*M0S#64c-E,TfC#64`(!<d@[F*c*k#64o6@VfsmCI<#NAJ/NlDfRFMF_P`)A1_h?F_>AB\":B0fFCB9&=]/[=gCMCj#mP<eASu'i!!s*KDK]T3F@]hXA8Ggu!!!", "4212754": "!<d@[F*M0S#64c-E,TfC#64`(!<d@[F*cBs#64o6@VfsmCI<#NAHu^]F`__:EWlSfH#R=,D.R3j@;]dhF\"METBl7Km1B[r'DffE0AQSp4!!!-.D.Rd%6#L=OA^XNS56M43DffE0AQf'6!!!<3@rH1\"ARfgnA,lT", "4218898": "!<d@[F*M0S#64c-E,TfC#64`(!<d@[F*cU$#64o6@VfsmCI<#NAHu^]F`__:EWlSfH#R=1@rc\"\"AM7P6@<?'4F)>?%Cb9CEDJK@[Ec6&.FCePS!!!!%$#O6pBL-NKCh;\\NQG3P-Ec6&.FCeVU!!!!*$\"ImiCh7*uARkc@", "5268498": "!<d@[F*M0S#64c-E,TfC#QOi)!<d@[F*cX%#64o6@VfsmCI<#NAIW`iE+O*4Ed96J@<6Ms#'+X(FCf=i\"U&pmE+K/mDfd]6", "5269522": "!<d@[F*M0S#64c-E,TfC#QOi)!<d@[F*c[&#64o6@VfsmCI<#NAIW`iE+O*4Ed96J@<6Ms#'+X(FCf=i\"U&pmE+K/mDfd`7", "5270546": "!<d@[F*M0S#64c-E,TfC#QOi)!<d@[F*c^'#64o6@VfsmCI<#NAIW`iE+O*4Ed96J@<6Ms#'+X(FCf=i\"U&pmE+K/mDfdc8", "6310930": "!<d@[F*M0S#64c-E,TfC#ljr*!<d@[F*cEt#64o6@VfsmCI<#NAI;p\\ATMrFARTY%\"po!]G%GQ5DfU+(#'\"^#Dfg%'!!!!'\"`nKuFE7Zf0E;+R!!!*%!!!$\"!!!!(!AOQT!!!!4!<<*#!!!!%$Zp</@;J;E@;]Rdc-/jF!!`N[!!*'\"!##A5!!*'\"!!E[ODffE(6YKnG@qEp/9KiF]!Aa]V!!!!6!<<*#z!!!02AoD]VCi<g!6Z6LH$=da\\F*'!F@<6Mo\"E\\p.AHldcCh.*p\":8pVF(djWB5D/;m4U^)", "6320146": "!<d@[F*M0S#64c-E,TfC#ljr*!<d@[F*ca(#64o6@VfsmCI<#NAHu^]F`__:EWlSfH#R=%F(f-$Ah@h-D/]U_Ec6&.FCePS!!!!%$#O6pBL-NKCh;?38O*C`Ec6&.FCeVU!!!!*$\"ImiCh7*uARkc@", "1071123": "!<d@[F*M3T#64c-E,TfC\"98E%!<d@[F*cO\"#64o6@VfsmCI<#NAI;p\\ATMrFARTY%\"po!]G%GQ5DfU+(#'\"^#Dfg%+!!!!'\"`nKuFE7Zf0E;+R!!!Z5!!!$\"!!!!(!AOQT!!!!4!<<*#!!!!%$Zp</@;J;E@;]Rdc-/jF!!`N[!!*'\"!!30$!!*'\"!!!6)1B7FU!!!f9!!!$\"!!!!(!AjcW!!!!3!<<*#z#6?[^!<<*\"'*/(5!<<*\"\":K<iFCAuQBOPdgA^/Fm4obfg2?3aX!!!95!!!$\"!!!!(!B0uZ!!!!4!<<*#!!!!%$Zp</@;J;E@;]Rdc-/jF!!!!&$taEu6>URMCI<#NAI;p\\ATMrFARTY%\"U&pmE+KAdDes5uE-#T$1B\\#$ATMNNDJ*csgCME@!!", "4203539": "!<d@[F*M3T#64c-E,TfC#64`(!<d@[F*c'j#64o6@VfsmCI<#NAHu^]F`__:EWlSfH#R=%@q]:bE\\1^4ARkoKEc6&.FCePS!!!!%$#O6pBL-NKCh;\\NQ9PKWEc6&.FCeVU!!!!*$\"ImiCh7*uARkc@", "4205587": "!<d@[F*M3T#64c-E,TfC#64`(!<d@[F*c-l#64o6@VfsmCI<#NAHu^]F`__:EWlSfH#R=%FCAWpAM%>'ARkoKEc6&.FCePS!!!!%$#O6pBL-NKCh;?3aZfn5Ec6&.FCeVU!!!!*$\"ImiCh7*uARkc@", "4212755": "!<d@[F*M3T#64c-E,TfC#64`(!<d@[F*cBs#64o6@VfsmCI<#NAHu^]F`__:EWlSfH#R=#D.-pfBl7K?\":&scFCB9&=9&=$!!EUFATMNNDJ*csjNA<(\":&scFCB9&=o\\O&!!rsADes6$@ru9m!!!", "4213779": "!<d@[F*M3T#64c-E,TfC#64`(!<d@[F*cEt#64o6@VfsmCI<#NAI;p\\ATMrFARTY%\"po!]G%GQ5DfU+(#'\"^#Dfg%+!!!!'\"`nKuFE7Zf0E;+R!!!f9!!!$\"!!!!(!AOQT!!!!)$ig8.z#6?R[!<<*\"%flY1!<<*\"!!`N\\!!*'\"!&b;e!!*'\"!!!6)1]ROV!!\"qf!!!$\"!!!!(!AsiX!!!!0!<<*#!!!!%$Zp</@;J;E@;]Rd!!%O5!!`N_!!*'\"!9Oak!!*'\"!!!6)2ZNjY!!!T3!!!$\"z!!NdCDfS0\\De!QMDe*Dd@q]FpF=h'4F*%QgFEqh:$=e!jCgh:(ARmS\"$#O6pBL-NKCh;?38\\b<", "4216851": "!<d@[F*M3T#64c-E,TfC#64`(!<d@[F*cO\"#64o6@VfsmCI<#NAHu^]F`__:EWlSfH#R=1@rc\"\"AM7P6@<?'4Cgh?sAM%Y>DJK@[Ec6&.FCePS!!!!%$#O6pBL-NKCh;?3ahIr`Ec6&.FCeVU!!!!*$\"ImiCh7*uARkc@", "5258259": "!<d@[F*M3T#64c-E,TfC#QOi)!<d@[F*c9p#64o6@VfsmCI<#NAI`g#DesH&@r!Z6DfTr5\"po!]G%GQ5DfU+(#'\"^#Dfg%'!!!!'\"`nKuFE7E^!!", "3149844": "!<d@[F*M6U#64c-E,TfC\"onW'!<d@[F*bme#64o6@VfsmCI<#NAJS`dA1`\"DDe*9hARmB+ART+$ARTY%!YK9fF`);4A3tQ1DKKT7GtDNHz!!!!&&oDQ0DKKH#6?uCD@<lF)<G>tD!!", "4207636": "!<d@[F*M6U#64c-E,TfC#64`(!<d@[F*c3n#64o6@VfsmCI<#NAI;p\\ATMrFARTY%\"po!]G%GQ5DfU+(#'\"^#Dfg%+!!!!'\"`nKuFE7Zf0E;+R!!!W4!!!$\"!!!!(!AOQT!!!!)$ig8.z#6?R[!<<*\"2%BTd!<<*\"!!`N\\!!*'\"!##A5!!*'\"!!E[ODffE(6YKnG@qEp/9KiF]!AjcW!!!!V%KHJ0z#6?[^!<<*\"'*/(5!<<*\"\":K<iFCAuQBOPdgA^/Fm4obfg2?3aX!!!*%!!!$\"!!!!(!B0uZ!!!!Z%KHJ0z!!!02AoD]VCi<g!6Z6LH$=da\\F*'!F@<6Mo\"E\\p.AI;pcCi!O!F(Jl:\":8pVF(djWB5D/6%nXP:", "4211732": "!<d@[F*M6U#64c-E,TfC#64`(!<d@[F*c?r#64o6@VfsmCI<#NAINEeFC?bBE+*s.AT@eWD..ZVDfor>!<<*\"\":]'_FCfK9@;JJQF`MO'!!!!+$Y=3tBlnVfDe*F#!<<*\"*+r\\sANFXG@s)j7/Rr^>Ecl>C/TY?E@VfI`AH;jW1&h4QrrE1H0`_7S!!*.I1&h4QrrE1G1'7LV!!*.H1'.FU!!*.I1'7LV!!*RHBl6a`@<lF);IOHUAJ>+E!!*RH@<bUb@<lF);IOHUAP`@,!!*RNE+*s.;IOHUAPI)RAHMo4!!*FJE+*s.6Z7*bF9MXE!!s?\\E+*s.:Msuo6\"Y4ME_1+eDfTq#!>]BeBln&tCf,=`DKKT7GuJZjGA^u&z!>K6cBln&tCf>:]GA^9#@;^1$FEmid!!!$+B6%p5E)UIsAH;c2!!s$W@<5\"WE,Tc=ARkcC'5V)uFAm-eGA^AuFCAuVDfp)A!&Hp_#\"R--!>&s_FCfK1@;J;>E+*6jFEmle!!!*2Bl8$(Ec,<%6YKnKB4V&Cz#XAJ&Eb/`o@<-!l:h=Z<Dfp(#!!&[[RCPNa)Jii'F@0_MEbAr`E+EC!AQ3Si@;JJQF`MQgEr5l_qG]`k%s)\\uGA^u&7;d3]FD5<-z!!", "5258260": "!<d@[F*M6U#64c-E,TfC#QOi)!<d@[F*c9p#64o6@VfsmCI<#NAI`g#DesH&@r!Z6DfTr5\"po!]G%GQ5DfU+(#'\"^#Dfg%'!!!!'\"`nKuFE7Zf1B7FU!!!W9!!!$\"z!!!", "3152917": "!<d@[F*M9V#64c-E,TfC\"onW'!<d@[F*c!h#64o6@VfsmCI<#NAHu^]F`__:EWlSfH#R=#@WGn'Bk;<A\":&scFCB9&=9&=$!!EUFATMNNDJ*csjNA=S\":&scFCB9&=o\\O&!!rsADes6$@ru9m!!!", "4204565": "!<d@[F*M9V#64c-E,TfC#64`(!<d@[F*c*k#64o6@VfsmCI<#NAJ\\feA1`\"DDe*9hARmB+ART+$DJsQ;BEAc_Dfor>ARn,Q7;d3]FEpGgzz\"VPZjF`);4A3tQ<CghU#E`Hga!!!", "4205589": "!<d@[F*M9V#64c-E,TfC#64`(!<d@[F*c-l#64o6@VfsmCI<#NAHu^]F`__:EWlSfH#R=&D.R3j/SJ^3E+O%m#BFa)@<?'_z\":8pVF(djWB5D/-;u=<4#BFa)@<?'az#mk*[Ci!ZmFCet_!!", "4210709": "!<d@[F*M9V#64c-E,TfC#64`(!<d@[F*c<q#64o6@VfsmCI<#NAJS`dA1`\"DDe*9hARmB+ART+$ARTY%!YK9fF`);4A3tQ1DKKT7GtDNHz!!!!&&oDQ0DKKH#6?uCD@<lF)<G>tD!!", "4215829": "!<d@[F*M9V#64c-E,TfC#64`(!<d@[F*cL!#64o6@VfsmCI<#NAHu^]F`__:EWlSfH#R=%FCAWpAM%>'ARkoKEc6&.FCePS!!!!%$#O6pBL-NKCh;?38O*C`Ec6&.FCeVU!!!!*$\"ImiCh7*uARkc@", "5264405": "!<d@[F*M9V#64c-E,TfC#QOi)!<d@[F*cL!#64o6@VfsmCI<#NAI`fjE+O*4Ed96XDfp/8#mPEgFED)3!!NLIH#R=&F(&m.@<?4%DDEsI", "6312981": "!<d@[F*M9V#64c-E,TfC#ljr*!<d@[F*cL!#64o6@VfsmCI<#NAI`fjE+O*4Ed96XDfp/8#mPEgFED)3!!NLIH#R=&F(&m.@<?4%DD<mH", "3149846": "!<d@[F*M<W#64c-E,TfC\"onW'!<d@[F*bme#64o6@VfsmCI<#NAI;p\\ATMrFARTY%\"po!]G%GQ5DfU+(#'\"^#Dfg%+!!!!'\"`nKuFE7Zf0E;+R!!!*%!!!$\"!!!!(!AOQT!!!!Z%KHJ0z#6?R[!<<*\"#Rg\\5!<<*\"!!`N\\!!*'\"!##A5!!*'\"!!E[ODffE(6YKnG@qEp/9KiF]!AjcW!!!#]%KHJ0z#6?[^!<<*\"'*/(5!<<*\"\":K<iFCAuQBOPdgA^/Fm4obfg2?3aX!!!f9!!!$\"!!!!(!B0uZ!!!!'!<<*#z!!!02AoD]VCi<g!6Z6LH$=da\\F*'!F@<6Mo\"E\\p.AI;pcCi!O!F(Jl<\":8pVF(djWB5D,Zz", "4209686": "!<d@[F*M<W#64c-E,TfC#64`(!<d@[F*c9p#64o6@VfsmCI<#NAK>8sF`__:Eb/cjDf9E4BOu!l/R`:'A78tV@qf?T\"E\\p.AKkT%DejE-AScO$F\"_!@DejE-ASbs1Ecl)6ARmB)F_kkN\":&scFCB9&=9&=$!!EUFATMNNDJ*csgCME@\":&scFCB9&=o\\O&!!rsADes6$@ru9m!!NUN@<-'jDKH\"p@;KNZ\"a#$/AMO5c", "4211734": "!<d@[F*M<W#64c-E,TfC#64`(!<d@[F*c?r#64o6@VfsmCI<#NAHu^]F`__:EWlSfH#R=5@W-1#F(f-$G%G_J@W-1#E+s-\"/R`:'A2=>nEc6&.FCePS!!!!%$#O6pBL-NKCh;?3ahIr`Ec6&.FCeVU!!!!*$\"ImiCh7*uARkc@", "4213782": "!<d@[F*M<W#64c-E,TfC#64`(!<d@[F*cEt#64o6@VfsmCI<#NAHu^]F`__:EWlSfH#R=%@q]:bE\\1^4ARkoKEc6&.FCePS!!!!%$#O6pBL-NKCh;Pl0>I\\qEc6&.FCeVU!!!!*$\"ImiCh7*uARkc@", "4215830": "!<d@[F*M<W#64c-E,TfC#64`(!<d@[F*cL!#64o6@VfsmCI<#NAHu^]F`__:EWlSfH#R=%FCAWpAM%>'ARkoKEc6&.FCePS!!!!%$#O6pBL-NKCh;?38O*C`Ec6&.FCeVU!!!!*$\"ImiCh7*uARkc@", "5250070": "!<d@[F*M<W#64c-E,TfC#QOi)!<d@[F*c!h#64o6@VfsmCI<#NAHu^]F`__:EWlSfH#R=&FCB'&/T#'@@;IY$#BFa)@<?'_z\":8pVF(djWB5D/?b8.kr#BFa)@<?'az#mk*[Ci!ZmFCet_!!", "5258262": "!<d@[F*M<W#64c-E,TfC#QOi)!<d@[F*c9p#64o6@VfsmCI<#NAK#&pF`__:Eb/cjDf9E4BOu!lGA2/4Ci=?*\"U&pmE+LD+Df9E4BOu\"'ATKM6Df9E4BOu!l/TPuJDIm?1Ap%p+/So?GAMaMpEc6&.FCePS!!!!%$#O6pBL-NKCh;?3ahIr`Ec6&.FCeVU!!!!*$\"ImiCh7*uARkcE#BjNrBjkn$\"DD4[Ad&?[H#R=M!!NXEDfTDVDe*D_C2[uuErZ", "5260310": "!<d@[F*M<W#64c-E,TfC#QOi)!<d@[F*c?r#64o6@VfsmCI<#NAK,`0EarcrDerrqE\\1^4ARmB(D/aTB/S/@3F8u", "5264406": "!<d@[F*M<W#64c-E,TfC#QOi)!<d@[F*cL!#64o6@VfsmCI<#NAI`fjE+O*4Ed96XDfp/8#mPEgFED)3!!NLIH#R=&F(&m.@<?4%DDEpH", "6306838": "!<d@[F*M<W#64c-E,TfC#ljr*!<d@[F*c9p#64o6@VfsmCI<#NAK>8sF`__:Eb/cjDf9E4BOu!l/R`:'A78tV@qf?T\"E\\p.AKkT%DejE-AScO$F\"_!@DejE-ASbs1Ecl)6ARmB)F_kkQ\":&scFCB9&=9&=$!!EUFATMNNDJ*csgCME@\":&scFCB9&=o\\O&!!rsADes6$@ru9m!!NUN@<-'jDKH\"p@;KNZ\"a#$/AMO5c", "6312982": "!<d@[F*M<W#64c-E,TfC#ljr*!<d@[F*cL!#64o6@VfsmCI<#NAI`fjE+O*4Ed96XDfp/8#mPEgFED)3!!NLIH#R=&F(&m.@<?4%DD<jG"}, "Entities": [], "ReplaceMode": 2, "EntranceRotation": -1}