{"GameVersion": "1.18.5", "SizeX": 25, "SizeY": 16, "SizeZ": 32, "BlockCodes": {"488": "game:bowl-fired", "661": "game:claypot-burned", "8613": "game:meta-underground", "2966": "game:cobblestone-sandstone", "9493": "game:agedstonebricks-sandstone", "9471": "game:polishedrockold-full-sandstone", "9472": "game:polishedrockold-cobbled-sandstone", "3099": "game:cobblestonestairs-sandstone-up-west-free", "3118": "game:cobblestonestairs-sandstone-down-west-free", "4154": "game:drystone-sandstone", "8611": "game:meta-filler", "3061": "game:cobblestonestairs-sandstone-up-south-free", "8617": "game:spiderweb", "6540": "game:crate", "2833": "game:cobblestoneslab-sandstone-up-free", "633": "game:lootvessel-forage", "6179": "game:rock-sandstone", "832": "game:tapestry-south", "5122": "game:looseboulders-sandstone-free", "9523": "game:door-ruined-windowed2", "8606": "game:clutter", "411": "game:drycarcass-humanoid1", "136": "game:multiblock-monolithic-0-p1-0", "3080": "game:cobblestonestairs-sandstone-down-south-free", "2814": "game:cobblestoneslab-sandstone-west-free", "2985": "game:cobblestonestairs-sandstone-up-north-free", "637": "game:lootvessel-arcticsupplies", "3004": "game:cobblestonestairs-sandstone-down-north-free", "896": "game:glasspane-leaded-aged-ew", "8069": "game:bed-woodaged-head-south", "8072": "game:bed-woodaged-feet-south", "8109": "game:chest-east", "2852": "game:cobblestoneslab-sandstone-down-free", "1591": "game:torchholder-aged-empty-east", "1188": "game:locustnest-stalagmite-small1", "1180": "game:locustnest-cage", "2621": "game:bonysoil", "2757": "game:cobblestoneslab-sandstone-north-free", "1187": "game:locustnest-stalagmite-main1", "635": "game:lootvessel-tool", "2795": "game:cobblestoneslab-sandstone-south-free", "1189": "game:locustnest-stalagmite-small2", "3239": "game:forge", "1617": "game:torchholder-aged-empty-south", "3023": "game:cobblestonestairs-sandstone-up-east-free", "1255": "game:anvil-copper", "1422": "game:loosegears-1", "8374": "game:toolrack-south", "8060": "game:bed-woodaged-feet-north", "8057": "game:bed-woodaged-head-north", "4174": "game:drystonefence-sandstone-empty-free", "3042": "game:cobblestonestairs-sandstone-down-east-free", "1429": "game:metalpartpile-large-north", "1179": "game:water-still-7", "412": "game:drycarcass-humanoid2", "1428": "game:metal-scraps", "1431": "game:metalpartpile-large-south", "1565": "game:torchholder-aged-empty-north", "883": "game:glasspane-leaded-aged-ns", "6492": "game:stalagsection-sandstone-04", "2022": "game:glowworms-end1", "6469": "game:stalagsection-sandstone-06", "2020": "game:glowworms-segment1", "2019": "game:glowworms-base2-short", "6446": "game:stalagsection-sandstone-08", "2016": "game:glowworms-base1", "1178": "game:water-d-7", "8082": "game:woodbucket", "9520": "game:door-ruined-rough2", "634": "game:lootvessel-ore", "8054": "game:barrel", "830": "game:tapestry-north", "8614": "game:meta-spawner", "2017": "game:glowworms-base1-short", "2776": "game:cobblestoneslab-sandstone-east-free", "8612": "game:meta-pathway", "9519": "game:door-ruined-rough1", "1435": "game:metalpartpile-medium", "397": "game:bonyremains-cowskull-up", "9715": "game:clutteredbookshelf-agedacacia", "9522": "game:door-ruined-windowed1", "9716": "game:clutteredbookshelfwithlore", "8610": "game:groundstorage", "8383": "game:torch-basic-burnedout-east", "8382": "game:torch-basic-extinct-east", "1436": "game:metalpartpile-large", "1430": "game:metalpartpile-large-east", "8200": "game:firepit-cold", "632": "game:lootvessel-food"}, "ItemCodes": {"1487": "game:stone-halite", "3647": "game:stackrandomizer-jonasparts", "3638": "game:stackrandomizer-buildingblocks", "275": "game:stackrandomizer-resource", "3704": "game:stackrandomizer-jonasframes", "262": "game:stackrandomizer-accessory-mediumstatus", "277": "game:stackrandomizer-lantern", "270": "game:stackrandomizer-fuel", "1385": "game:ore-bituminouscoal", "273": "game:stackrandomizer-coppertool", "962": "game:nugget-nativecopper", "258": "game:stackrandomizer-cloth-lowstatus", "269": "game:stackrandomizer-ore", "271": "game:stackrandomizer-ingot", "1743": "game:spear-scrap-scrap", "1613": "game:hammer-copper", "1753": "game:club-scrapmace-scrap", "260": "game:stackrandomizer-cloth-highstatus", "274": "game:stackrandomizer-copperweapon", "279": "game:stackrandomizer-gear", "278": "game:stackrandomizer-painting", "3668": "game:stackrandomizer-library", "3817": "game:stackrandomizer-rottenkingclothing", "259": "game:stackrandomizer-cloth-mediumstatus", "261": "game:stackrandomizer-accessory-lowstatus", "3637": "game:stackrandomizer-armor", "252": "game:waterportion", "1389": "game:ore-sulfur", "1382": "game:ore-borax", "3080": "game:stackrandomizer-ruinedweapon", "263": "game:stackrandomizer-accessory-highstatus", "268": "game:stackrandomizer-lore-jonas", "3669": "game:stackrandomizer-mines", "276": "game:stackrandomizer-tuningcylinder", "272": "game:stackrandomizer-seed", "3641": "game:stackrandomizer-newlore", "773": "game:firewood", "3639": "game:stackrandomizer-clayproducts", "3814": "game:stackrandomizer-backpack"}, "Indices": [4210688, 6302720, 2106369, 2107393, 2108417, 2109441, 2110465, 2111489, 2112513, 2113537, 3154945, 3155969, 3156993, 3158017, 3159041, 3160065, 3161089, 3162113, 4203521, 4204545, 4205569, 4206593, 4207617, 4208641, 4209665, 4210689, 5252097, 5253121, 5254145, 5255169, 5256193, 5257217, 5258241, 5259265, 6297601, 6300673, 6301697, 6302721, 6303745, 6304769, 6305793, 6306817, 6307841, 7349249, 7350273, 7351297, 7352321, 7353345, 7354369, 7355393, 7356417, 8397825, 8398849, 8399873, 8400897, 8401921, 8402945, 8403969, 8404993, 9446401, 9447425, 9448449, 9449473, 9450497, 9451521, 9452545, 9453569, 10494977, 10496001, 10497025, 10498049, 10499073, 10500097, 10501121, 10502145, 2103298, 2104322, 2105346, 2106370, 2107394, 2108418, 2109442, 2110466, 2111490, 2112514, 2113538, 3151874, 3152898, 3153922, 3154946, 3155970, 3156994, 3158018, 3159042, 3160066, 3161090, 3162114, 4200450, 4201474, 4202498, 4203522, 4204546, 4205570, 4206594, 4207618, 4208642, 4209666, 4210690, 5249026, 5250050, 5251074, 5252098, 5253122, 5254146, 5255170, 5256194, 5257218, 5258242, 5259266, 6297602, 6298626, 6299650, 6300674, 6301698, 6302722, 6303746, 6304770, 6305794, 6306818, 6307842, 7347202, 7348226, 7349250, 7350274, 7351298, 7352322, 7353346, 7354370, 7355394, 7356418, 8397826, 8398850, 8399874, 8400898, 8401922, 8402946, 8403970, 8404994, 9446402, 9447426, 9448450, 9449474, 9450498, 9451522, 9452546, 9453570, 10494978, 10496002, 10497026, 10498050, 10499074, 10500098, 10501122, 10502146, 1055747, 1061891, 2103299, 2104323, 2105347, 2106371, 2107395, 2108419, 2109443, 2110467, 2111491, 2112515, 2113539, 3151875, 3152899, 3153923, 3154947, 3155971, 3156995, 3158019, 3159043, 3160067, 3161091, 3162115, 4200451, 4201475, 4202499, 4203523, 4204547, 4205571, 4206595, 4207619, 4208643, 4209667, 4210691, 4211715, 5249027, 5250051, 5251075, 5252099, 5253123, 5254147, 5255171, 5256195, 5257219, 5258243, 5259267, 6297603, 6298627, 6299651, 6300675, 6301699, 6302723, 6303747, 6304771, 6305795, 6306819, 6307843, 7347203, 7348227, 7349251, 7350275, 7351299, 7352323, 7353347, 7354371, 7355395, 7356419, 8396803, 8397827, 8398851, 8399875, 8400899, 8401923, 8402947, 8403971, 8404995, 9446403, 9447427, 9448451, 9449475, 9450499, 9451523, 9452547, 9453571, 10494979, 10496003, 10497027, 10498051, 10499075, 10500099, 10501123, 10502147, 2103300, 2104324, 2105348, 2106372, 2107396, 2108420, 2109444, 2110468, 2111492, 2112516, 2113540, 3151876, 3152900, 3153924, 3154948, 3155972, 3156996, 3158020, 3159044, 3160068, 3161092, 3162116, 4200452, 4201476, 4202500, 4203524, 4204548, 4205572, 4206596, 4207620, 4208644, 4209668, 4210692, 5248004, 5249028, 5250052, 5251076, 5252100, 5253124, 5254148, 5255172, 5256196, 5257220, 5258244, 5259268, 6297604, 6298628, 6299652, 6300676, 6301700, 6302724, 6303748, 6304772, 6305796, 6306820, 6307844, 7346180, 7347204, 7348228, 7349252, 7350276, 7351300, 7352324, 7353348, 7354372, 7355396, 7356420, 7357444, 7358468, 8395780, 8396804, 8397828, 8398852, 8399876, 8400900, 8401924, 8402948, 8403972, 8404996, 8406020, 9446404, 9447428, 9448452, 9449476, 9450500, 9451524, 9452548, 9453572, 9454596, 10494980, 10496004, 10497028, 10498052, 10499076, 10500100, 10501124, 10502148, 10503172, 2103301, 2104325, 2105349, 2106373, 2107397, 2108421, 2109445, 2110469, 2111493, 2112517, 2113541, 3151877, 3152901, 3153925, 3154949, 3155973, 3156997, 3158021, 3159045, 3160069, 3161093, 3162117, 3163141, 3164165, 3165189, 3166213, 4200453, 4201477, 4202501, 4203525, 4204549, 4205573, 4206597, 4207621, 4208645, 4209669, 4210693, 4211717, 4212741, 4213765, 5249029, 5250053, 5251077, 5252101, 5253125, 5254149, 5255173, 5256197, 5257221, 5258245, 5259269, 5260293, 5261317, 5262341, 5263365, 6297605, 6298629, 6299653, 6300677, 6301701, 6302725, 6303749, 6304773, 6305797, 6306821, 6307845, 6308869, 6309893, 6310917, 6311941, 7346181, 7347205, 7348229, 7349253, 7350277, 7351301, 7352325, 7353349, 7354373, 7355397, 7356421, 7357445, 7358469, 7359493, 7360517, 8394757, 8395781, 8396805, 8397829, 8398853, 8399877, 8400901, 8401925, 8402949, 8403973, 8404997, 8406021, 8407045, 8408069, 8409093, 9443333, 9444357, 9445381, 9446405, 9447429, 9448453, 9449477, 9450501, 9451525, 9452549, 9453573, 9454597, 9455621, 10494981, 10496005, 10497029, 10498053, 10499077, 10500101, 10501125, 10502149, 10503173, 10504197, 11546629, 11551749, 2103302, 2104326, 2105350, 2106374, 2107398, 2108422, 2109446, 2110470, 2111494, 2112518, 2113542, 2114566, 2115590, 3151878, 3152902, 3153926, 3154950, 3155974, 3156998, 3158022, 3159046, 3160070, 3161094, 3162118, 3163142, 3164166, 3165190, 3166214, 3167238, 3168262, 3169286, 4200454, 4201478, 4202502, 4203526, 4204550, 4205574, 4206598, 4207622, 4208646, 4209670, 4210694, 4211718, 4212742, 4213766, 4214790, 4215814, 4216838, 5249030, 5250054, 5251078, 5252102, 5253126, 5254150, 5255174, 5256198, 5257222, 5258246, 5259270, 5260294, 5261318, 5262342, 5263366, 5264390, 5265414, 5266438, 6297606, 6298630, 6299654, 6300678, 6301702, 6302726, 6303750, 6304774, 6305798, 6306822, 6307846, 6308870, 6309894, 6310918, 6311942, 6312966, 6313990, 7346182, 7347206, 7348230, 7349254, 7350278, 7351302, 7352326, 7353350, 7354374, 7355398, 7356422, 7357446, 7358470, 7359494, 7360518, 7361542, 8394758, 8395782, 8396806, 8397830, 8398854, 8399878, 8400902, 8401926, 8402950, 8403974, 8404998, 8406022, 8407046, 8408070, 8409094, 8410118, 9443334, 9444358, 9445382, 9446406, 9447430, 9448454, 9449478, 9450502, 9451526, 9452550, 9453574, 9454598, 9455622, 9456646, 9457670, 10492934, 10493958, 10494982, 10496006, 10497030, 10498054, 10499078, 10500102, 10501126, 10502150, 10503174, 10504198, 10505222, 11551750, 2104327, 2105351, 2106375, 2107399, 2108423, 2109447, 2110471, 2111495, 2112519, 2113543, 2114567, 2115591, 2116615, 2117639, 2118663, 3151879, 3152903, 3153927, 3154951, 3155975, 3156999, 3158023, 3159047, 3160071, 3161095, 3162119, 3163143, 3164167, 3165191, 3166215, 3167239, 3168263, 3169287, 4200455, 4201479, 4202503, 4203527, 4204551, 4205575, 4206599, 4207623, 4208647, 4209671, 4210695, 4211719, 4212743, 4213767, 4214791, 4215815, 4216839, 4217863, 5249031, 5250055, 5251079, 5252103, 5253127, 5254151, 5255175, 5256199, 5257223, 5258247, 5259271, 5260295, 5261319, 5262343, 5263367, 5264391, 5265415, 5266439, 6295559, 6297607, 6298631, 6299655, 6300679, 6301703, 6302727, 6303751, 6304775, 6305799, 6306823, 6307847, 6308871, 6309895, 6310919, 6311943, 6312967, 6313991, 6315015, 7346183, 7347207, 7348231, 7349255, 7350279, 7351303, 7352327, 7353351, 7354375, 7355399, 7356423, 7357447, 7358471, 7359495, 7360519, 7361543, 7362567, 8394759, 8395783, 8396807, 8397831, 8398855, 8399879, 8400903, 8401927, 8402951, 8403975, 8404999, 8406023, 8407047, 8408071, 8409095, 8410119, 9443335, 9444359, 9445383, 9446407, 9447431, 9448455, 9449479, 9450503, 9451527, 9452551, 9453575, 9454599, 9455623, 9456647, 9457671, 10492935, 10493959, 10494983, 10496007, 10497031, 10498055, 10499079, 10500103, 10501127, 10502151, 10503175, 10504199, 10505223, 11541511, 11542535, 11543559, 11544583, 11545607, 11546631, 11547655, 11548679, 11549703, 11550727, 11551751, 2099208, 2100232, 2101256, 2102280, 2103304, 2104328, 2105352, 2106376, 2107400, 2108424, 2109448, 2110472, 2111496, 2112520, 2113544, 2114568, 2115592, 2116616, 2117640, 2118664, 2119688, 2120712, 3147784, 3148808, 3149832, 3150856, 3151880, 3152904, 3153928, 3154952, 3155976, 3157000, 3158024, 3159048, 3160072, 3161096, 3162120, 3163144, 3164168, 3165192, 3166216, 3167240, 3168264, 3169288, 4196360, 4197384, 4198408, 4199432, 4200456, 4201480, 4202504, 4203528, 4204552, 4205576, 4206600, 4207624, 4208648, 4209672, 4210696, 4211720, 4212744, 4213768, 4214792, 4215816, 4216840, 4217864, 4218888, 5244936, 5245960, 5246984, 5248008, 5249032, 5250056, 5251080, 5252104, 5253128, 5254152, 5255176, 5256200, 5257224, 5258248, 5259272, 5260296, 5261320, 5262344, 5263368, 5264392, 5265416, 5266440, 6293512, 6294536, 6295560, 6296584, 6297608, 6298632, 6299656, 6300680, 6301704, 6302728, 6303752, 6304776, 6305800, 6306824, 6307848, 6308872, 6309896, 6310920, 6311944, 6312968, 6313992, 6315016, 7342088, 7343112, 7344136, 7345160, 7346184, 7347208, 7348232, 7349256, 7350280, 7351304, 7352328, 7353352, 7354376, 7355400, 7356424, 7357448, 7358472, 7359496, 7360520, 7361544, 7362568, 7363592, 8390664, 8391688, 8392712, 8393736, 8394760, 8395784, 8396808, 8397832, 8398856, 8399880, 8400904, 8401928, 8402952, 8403976, 8405000, 8406024, 8407048, 8408072, 8409096, 8410120, 8411144, 9439240, 9440264, 9441288, 9442312, 9443336, 9444360, 9445384, 9446408, 9447432, 9448456, 9449480, 9450504, 9451528, 9452552, 9453576, 9454600, 9455624, 9456648, 9457672, 10492936, 10493960, 10494984, 10496008, 10497032, 10498056, 10499080, 10500104, 10501128, 10502152, 10503176, 10504200, 10505224, 11539464, 11541512, 11542536, 11543560, 11544584, 11545608, 11546632, 11547656, 11548680, 11549704, 11550728, 11551752, 11552776, 12591112, 12592136, 12593160, 12594184, 12595208, 12596232, 12597256, 12598280, 12599304, 12600328, 1068041, 2099209, 2100233, 2101257, 2102281, 2103305, 2104329, 2105353, 2106377, 2107401, 2108425, 2109449, 2110473, 2111497, 2112521, 2113545, 2114569, 2115593, 2116617, 2117641, 2118665, 2119689, 3147785, 3148809, 3149833, 3150857, 3151881, 3152905, 3153929, 3154953, 3155977, 3157001, 3158025, 3159049, 3160073, 3161097, 3162121, 3163145, 3164169, 3165193, 3166217, 3167241, 3168265, 3169289, 4196361, 4197385, 4198409, 4199433, 4200457, 4201481, 4202505, 4203529, 4204553, 4205577, 4206601, 4207625, 4208649, 4209673, 4210697, 4211721, 4212745, 4213769, 4214793, 4215817, 4216841, 4217865, 5244937, 5245961, 5246985, 5248009, 5249033, 5250057, 5251081, 5252105, 5253129, 5254153, 5255177, 5256201, 5257225, 5258249, 5259273, 5260297, 5261321, 5262345, 5263369, 5264393, 5265417, 5266441, 6293513, 6294537, 6295561, 6296585, 6297609, 6298633, 6299657, 6300681, 6301705, 6302729, 6303753, 6304777, 6305801, 6306825, 6307849, 6308873, 6309897, 6310921, 6311945, 6312969, 6313993, 6315017, 7342089, 7343113, 7344137, 7345161, 7346185, 7347209, 7348233, 7349257, 7350281, 7351305, 7352329, 7353353, 7354377, 7355401, 7356425, 7357449, 7358473, 7359497, 7360521, 7361545, 7362569, 7363593, 8390665, 8391689, 8392713, 8393737, 8394761, 8395785, 8396809, 8397833, 8398857, 8399881, 8400905, 8401929, 8402953, 8403977, 8405001, 8406025, 8407049, 8408073, 8409097, 8410121, 8411145, 9439241, 9440265, 9441289, 9442313, 9443337, 9444361, 9445385, 9446409, 9447433, 9448457, 9449481, 9450505, 9451529, 9452553, 9453577, 9454601, 9455625, 9456649, 9457673, 10487817, 10488841, 10489865, 10490889, 10491913, 10492937, 10493961, 10494985, 10496009, 10497033, 10498057, 10499081, 10500105, 10501129, 10502153, 10503177, 10504201, 10505225, 11536393, 11537417, 11538441, 11539465, 11540489, 11541513, 11542537, 11543561, 11544585, 11545609, 11546633, 11547657, 11548681, 11549705, 11550729, 11551753, 11552777, 11553801, 12590089, 12591113, 12592137, 12593161, 12594185, 12595209, 12596233, 12597257, 12598281, 12599305, 12600329, 13639689, 13644809, 13645833, 13646857, 1059850, 1060874, 1061898, 1062922, 2099210, 2100234, 2101258, 2102282, 2103306, 2104330, 2105354, 2106378, 2107402, 2108426, 2109450, 2110474, 2111498, 2112522, 2113546, 2114570, 2115594, 2116618, 2117642, 2118666, 2119690, 3146762, 3147786, 3148810, 3149834, 3150858, 3151882, 3152906, 3153930, 3154954, 3155978, 3157002, 3157002, 3158026, 3158026, 3159050, 3159050, 3160074, 3160074, 3161098, 3162122, 3163146, 3164170, 3165194, 3166218, 3167242, 3168266, 3169290, 4196362, 4197386, 4198410, 4199434, 4200458, 4201482, 4202506, 4203530, 4204554, 4205578, 4206602, 4207626, 4208650, 4209674, 4210698, 4211722, 4212746, 4213770, 4214794, 4215818, 4216842, 4217866, 5244938, 5245962, 5246986, 5248010, 5249034, 5250058, 5251082, 5252106, 5253130, 5254154, 5255178, 5256202, 5257226, 5258250, 5259274, 5260298, 5261322, 5262346, 5263370, 5264394, 5265418, 5266442, 6293514, 6294538, 6295562, 6296586, 6297610, 6298634, 6299658, 6300682, 6301706, 6302730, 6303754, 6304778, 6305802, 6306826, 6307850, 6308874, 6309898, 6310922, 6311946, 6312970, 6313994, 6315018, 7342090, 7343114, 7344138, 7345162, 7346186, 7347210, 7348234, 7349258, 7350282, 7351306, 7352330, 7353354, 7354378, 7355402, 7356426, 7357450, 7358474, 7359498, 7360522, 7361546, 7362570, 7363594, 8390666, 8391690, 8392714, 8393738, 8394762, 8395786, 8396810, 8397834, 8398858, 8399882, 8400906, 8401930, 8402954, 8403978, 8405002, 8406026, 8407050, 8408074, 8409098, 8410122, 8411146, 9439242, 9440266, 9441290, 9442314, 9443338, 9444362, 9445386, 9446410, 9447434, 9448458, 9449482, 9450506, 9451530, 9452554, 9453578, 9454602, 9455626, 9456650, 9457674, 10487818, 10488842, 10489866, 10490890, 10491914, 10492938, 10493962, 10494986, 10496010, 10497034, 10498058, 10499082, 10500106, 10501130, 10502154, 10503178, 10504202, 10505226, 10506250, 11536394, 11537418, 11538442, 11539466, 11540490, 11541514, 11542538, 11543562, 11544586, 11545610, 11546634, 11547658, 11548682, 11549706, 11550730, 11551754, 11552778, 11553802, 12584970, 12585994, 12587018, 12588042, 12589066, 12590090, 12591114, 12592138, 12593162, 12594186, 12595210, 12596234, 12597258, 12598282, 12599306, 12600330, 12601354, 12602378, 13638666, 13639690, 13640714, 13641738, 13642762, 13643786, 13644810, 13645834, 13646858, 12299, 1051659, 1059851, 1060875, 1061899, 1062923, 2099211, 2100235, 2101259, 2102283, 2103307, 2104331, 2105355, 2106379, 2107403, 2108427, 2109451, 2109451, 2110475, 2110475, 2111499, 2112523, 2113547, 2114571, 2115595, 2116619, 2117643, 2118667, 2119691, 2120715, 3147787, 3148811, 3149835, 3150859, 3151883, 3152907, 3153931, 3154955, 3155979, 3157003, 3157003, 3158027, 3158027, 3159051, 3159051, 3160075, 3160075, 3161099, 3162123, 3163147, 3164171, 3165195, 3166219, 3167243, 3168267, 3169291, 4196363, 4197387, 4198411, 4199435, 4200459, 4201483, 4202507, 4203531, 4204555, 4205579, 4206603, 4207627, 4208651, 4209675, 4210699, 4211723, 4212747, 4213771, 4214795, 4215819, 4216843, 4217867, 5244939, 5245963, 5246987, 5248011, 5249035, 5250059, 5251083, 5252107, 5253131, 5254155, 5255179, 5256203, 5257227, 5258251, 5259275, 5260299, 5261323, 5262347, 5263371, 5264395, 5265419, 5266443, 6293515, 6294539, 6295563, 6296587, 6297611, 6298635, 6299659, 6300683, 6301707, 6302731, 6303755, 6304779, 6305803, 6306827, 6307851, 6308875, 6309899, 6310923, 6311947, 6312971, 6313995, 6315019, 7342091, 7343115, 7344139, 7345163, 7346187, 7347211, 7348235, 7349259, 7350283, 7351307, 7352331, 7353355, 7354379, 7355403, 7356427, 7357451, 7358475, 7359499, 7360523, 7361547, 7362571, 7363595, 8390667, 8391691, 8392715, 8393739, 8394763, 8395787, 8396811, 8397835, 8398859, 8399883, 8400907, 8401931, 8402955, 8403979, 8405003, 8406027, 8407051, 8408075, 8409099, 8410123, 9439243, 9440267, 9441291, 9442315, 9443339, 9444363, 9445387, 9446411, 9447435, 9448459, 9449483, 9450507, 9451531, 9452555, 9453579, 9454603, 9455627, 9456651, 9457675, 10487819, 10488843, 10489867, 10490891, 10491915, 10492939, 10493963, 10494987, 10496011, 10497035, 10498059, 10499083, 10500107, 10501131, 10502155, 10503179, 10504203, 10505227, 10506251, 11536395, 11537419, 11538443, 11539467, 11540491, 11541515, 11542539, 11543563, 11544587, 11545611, 11546635, 11547659, 11548683, 11549707, 11550731, 11551755, 11552779, 11553803, 11554827, 12584971, 12585995, 12587019, 12588043, 12589067, 12590091, 12591115, 12592139, 12593163, 12594187, 12595211, 12596235, 12597259, 12598283, 12599307, 12600331, 12601355, 13633547, 13634571, 13635595, 13636619, 13637643, 13638667, 13639691, 13640715, 13641739, 13642763, 13643787, 13644811, 13645835, 13646859, 13647883, 14687243, 14688267, 14689291, 14690315, 14691339, 14692363, 14693387, 14694411, 1059852, 1060876, 1061900, 1062924, 2099212, 2100236, 2101260, 2102284, 2103308, 2104332, 2105356, 2106380, 2107404, 2108428, 2109452, 2109452, 2110476, 2110476, 2111500, 2112524, 2113548, 2114572, 2115596, 2116620, 2117644, 2118668, 2119692, 2120716, 3147788, 3148812, 3149836, 3150860, 3151884, 3152908, 3153932, 3154956, 3155980, 3157004, 3157004, 3158028, 3158028, 3159052, 3159052, 3160076, 3160076, 3161100, 3162124, 3163148, 3164172, 3165196, 3166220, 3167244, 3168268, 3169292, 3173388, 4196364, 4197388, 4198412, 4199436, 4200460, 4201484, 4202508, 4203532, 4204556, 4205580, 4206604, 4207628, 4208652, 4209676, 4210700, 4211724, 4212748, 4213772, 4214796, 4215820, 4216844, 4217868, 4218892, 4224012, 5244940, 5245964, 5246988, 5248012, 5249036, 5250060, 5251084, 5252108, 5253132, 5254156, 5255180, 5256204, 5257228, 5258252, 5259276, 5260300, 5261324, 5262348, 5263372, 5264396, 5265420, 5266444, 6293516, 6294540, 6295564, 6296588, 6297612, 6298636, 6299660, 6300684, 6301708, 6302732, 6303756, 6304780, 6305804, 6306828, 6307852, 6308876, 6309900, 6310924, 6311948, 6312972, 6313996, 6315020, 6321164, 7341068, 7342092, 7343116, 7344140, 7345164, 7346188, 7347212, 7348236, 7349260, 7350284, 7351308, 7352332, 7353356, 7354380, 7355404, 7356428, 7357452, 7358476, 7359500, 7360524, 7361548, 7362572, 7363596, 7368716, 8390668, 8391692, 8392716, 8393740, 8394764, 8395788, 8396812, 8397836, 8398860, 8399884, 8400908, 8401932, 8402956, 8403980, 8405004, 8406028, 8407052, 8408076, 8409100, 8410124, 9439244, 9440268, 9441292, 9442316, 9443340, 9444364, 9445388, 9446412, 9447436, 9448460, 9449484, 9450508, 9451532, 9452556, 9453580, 9454604, 9455628, 9456652, 9457676, 10487820, 10488844, 10489868, 10490892, 10491916, 10492940, 10493964, 10494988, 10496012, 10497036, 10498060, 10499084, 10500108, 10501132, 10502156, 10503180, 10504204, 10505228, 10506252, 11535372, 11536396, 11537420, 11538444, 11539468, 11540492, 11541516, 11542540, 11543564, 11544588, 11545612, 11546636, 11547660, 11548684, 11549708, 11550732, 11551756, 11552780, 11553804, 11554828, 12584972, 12585996, 12587020, 12588044, 12589068, 12590092, 12591116, 12592140, 12593164, 12594188, 12595212, 12596236, 12597260, 12598284, 12599308, 12600332, 12601356, 13633548, 13634572, 13635596, 13636620, 13637644, 13638668, 13639692, 13640716, 13641740, 13642764, 13643788, 13644812, 13645836, 13646860, 13647884, 14682124, 14687244, 14688268, 14689292, 14690316, 14691340, 14692364, 14693388, 14694412, 14695436, 15740940, 1059853, 1060877, 1061901, 1062925, 2099213, 2100237, 2101261, 2102285, 2103309, 2104333, 2105357, 2106381, 2107405, 2108429, 2109453, 2110477, 2111501, 2112525, 2113549, 2114573, 2115597, 2116621, 2117645, 2118669, 2119693, 2120717, 3147789, 3148813, 3149837, 3150861, 3151885, 3152909, 3153933, 3154957, 3155981, 3157005, 3157005, 3158029, 3158029, 3159053, 3159053, 3160077, 3160077, 3161101, 3162125, 3163149, 3164173, 3165197, 3166221, 3167245, 3168269, 3169293, 3170317, 3171341, 3172365, 3173389, 3174413, 3175437, 4196365, 4197389, 4198413, 4199437, 4200461, 4201485, 4202509, 4203533, 4204557, 4205581, 4206605, 4207629, 4208653, 4209677, 4210701, 4211725, 4212749, 4213773, 4214797, 4215821, 4216845, 4217869, 4218893, 4219917, 4220941, 4221965, 4222989, 4224013, 5244941, 5245965, 5246989, 5248013, 5249037, 5250061, 5251085, 5252109, 5253133, 5254157, 5255181, 5256205, 5257229, 5258253, 5259277, 5260301, 5261325, 5262349, 5263373, 5264397, 5265421, 5266445, 5267469, 5268493, 5269517, 5270541, 5271565, 5272589, 6293517, 6294541, 6295565, 6296589, 6297613, 6298637, 6299661, 6300685, 6301709, 6302733, 6303757, 6304781, 6305805, 6306829, 6307853, 6308877, 6309901, 6310925, 6311949, 6312973, 6313997, 6315021, 6316045, 6317069, 6318093, 6319117, 6320141, 6321165, 7342093, 7343117, 7344141, 7345165, 7346189, 7347213, 7348237, 7349261, 7350285, 7351309, 7352333, 7353357, 7354381, 7355405, 7356429, 7357453, 7358477, 7359501, 7360525, 7361549, 7362573, 7363597, 7364621, 7365645, 7366669, 7367693, 7368717, 7369741, 8390669, 8391693, 8392717, 8393741, 8394765, 8395789, 8396813, 8397837, 8398861, 8399885, 8400909, 8401933, 8402957, 8403981, 8405005, 8406029, 8407053, 8408077, 8409101, 8410125, 9439245, 9440269, 9441293, 9442317, 9443341, 9444365, 9445389, 9446413, 9447437, 9448461, 9449485, 9450509, 9451533, 9452557, 9453581, 9454605, 9455629, 9456653, 9457677, 10487821, 10488845, 10489869, 10490893, 10491917, 10492941, 10493965, 10494989, 10496013, 10497037, 10498061, 10499085, 10500109, 10501133, 10502157, 10503181, 10504205, 10505229, 10506253, 11536397, 11537421, 11538445, 11539469, 11540493, 11541517, 11542541, 11543565, 11544589, 11545613, 11546637, 11547661, 11548685, 11549709, 11550733, 11551757, 11552781, 11553805, 12584973, 12585997, 12587021, 12588045, 12589069, 12590093, 12591117, 12592141, 12593165, 12594189, 12595213, 12596237, 12597261, 12598285, 12599309, 12600333, 12601357, 13633549, 13634573, 13635597, 13636621, 13637645, 13638669, 13639693, 13640717, 13641741, 13642765, 13643789, 13644813, 13645837, 13646861, 13647885, 13648909, 14687245, 14688269, 14689293, 14690317, 14691341, 14692365, 14693389, 14694413, 14695437, 2099214, 2100238, 2101262, 2102286, 2103310, 2104334, 2105358, 2106382, 2107406, 2108430, 2109454, 2110478, 2111502, 2112526, 2113550, 2114574, 2115598, 2116622, 2117646, 2118670, 2119694, 2120718, 2121742, 2122766, 2123790, 2124814, 2126862, 3147790, 3148814, 3149838, 3150862, 3151886, 3152910, 3153934, 3154958, 3155982, 3157006, 3158030, 3159054, 3160078, 3161102, 3162126, 3163150, 3164174, 3165198, 3166222, 3167246, 3168270, 3169294, 3170318, 3171342, 3172366, 3173390, 3174414, 3175438, 3176462, 4196366, 4197390, 4198414, 4199438, 4200462, 4201486, 4202510, 4203534, 4204558, 4205582, 4206606, 4207630, 4208654, 4209678, 4210702, 4211726, 4212750, 4213774, 4214798, 4215822, 4216846, 4217870, 4218894, 4219918, 4220942, 4221966, 4222990, 4224014, 4225038, 5244942, 5245966, 5246990, 5248014, 5249038, 5250062, 5251086, 5252110, 5253134, 5254158, 5255182, 5256206, 5257230, 5258254, 5259278, 5260302, 5261326, 5262350, 5263374, 5264398, 5265422, 5266446, 5267470, 5268494, 5269518, 5270542, 5271566, 5272590, 5273614, 6293518, 6294542, 6295566, 6296590, 6297614, 6298638, 6299662, 6300686, 6301710, 6302734, 6303758, 6304782, 6305806, 6306830, 6307854, 6308878, 6309902, 6310926, 6311950, 6312974, 6313998, 6315022, 6316046, 6317070, 6318094, 6319118, 6320142, 6321166, 6322190, 7342094, 7343118, 7344142, 7345166, 7346190, 7347214, 7348238, 7349262, 7350286, 7351310, 7352334, 7353358, 7354382, 7355406, 7356430, 7357454, 7358478, 7359502, 7360526, 7361550, 7362574, 7363598, 7364622, 7365646, 7366670, 7367694, 7368718, 7369742, 8390670, 8391694, 8392718, 8393742, 8394766, 8395790, 8396814, 8397838, 8398862, 8399886, 8400910, 8401934, 8402958, 8403982, 8405006, 8406030, 8407054, 8408078, 8409102, 8410126, 8418318, 9439246, 9440270, 9441294, 9442318, 9443342, 9444366, 9445390, 9446414, 9447438, 9448462, 9449486, 9450510, 9451534, 9452558, 9453582, 9454606, 9455630, 9456654, 9457678, 10487822, 10488846, 10489870, 10490894, 10491918, 10492942, 10493966, 10494990, 10496014, 10497038, 10498062, 10499086, 10500110, 10501134, 10502158, 10503182, 10504206, 10505230, 10506254, 11536398, 11537422, 11538446, 11539470, 11540494, 11541518, 11542542, 11543566, 11544590, 11545614, 11546638, 11547662, 11548686, 11549710, 11550734, 11551758, 11552782, 11553806, 11554830, 12584974, 12585998, 12587022, 12588046, 12589070, 12590094, 12591118, 12592142, 12593166, 12594190, 12595214, 12596238, 12597262, 12598286, 12599310, 12600334, 13638670, 13639694, 13640718, 13641742, 13642766, 13643790, 13644814, 13645838, 13646862, 13647886, 14689294, 14690318, 14691342, 14692366, 14693390, 14694414, 14695438, 1073167, 2099215, 2100239, 2101263, 2102287, 2103311, 2104335, 2105359, 2106383, 2107407, 2108431, 2109455, 2110479, 2111503, 2112527, 2113551, 2114575, 2115599, 2116623, 2117647, 2118671, 2119695, 2120719, 2121743, 2122767, 2123791, 2124815, 2125839, 3147791, 3148815, 3149839, 3150863, 3151887, 3152911, 3153935, 3154959, 3155983, 3157007, 3158031, 3159055, 3160079, 3161103, 3162127, 3163151, 3164175, 3165199, 3166223, 3167247, 3168271, 3169295, 3170319, 3171343, 3172367, 3173391, 3174415, 3175439, 3176463, 3177487, 4196367, 4197391, 4198415, 4199439, 4200463, 4201487, 4202511, 4203535, 4204559, 4205583, 4206607, 4207631, 4208655, 4209679, 4210703, 4211727, 4212751, 4213775, 4214799, 4215823, 4216847, 4217871, 4218895, 4219919, 4220943, 4221967, 4222991, 4224015, 4225039, 4226063, 5244943, 5245967, 5246991, 5248015, 5249039, 5250063, 5251087, 5252111, 5253135, 5254159, 5255183, 5256207, 5257231, 5258255, 5259279, 5260303, 5261327, 5262351, 5263375, 5264399, 5265423, 5266447, 5267471, 5268495, 5269519, 5270543, 5271567, 5272591, 5273615, 5274639, 6293519, 6294543, 6295567, 6296591, 6297615, 6298639, 6299663, 6300687, 6301711, 6302735, 6303759, 6304783, 6305807, 6306831, 6307855, 6308879, 6309903, 6310927, 6311951, 6312975, 6313999, 6315023, 6316047, 6317071, 6318095, 6319119, 6320143, 6321167, 6322191, 7342095, 7343119, 7344143, 7345167, 7346191, 7347215, 7348239, 7349263, 7350287, 7351311, 7352335, 7353359, 7354383, 7355407, 7356431, 7357455, 7358479, 7359503, 7360527, 7361551, 7362575, 7363599, 7364623, 7365647, 7366671, 7367695, 7368719, 7369743, 8390671, 8391695, 8392719, 8393743, 8394767, 8395791, 8396815, 8397839, 8398863, 8399887, 8400911, 8401935, 8402959, 8403983, 8405007, 8406031, 8407055, 8408079, 8409103, 8410127, 8413199, 9439247, 9440271, 9441295, 9442319, 9443343, 9444367, 9445391, 9446415, 9447439, 9448463, 9449487, 9450511, 9451535, 9452559, 9453583, 9454607, 9455631, 9456655, 9457679, 10487823, 10488847, 10489871, 10490895, 10491919, 10492943, 10493967, 10494991, 10496015, 10497039, 10498063, 10499087, 10500111, 10501135, 10502159, 10503183, 10504207, 10505231, 11536399, 11537423, 11538447, 11539471, 11540495, 11541519, 11542543, 11543567, 11544591, 11545615, 11546639, 11547663, 11548687, 11549711, 11550735, 11551759, 11552783, 12590095, 12591119, 12592143, 12593167, 12594191, 12595215, 12596239, 12597263, 12598287, 12599311, 12600335, 13638671, 13639695, 13640719, 13641743, 13642767, 13643791, 13644815, 13645839, 13646863, 13647887, 14690319, 14691343, 14692367, 14693391, 14694415, 14695439, 15739919, 2098192, 2099216, 2100240, 2101264, 2102288, 2103312, 2104336, 2105360, 2106384, 2107408, 2108432, 2109456, 2110480, 2111504, 2112528, 2113552, 2114576, 2115600, 2116624, 2117648, 2118672, 2119696, 2120720, 2121744, 2122768, 2123792, 2124816, 2126864, 3146768, 3147792, 3148816, 3149840, 3150864, 3151888, 3152912, 3153936, 3154960, 3155984, 3157008, 3158032, 3159056, 3160080, 3161104, 3162128, 3163152, 3164176, 3165200, 3166224, 3167248, 3168272, 3169296, 3170320, 3171344, 3172368, 3173392, 3174416, 3175440, 3176464, 4195344, 4196368, 4197392, 4198416, 4199440, 4200464, 4201488, 4202512, 4203536, 4204560, 4205584, 4206608, 4207632, 4208656, 4209680, 4210704, 4211728, 4212752, 4213776, 4214800, 4215824, 4216848, 4217872, 4218896, 4219920, 4220944, 4221968, 4222992, 4224016, 4225040, 5243920, 5244944, 5245968, 5246992, 5248016, 5249040, 5250064, 5251088, 5252112, 5253136, 5254160, 5255184, 5256208, 5257232, 5258256, 5259280, 5260304, 5261328, 5262352, 5263376, 5264400, 5265424, 5266448, 5267472, 5268496, 5269520, 5270544, 5271568, 5272592, 5273616, 6292496, 6293520, 6294544, 6295568, 6296592, 6297616, 6298640, 6299664, 6300688, 6301712, 6302736, 6303760, 6304784, 6305808, 6306832, 6307856, 6308880, 6309904, 6310928, 6311952, 6312976, 6314000, 6315024, 6316048, 6317072, 6318096, 6319120, 6320144, 6321168, 6322192, 7342096, 7343120, 7344144, 7345168, 7346192, 7347216, 7348240, 7349264, 7350288, 7351312, 7352336, 7353360, 7354384, 7355408, 7356432, 7357456, 7358480, 7359504, 7360528, 7361552, 7362576, 7363600, 7364624, 7365648, 7366672, 7367696, 7368720, 7369744, 8390672, 8391696, 8392720, 8393744, 8394768, 8395792, 8396816, 8397840, 8398864, 8399888, 8400912, 8401936, 8402960, 8403984, 8405008, 8406032, 8407056, 8408080, 8409104, 8410128, 8418320, 9439248, 9440272, 9441296, 9442320, 9443344, 9444368, 9445392, 9446416, 9447440, 9448464, 9449488, 9450512, 9451536, 9452560, 9453584, 9454608, 9455632, 9456656, 9457680, 10490896, 10492944, 10493968, 10494992, 10496016, 10497040, 10498064, 10499088, 10500112, 10501136, 10502160, 10503184, 10504208, 10505232, 10506256, 11541520, 11542544, 11543568, 11544592, 11545616, 11546640, 11547664, 11548688, 11549712, 11550736, 11551760, 11552784, 12590096, 12591120, 12592144, 12593168, 12594192, 12595216, 12596240, 12597264, 12598288, 12599312, 12600336, 13641744, 13642768, 13643792, 13644816, 13645840, 13646864, 14695440, 2098193, 2099217, 2100241, 2101265, 2102289, 2103313, 2104337, 2105361, 2106385, 2107409, 2108433, 2109457, 2110481, 2111505, 2112529, 2113553, 2114577, 2115601, 2116625, 2117649, 3146769, 3147793, 3148817, 3149841, 3150865, 3151889, 3152913, 3153937, 3154961, 3155985, 3157009, 3158033, 3159057, 3160081, 3161105, 3162129, 3163153, 3164177, 3165201, 3166225, 3167249, 3168273, 3169297, 3170321, 3171345, 3172369, 3173393, 3174417, 3175441, 4195345, 4196369, 4197393, 4198417, 4199441, 4200465, 4201489, 4202513, 4203537, 4204561, 4205585, 4206609, 4207633, 4208657, 4209681, 4210705, 4211729, 4212753, 4213777, 4214801, 4215825, 4216849, 4217873, 4218897, 4219921, 4220945, 4221969, 4222993, 4224017, 5243921, 5244945, 5245969, 5246993, 5248017, 5249041, 5250065, 5251089, 5252113, 5253137, 5254161, 5255185, 5256209, 5257233, 5258257, 5259281, 5260305, 5261329, 5262353, 5263377, 5264401, 5265425, 5266449, 5267473, 5268497, 5269521, 5270545, 5271569, 5272593, 6292497, 6293521, 6294545, 6295569, 6296593, 6297617, 6298641, 6299665, 6300689, 6301713, 6302737, 6303761, 6304785, 6305809, 6306833, 6307857, 6308881, 6309905, 6310929, 6311953, 6312977, 6314001, 6315025, 6316049, 6317073, 6318097, 6319121, 6320145, 6321169, 7347217, 7348241, 7349265, 7350289, 7351313, 7352337, 7353361, 7354385, 7355409, 7356433, 7357457, 7358481, 7359505, 7360529, 7361553, 7362577, 7363601, 7364625, 7365649, 7366673, 7367697, 7368721, 7369745, 8391697, 8395793, 8396817, 8397841, 8398865, 8399889, 8400913, 8401937, 8402961, 8403985, 8405009, 8406033, 8407057, 8408081, 8409105, 9444369, 9445393, 9446417, 9447441, 9448465, 9449489, 9450513, 9451537, 9452561, 9453585, 9454609, 9455633, 9456657, 9457681, 10492945, 10493969, 10494993, 10496017, 10497041, 10498065, 10499089, 10500113, 10501137, 10502161, 10503185, 10504209, 10505233, 11541521, 11542545, 11543569, 11544593, 11545617, 11546641, 11547665, 11548689, 11549713, 11550737, 11551761, 11552785, 12590097, 12591121, 12592145, 12593169, 12594193, 12595217, 12596241, 12597265, 12598289, 1050642, 2098194, 2099218, 2100242, 2101266, 2102290, 2103314, 2104338, 2105362, 2106386, 2107410, 2108434, 2109458, 2110482, 2111506, 2112530, 2113554, 2114578, 2115602, 3146770, 3147794, 3148818, 3149842, 3150866, 3151890, 3152914, 3153938, 3154962, 3155986, 3157010, 3158034, 3159058, 3160082, 3161106, 3162130, 3163154, 3164178, 3165202, 3166226, 3167250, 4195346, 4196370, 4197394, 4198418, 4199442, 4200466, 4201490, 4202514, 4203538, 4204562, 4205586, 4206610, 4207634, 4208658, 4209682, 4210706, 4211730, 4212754, 4213778, 4214802, 4215826, 4220946, 4224018, 5242898, 5243922, 5244946, 5245970, 5246994, 5248018, 5249042, 5250066, 5251090, 5252114, 5253138, 5254162, 5255186, 5256210, 5257234, 5258258, 5259282, 5260306, 5261330, 5262354, 5263378, 5264402, 6292498, 6293522, 6294546, 6295570, 6296594, 6297618, 6298642, 6299666, 6300690, 6301714, 6302738, 6303762, 6304786, 6305810, 6306834, 6307858, 6308882, 6309906, 6310930, 6311954, 6312978, 7347218, 7348242, 7349266, 7350290, 7351314, 7352338, 7353362, 7354386, 7355410, 7356434, 7357458, 7358482, 7359506, 7360530, 7361554, 7368722, 8395794, 8396818, 8397842, 8398866, 8399890, 8400914, 8401938, 8402962, 8403986, 8405010, 8406034, 8407058, 8408082, 8409106, 8410130, 9445394, 9446418, 9447442, 9448466, 9449490, 9450514, 9451538, 9452562, 9453586, 9454610, 9455634, 9456658, 10493970, 10494994, 10496018, 10497042, 10498066, 10499090, 10500114, 10501138, 10502162, 10503186, 11543570, 11544594, 11545618, 11546642, 11547666, 11548690, 11549714, 11550738, 11551762, 2098195, 2099219, 2100243, 2101267, 2102291, 2103315, 2104339, 2105363, 2106387, 2107411, 2108435, 2109459, 2110483, 2111507, 2112531, 2113555, 3146771, 3147795, 3148819, 3149843, 3150867, 3151891, 3152915, 3153939, 3154963, 3155987, 3157011, 3158035, 3159059, 3160083, 3161107, 3162131, 3163155, 3164179, 3165203, 4195347, 4196371, 4197395, 4198419, 4199443, 4200467, 4201491, 4202515, 4203539, 4204563, 4205587, 4206611, 4207635, 4208659, 4209683, 4210707, 4211731, 4212755, 4213779, 5243923, 5244947, 5245971, 5246995, 5248019, 5249043, 5250067, 5251091, 5252115, 5253139, 5254163, 5255187, 5256211, 5257235, 5258259, 5259283, 5260307, 5261331, 5262355, 6292499, 6293523, 6294547, 6295571, 6296595, 6297619, 6298643, 6299667, 6300691, 6301715, 6302739, 6303763, 6304787, 6305811, 6306835, 6307859, 6308883, 6309907, 6310931, 7347219, 7348243, 7349267, 7350291, 7351315, 7352339, 7353363, 7354387, 7355411, 7356435, 7357459, 7358483, 7359507, 8396819, 8397843, 8398867, 8399891, 8400915, 8401939, 8402963, 8403987, 8405011, 8406035, 8407059, 8408083, 9445395, 9446419, 9447443, 9448467, 9449491, 9450515, 9451539, 9452563, 9453587, 10494995, 10496019, 10497043, 10498067, 10499091, 10500115, 10501139, 11544595, 2098196, 2099220, 2100244, 2101268, 2102292, 2103316, 2104340, 2105364, 2106388, 2107412, 2108436, 2109460, 2110484, 2111508, 2112532, 2113556, 3146772, 3147796, 3148820, 3149844, 3150868, 3151892, 3152916, 3153940, 3154964, 3155988, 3157012, 3158036, 3159060, 3160084, 3161108, 3162132, 4195348, 4196372, 4197396, 4198420, 4199444, 4200468, 4201492, 4202516, 4203540, 4204564, 4205588, 4206612, 4207636, 4208660, 4209684, 4210708, 5243924, 5244948, 5245972, 5246996, 5248020, 5249044, 5250068, 5251092, 5252116, 5253140, 5254164, 5255188, 5256212, 5257236, 5258260, 5259284, 6292500, 6293524, 6294548, 6295572, 6296596, 6297620, 6298644, 6299668, 6300692, 6301716, 6302740, 6303764, 6304788, 6305812, 6306836, 6307860, 7348244, 7349268, 7350292, 7351316, 7352340, 7353364, 7354388, 7355412, 7356436, 8396820, 8397844, 8398868, 8399892, 8400916, 8401940, 8402964, 8403988, 8405012, 9445396, 9446420, 9447444, 9448468, 9449492, 9450516, 9451540, 9452564, 9453588, 10494996, 10496020, 10497044, 10498068, 10499092, 10500116, 10501140, 2105365, 2106389, 2107413, 2108437, 2109461, 2110485, 2111509, 2112533, 2113557, 3153941, 3154965, 3155989, 3157013, 3158037, 3159061, 3160085, 3161109, 3162133, 4202517, 4203541, 4204565, 4205589, 4206613, 4207637, 4208661, 4209685, 4210709, 5245973, 5251093, 5252117, 5253141, 5254165, 5255189, 5256213, 5257237, 5258261, 5259285, 6299669, 6300693, 6301717, 6302741, 6303765, 6304789, 6305813, 6306837, 6307861, 7348245, 7349269, 7350293, 7351317, 7352341, 7353365, 7354389, 7355413, 7356437, 8396821, 8397845, 8398869, 8399893, 8400917, 8401941, 8402965, 8403989, 8405013, 9445397, 9446421, 9447445, 9448469, 9449493, 9450517, 9451541, 9452565, 9453589, 10494997, 10496021, 10497045, 10498069, 10499093, 10500117, 10501141, 11546645, 1057814, 2105366, 2106390, 2107414, 2108438, 2109462, 2110486, 2111510, 2112534, 2113558, 3153942, 3154966, 3155990, 3157014, 3158038, 3159062, 3160086, 3161110, 3162134, 4202518, 4203542, 4204566, 4205590, 4206614, 4207638, 4208662, 4209686, 4210710, 5251094, 5252118, 5253142, 5254166, 5255190, 5256214, 5257238, 5258262, 5259286, 6299670, 6300694, 6301718, 6302742, 6303766, 6304790, 6305814, 6306838, 6307862, 7348246, 7349270, 7350294, 7351318, 7352342, 7353366, 7354390, 7355414, 7356438, 8396822, 8397846, 8398870, 8399894, 8400918, 8401942, 8402966, 8403990, 8405014, 9445398, 9446422, 9447446, 9448470, 9449494, 9450518, 9451542, 9452566, 9453590, 10494998, 10496022, 10497046, 10498070, 10499094, 10500118, 10501142, 2105367, 2106391, 2107415, 2108439, 2109463, 2110487, 2111511, 2112535, 2113559, 3153943, 3154967, 3155991, 3157015, 3158039, 3159063, 3160087, 3161111, 3162135, 4202519, 4203543, 4204567, 4205591, 4206615, 4207639, 4208663, 4209687, 4210711, 5251095, 5252119, 5253143, 5254167, 5255191, 5256215, 5257239, 5258263, 5259287, 6299671, 6300695, 6301719, 6302743, 6303767, 6304791, 6305815, 6306839, 6307863, 7348247, 7349271, 7350295, 7351319, 7352343, 7353367, 7354391, 7355415, 7356439, 8396823, 8397847, 8398871, 8399895, 8400919, 8401943, 8402967, 8403991, 8405015, 9445399, 9446423, 9447447, 9448471, 9449495, 9450519, 9451543, 9452567, 9453591, 2110488, 5251096, 7356440, 8398872], "BlockIds": [8613, 8613, 2966, 2966, 9493, 9493, 9471, 9493, 2966, 9493, 9472, 9471, 9493, 9472, 2966, 9472, 9493, 9493, 9493, 3099, 9471, 9493, 2966, 9493, 9471, 2966, 2966, 3118, 3118, 4154, 2966, 9493, 9493, 9471, 8613, 9472, 9471, 9472, 9493, 9493, 4154, 9471, 2966, 9472, 9493, 9493, 2966, 4154, 9493, 9471, 9472, 9472, 9472, 4154, 9472, 9471, 3099, 9471, 2966, 2966, 9472, 9493, 9493, 9493, 2966, 9472, 9472, 9472, 9472, 9472, 2966, 9493, 9493, 9471, 9493, 9471, 9493, 9493, 9471, 2966, 9493, 9493, 9493, 9472, 9472, 2966, 9493, 4154, 2966, 2966, 8611, 3061, 9472, 9471, 8617, 6540, 9472, 9471, 4154, 4154, 2966, 8611, 8611, 3061, 9472, 2833, 2833, 2966, 9471, 9472, 2966, 9493, 8611, 8611, 8611, 3061, 633, 8617, 9472, 6179, 9493, 9472, 9472, 8611, 8611, 8611, 8611, 3061, 9472, 2966, 6179, 6179, 9471, 8611, 8611, 8611, 8611, 8611, 8611, 9471, 9471, 8611, 8611, 8611, 8611, 8611, 832, 2966, 2966, 8611, 8611, 8611, 8611, 8611, 832, 9471, 9472, 9471, 9493, 9471, 9471, 2966, 9471, 2966, 8613, 8613, 2966, 2966, 9472, 9472, 9493, 2966, 9472, 9471, 2966, 2966, 9471, 9471, 5122, 8611, 9523, 8611, 8606, 8611, 411, 8611, 8606, 9472, 9472, 8611, 8611, 136, 8611, 8611, 8611, 8611, 8611, 8611, 9472, 8613, 6179, 8611, 8611, 3080, 8611, 8611, 8611, 8611, 8611, 8611, 2966, 6179, 8617, 8611, 9493, 9493, 9493, 2966, 9471, 9471, 9471, 9472, 6179, 8617, 9471, 2814, 2814, 2814, 2814, 8611, 8611, 9472, 6179, 2985, 8611, 8611, 8611, 8611, 8611, 832, 9472, 9493, 8611, 8611, 8611, 8611, 8611, 832, 9493, 9493, 9493, 9493, 2966, 2966, 9472, 2966, 9493, 9472, 9471, 9471, 9471, 2966, 2966, 9493, 9472, 2966, 9472, 2966, 9493, 8611, 8611, 9472, 8611, 8611, 8611, 8611, 8611, 637, 9471, 6179, 8611, 8611, 9472, 8611, 8611, 8611, 8611, 8611, 8611, 9471, 8613, 6179, 8611, 8611, 9493, 8611, 8611, 8611, 8611, 8611, 8611, 9493, 9471, 8611, 8611, 9493, 2966, 9472, 9471, 2966, 9472, 2966, 9493, 6179, 8611, 8611, 9493, 8606, 8611, 8611, 8611, 8611, 8611, 9472, 6179, 8613, 6179, 6179, 9472, 8606, 8611, 8611, 8611, 8611, 8611, 9493, 6179, 3004, 8611, 8611, 8611, 8611, 8611, 8611, 9471, 6179, 9472, 9471, 9471, 2966, 9472, 9472, 9471, 2966, 6179, 9471, 2966, 9472, 9471, 9471, 9472, 9493, 9471, 9471, 9471, 9493, 9472, 8611, 8611, 9493, 2966, 3099, 4154, 2966, 3099, 9471, 9493, 4154, 9493, 6179, 9493, 4154, 8611, 8611, 9471, 2966, 896, 9493, 9493, 896, 2966, 9471, 9493, 9471, 6179, 6179, 8611, 8611, 9471, 9493, 3118, 9471, 9493, 3118, 9493, 9493, 9493, 6179, 6179, 6179, 2966, 8611, 8611, 2966, 9493, 9493, 9472, 2966, 9472, 9493, 2966, 6179, 6179, 6179, 6179, 9472, 8611, 8611, 9493, 8069, 8072, 8611, 8606, 8109, 5122, 2966, 2852, 6179, 6179, 6179, 6179, 8611, 8611, 9493, 8611, 8611, 8611, 1591, 8611, 8611, 8611, 8617, 6179, 6179, 6179, 6179, 6179, 6179, 9472, 8611, 8611, 8611, 8611, 8611, 8611, 1188, 8611, 6179, 2966, 9493, 9493, 9493, 9471, 9471, 2966, 9493, 1180, 6179, 8613, 6179, 2966, 2966, 2966, 9493, 9472, 9472, 9493, 9493, 9471, 2966, 9493, 2621, 9472, 2985, 8611, 8611, 3099, 8611, 8611, 8611, 8611, 8611, 8611, 3099, 2621, 9471, 3099, 9493, 9471, 9493, 9471, 4154, 8611, 8611, 2814, 8611, 8611, 8611, 8611, 8611, 8611, 2814, 5122, 5122, 8611, 9493, 9493, 9471, 4154, 8611, 8611, 2814, 8611, 8611, 8611, 8611, 8611, 8611, 2814, 8611, 8611, 8611, 3099, 9471, 2966, 8613, 9471, 8611, 8611, 3118, 3118, 3118, 3118, 3118, 3118, 3118, 3118, 8611, 8611, 8611, 8611, 6179, 9472, 9472, 8611, 8611, 9493, 2966, 3099, 9472, 9493, 3099, 9472, 3099, 8611, 8611, 8611, 6179, 6179, 9493, 8611, 8611, 9493, 9471, 896, 9493, 9471, 8611, 2757, 8611, 8611, 1187, 8611, 6179, 8613, 6179, 8611, 8611, 9493, 9471, 3118, 9493, 9493, 3118, 3004, 8611, 8617, 6179, 6179, 6179, 6179, 6179, 6179, 6179, 6179, 6179, 4154, 9472, 9472, 3118, 8611, 6179, 6179, 6179, 2966, 9493, 9493, 2966, 9472, 9472, 9472, 9472, 4154, 4154, 2621, 9472, 9471, 9471, 9472, 9472, 8611, 8611, 8611, 8611, 5122, 8611, 8611, 8606, 5122, 2852, 9493, 2852, 5122, 635, 8109, 3061, 9472, 9471, 8611, 8611, 8611, 8611, 8611, 8611, 8611, 8611, 8611, 8611, 5122, 8611, 8611, 8611, 8611, 2795, 2966, 9471, 8611, 8611, 8611, 8611, 8611, 8611, 8611, 8611, 8611, 8611, 8611, 8611, 8611, 8611, 8611, 2795, 9493, 8613, 9472, 8611, 8611, 8611, 8611, 8611, 8611, 8611, 8611, 8611, 8611, 8611, 8611, 8611, 8611, 8611, 3080, 9472, 9493, 8611, 8611, 8611, 8611, 8611, 8611, 8611, 8611, 8611, 8611, 8611, 8611, 8611, 8611, 8611, 6179, 6179, 8611, 8611, 8611, 8611, 8611, 8611, 8611, 8611, 8611, 8611, 8611, 8611, 8611, 8617, 6179, 6179, 6179, 8611, 8611, 8611, 8611, 8611, 8611, 8611, 8611, 8611, 8611, 8611, 1188, 6179, 6179, 6179, 6179, 8617, 8611, 8611, 8611, 8611, 8611, 1189, 6179, 6179, 6179, 6179, 6179, 6179, 6179, 6179, 6179, 6179, 6179, 6179, 6179, 6179, 9493, 9471, 2966, 9472, 2966, 9472, 9493, 2966, 9493, 9471, 9472, 9493, 4154, 9493, 9493, 9493, 9493, 9493, 9471, 9472, 9493, 8613, 9493, 9471, 9493, 2966, 9471, 2985, 8611, 8611, 8611, 8611, 8611, 8611, 8611, 8611, 8611, 2852, 8611, 8611, 8611, 8606, 3239, 9493, 9472, 9472, 4154, 4154, 9472, 2757, 8611, 8611, 8611, 8611, 8611, 8611, 8611, 8611, 8611, 8611, 8611, 8611, 8611, 8611, 1617, 9472, 8613, 9471, 9493, 4154, 2966, 9472, 8611, 8611, 8611, 8611, 8611, 8611, 8611, 8611, 8611, 8611, 8611, 8611, 8611, 8611, 8611, 8611, 9471, 9472, 9471, 2966, 9472, 9471, 3004, 8611, 8611, 8611, 8611, 8611, 8611, 8611, 8611, 8611, 8611, 8611, 8611, 8611, 8611, 8611, 9472, 2966, 9472, 9471, 9472, 9493, 2966, 8611, 8611, 8611, 8611, 8611, 8611, 8611, 8611, 8611, 8611, 8611, 8611, 8611, 8611, 8617, 6179, 2966, 9493, 2814, 9493, 9471, 9472, 8611, 8611, 8611, 8611, 8611, 8611, 8611, 8611, 8611, 8611, 8611, 8611, 8611, 6179, 6179, 9471, 9472, 3118, 3118, 9471, 9471, 8611, 8611, 8611, 8611, 8611, 8611, 8611, 8611, 8611, 8611, 8611, 8611, 6179, 9493, 8611, 8611, 8611, 8611, 8611, 8611, 8611, 8611, 8611, 8611, 8617, 6179, 8613, 6179, 8611, 8611, 8611, 8611, 6179, 6179, 8617, 8611, 8611, 8611, 6179, 6179, 6179, 6179, 6179, 6179, 6179, 6179, 6179, 6179, 6179, 8613, 9472, 9493, 9493, 9493, 9471, 9471, 9472, 9472, 9472, 9493, 2966, 9493, 9493, 2966, 9493, 9471, 9493, 9471, 2966, 2966, 2966, 2966, 2966, 2985, 8611, 4154, 8611, 8611, 8611, 9493, 3023, 3023, 3023, 3023, 2966, 8611, 8606, 8611, 8606, 1255, 8611, 1422, 2966, 2966, 8611, 8611, 8611, 9493, 8611, 8611, 8611, 9493, 8611, 8611, 8611, 8611, 9471, 8611, 8611, 8611, 8611, 8611, 8611, 8374, 9493, 9493, 8611, 8611, 8611, 9471, 8611, 8611, 8611, 2966, 8611, 8611, 8611, 8611, 3004, 8611, 8611, 8611, 8611, 8611, 8611, 8611, 4154, 9493, 8611, 2966, 9493, 9493, 2757, 8611, 8611, 9471, 3004, 8611, 8611, 3080, 2966, 8611, 8611, 8611, 8611, 8611, 8611, 8611, 6179, 2966, 8611, 2757, 8060, 8057, 2966, 8611, 8611, 4174, 3061, 3042, 3080, 2985, 4174, 8611, 8611, 8611, 8611, 8611, 8611, 8611, 6179, 2966, 8611, 8611, 8611, 8611, 9471, 8611, 8611, 4174, 8611, 2852, 8611, 8611, 8611, 8611, 8611, 8611, 8611, 8611, 6179, 6179, 2966, 8611, 8611, 8611, 8611, 9471, 8611, 8611, 8611, 8611, 8611, 8611, 8611, 8611, 8611, 8611, 8611, 8611, 6179, 9471, 2966, 2966, 9472, 9493, 2966, 8611, 8611, 8611, 8611, 8611, 8611, 8611, 8611, 8611, 8611, 8617, 6179, 9471, 9472, 9493, 9472, 9471, 9493, 8611, 8611, 8611, 8611, 8611, 8611, 8611, 8611, 8611, 8611, 6179, 6179, 6179, 6179, 6179, 6179, 6179, 6179, 8611, 8611, 8611, 6179, 6179, 6179, 6179, 6179, 6179, 9472, 9471, 9493, 2966, 9493, 2966, 9472, 9493, 9472, 2966, 9471, 9493, 2966, 9493, 9493, 9471, 9472, 9493, 9472, 3099, 2966, 9472, 9472, 9493, 2966, 8613, 2966, 2966, 1429, 8611, 4154, 8611, 8611, 8611, 3061, 8611, 1179, 8611, 1179, 8611, 1179, 8611, 1179, 2985, 8611, 8611, 412, 8606, 5122, 1428, 1431, 9471, 9493, 3023, 8611, 8611, 9471, 1565, 8611, 8611, 8611, 8611, 8611, 8611, 8611, 8611, 8611, 8611, 8611, 8611, 8611, 8611, 8374, 4154, 9472, 8611, 8611, 8611, 2966, 8611, 8611, 8611, 8611, 8611, 8611, 8611, 8611, 8611, 8611, 8611, 8611, 8611, 8611, 8611, 8611, 9493, 9471, 8611, 9471, 9493, 2966, 2757, 8611, 8611, 3118, 8617, 8611, 8611, 8611, 3118, 8611, 8611, 8611, 8611, 8611, 8611, 8611, 3080, 4154, 8611, 2757, 8611, 8606, 2985, 8611, 8611, 3023, 8611, 8611, 8611, 8611, 8611, 8611, 8611, 8611, 8611, 8611, 8611, 8611, 6179, 9493, 8611, 8611, 8611, 8611, 883, 8611, 8611, 8611, 8611, 8611, 8611, 8611, 8611, 8611, 8611, 8611, 8611, 8611, 6179, 6179, 9493, 8611, 8611, 8611, 8611, 3004, 8611, 8611, 8611, 8611, 8611, 8611, 8611, 8611, 8611, 8611, 8611, 8611, 6179, 9493, 9472, 9471, 2966, 9471, 9471, 8611, 6492, 8611, 8611, 2022, 8611, 8611, 8611, 8611, 8611, 8611, 6179, 8613, 9493, 8617, 635, 8617, 8109, 2985, 8611, 6469, 8611, 8611, 2020, 8611, 8611, 8611, 2019, 8611, 8611, 6179, 9472, 9472, 2966, 2966, 9471, 2757, 8611, 6446, 8611, 8611, 2016, 8611, 8611, 8611, 6179, 6179, 6179, 8613, 6179, 6179, 6179, 6179, 6179, 6179, 6179, 6179, 6179, 8613, 8613, 9493, 9472, 9471, 9471, 2966, 9471, 9493, 9472, 9493, 9493, 9471, 9493, 9471, 9472, 8611, 1178, 8611, 1178, 9471, 2966, 9493, 2852, 3061, 4154, 9493, 9471, 9472, 9493, 2966, 9471, 1428, 8611, 9493, 8611, 8611, 5122, 3061, 8611, 1179, 8611, 1178, 8611, 1178, 8611, 1179, 2985, 8611, 8611, 8611, 8611, 8611, 8611, 8082, 2966, 9471, 9472, 8611, 8611, 4154, 8611, 8611, 8611, 8611, 8611, 8611, 8611, 8611, 8611, 8611, 8611, 8611, 8611, 8611, 8611, 8611, 4154, 9472, 3023, 8611, 8611, 9472, 8611, 8611, 8611, 8611, 8611, 8611, 8611, 8611, 8611, 8611, 8611, 8611, 8611, 8611, 8611, 8611, 9493, 9472, 8611, 9471, 9471, 9493, 2757, 8611, 8611, 8611, 8611, 8611, 8611, 8611, 8611, 8611, 8611, 8611, 8611, 8611, 8611, 8611, 9472, 9472, 8611, 2757, 8611, 8109, 9472, 8611, 8611, 3118, 8611, 8611, 8611, 8611, 8611, 8611, 8611, 8611, 8611, 8611, 8611, 6179, 6179, 9471, 8611, 8611, 8611, 8611, 9471, 8611, 8611, 2852, 8611, 8611, 8611, 8611, 8611, 8611, 8611, 8611, 8611, 8611, 6179, 9472, 8611, 8611, 8611, 8611, 9493, 8611, 8611, 8611, 8611, 8611, 8611, 8611, 8611, 8611, 8611, 6492, 8611, 6179, 9472, 9472, 2814, 9493, 9493, 4154, 8611, 8611, 8611, 8611, 8611, 8611, 8611, 8611, 8611, 8611, 6469, 6179, 6179, 9493, 8617, 8617, 8611, 8611, 9493, 8611, 8611, 8611, 8611, 8611, 8611, 8611, 8611, 8611, 8611, 6446, 6179, 6179, 9472, 8611, 8611, 8611, 8611, 9493, 8611, 8611, 8611, 8611, 8611, 8611, 8611, 8611, 8611, 6179, 6179, 9471, 9493, 9472, 9472, 9493, 9471, 8611, 8611, 8611, 8611, 6179, 8611, 6179, 6179, 6179, 6179, 6179, 6179, 6179, 6179, 6179, 6179, 6179, 9472, 2966, 9472, 9493, 9493, 9472, 9471, 9493, 2966, 9493, 2966, 9471, 9472, 9471, 8611, 1178, 8611, 1178, 2966, 9472, 9472, 2852, 9472, 9472, 2966, 9471, 9471, 9472, 2966, 9472, 9472, 9520, 9471, 2757, 8611, 8611, 3061, 8611, 1179, 8611, 1178, 8611, 1178, 8611, 1179, 2985, 8611, 8611, 8611, 8606, 8611, 634, 8054, 9471, 8613, 9472, 9471, 9472, 136, 9493, 2757, 8611, 8611, 8611, 8611, 8611, 8611, 8611, 8611, 8611, 8611, 8611, 8611, 8611, 8611, 8611, 9472, 8613, 8613, 9472, 2966, 9472, 3118, 2966, 2757, 8611, 8611, 8611, 8611, 8611, 8611, 8611, 8611, 8611, 8611, 8611, 8611, 8611, 8611, 8611, 9472, 2966, 3023, 9472, 9493, 2966, 3004, 8611, 8611, 8611, 8611, 8611, 8611, 8611, 8611, 8611, 8611, 8611, 8611, 8611, 8611, 8617, 6179, 8613, 8613, 9471, 8611, 2814, 8611, 8611, 9472, 8611, 8611, 3042, 8611, 8611, 8611, 8611, 8611, 8611, 8611, 8611, 8611, 8611, 8611, 6179, 6179, 8613, 4154, 830, 8611, 8611, 8611, 9493, 8611, 8611, 8611, 8611, 8611, 8611, 8611, 8611, 8611, 8611, 8611, 8611, 8611, 6179, 2966, 8611, 8611, 8611, 8611, 4154, 8611, 8611, 8611, 8611, 8611, 8611, 8611, 8611, 8611, 8611, 8611, 8611, 6179, 9472, 9472, 9493, 9493, 9493, 4154, 8611, 8611, 8611, 8611, 8611, 8611, 8611, 8611, 8611, 8611, 8611, 8611, 6179, 8613, 2966, 8611, 8611, 8611, 8606, 2985, 8611, 8611, 8611, 8611, 8611, 8611, 8611, 8611, 8611, 8611, 8611, 6179, 6179, 9471, 8611, 8611, 8611, 8611, 8617, 8611, 8611, 8611, 8611, 8611, 8611, 8611, 2022, 8611, 6179, 6179, 9472, 2966, 9471, 9493, 9493, 9472, 8611, 8611, 8611, 8611, 8611, 8611, 8611, 2016, 6179, 8613, 6179, 6179, 6179, 6179, 6179, 6179, 6179, 6179, 6179, 8613, 9472, 9493, 9472, 2966, 9493, 9493, 2966, 9471, 9493, 9493, 9472, 9493, 9493, 9493, 2966, 2966, 9472, 2966, 9472, 2985, 9471, 9493, 9472, 9493, 9472, 2966, 4154, 8054, 8611, 8611, 2814, 8611, 411, 8611, 3061, 8611, 1179, 8611, 1179, 8611, 1179, 8611, 1179, 2985, 8611, 8611, 8611, 5122, 8611, 3061, 2966, 9472, 6179, 6179, 6179, 6179, 9472, 6179, 4154, 8611, 8611, 8611, 2814, 8611, 8611, 8611, 8611, 8611, 8611, 8611, 8611, 8611, 8611, 8611, 8611, 8611, 8611, 2795, 9493, 2966, 4154, 4154, 6179, 6179, 2966, 6179, 9471, 8617, 8611, 8611, 3118, 8611, 8611, 8611, 8611, 8611, 8611, 8611, 8611, 8611, 8611, 8611, 8611, 8611, 8611, 9472, 2966, 6179, 6179, 6179, 6179, 9493, 9471, 9471, 9493, 9471, 9493, 9471, 9493, 2757, 8611, 8611, 3042, 8611, 8611, 8611, 8617, 3042, 8611, 8611, 8611, 8611, 8611, 3061, 6179, 6179, 6179, 6179, 2966, 9472, 9493, 6179, 9493, 8611, 8611, 8611, 8611, 9493, 8611, 8611, 3099, 8617, 8611, 8611, 8611, 3099, 8611, 8611, 8611, 8611, 8611, 6179, 6179, 6179, 6179, 6179, 6179, 6179, 6179, 6179, 4154, 830, 8611, 8611, 8611, 9493, 8611, 8611, 8611, 8611, 8611, 8611, 8611, 8611, 8611, 8611, 8611, 8611, 8611, 6179, 9493, 8611, 8611, 8611, 8611, 9472, 8611, 8611, 8611, 8611, 8611, 8611, 8611, 8611, 8611, 8611, 8611, 8611, 6179, 9472, 2966, 3080, 9472, 9493, 2852, 8611, 8611, 8611, 8611, 8611, 8611, 8611, 8611, 8611, 8611, 8611, 8611, 6179, 2966, 8617, 8611, 8611, 8611, 8611, 8611, 8611, 8611, 8611, 8611, 2022, 8611, 8611, 8611, 8611, 8611, 6179, 2966, 8617, 8611, 8611, 8611, 2833, 8611, 8611, 8611, 8611, 8611, 2020, 8611, 8611, 8611, 6179, 6179, 9472, 9471, 9471, 9472, 9471, 9471, 8611, 8611, 8611, 8611, 8611, 2016, 8611, 8611, 6179, 6179, 6179, 6179, 6179, 6179, 6179, 6179, 6179, 6179, 6179, 2966, 9471, 9471, 9471, 9471, 9472, 9472, 2966, 9471, 9493, 9471, 9472, 2966, 9471, 2966, 9471, 2966, 9493, 9471, 9493, 9472, 9493, 9471, 9472, 2966, 9472, 8613, 4154, 6540, 8611, 8611, 8611, 8611, 8611, 8611, 2966, 3099, 3099, 3099, 3099, 9472, 8611, 8611, 8614, 8611, 8611, 8611, 8611, 5122, 8611, 2852, 2852, 2966, 9493, 2966, 9471, 9472, 8611, 8611, 8611, 8611, 8611, 8611, 8611, 9493, 8611, 8611, 8611, 8611, 9471, 8611, 8611, 8611, 8611, 8611, 8611, 8611, 8611, 8611, 8611, 8611, 8611, 8611, 8611, 8611, 9472, 8611, 8611, 8611, 8611, 8611, 8611, 8611, 2966, 8611, 8611, 8611, 8611, 2966, 8611, 8611, 8611, 8611, 8611, 8611, 8611, 8611, 8611, 8611, 8611, 8611, 8611, 8611, 8611, 2966, 9493, 9471, 9493, 2966, 2757, 8611, 8611, 2966, 3004, 8611, 8611, 3080, 9471, 8611, 8611, 8611, 8611, 8611, 8611, 8611, 8611, 8611, 8611, 8611, 8611, 8611, 8611, 8611, 9472, 8611, 8611, 8606, 8606, 2985, 8611, 8611, 4174, 3061, 3004, 3080, 2985, 4174, 8611, 8611, 8611, 8611, 8611, 8611, 6179, 6179, 6179, 6179, 6179, 6179, 6179, 6179, 9471, 830, 8611, 8606, 8611, 883, 8611, 8611, 4174, 8611, 3061, 2985, 8611, 4174, 8611, 8611, 8611, 8611, 8611, 6179, 8613, 3004, 8611, 8611, 8611, 8611, 3004, 8611, 8611, 8611, 8611, 8611, 8611, 8611, 8611, 8611, 8611, 8611, 8611, 6179, 2966, 9472, 9471, 9472, 2966, 9472, 8611, 8611, 8611, 8611, 8611, 8611, 8611, 8611, 8611, 8611, 2017, 8611, 6179, 9493, 8617, 8617, 8617, 8109, 2985, 8611, 8611, 8611, 8611, 8611, 8611, 8611, 8611, 8611, 8611, 6179, 6179, 8613, 9471, 9472, 9493, 9493, 9493, 2757, 8611, 8611, 8611, 6492, 8611, 8611, 8611, 8611, 8611, 6179, 6179, 6179, 8611, 8611, 6469, 8611, 8611, 8611, 8611, 6179, 6179, 6179, 6179, 6179, 6179, 6179, 6179, 8613, 9493, 9493, 9471, 9472, 9493, 2966, 9471, 2966, 9471, 9471, 9493, 9471, 9493, 9472, 2985, 9493, 9493, 9471, 9493, 2966, 9472, 2966, 9471, 9472, 2966, 9493, 8613, 9493, 8606, 8611, 8611, 2776, 8611, 8611, 8611, 8611, 8611, 8611, 8611, 8611, 8611, 8611, 8611, 8611, 8611, 8611, 8611, 5122, 8611, 8611, 2852, 2852, 9493, 9493, 9472, 9471, 9471, 9471, 8611, 8611, 8611, 2776, 8611, 8611, 8611, 8611, 8611, 8611, 8611, 8611, 8611, 8611, 8611, 8611, 8611, 8611, 8611, 8611, 8611, 8611, 8611, 8611, 5122, 8611, 8611, 8611, 8612, 9472, 8611, 8611, 8611, 3042, 8611, 8611, 8611, 8611, 8611, 8611, 8611, 8611, 8611, 8611, 8611, 8611, 8611, 8611, 8611, 8611, 8611, 8611, 8611, 8611, 8611, 8611, 8611, 8611, 8612, 9493, 2966, 2966, 9472, 9472, 2757, 8611, 8611, 8611, 8611, 8611, 8611, 8611, 8611, 8611, 8611, 8611, 8611, 8611, 8611, 8611, 8611, 8611, 8611, 8611, 8611, 8611, 8611, 8611, 9472, 8606, 8606, 8611, 633, 9471, 8611, 8611, 8611, 8611, 8611, 8611, 8611, 8611, 8611, 8611, 8611, 8611, 8611, 8611, 6179, 6179, 6179, 6179, 6179, 6179, 6179, 6179, 9493, 8606, 8611, 8611, 8611, 9493, 8611, 8611, 8611, 8611, 8611, 8611, 8611, 8611, 8611, 8611, 8611, 8611, 8611, 6179, 8613, 9493, 8606, 8611, 8611, 8611, 9471, 8611, 8611, 8611, 8611, 8611, 8611, 8611, 8611, 8611, 8611, 8611, 8611, 6179, 9471, 9472, 9493, 9471, 9472, 9471, 8611, 8611, 8611, 8611, 8611, 8611, 8611, 8611, 8611, 8611, 8611, 6179, 9472, 9472, 9493, 9471, 2966, 9493, 8611, 8611, 8611, 8611, 8611, 8611, 8611, 8611, 8611, 8611, 6179, 6179, 8611, 8611, 8611, 8611, 8611, 8611, 8611, 8611, 8611, 6179, 6179, 6179, 6179, 8611, 8611, 6179, 6179, 8611, 6179, 6179, 6179, 6179, 6179, 6179, 6179, 6179, 8613, 9472, 2966, 2966, 9471, 9471, 2966, 2966, 9471, 9472, 9472, 3023, 9472, 9493, 9471, 9472, 9493, 9472, 9493, 4154, 2966, 9493, 9471, 2966, 9471, 9471, 9493, 9493, 8613, 9493, 9493, 9493, 9519, 9493, 9471, 2757, 8611, 5122, 8611, 8611, 8611, 8611, 5122, 1422, 8611, 8611, 8611, 8611, 8611, 8611, 8611, 8611, 8611, 8611, 3061, 2966, 9471, 2966, 2966, 2966, 4154, 2966, 136, 9471, 9472, 2757, 8611, 8611, 8611, 8611, 8611, 8611, 8611, 8611, 8611, 8611, 8611, 8611, 8611, 8611, 8611, 8611, 8611, 8611, 8611, 8611, 8611, 8611, 8611, 9493, 9471, 9493, 3042, 9472, 9471, 2757, 8611, 8611, 8611, 8611, 8611, 8611, 8611, 8611, 8611, 8611, 8611, 8611, 8611, 8611, 8611, 8611, 8611, 8611, 8611, 8611, 8611, 8611, 8611, 9471, 2966, 2966, 2966, 9493, 9472, 3004, 8611, 8611, 8611, 8611, 8611, 8611, 8611, 8611, 8611, 8611, 8611, 8611, 8611, 8611, 8611, 8611, 8611, 8611, 8611, 8611, 8611, 8611, 8611, 9472, 9472, 9493, 9493, 2966, 2966, 8611, 8611, 8611, 8611, 8611, 8611, 8611, 8611, 8611, 8611, 8611, 8611, 8611, 6179, 6179, 6179, 6179, 6179, 6179, 6179, 6179, 6179, 9472, 9493, 9493, 3023, 9471, 4154, 8611, 8611, 8611, 8611, 8611, 8611, 8611, 8611, 8611, 8611, 8611, 8611, 8611, 6179, 8613, 9472, 9493, 2966, 9493, 9472, 9493, 8611, 8611, 8611, 8611, 8611, 8611, 8611, 8611, 8611, 8611, 8611, 8611, 6179, 8613, 9493, 8611, 8611, 8611, 8611, 8611, 8611, 8611, 8611, 6492, 8611, 8611, 6179, 6179, 6179, 8611, 8611, 8611, 8611, 8611, 2017, 8611, 8611, 6469, 8611, 6179, 6179, 6179, 6179, 8611, 8611, 8611, 6179, 8611, 6179, 6179, 6179, 6179, 6179, 6179, 6179, 6179, 6179, 8613, 9472, 9493, 2966, 9471, 2966, 9471, 9472, 9493, 9471, 9493, 9493, 2966, 3099, 9493, 9472, 9493, 9493, 2966, 2966, 2966, 9493, 1435, 8611, 8611, 8109, 9472, 8611, 8611, 8611, 8611, 8611, 8611, 8611, 8611, 8611, 8611, 8611, 8611, 8611, 8611, 9493, 9493, 9471, 9493, 6179, 6179, 9471, 6179, 8613, 9493, 8611, 8611, 8611, 8611, 9493, 8611, 8611, 8611, 8611, 8611, 8611, 8611, 8611, 8611, 8611, 8611, 8611, 8611, 8611, 9493, 9471, 9472, 6179, 6179, 6179, 9471, 6179, 6179, 2966, 8611, 8611, 8611, 8611, 9471, 8611, 8611, 8611, 8611, 8611, 8611, 8611, 8611, 8611, 8611, 8611, 8611, 8611, 8611, 9472, 3042, 2966, 4154, 6179, 6179, 9471, 9472, 9493, 9472, 9493, 2966, 9493, 9493, 2966, 2757, 8611, 8611, 8611, 8611, 8611, 8611, 8611, 8611, 8611, 8611, 8611, 8611, 8611, 2966, 2966, 4154, 4154, 6179, 6179, 9493, 6179, 6179, 6179, 8611, 8611, 8611, 8611, 8611, 8611, 8611, 8611, 8611, 8611, 8611, 8611, 8611, 6179, 6179, 6179, 6179, 6179, 6179, 6179, 6179, 6179, 8613, 9493, 8611, 8611, 8611, 8611, 8611, 8611, 8611, 8611, 8611, 8611, 8611, 8611, 6179, 9493, 8611, 8611, 8611, 8611, 8611, 8611, 8611, 8611, 8611, 8611, 8611, 6179, 6179, 6179, 8611, 8611, 8611, 8611, 8611, 8611, 8611, 8611, 8611, 8611, 6179, 6179, 6179, 6179, 8611, 8611, 8611, 8611, 8611, 8611, 8611, 6179, 6179, 6179, 6179, 6179, 6179, 6179, 6179, 6179, 6179, 6179, 6179, 8613, 9471, 9471, 9472, 9493, 9493, 9471, 9471, 9472, 9472, 9493, 9471, 2966, 2966, 9493, 9493, 9493, 9471, 2966, 9493, 8611, 8606, 8611, 8611, 2985, 8611, 3023, 8611, 8611, 8611, 3023, 8611, 8611, 8611, 3023, 8611, 3061, 9471, 9472, 9493, 9471, 830, 397, 8611, 8611, 883, 8611, 2776, 8611, 8611, 8611, 2776, 8611, 8611, 8611, 2776, 8611, 8611, 3023, 9472, 9471, 8613, 8613, 8613, 9471, 830, 8611, 8611, 8611, 3004, 8611, 3042, 8611, 8611, 8611, 3042, 8611, 8611, 8611, 3042, 8611, 8611, 2966, 9471, 9472, 9472, 2966, 9472, 2966, 9472, 9493, 2757, 9471, 3042, 3042, 3042, 9472, 3042, 3042, 3042, 2966, 8611, 8611, 9493, 9472, 9471, 9471, 6179, 9493, 3023, 9472, 3023, 9493, 3023, 9471, 9493, 8611, 8611, 6179, 6179, 6179, 8613, 2966, 6179, 2966, 896, 2966, 896, 9472, 896, 9493, 9493, 8617, 8611, 6179, 6179, 6179, 9471, 9472, 3042, 9493, 3042, 9493, 3042, 9472, 9493, 6179, 6179, 6179, 6179, 9493, 3042, 3042, 3042, 3042, 3042, 9471, 6179, 6179, 6179, 6179, 6179, 6179, 6179, 6179, 6179, 6179, 6179, 9493, 2966, 2966, 9472, 9472, 9472, 9472, 2966, 9493, 9471, 9493, 9472, 2966, 9471, 9493, 2966, 2966, 8611, 8606, 8606, 9715, 9493, 8617, 9493, 9472, 9522, 4154, 9493, 4154, 3023, 9493, 2966, 9471, 9493, 9493, 2966, 8611, 8611, 8611, 9716, 9471, 8611, 2966, 9471, 136, 9493, 9493, 9493, 896, 9493, 9471, 9493, 9493, 9471, 9493, 8611, 8611, 8611, 9715, 9471, 8617, 9471, 9471, 3042, 9493, 9472, 9472, 3042, 4154, 2966, 9471, 4154, 9472, 9493, 9472, 2966, 9493, 9493, 9471, 2966, 2966, 2966, 2966, 9472, 9472, 9471, 9471, 9471, 9471, 9493, 9493, 9472, 9493, 9493, 8109, 8606, 8611, 8606, 8611, 8610, 2833, 9493, 9493, 6179, 6179, 2966, 8611, 8611, 8383, 8611, 8382, 8611, 8606, 9493, 6179, 6179, 6179, 9472, 8611, 8611, 8611, 8611, 8611, 8611, 8606, 9471, 2966, 9471, 2966, 9472, 2966, 9471, 9493, 8613, 2966, 9472, 2966, 9471, 9472, 9471, 9472, 9471, 9472, 9493, 9493, 9471, 9472, 9472, 9493, 2966, 9471, 2966, 9472, 9493, 9472, 9472, 2966, 2985, 8611, 8611, 8611, 1435, 8611, 8611, 8606, 9471, 9493, 2966, 9493, 4154, 9472, 9471, 9472, 9493, 8611, 8611, 8611, 8611, 8611, 8611, 8611, 2966, 2966, 9472, 9472, 2966, 4154, 2966, 9472, 9472, 8611, 8611, 8611, 8611, 8611, 8611, 8611, 9493, 9493, 9472, 9472, 2966, 9472, 9472, 2966, 9472, 9472, 9493, 9472, 2966, 9471, 9471, 9472, 9471, 2966, 1436, 8611, 8611, 8611, 8611, 8611, 3118, 2966, 9472, 830, 8611, 8611, 8611, 8611, 8611, 8610, 9472, 9493, 8611, 8611, 8611, 8611, 8611, 8611, 8606, 9472, 9493, 9472, 9471, 2966, 2966, 2966, 9471, 2966, 9471, 9493, 2966, 2966, 9493, 2966, 9493, 2966, 4154, 8611, 8611, 1430, 411, 8611, 8611, 8611, 9493, 4154, 8611, 8611, 8611, 8611, 8611, 8611, 8611, 4154, 8613, 2966, 8611, 8611, 8611, 8611, 8611, 8611, 8611, 9471, 9471, 9471, 9493, 2966, 9471, 9471, 9493, 9472, 9493, 9493, 8611, 8611, 2776, 2776, 2776, 2776, 3042, 9493, 9471, 830, 8611, 8611, 8611, 8611, 8611, 8200, 2966, 2966, 8611, 8611, 8611, 8611, 8611, 8611, 8611, 2966, 9493, 9472, 9493, 9493, 9471, 2966, 2966, 8613, 8613, 2966, 9472, 9493, 9493, 9493, 9471, 9493, 2966, 2966, 9472, 632, 632, 9472, 9493, 2966, 2985, 8611, 2966, 2966, 2833, 2833, 9472, 2966, 2985, 8611, 8611, 9471, 9471, 8606, 8109, 9472, 2985, 8611, 8611, 8611, 9471, 9493, 9471, 9472, 2985, 8611, 8611, 8611, 8611, 9472, 9493, 8611, 8611, 8611, 8611, 8611, 8611, 8611, 9471, 2966, 8611, 8611, 8611, 8611, 8611, 8611, 8611, 2966, 9471, 8611, 8611, 8611, 8611, 8611, 8611, 8611, 9471, 9471, 9493, 9471, 9493, 9493, 9471, 2966, 2966, 9472, 9493, 2966, 9472, 2966, 9471, 9493, 9493, 9471, 2966, 2966, 9472, 9493, 9493, 9493, 9493, 9493, 9471, 9472, 9471, 2966, 2966, 9472, 9472, 9471, 9471, 9472, 9493, 9471, 2966, 9471, 9493, 4154, 4154, 9472, 9472, 9471, 9471, 9472, 9471, 3042, 4154, 9471, 2966, 9471, 4154, 4154, 9471, 9493, 9493, 9471, 2966, 9471, 2966, 9472, 4154, 2966, 9493, 3023, 3023, 2966, 2966, 9472, 9472, 2966, 3042, 2966, 9471, 3042, 9493, 9471, 8613, 8613, 8613, 8613], "DecorIndices": [], "DecorIds": [], "BlockEntities": {"3161090": "!<d@[F*Jhf#64c-E,TfC\"onW'!<d@[F*c<q#64o6@VfsmCI<#NAHcRa@<?&b$#+:#ASuU.Ed7ZiEH>r7FE7un!!!3,F)5c:EsD_\"!!*'\"!7(fK!#bh;z\"Uo!]E^FS\\@r\"GMA7YpSEaa'$\"U/^N@V'?U\"U&pmE+K?\"Df9/<@:s.^\":8pVF(djWB5D/-;u=<1$>a-[ASa_PCi==o!!!!&#]+3c;flGiAHlX\\Df]K##7>9U@V'@SFCAZp!<<", "8403970": "!<d@[F*Jhf#64c-E,TfC$NL/,!<d@[F*c<q#64o6@VfsmCI<#NAI`fjE+O*4Ed96XDfp/8#mPEgFED)3!!NLIH#R=(F(8lpD..O#@kD+E1&q", "9452546": "!<d@[F*Jhf#64c-E,TfC$ig8-!<d@[F*c<q#64o6@VfsmCI<#NAI`fjE+O*4Ed96XDfp/8#mPEgFED)3!!NLIH#R=(F(8lpD..O#@kD+D1&q", "3154947": "!<d@[F*Jkg#64c-E,TfC\"onW'!<d@[F*c*k#64o6@VfsmCI<#NAJJ`oDfRFMF_P`)A1`\">DId[0ARmP!$?C',@<?'`;IO+j&'7$B#&eHlDIm>Y#n:TdG%G]987?CHCh7Yf!!", "3156995": "!<d@[F*Jkg#64c-E,TfC\"onW'!<d@[F*c0m#64o6@VfsmCI<#NAHu^]F`__:EWlSfH#R=0E+s-\"/U),OA9Vs4CM@[!FDl)6Es)_gDffE0AQSp4!!!-.D.Rd%6#L=OAZ$<!_#t!`DffE0AQf'6!!!<3@rH1\"ARfgnA,lT", "3159043": "!<d@[F*Jkg#64c-E,TfC\"onW'!<d@[F*c6o#64o6@VfsmCI<#NAJAZqH\"19'@psG\"/SK9D@;^!tA2+0\"FE1f-F(o`1Df/*aF`MOsAS-#az!:[`*'Pq3!F@0_Q@r\"AP<,ZkeCd_]WF3;@.<E5Sd5QC", "3161091": "!<d@[F*Jkg#64c-E,TfC\"onW'!<d@[F*c<q#64o6@VfsmCI<#NAHu^]F`__:EWlSfH#R='Ecki#Ch52BDf9/C\":&scFCB9&=9&=$!!EUFATMNNDJ*cs.*d@Z\":&scFCB9&=o\\O&!!rsADes6$@ru9m!!!", "8403971": "!<d@[F*Jkg#64c-E,TfC$NL/,!<d@[F*c<q#64o6@VfsmCI<#NAI`fjE+O*4Ed96XDfp/8#mPEgFED)3!!NLIH#R=(F(8lpD..O#@kD+E0`V", "9452547": "!<d@[F*Jkg#64c-E,TfC$ig8-!<d@[F*c<q#64o6@VfsmCI<#NAI`fjE+O*4Ed96XDfp/8#mPEgFED)3!!NLIH#R=(F(8lpD..O#@kD+D0`V", "7350276": "!<d@[F*Jnh#64c-E,TfC$31&+!<d@[F*c-l#64o6@VfsmCI<#NAHu^]F`__:EWlSfH#R=%FCAWpAM%>'ARkoKEc6&.FCePS!!!!%$#O6pBL-NKCh;<28\\kN7Ec6&.FCeVU!!!!*$\"ImiCh7*uARkc@", "8398852": "!<d@[F*Jnh#64c-E,TfC$NL/,!<d@[F*c-l#64o6@VfsmCI<#NAHu^]F`__:EWlSfH#R=!B5DKqAMjSqEc6&.FCePS!!!!%$#O6pBL-NKCh;?3ah@l_Ec6&.FCeVU!!!!*$\"ImiCh7*uARkc@", "7350277": "!<d@[F*Jqi#64c-E,TfC$31&+!<d@[F*c-l#64o6@VfsmCI<#NAJ\\feA1`\"DDe*9hARmB+ART+$F)Q2CBEAc_Dfor>ARn,Q7;d3]FEpGgzz\"VPZjF`);4A3tQ<CghU#E`Hga!!!", "7353349": "!<d@[F*Jqi#64c-E,TfC$31&+!<d@[F*c6o#64o6@VfsmCI<#NAHu^]F`__:EWlSfH#R=%@q]:bE\\2*GDJ'(WEc6&.FCePS!!!!%$#O6pBL-NKCh6dP:Vd/=Ec6&.FCeVU!!!!*$\"ImiCh7*uARkc@", "7354373": "!<d@[F*Jqi#64c-E,TfC$31&+!<d@[F*c9p#64o6@VfsmCI<#NAI;p\\ATMrFARTY%\"po!]G%GQ5DfU+(#'\"^#Dfg%+!!!!'\"`nKuFE7Zf0E;+R!!#4n!!!$\"!!!!(!AOQT!!!!W%KHJ0z#6?R[!<<*\"'*/(5!<<*\"\":K<iFCAuQBOPdgA^/Fm4obfg1B7FU!!!Z5!!!$\"!!!!(!AjcW!!!\"D%KHJ0z#6?[^!<<*\"\"p\"](!<<*\"!!`N_!!*'\"!##A5!!*'\"!!E[ODffE(6YKnG@qEp/9KiF]!B0uZ!!!!6!<<*#z!!!02AoD]VCi<g!6Z6LH$=da\\F*'!F@<6Mo\"E\\p.AI;pcCi!O!F(Jl<\":8pVF(djWB5D,Zz", "8401925": "!<d@[F*Jqi#64c-E,TfC$NL/,!<d@[F*c6o#64o6@VfsmCI<#NAK,`0EarcrDerrqE\\1^4ARmB(D/aTB/S/@3F8u", "10503173": "!<d@[F*Jqi#64c-E,TfC%0-A.!<d@[F*cBs#64o6@VfsmCI<#NAIiTq@s)j7DImm2/Rr4%AH<'R@<b.XF`):(!!!!%%;B^%ATDs&Ce/JeEcW.SW]gatASuU(FEp5lA7]f_!!!!.Ci<g+F*'!CEc5iAAH;jW1&M\"NrrE1H1&M\"NrrE1I1&M\"NrrE1G1'IXX!!*.H1'.FU!!*.I1'IXX!!*RHBl6a`@<lF);IOHUAL%6U!!*RH@<bUb@<lF);IOHUAcMf1rrEUNE+*s.;IOHUAPI)RAH;c2!!*FJE+*s.6Z7*bF8u:@!!s?\\E+*s.:Msuo6\"Y4ME_1+eDfTq#!>]BeBln&tCf,=`DKKT7GuJZjGA^u&z!>K6cBln&tCf>:]GA^9#@;^1$FEn#i!!!$+B6%p5E)UIsAHMo4!!s$W@<5\"WE,Tc=ARkcC'5V)uFAm-eGA^AuFCAuVDfp)Azz!>&s_FCfK1@;J;>E+*6jFEn2n!!!*2Bl8$(Ec,<%6YKnKB4V&Cz,X;GBEb/`o@<-!l:h=Z<Dfp(#!!&[[RCPNa)Jii'F@0_MEbAr`E+EC!AQ3Si@;JJQF`MQgEr5l_qG]`k%s)\\uGA^u&7;d3]FD5<-z!X<=LEb%aPzz!>0$`F(o/r9Q+E`F*'cfF`):3z", "3160071": "!<d@[F*K\"k#64c-E,TfC\"onW'!<d@[F*c9p#64o6@VfsmCI<#NAHu^]F`__:EWlSfH#R='Ecki#Ch52BDf9/@\":&scFCB9&=9&=$!!EUFATMNNDJ*csB_$el\":&scFCB9&=o\\O&!!rsADes6$@ru9m!!!", "3167239": "!<d@[F*K\"k#64c-E,TfC\"onW'!<d@[F*cO\"#64o6@VfsmCI<#NAI;p\\ATMrFARTY%\"po!]G%GQ5DfU+(#'\"^#Dfg%+!!!!'\"`nKuFE7Zf0E;+R!!!K0!!!$\"!!!!(!AOQT!!!\"5\"TSN-z#6?R[!<<*\"%KQP0!<<*\"!!`N\\!!*'\"!\"f53!!*'\"!!!6)1]ROV!!'k<!!\",A!!!!(!AsiX!!!!#!<<*#z#6?^_!<<*\"%06G/!<<*\"!!`N`!!*'\"!\"T)1!!*'\"z\"Uo!]E^FS\\@r\"GMA7Z*XBOu7,/S/@3F9MehH#R=%@rH1\"@;p:!A2=>pD.Rd%6#L=OA_R_e^]4", "3167240": "!<d@[F*K%l#64c-E,TfC\"onW'!<d@[F*cO\"#64o6@VfsmCI<#NAHu^]F`__:EWlSfH#R='Ecki#Ch52BDf9/A\":&scFCB9&=9&=$!!EUFATMNNDJ*csdSkM/\":&scFCB9&=o\\O&!!rsADes6$@ru9m!!!", "3168264": "!<d@[F*K%l#64c-E,TfC\"onW'!<d@[F*cR##64o6@VfsmCI<#NAHc[aEbAqg#\\.djFCf?3ErcCMAp%[$9P&BYC]FG8!!*=6F`MA6DJ&qL!!!*6CghC,<,#iX<,ZkeCe/JeEc]h2s8REA<'^K", "4216840": "!<d@[F*K%l#64c-E,TfC#64`(!<d@[F*cR##64o6@VfsmCI<#NAK5f1EarcrDerrqE\\1^4ARmB(D/aTB/TYiQFD(X", "3163145": "!<d@[F*K(m#64c-E,TfC\"onW'!<d@[F*cBs#64o6@VfsmCI<#NAHu^]F`__:EWlSfH#R='Ecki#Ch52BDf9/B\":&scFCB9&=9&=$!!EUFATMNNDJ*cshsE)5\":&scFCB9&=o\\O&!!rsADes6$@ru9m!!!", "3165193": "!<d@[F*K(m#64c-E,TfC\"onW'!<d@[F*cHu#64o6@VfsmCI<#NAHu^]F`__:EWlSfH#R=#FDl)6/R`m8\":&scFCB9&=9&=$!!EUFATMNNDJ*cs;@@W`\":&scFCB9&=o\\O&!!rsADes6$@ru9m!!!", "3166217": "!<d@[F*K(m#64c-E,TfC\"onW'!<d@[F*cL!#64o6@VfsmCI<#NAIN!bG%kbE@rH=*ATA%\\G&MV:Cib+-zzzzzzzzzzzzzzzzzzzzzzzzzzzzzzzzzzzzzzzzzzzzzzzzzzzzzzzzzzzzzzzzzzzzzzzzzzzzzzzzzzzzzzzzzzzzzzzz#7YlqEbe6gASk@f@:O'R!>'<`Ch7*uARn\\M@qfmn8S%l$s8N**Ec6&.FD5Z2z\":8pVF(djWB5D/?b8.kn", "4216841": "!<d@[F*K(m#64c-E,TfC#64`(!<d@[F*cR##64o6@VfsmCI<#NAI`g#DesH&@r!Z;Dfp/8\"po!]G%GQ5DfU+(#'\"^#Dfg%'!!!!'\"`nKuFE7Zf0`V4S!!(=L!!!$\"z!!!", "7346185": "!<d@[F*K(m#64c-E,TfC$31&+!<d@[F*c!h#64o6@VfsmCI<#NAJ\\feA1`\"DDe*9hARmB+ART+$DJsQ;BEAc_Dfor>ARn,Q7;d3]FEpGgzz\"VPZjF`);4A3tQ<CghU#E`Hga!!!", "3164170": "!<d@[F*K+n#64c-E,TfC\"onW'!<d@[F*cEt#64o6@VfsmCI<#NAJAZqH\"19'@psG\"/SK9D@;^!tA246#FE1f-F(o`1Df/*aF`MOsAS-#az!:[`*'Pq3!F@0_Q@r\"AP<,ZkeCd_]WF3;@.<E5Sd5QC", "3165194": "!<d@[F*K+n#64c-E,TfC\"onW'!<d@[F*cHu#64o6@VfsmCI<#NAHu^]F`__:EWlSfH#R=&FDl)6/SJR0D.R_j#BFa)@<?'_z\":8pVF(djWB5D-mnq4a]#BFa)@<?'az#mk*[Ci!ZmFCet_!!", "4201482": "!<d@[F*K+n#64c-E,TfC#64`(!<d@[F*c$i#64o6@VfsmCI<#NAK5f1EarcrDerrqE\\1^4ARmB(D/aTB/T,KIFD(X", "4216842": "!<d@[F*K+n#64c-E,TfC#64`(!<d@[F*cR##64o6@VfsmCI<#NAI`g#DesH&@r!Z;Dfp/8\"po!]G%GQ5DfU+(#'\"^#Dfg%'!!!!'\"`nKuFE7Zf1&q=T!!#^t!!!$\"!!!$,A9Dp$@VKXmFEs8S!!!!(!Aa]V!!!#P\"onW(z!!!!", "7346186": "!<d@[F*K+n#64c-E,TfC$31&+!<d@[F*c!h#64o6@VfsmCI<#NAHu^]F`__:EWlSfH#R=5@W-1#F(f-$G%G_J@W-1#E+s-\"/R`:'A2FDoEc6&.FCePS!!!!%$#O6pBL-NKCh;$nHbfgiEc6&.FCeVU!!!!*$\"ImiCh7*uARkc@", "11540490": "!<d@[F*K+n#64c-E,TfC%KHJ/!<d@[F*c!h#64o6@VfsmCI<#NAI;p\\ATMrFARTY%\"po!]G%GQ5DfU+(#'\"^#Dfg%'!!!!'\"`nKuFE7Zf0E;+R!!!-&!!!$\"!!!!(!AOQT!!!!3!<<*#z#6?R[!<<*\"(BFL9!<<*\"!!`N\\!!*'\"!#>S8!!*'\"z\"Uo!]E^FS\\@r\"GMA7Z*XBOu7,/S/@3F9MehH#R=!B5_TsASqVWD.Rd%6#L=OA`2r/^]4", "3168267": "!<d@[F*K.o#64c-E,TfC\"onW'!<d@[F*cR##64o6@VfsmCI<#NAI<X\"De*=\"@r#Xt\"po!]G%GQ5DfU+(#'\"^#Dfg%$!!!!'\"`nKuFE7E^\":8pVF(djWB5D/-;u=<0", "7346187": "!<d@[F*K.o#64c-E,TfC$31&+!<d@[F*c!h#64o6@VfsmCI<#NAI;p\\ATMrFARTY%\"po!]G%GQ5DfU+(#'\"^#Dfg%+!!!!'\"`nKuFE7Zf0E;+R!!#t.!!!$\"!!!!(!AOQT!!!!8!<<*#z#6?R[!<<*\"kmd[n!<<*\"!!`N\\!!*'\"!'^qn!!*'\"!!!6)1]ROV!!!*%!!!$\"!!!!(!AsiX!!!!&!<<*#z#6?^_!<<*\"!W`9$!<<*\"!!`N`!!*'\"!&Y5d!!*'\"z\"Uo!]E^FS\\@r\"GMA7Z*XBOu7,/S/@3F9MehH#R=%@rH1\"@;p:!A2=>pD.Rd%6#L=OA_Ra;^An", "3150860": "!<d@[F*K1p#64c-E,TfC\"onW'!<d@[F*bsg#64o6@VfsmCI<#NAJ/NlDfRFMF_P`)A1_h?F_>AC\":B0fFCB9&=]/[=z#mP<eASu'i!!s*KDK]T3F@]hXA8Ggu!!!", "3165196": "!<d@[F*K1p#64c-E,TfC\"onW'!<d@[F*cHu#64o6@VfsmCI<#NAHu^]F`__:EWlSfH#R='E+s-\"/T#'0Bk(Rf\":&scFCB9&=9&=$!!EUFATMNNDJ*csdSkM/\":&scFCB9&=o\\O&!!rsADes6$@ru9m!!!", "3168268": "!<d@[F*K1p#64c-E,TfC\"onW'!<d@[F*cR##64o6@VfsmCI<#NAHlUPEcP`-\"po!]G%GQ5DfU+(#'\"^#Dfg%%!!!!'\"`nKuFE7Zf0`V4S!!)os!!'M:z!!rjNARTCdA,l]HF(JcrARn_RDI[6WDffE(88iWkErZ1?z!!!", "8391692": "!<d@[F*K1p#64c-E,TfC$NL/,!<d@[F*bme#64o6@VfsmCI<#NAI`fjE+O*4Ed96SDfTr5#mPEgFED)3!!NLIH#R<tEc6%S!!", "11540492": "!<d@[F*K1p#64c-E,TfC%KHJ/!<d@[F*c!h#64o6@VfsmCI<#NAHu^]F`__:EWlSfH#R=#D.-pfBl7K?\":&scFCB9&=9&=$!!EUFATMNNDJ*csjNA<(\":&scFCB9&=o\\O&!!rsADes6$@ru9m!!!", "3148813": "!<d@[F*K4q#64c-E,TfC\"onW'!<d@[F*bme#64o6@VfsmCI<#NAHlUPEcP`-\"po!]G%GQ5DfU+(#'\"^#Dfg%%!!!!'\"`nKuFE7Zf0E;+R!!$j>!!\"GJz!!rjNARTCdA,l]HF(JcrARn_RDI[6WDffE(88iWkErZ1?z!!!", "3153933": "!<d@[F*K4q#64c-E,TfC\"onW'!<d@[F*c'j#64o6@VfsmCI<#NAJAZqH\"19'@psG\"/SK9D@;^!tA2+0\"FE1f-F(o`1Df/*aF`MOsAS-#az!:[`*'Pq3!F@0_Q@r\"AP<,ZkeCd_]WF3;@.<E5Sd5QC", "8391693": "!<d@[F*K4q#64c-E,TfC$NL/,!<d@[F*bme#64o6@VfsmCI<#NAI`fjE+O*4Ed96SDfTr5#mPEgFED)3!!NLIH#R<tEc6%T!!", "3148814": "!<d@[F*K7r#64c-E,TfC\"onW'!<d@[F*bme#64o6@VfsmCI<#NAHcRa@<?&b$#+:#ASuU.Ed7ZiEH>r7FE7un!!!3,F)5c:EsD_\"!!*'\"!+lB7!$;1@z\"Uo!]E^FS\\@r\"GMA7YpSEaa'$\"U/^N@V'?U\"U&pmE+K?\"Df9/<@:s.^\":8pVF(djWB5D/-;u8c[$>a-[ASa_PCi==o!!!!&#]+3c;flGiAHlX\\Df]K##7>9U@V'@SFCAZp!<<", "3164174": "!<d@[F*K7r#64c-E,TfC\"onW'!<d@[F*cEt#64o6@VfsmCI<#NAINEeFC?bBE+*s.AT@eWD..ZVDfor>!rr<$\":]'_FCfK9@;JJQF`MO'!!!!+$Y=3tBlnVfDe*F#!WW3#'PCikANF@BBkDHuE\\1d>EcQ;AF:i.oD.Pb=EbT--ATBA5AS#f]!dHI!s8W*\"!dQL$!!!!\"!dZU#s8W*\"!dHI&!!!!\"!dQO&!!!!\"!dZU(!!!!\"%W,ot:i'QcATC[WDJ*Mp!!!!\"%W,X!:i'QcATC[WDJ*NW!!!!\"%WcStGA^;eDJ*NTDe*D]!!!!\"$?L/pGA]cdF`):3!!!!*'Q\\5%GA^2oCjA<YFCfJaD/aE6F9)CXBl7X,BjkgTF^]00BlnW!E+*s.ARkc@!!!$6Bl7X,BjkgVE+*s.;0?;bFD5iBz!=<CZDfp\"tBmO=k!!!!*$[6$#8SrEbEcbl'!!<mN@<6NhE+*s.<,ZkeCe/JeEcV4:6-0=$dm*pFBl8$(Ec,<%6XaqB@qg%1!rr<$!tK$_FCfK1@;J;E@<-!lz!!!9i!tTE`@q]:kB4XnNE_(+kEW?(>!!!#g56Dg?@<6NXBOPpoAQ<\\[@<?'[DffE(88iWkF6[fCs*FN@5n=KIE+*s.ARn5IFD5i2ATIhO!!!!", "7345166": "!<d@[F*K7r#64c-E,TfC$31&+!<d@[F*bsg#64o6@VfsmCI<#NAHu^]F`__:EWlSfH#R=7FCAWpAM%_:DJ(PFBln#?@r-(*BJ\"1GEc>i+\":&scFCB9&=9&=$!!EUFATMNNDJ*cs;@@W`\":&scFCB9&=o\\O&!!rsADes6$@ru9m!!!", "7346190": "!<d@[F*K7r#64c-E,TfC$31&+!<d@[F*c!h#64o6@VfsmCI<#NAHu^]F`__:EWlSfH#R=5@W-1#F(f-$G%G_J@W-1#E+s-\"/R`:'A248mEc6&.FCePS!!!!%$#O6pBL-NKCh6UmBYafVEc6&.FCeVU!!!!*$\"ImiCh7*uARkc@", "8391694": "!<d@[F*K7r#64c-E,TfC$NL/,!<d@[F*bme#64o6@VfsmCI<#NAI`fjE+O*4Ed96SDfTr5#mPEgFED)3!!NLIH#R<tEc6%U!!", "8393742": "!<d@[F*K7r#64c-E,TfC$NL/,!<d@[F*bsg#64o6@VfsmCI<#NAHu^]F`__:EWlSfH#R=%@<-4!Ci!O#GqfF,Ec6&.FCePS!!!!%$#O6pBL-NKCh;$nqnE7=Ec6&.FCeVU!!!!*$\"ImiCh7*uARkc@", "11540494": "!<d@[F*K7r#64c-E,TfC%KHJ/!<d@[F*c!h#64o6@VfsmCI<#NAI;p\\ATMrFARTY%\"po!]G%GQ5DfU+(#'\"^#Dfg%'!!!!'\"`nKuFE7Zf0E;+R!!!-&!!!$\"!!!!(!AOQT!!!!)$ig8.z#6?R[!<<*\"#6=f)!<<*\"!!`N\\!!*'\"!\"8l.!!*'\"z\"Uo!]E^FS\\@r\"GMA7Z*XBOu7,/S/@3F9MehH#R<sDg-\"#$#O6pBL-NKCh;?3ah@`", "3148815": "!<d@[F*K:s#64c-E,TfC\"onW'!<d@[F*bme#64o6@VfsmCI<#NAHu^]F`__:EWlSfH#R=0@rc\"\"AM7P6@<?'4Cgh?sAM%q@F9DhhDffE0AQSp4!!!-.D.Rd%6#L=OA_Ra;^'\"[]DffE0AQf'6!!!<3@rH1\"ARfgnA,lT", "7343119": "!<d@[F*K:s#64c-E,TfC$31&+!<d@[F*bme#64o6@VfsmCI<#NAHu^]F`__:EWlSfH#R=/F(f-$Ah@S2E--@WF*)G2BkM+$\":&scFCB9&=9&=$!!EUFATMNNDJ*csehLXM\":&scFCB9&=o\\O&!!rsADes6$@ru9m!!!", "7344143": "!<d@[F*K:s#64c-E,TfC$31&+!<d@[F*bpf#64o6@VfsmCI<#NAHu^]F`__:EWlSfH#R=%@q]:bE\\1^4ARkoKEc6&.FCePS!!!!%$#O6pBL-NKCh;,5DSZG\\Ec6&.FCeVU!!!!*$\"ImiCh7*uARkc@", "8391695": "!<d@[F*K:s#64c-E,TfC$NL/,!<d@[F*bme#64o6@VfsmCI<#NAHu^]F`__:EWlSfH#R=.F(f-$Ah@h-@P)/2F_Pf3ASuSm#BFa)@<?'_z\":8pVF(djWB5D/10k.s%#BFa)@<?'az#mk*[Ci!ZmFCet_!!", "9440271": "!<d@[F*K:s#64c-E,TfC$ig8-!<d@[F*bme#64o6@VfsmCI<#NAHu^]F`__:EWlSfH#R=(F(f-$Ah@V2@<64*1'@i&DffE0AQSp4!!!-.D.Rd%6#L=OA_&SF_#t!`DffE0AQf'6!!!<3@rH1\"ARfgnA,lT", "3149840": "!<d@[F*K=t#64c-E,TfC\"onW'!<d@[F*bpf#64o6@VfsmCI<#NAJ/NlDfRFMF_P`)A1_h?F_>AB\":B0fFCB9&=]/[=gCHk@#mP<eASu'i!!s*KDK]T3F@]hXA8Ggu!!!", "3150865": "!<d@[F*K@u#64c-E,TfC\"onW'!<d@[F*bsg#64o6@VfsmCI<#NAI;p\\ATMrFARTY%\"po!]G%GQ5DfU+(#'\"^#Dfg%+!!!!'\"`nKuFE7Zf0E;+R!!!f9!!!$\"!!!!(!AOQT!!!\"!%KHJ0!!!!%$Zp</@;J;E@;]Rd!!!!`!!`N[!!*'\"!#,G6!!*'\"!!!6)1B7FU!!!c8!!!$\"!!!!(!AjcW!!!!4!<<*#!!!!%$Zp</@;J;E@;]Rdc-/jF!!`N^!!*'\"!-etR!!*'\"!!!6)2?3aX!!!f9!!!$\"!!!-0FDl80CdVlEDI[7qor(%S#6?a`!<<*\"!s&B%!<<*\"!!!!&$taEu6>URMCI<#NAI;p\\ATMrFARTY%\"U&pmE+KAdDes5uE-#T$0a%f\"ATMNNDJ*csgCHk@!!", "3148818": "!<d@[F*KD!#64c-E,TfC\"onW'!<d@[F*bme#64o6@VfsmCI<#NAHu^]F`__:EWlSfH#R=6FCAWpAM%_:DJ(PFBln#?@r-(*BJ!k;AS#`^#BFa)@<?'_z\":8pVF(djWB5D--c@E_6#BFa)@<?'az#mk*[Ci!ZmFCet_!!", "4196370": "!<d@[F*KD!#64c-E,TfC#64`(!<d@[F*bjd#64o6@VfsmCI<#NAI`fjE+O*4Ed96SDfTr5#mPEgFED)3!!NLIH#R<uBQ%^41&q", "5244946": "!<d@[F*KD!#64c-E,TfC#QOi)!<d@[F*bjd#64o6@VfsmCI<#NAI`fjE+O*4Ed96SDfTr5#mPEgFED)3!!NLIH#R<uBQ%^40`V", "3148819": "!<d@[F*KG\"#64c-E,TfC\"onW'!<d@[F*bme#64o6@VfsmCI<#NAHu^]F`__:EWlSfH#R=%@q]:bE\\1^4ARkoKEc6&.FCePS!!!!%$#O6pBL-NKCh6kl6GWd0Ec6&.FCeVU!!!!*$\"ImiCh7*uARkc@", "3149843": "!<d@[F*KG\"#64c-E,TfC\"onW'!<d@[F*bpf#64o6@VfsmCI<#NAHu^]F`__:EWlSfH#R=0@W-1#F(f-$G%G_J@W-1#E+s-\"1'@i&DffE0AQSp4!!!-.D.Rd%6#L=OAQ=%i_#t!`DffE0AQf'6!!!<3@rH1\"ARfgnA,lT", "3150867": "!<d@[F*KG\"#64c-E,TfC\"onW'!<d@[F*bsg#64o6@VfsmCI<#NAK>8sF`__:Eb/cjDf9E4BOu!l/R`:'A78tV@qf?T\"E\\p.AKtZ&DejE-AScO$F\"_!@DejE-ASbs1Ecl)6ARmB)F_kkK1^\"&(DffE0AQSp4!!!-.D.Rd%6#L=OA_&SF_#t!`DffE0AQf'6!!!<3@rH1\"ARfgnA,lc<G%#E*@;^/iBOP^h\"U0!nE+Ld)!!", "3155987": "!<d@[F*KG\"#64c-E,TfC\"onW'!<d@[F*c-l#64o6@VfsmCI<#NAJJ`oDfRFMF_P`)A1`\">DId[0ARmLu$?C',@<?'`;IO+j%nT\"m#&eHlDIm>Y#n:TdG%G]987?CHCh7Yf!!", "4199443": "!<d@[F*KG\"#64c-E,TfC#64`(!<d@[F*bsg#64o6@VfsmCI<#NAK#&pF`__:Eb/cjDf9E4BOu!lGA2/4Ci=?*\"U&pmE+LD+Df9E4BOu\"'ATKM6Df9E4BOu!l/TPuJDIm?1Ap%p+/So?GAMsYrEc6&.FCePS!!!!%$#O6pBL-NKCh;0P@_i0PEc6&.FCeVU!!!!*$\"ImiCh7*uARkcE#BjNrBjkn$\"DD4[Ad&?[H#R=M!!NXEDfTDVDe*D_C2[uuErZ", "5248019": "!<d@[F*KG\"#64c-E,TfC#QOi)!<d@[F*bsg#64o6@VfsmCI<#NAK>8sF`__:Eb/cjDf9E4BOu!l/R`:'A78tV@qf?T\"E\\p.AKkT%DejE-AScO$F\"_!@DejE-ASbs1Ecl)6ARmB)F_kkN\":&scFCB9&=9&=$!!EUFATMNNDJ*csehLXM\":&scFCB9&=o\\O&!!rsADes6$@ru9m!!NUN@<-'jDKH\"p@;KNZ\"a#$/AMO5c", "7349267": "!<d@[F*KG\"#64c-E,TfC$31&+!<d@[F*c*k#64o6@VfsmCI<#NAI;p\\ATMrFARTY%\"po!]G%GQ5DfU+(#'\"^#Dfg%+!!!!'\"`nKuFE7Zf0E;+R!!!Q2!!!$\"!!!!(!AOQT!!!\"!%KHJ0!!!!%$Zp</@;J;E@;]Rd!!!!`!!`N[!!*'\"!*'L/!!*'\"!!E[ODffE(6YKnG@q>W?!'^Gg!Aa]V!!!!Z%KHJ0z#6?X]!<<*\"(BFL9!<<*\"\":K<iFCAuQBOPdgA]+2>4obfg2#mXW!!!'$!!!$\"!!!!(!B'oY!!!!8!<<*#z#6?a`!<<*\"&cht4!<<*\"!!!!&$taEu6>URMCI<#NAI;p\\ATMrFARTY%\"U&pmE+KAdDes5uE-#T$1B\\#$ATMNNDJ*csgCHk@!!", "7350291": "!<d@[F*KG\"#64c-E,TfC$31&+!<d@[F*c-l#64o6@VfsmCI<#NAHu^]F`__:EWlSfH#R=5@rc\"\"AM7P6@<?'4D.R6lF_r^LDfg)4Ed7cmEc6&.FCePS!!!!%$#O6pBL-NKCh;?38O!=_Ec6&.FCeVU!!!!*$\"ImiCh7*uARkc@", "7352339": "!<d@[F*KG\"#64c-E,TfC$31&+!<d@[F*c3n#64o6@VfsmCI<#NAHu^]F`__:EWlSfH#R=%@q]:bE\\2*GDJ'(WEc6&.FCePS!!!!%$#O6pBL-NKCh;<28\\kN7Ec6&.FCeVU!!!!*$\"ImiCh7*uARkc@", "7354387": "!<d@[F*KG\"#64c-E,TfC$31&+!<d@[F*c9p#64o6@VfsmCI<#NAIW9mDfor.F*)>@@:s-U$#+:#ASuU.Ed7ZiEH>r7FE7Qb!!!3,F)5c:EsD_\"!!*'\"!!NH)!#,D5!!WgQASlBtEaa'4Eb,=fFCf<.ATD4$F`M%e@<6NjE+EC!A^FZKs8Vt[5QhI:ASlBtEaa'4Eb,4NTKrPX!!!<;AoD^\"AQ*\\hEa`Tl:i^JnErZ=LD.Rd%6#L=OA_R_e^]=dNFECr$BLZE?AH2]1!!!", "8399891": "!<d@[F*KG\"#64c-E,TfC$NL/,!<d@[F*c0m#64o6@VfsmCI<#NAK#Z/Earc7@UX=l@kD/4Ec,H!Dfp.RARTY%!u#cs@;^.#FD5Z288iWkF%g.WF8u:@!!!#g^B50d@<6NXBOt[h6$-(EFCAuR@<lpRmeQmXp^9@f", "8401939": "!<d@[F*KG\"#64c-E,TfC$NL/,!<d@[F*c6o#64o6@VfsmCI<#NAJfN-Earc7@UX=l@kD8:FD5W&F=h'4F*%KtFE1f-F(o`1Df/*aF`MOsAS-#az!:[`*'Pq3!F@0_Q@r\"AP<,ZkeCd_]WF,fV`s.f>s5l^", "8403987": "!<d@[F*KG\"#64c-E,TfC$NL/,!<d@[F*c<q#64o6@VfsmCI<#NAHu^]F`__:EWlSfH#R=9@rc\"\"AM7P6@<?'4D.R6lF_r^LDfg)4Ed96FCifdbEc6&.FCePS!!!!%$#O6pBL-NKCh;\\N(-i!-Ec6&.FCeVU!!!!*$\"ImiCh7*uARkc@", "9452563": "!<d@[F*KG\"#64c-E,TfC$ig8-!<d@[F*c<q#64o6@VfsmCI<#NAHu^]F`__:EWlSfH#R=/F(f-$Ah@S2E--@WF*)G2BkM+$\":&scFCB9&=9&=$!!EUFATMNNDJ*csdSkM/\":&scFCB9&=o\\O&!!rsADes6$@ru9m!!!", "3161108": "!<d@[F*KJ##64c-E,TfC\"onW'!<d@[F*c<q#64o6@VfsmCI<#NAHu^]F`__:EWlSfH#R=(FCAWpAM%qFBl7Km2$=/)DffE0AQSp4!!!-.D.Rd%6#L=OAZ$<!_#t!`DffE0AQf'6!!!<3@rH1\"ARfgnA,lT", "8397844": "!<d@[F*KJ##64c-E,TfC$NL/,!<d@[F*c*k#64o6@VfsmCI<#NAI`fjE+O*4Ed96SDfTr5#mPEgFED)3!!NLIH#R<uA8,Us0`V", "8403988": "!<d@[F*KJ##64c-E,TfC$NL/,!<d@[F*c<q#64o6@VfsmCI<#NAIW9mDfor.F*)>@@:s-U$#+:#ASuU.Ed7ZiEH>r7FE7Qb!!!3,F)5c:EsD_\"z!9aF`!!*'\"!!!6)1&q:S!!)3`!!!$\"!!!!(!Aa]U!!!\"a!WW3$z!!!<;AoD^\"AQ*\\hEa`Tl:i^JnErZ=LD.Rd%6#L=OA_Ra;^B\"[MFECr$BLZE?AH2]1!!!", "9452564": "!<d@[F*KJ##64c-E,TfC$ig8-!<d@[F*c<q#64o6@VfsmCI<#NAHu^]F`__:EWlSfH#R=(F(f-$Ah@V2@<64*0a%`%DffE0AQSp4!!!-.D.Rd%6#L=OA^XM(_#t!`DffE0AQf'6!!!<3@rH1\"ARfgnA,lT", "3158037": "!<d@[F*KM$#64c-E,TfC\"onW'!<d@[F*c3n#64o6@VfsmCI<#NAJAZqH\"19'@psG\"/SK9D@;^!tA2+0\"FE1f-F(o`1Df/*aF`MOsAS-#az!:[`*'Pq3!F@0_Q@r\"AP<,ZkeCd_]WF3;@.<E5Sd5QC", "8397845": "!<d@[F*KM$#64c-E,TfC$NL/,!<d@[F*c*k#64o6@VfsmCI<#NAI`fjE+O*4Ed96SDfTr5#mPEgFED)3!!NLIH#R<uA8,Us1&q", "8403989": "!<d@[F*KM$#64c-E,TfC$NL/,!<d@[F*c<q#64o6@VfsmCI<#NAIN0bEb03(F=h!@Ch*_VBl8**DKKf;Gl\\+hF)5c:EsD[F!!WUJCi=E:!!!-7Ap&-3@:NkJASlBtEaa'4Eb,4NTKrSgD..ZgASlBtEaa'4Eb,4N!!!-3DfTDVDf9E*DJ)p_D.N\\I!!!-1Ap%[$6?R<d<,$2\\z\":o?XGXcgeCdN8bDH(=eAH2]1!!=!JG][Y;B6@p0BOt^RDffE(88iWkErZ1?z!!s*E@;\\YLDJ=3(7Wi9Y!!EX=@:Nt^A4C]QC]FG8!!!", "5252118": "!<d@[F*KP%#64c-E,TfC#QOi)!<d@[F*c*k#64o6@VfsmCI<#NAHu^]F`__:EWlSfH#R=4@rc\"\"AM7P6@<?'4F)>?%Cb9^M@:O(aA-<-XDffE0AQSp4!!!-.D.Rd%6#L=OAQS,#_#t!`DffE0AQf'6!!!<3@rH1\"ARfgnA,lT", "5253142": "!<d@[F*KP%#64c-E,TfC#QOi)!<d@[F*c-l#64o6@VfsmCI<#NAI;p\\ATMrFARTY%\"po!]G%GQ5DfU+(#'\"^#Dfg%+!!!!'\"`nKuFE7Zf0E;+R!!!'$!!!$\"!!!!(!AOQT!!!!8!<<*#z#6?R[!<<*\"'*/(5!<<*\"\":K<iFCAuQBOPdgA^/Fm4obfg1B7FU!!\"qf!!!$\"!!!!(!AjcW!!!#]%KHJ0!!!!%$Zp</@;J;E@;]Rdc-4Bq!!`N^!!*'\"!&kAf!!*'\"!!!6)2?3aX!!!Z5!!!$\"!!!-0FDl80CdVlEDI[8&bY12##6?a`!<<*\"3=Z#h!<<*\"!!!!&$taEu6>URMCI<#NAI;p\\ATMrFARTY%\"U&pmE+KAdDes5uE-#T$1B\\#$ATMNNDJ*csz!!"}, "Entities": [], "ReplaceMode": 2, "EntranceRotation": -1}