{
	"code": "solarplane",
	"class": "ElectricalBlock",
	"entityClass": "BEESolarPlane",
	"variantgroups": [
		{
			"code": "type",
			"states": [ "primitive", "creative" ]
		},
		{
			"code": "timestate",
			"states": [ "morning", "midday", "evening", "night" ]
		}
	],
	"creativeinventory": {
		"general": [ "*-morning" ],
		"qptech": [ "*-morning" ]
	},
	"attributesByType": {
		"*-creative-*": {
			"capacitance": 128,
			"maxFlux": 128,
			"fluxBonus": 254,
			"distributionFaces": [ "north", "east", "west", "south" ]
		},
		"*-primitive-*": {
			"capacitance": 2,
			"maxFlux": 2,
			"fluxBonus": 2,
			"distributionFaces": [ "north", "east", "west", "south" ]
		}
	},
	"shape": {
		"base": "block/metal/solarplane/{timestate}"
	},
	"textures": {
		"main": {
			"base": "block/metal/solarplane/main"
		}
	},
	"blockmaterial": "Metal",
	"drawtype": "Json",
	"resistance": 0,
	"sidesolid": {
		"all": false
	},
	"sideopaque": {
		"all": false
	},
	"faceCullMode": "NeverCull",
	"renderpass": "OpaqueNoCull",
	"emitSideAo": {
		"all": false,
		"up": true
	},
	"sideAo": {
		"all": false,
		"up": true
	},
	"vertexFlags": {
		"reflective": true
	},
	"lightAbsorption": 1,
	"sounds": {
		"place": "game:block/anvil",
		"walk": "game:walk/stone"
	},
	"selectionBox": {
		"x1": 0.17,
		"y1": 0,
		"z1": 0.0625,
		"x2": 0.82,
		"y2": 0.3125,
		"z2": 0.9375
	},
	"collisionBox": {
		"x1": 0.17,
		"y1": 0,
		"z1": 0.0625,
		"x2": 0.82,
		"y2": 0.3125,
		"z2": 0.9375
	}
}