[
    {
        "ingredientPattern": "BLB,MLM,_C_",
        "ingredients": {
            "L": {
                "type": "item",
                "code": "game:leather-plain",
                "quantity": 2
            },
            "C": {
                "type": "item",
                "code": "game:cloth-plain",
                "quantity": 1
            },
            "B": {
                "type": "item",
                "code": "game:backpack",
                "quantity": 1
            },
            "M": {
                "type": "item",
                "code": "game:metalbit-*",
                "quantity": 2
            }
        },
        "width": 3,
        "height": 3,
        "output": {
            "type": "item",
            "code": "feverstonewilds:saddle-draft",
            "quantity": 1
        }
    },
    {
        "ingredientPattern": "BLB,MLM,_C_",
        "ingredients": {
            "L": {
                "type": "item",
                "code": "game:leather-plain",
                "quantity": 2
            },
            "C": {
                "type": "item",
                "code": "game:cloth-plain",
                "quantity": 1
            },
            "B": {
                "type": "item",
                "code": "game:linensack",
                "quantity": 1
            },
            "M": {
                "type": "item",
                "code": "game:metalbit-*",
                "quantity": 2
            }
        },
        "width": 3,
        "height": 3,
        "output": {
            "type": "item",
            "code": "feverstonewilds:saddle-arabian",
            "quantity": 1
        }
    },
    {
        "ingredientPattern": "BHB,MLM,CLC",
        "ingredients": {
            "L": {
                "type": "item",
                "code": "game:leather-plain",
                "quantity": 16
            },
            "C": {
                "type": "item",
                "code": "game:cloth-plain",
                "quantity": 3
            },
            "B": {
                "type": "item",
                "code": "game:backpack",
                "quantity": 1
            },
            "M": {
                "type": "item",
                "code": "game:metalbit-*",
                "quantity": 40
            },
            "H": {
                "type": "block",
                "code": "game:chest-*",
                "quantity": 1
            }
        },
        "width": 3,
        "height": 3,
        "output": {
            "type": "item",
            "code": "feverstonewilds:saddle-bison",
            "quantity": 1
        }
    }
]