{
	"editor": {
		"allAngles": false,
		"entityTextureMode": false
	},
	"textureWidth": 16,
	"textureHeight": 16,
	"textureSizes": {
		"1": [32,32]
	},
	"textures": {
		"1": "game:block/wood/debarked/oak"
	},
	"elements": [
		{
			"name": "Cube",
			"from": [ 0.8703, -0.3241, 7.6759 ], 
			"to": [ 24.0466, 0.3241, 8.3241 ], 
			"rotationOrigin": [ 12.4584, 0.0, 8.0 ],
			"faces": {
				"north": { "texture": "#1", "uv": [ 0.0, 14.0, 32.0, 17.0 ], "rotation": 180, "autoUv": false },
				"east": { "texture": "#1", "uv": [ 25.0, 6.0, 28.0, 9.0 ], "rotation": 180, "autoUv": false },
				"south": { "texture": "#1", "uv": [ 0.0, 14.0, 32.0, 17.0 ], "rotation": 180, "autoUv": false },
				"west": { "texture": "#1", "uv": [ 27.0, 19.0, 30.0, 22.0 ], "rotation": 180, "autoUv": false },
				"up": { "texture": "#1", "uv": [ 32.0, 14.0, 0.0, 17.0 ], "autoUv": false },
				"down": { "texture": "#1", "uv": [ 0.0, 17.0, 32.0, 14.0 ], "autoUv": false }
			}
		},
		{
			"name": "Cube.001",
			"from": [ 25.5887, -1.3315, 7.794 ], 
			"to": [ 31.4742, 1.3315, 8.206 ], 
			"rotationOrigin": [ 28.5315, 0.0, 8.0 ],
			"faces": {
				"north": { "texture": "#1", "uv": [ 3.0, 4.0, 20.0, 15.0 ], "rotation": 180, "autoUv": false },
				"east": { "texture": "#1", "uv": [ 8.0, 14.0, 20.0, 16.0 ], "rotation": 90, "autoUv": false },
				"south": { "texture": "#1", "uv": [ 20.0, 4.0, 3.0, 15.0 ], "rotation": 180, "autoUv": false },
				"west": { "texture": "#1", "uv": [ 18.0, 18.0, 28.0, 20.0 ], "rotation": 90, "autoUv": false },
				"up": { "texture": "#1", "uv": [ 21.0, 27.0, 5.0, 29.0 ], "autoUv": false },
				"down": { "texture": "#1", "uv": [ 21.0, 11.0, 5.0, 9.0 ], "rotation": 180, "autoUv": false }
			}
		},
		{
			"name": "Cube.002",
			"from": [ 24.0466, -0.9125, 7.7337 ], 
			"to": [ 25.5887, 0.9125, 8.2663 ], 
			"rotationOrigin": [ 24.8177, 0.0, 8.0 ],
			"faces": {
				"north": { "texture": "#1", "uv": [ 22.0, 8.0, 28.0, 15.0 ], "rotation": 180, "autoUv": false },
				"east": { "texture": "#1", "uv": [ 16.0, 18.0, 21.0, 21.0 ], "rotation": 180, "autoUv": false },
				"south": { "texture": "#1", "uv": [ 25.0, 8.0, 31.0, 15.0 ], "rotation": 180, "autoUv": false },
				"west": { "texture": "#1", "uv": [ 24.0, 18.0, 29.0, 21.0 ], "rotation": 90, "autoUv": false },
				"up": { "texture": "#1", "uv": [ 23.0, 18.0, 29.0, 21.0 ], "rotation": 180, "autoUv": false },
				"down": { "texture": "#1", "uv": [ 19.0, 21.0, 13.0, 18.0 ], "rotation": 180, "autoUv": false }
			}
		}
	]}