﻿[
	{
		ingredientPattern: "P",
		width: 1,
		height: 1,
		ingredients: {
			"P": { 
				type: "block",
				code: "salvepot-empty" 
			}
		},
		output: { 
			type: "block", 
			code: "game:claypot-burned",
			quantity: 1
		}
	},
	{
		ingredientPattern: "BP",
		width: 2,
		height: 1,
		shapeless: true,
		ingredients: {
			"B": {
				type: "item",
				name: "wood",
				code: "bark-birch",
				returnedStack: { type: "item", code: "bark-birch" }
			},
			"P": { 
				type: "block",
				code: "game:claypot-burned" 
			},
		},
		output: { 
			type: "block", 
			code: "salvepot-empty",
			quantity: 1
		}
	},
	{
		ingredientPattern: "BP",
		width: 2,
		height: 1,
		shapeless: true,
		ingredients: {
			"B": {
				type: "item",
				name: "wood",
				code: "bark-pine",
				returnedStack: { type: "item", code: "bark-pine" }
			},
			"P": { 
				type: "block",
				code: "game:claypot-burned" 
			},
		},
		output: { 
			type: "block", 
			code: "salvepot-empty",
			quantity: 1
		}
	}
]