﻿[
	{
		"op": "addeach",
		"path": "/variantgroups/0/states/-",
		"value": ["alder", "brideinwhite"],
		"file": "ancienttools:itemtypes/resources/bark",
		"dependsOn": [{ "modid": "wildcrafttrees" }],
		"side": "Server"
	},
	{
		"op": "add",
		"path": "/texturesByType/@bark-(alder|brideinwhite)",
		"value": {
			bark: { base: "ancienttools:block/wood/bark/{bark}" }
		},
		"file": "ancienttools:itemtypes/resources/bark",
		"dependsOn": [{ "modid": "wildcrafttrees" }],
		"side": "Server"
	},
	{
		"op": "add",
		"path": "/attributesByType/@bark-(spruce)",
		"value": {
			handbook: {
				extraSections: [{
					title: "ancienttools:handbook-usedfor-handbookinfo",
					text: "ancienttools:handbook-salve-craftinfo-dot"
				}],
				groupBy: ["bark-*"],
				createdBy: "ancienttools:handbook-barkstripping-craftinfo"
			},
		},
		"file": "ancienttools:itemtypes/resources/bark",
		"dependsOn": [{ "modid": "wildcrafttrees" }],
		"side": "Server"
	},
	{
		"op": "add",
		"path": "/attributesByType/@bark-(spruce)/salveProperties",
		"value": {
			isMedicinalBark: true,
			langCode: "ancienttools:blockhelp-insert-{bark}bark"
		},
		"file": "ancienttools:itemtypes/resources/bark",
		"dependsOn": [{ "modid": "wildcrafttrees" }],
		"condition": { "when": "SalveEnabled", "isValue": "true" },
		"side": "Server"
	},
	{
		"op": "add",
		"path": "/attributesByType/@bark-(spruce)/mortarProperties",
		"value": {
			shapePath: "ancienttools:shapes/block/mortar/resourceshapes/resource_ancienttools_bark_pine",
			texturePaths: [{ code: "pine", path: "game:block/wood/bark/{bark}" }],
			groundStack: { type: "item", code: "game:flour-{bark}" },
			resultQuantity: 1
		},
		"file": "ancienttools:itemtypes/resources/bark",
		"dependsOn": [{ "modid": "wildcrafttrees" }],
		"condition": { "when": "BarkBreadEnabled", "isValue": "true" },
		"side": "Server"
	},
	{
		"op": "add",
		"path": "/attributesByType/@bark-(alder|beech|douglasfir|blackpoplar|pyramidalpoplar|cedar|willow)",
		"value": {
			salveProperties: {
				isMedicinalBark: true,
				langCode: "ancienttools:blockhelp-insert-{bark}bark"
			},
			handbook: {
				extraSections: [{
					title: "ancienttools:handbook-usedfor-handbookinfo",
					text: "ancienttools:handbook-salve-craftinfo-dot"
				}],
				groupBy: ["bark-*"],
				createdBy: "ancienttools:handbook-barkstripping-craftinfo"
			}
		},
		"file": "ancienttools:itemtypes/resources/bark",
		"dependsOn": [{ "modid": "wildcrafttrees" }],
		"condition": { "when": "SalveEnabled", "isValue": "true" },
		"side": "Server"
	},
	{
		"op": "add",
		"path": "/behaviorsByType/@bark-(spruce|alder|beech|douglasfir|blackpoplar|pyramidalpoplar|cedar|willow)",
		"value": [
			{ 
				name: "ConvertBlockUsingIngredient", 
				properties: {
					convertFromBlockCode: "game:claypot-burned",
					convertToBlockCode: "ancienttools:salvepot-empty"
				}
			},
			{ "name": "GroundStorable", "properties": { "layout": "Quadrants" } }	
		],
		"file": "ancienttools:itemtypes/resources/bark",
		"dependsOn": [{ "modid": "wildcrafttrees" }],
		"condition": { "when": "SalveEnabled", "isValue": "true" },
		"side": "Server"
	},
	{
		"op": "add",
		"path": "/grindingPropsByType/*-spruce",
		"value": {
			grindedStack: { type: "item", code: "game:flour-spruce" }
		},
		"file": "ancienttools:itemtypes/resources/bark",
		"dependsOn": [{ "modid": "wildcrafttrees" }],
		"condition": { "when": "BarkBreadEnabled", "isValue": "true" },
		"side": "Server"
	},
	{
        "op": "move",
		"frompath": "/attributesByType/*",
		"path": "/temp",
		"file": "ancienttools:itemtypes/resources/bark",
		"dependsOn": [{ "modid": "wildcrafttrees" }],
		"side": "Server",
    },
    {
        "op": "move",
		"frompath": "/temp",
		"path": "/attributesByType/*",
		"file": "ancienttools:itemtypes/resources/bark",
		"dependsOn": [{ "modid": "wildcrafttrees" }],
		"side": "Server",
    },
	{
		"op": "replace",
		"path": "/0/enabled",
		"value": "true",
		"file": "recipes/grid/compatibility/wildcrafttrees/debarkedlog",
		"dependsOn": [{ "modid": "wildcrafttrees" }],
		"side": "Server",
	},
	{
		"op": "replace",
		"path": "/1/enabled",
		"value": "true",
		"file": "recipes/grid/compatibility/wildcrafttrees/debarkedlog",
		"dependsOn": [{ "modid": "wildcrafttrees" }],
		"side": "Server",
	},
	{
		"op": "replace",
		"path": "/2/enabled",
		"value": "true",
		"file": "recipes/grid/compatibility/wildcrafttrees/debarkedlog",
		"dependsOn": [{ "modid": "wildcrafttrees" }],
		"side": "Server",
	},
	{
		"op": "replace",
		"path": "/3/enabled",
		"value": "true",
		"file": "recipes/grid/compatibility/wildcrafttrees/debarkedlog",
		"dependsOn": [{ "modid": "wildcrafttrees" }],
		"side": "Server",
	},
	{
		"op": "replace",
		"path": "/4/enabled",
		"value": "true",
		"file": "recipes/grid/compatibility/wildcrafttrees/debarkedlog",
		"dependsOn": [{ "modid": "wildcrafttrees" }],
		"side": "Server",
	},
	{
		"op": "replace",
		"path": "/5/enabled",
		"value": "true",
		"file": "recipes/grid/compatibility/wildcrafttrees/debarkedlog",
		"dependsOn": [{ "modid": "wildcrafttrees" }],
		"side": "Server",
	},
	{
		"op": "replace",
		"path": "/6/enabled",
		"value": "true",
		"file": "recipes/grid/compatibility/wildcrafttrees/debarkedlog",
		"dependsOn": [{ "modid": "wildcrafttrees" }],
		"side": "Server",
	},
	{
		"op": "replace",
		"path": "/7/enabled",
		"value": "true",
		"file": "recipes/grid/compatibility/wildcrafttrees/debarkedlog",
		"dependsOn": [{ "modid": "wildcrafttrees" }],
		"side": "Server",
	},
	{
		"op": "replace",
		"path": "/8/enabled",
		"value": "true",
		"file": "recipes/grid/compatibility/wildcrafttrees/debarkedlog",
		"dependsOn": [{ "modid": "wildcrafttrees" }],
		"side": "Server",
	},
	{
		"op": "replace",
		"path": "/9/enabled",
		"value": "true",
		"file": "recipes/grid/compatibility/wildcrafttrees/debarkedlog",
		"dependsOn": [{ "modid": "wildcrafttrees" }],
		"side": "Server",
	},
	{
		"op": "replace",
		"path": "/10/enabled",
		"value": "true",
		"file": "recipes/grid/compatibility/wildcrafttrees/debarkedlog",
		"dependsOn": [{ "modid": "wildcrafttrees" }],
		"side": "Server",
	},
	{
		"op": "replace",
		"path": "/11/enabled",
		"value": "true",
		"file": "recipes/grid/compatibility/wildcrafttrees/debarkedlog",
		"dependsOn": [{ "modid": "wildcrafttrees" }],
		"side": "Server",
	},
	{
		"op": "replace",
		"path": "/12/enabled",
		"value": "true",
		"file": "recipes/grid/compatibility/wildcrafttrees/debarkedlog",
		"dependsOn": [{ "modid": "wildcrafttrees" }],
		"side": "Server",
	},
	{
		"op": "replace",
		"path": "/13/enabled",
		"value": "true",
		"file": "recipes/grid/compatibility/wildcrafttrees/debarkedlog",
		"dependsOn": [{ "modid": "wildcrafttrees" }],
		"side": "Server",
	},
	{
		"op": "replace",
		"path": "/14/enabled",
		"value": "true",
		"file": "recipes/grid/compatibility/wildcrafttrees/debarkedlog",
		"dependsOn": [{ "modid": "wildcrafttrees" }],
		"side": "Server",
	},
	{
		"op": "replace",
		"path": "/15/enabled",
		"value": "true",
		"file": "recipes/grid/compatibility/wildcrafttrees/debarkedlog",
		"dependsOn": [{ "modid": "wildcrafttrees" }],
		"side": "Server",
	},
]