﻿[
	{
		"op": "addeach",
		"path": "/variantgroups/0/states/-",
		"value": ["alder", "brideinwhite"],
		"file": "ancienttools:blocktypes/barkbasket",
		"dependsOn": [{ "modid": "wildcrafttrees" }],
		"side": "Server"
	},
	{
		"op": "add",
		"path": "/texturesByType/*-alder-*",
		"value": {
			"bark": { base: "ancienttools:block/wood/bark/{variant}"},
			"inside": { base: "ancienttools:block/wood/debarked/{variant}_fullblock", rotation: 90 },
			"basket-bark": { base: "ancienttools:block/wood/bark/{variant}"},
			"basket-inside": { base: "ancienttools:block/wood/debarked/{variant}_fullblock", rotation: 90 },
		},
		"file": "ancienttools:blocktypes/barkbasket",
		"dependsOn": [{ "modid": "wildcrafttrees" }],
		"side": "Server"
	},
	{
		"op": "add",
		"path": "/texturesByType/*-brideinwhite-*",
		"value": {
			"bark": { base: "ancienttools:block/wood/bark/{variant}"},
			"inside": { base: "ancienttools:block/wood/debarked/{variant}_fullblock", rotation: 90 },
			"basket-bark": { base: "ancienttools:block/wood/bark/{variant}"},
			"basket-inside": { base: "ancienttools:block/wood/debarked/{variant}_fullblock", rotation: 90 },
		},
		"file": "ancienttools:blocktypes/barkbasket",
		"dependsOn": [{ "modid": "wildcrafttrees" }],
		"side": "Server"
	},
	{
        "op": "move",
		"frompath": "/texturesByType/*",
		"path": "/temp",
		"file": "ancienttools:blocktypes/barkbasket",
		"dependsOn": [{ "modid": "wildcrafttrees" }],
		"side": "Server",
    },
    {
        "op": "move",
		"frompath": "/temp",
		"path": "/texturesByType/*",
		"file": "ancienttools:blocktypes/barkbasket",
		"dependsOn": [{ "modid": "wildcrafttrees" }],
		"side": "Server",
    },
]