﻿[
	//-- A patch exists in patches/item/food/dough.json to allow acorn doughs to be placed within the creativeinventory array for Ancient Tools --//

	{
		"op": "add",
		"path": "/variantgroups/0/states/-",
		"value": "spruce",
		"file": "game:itemtypes/food/dough",
		"dependsOn": [{ "modid": "wildcrafttrees" }],
		"side": "Server",
		"condition": { "when": "BarkBreadEnabled", "isValue": "true" }
	},
	{
		"op": "add",
		"path": "/attributes/nutritionPropsWhenInMealByType/*-spruce",
		"value": {
			satiety: 100, foodcategory: "Grain"
		},
		"file": "game:itemtypes/food/dough",
		"dependsOn": [{ "modid": "wildcrafttrees" }],
		"side": "Server",
		"condition": { "when": "BarkBreadEnabled", "isValue": "true" }
	},
	{
		"op": "move",
		"frompath": "/attributes/nutritionPropsWhenInMealByType/*",
		"path": "/temp",
		"file": "game:itemtypes/food/dough",
		"dependsOn": [{ "modid": "wildcrafttrees" }],
		"side": "Server",
		"condition": { "when": "BarkBreadEnabled", "isValue": "true" }
	},
	{
		"op": "move",
		"frompath": "/temp",
		"path": "/attributes/nutritionPropsWhenInMealByType/*",
		"file": "game:itemtypes/food/dough",
		"dependsOn": [{ "modid": "wildcrafttrees" }],
		"side": "Server",
		"condition": { "when": "BarkBreadEnabled", "isValue": "true" }
	},
	{
		"op": "replace",
		"path": "/0/enabled",
		"value": "true",
		"file": "recipes/grid/compatibility/wildcrafttrees/barkdough",
		"dependsOn": [{ "modid": "wildcrafttrees" }],
		"side": "Server",
		"condition": { "when": "BarkBreadEnabled", "isValue": "true" }
	},
	{
		"op": "replace",
		"path": "/1/enabled",
		"value": "true",
		"file": "recipes/grid/compatibility/wildcrafttrees/barkdough",
		"dependsOn": [{ "modid": "wildcrafttrees" }],
		"side": "Server",
		"condition": { "when": "BarkBreadEnabled", "isValue": "true" }
	},
]