[
    {
      "op": "add",
      "path": "/server/behaviors/9/aitasks/0/entityCodesByType/*",
      "value": "feverstonewilds:direwolf-*",
      "file": "game:entities/land/bear.json",
      "condition": { "when": "FSWDirewolfEnabled", "isValue": "true" }
    },
    {
      "op": "add",
      "path": "/server/behaviors/9/aitasks/3/entityCodesByType/*",
      "value": "feverstonewilds:direwolf-*",
      "file": "game:entities/land/bear.json",
      "condition": { "when": "FSWDirewolfEnabled", "isValue": "true" }
    }
]