[
  {
    "op": "add",
    "path": "/server/behaviors/9/aitasks/1/entityCodes/0",
    "value": "feverstonewilds:bison-*",
    "file": "game:entities/land/bear-male-*.json",
    "condition": { "when": "FSWBisonEnabled", "isValue": "true" }
  },
  {
    "op": "add",
    "path": "/server/behaviors/9/aitasks/3/entityCodes/0",
    "value": "feverstonewilds:bison-*",
    "file": "game:entities/land/bear-male-*.json",
    "condition": { "when": "FSWBisonEnabled", "isValue": "true" }
  },
  {
    "op": "add",
    "path": "/server/behaviors/10/aitasks/1/entityCodes/0",
    "value": "feverstonewilds:bison-*",
    "file": "game:entities/land/bear-female-*.json",
    "condition": { "when": "FSWBisonEnabled", "isValue": "true" }
  },
  {
    "op": "add",
    "path": "/server/behaviors/10/aitasks/3/entityCodes/0",
    "value": "feverstonewilds:bison-*",
    "file": "game:entities/land/bear-female-*.json",
    "condition": { "when": "FSWBisonEnabled", "isValue": "true" }
  }
]