[
  {
    "op": "add",
    "path": "/server/behaviors/10/aitasks/0/entityCodes/0",
    "value": "feverstonewilds:direwolf-*",
    "file": "game:entities/land/wolf-female.json",
    "condition": { "when": "FSWDirewolfEnabled", "isValue": "true" }
  },
  {
    "op": "add",
    "path": "/server/behaviors/10/aitasks/1/entityCodes/0",
    "value": "feverstonewilds:direwolf-*",
    "file": "game:entities/land/wolf-female.json",
    "condition": { "when": "FSWDirewolfEnabled", "isValue": "true" }
  },
  {
    "op": "add",
    "path": "/server/behaviors/10/aitasks/2/entityCodes/0",
    "value": "feverstonewilds:direwolf-*",
    "file": "game:entities/land/wolf-female.json",
    "condition": { "when": "FSWDirewolfEnabled", "isValue": "true" }
  }
]