﻿[
 {
   file: "expandedfoods:itemtypes/food/primitivesurvival/fishnugget.json",
    op: "add", 
    path: "/enabled", 
    value: "false",
    "side": "server",
    dependsOn: [{ "modid": "primitivesurvival", "invert": true }]
 },
 {
   file: "expandedfoods:recipes/grid/primitivesurvival/fishnugget.json",
    op: "add", 
    path: "/0/enabled", 
    value: "false",
    "side": "server",
    dependsOn: [{ "modid": "primitivesurvival", "invert": true }]
 },
 {
   file: "expandedfoods:recipes/grid/primitivesurvival/fishnugget.json",
    op: "add", 
    path: "/1/enabled", 
    value: "false",
    "side": "server",
    dependsOn: [{ "modid": "primitivesurvival", "invert": true }]
 },
 {
   file: "expandedfoods:recipes/grid/primitivesurvival/fishnugget.json",
    op: "add", 
    path: "/2/enabled", 
    value: "false",
    "side": "server",
    dependsOn: [{ "modid": "primitivesurvival", "invert": true }]
 },
 {
   file: "expandedfoods:recipes/grid/primitivesurvival/fishnugget.json",
    op: "add", 
    path: "/3/enabled", 
    value: "false",
    "side": "server",
    dependsOn: [{ "modid": "primitivesurvival", "invert": true }]
 },
 {
   file: "expandedfoods:recipes/grid/primitivesurvival/fishnugget.json",
    op: "replace", 
    path: "/4/enabled", 
    value: "true",
    "side": "server",
    dependsOn: [{ "modid": "primitivesurvival" }, { "modid": "acorns" }]
 },
 {
   file: "expandedfoods:recipes/grid/primitivesurvival/fishnugget.json",
    op: "add", 
    path: "/5/enabled", 
    value: "false",
    "side": "server",
    dependsOn: [{ "modid": "primitivesurvival", "invert": true }]
 },
 {
   file: "expandedfoods:itemtypes/food/primitivesurvival/crabnugget.json",
    op: "add", 
    path: "/enabled", 
    value: "false",
    "side": "server",
    dependsOn: [{ "modid": "primitivesurvival", "invert": true }]
 },
 {
   file: "expandedfoods:recipes/grid/primitivesurvival/crabnugget.json",
    op: "add", 
    path: "/0/enabled", 
    value: "false",
    "side": "server",
    dependsOn: [{ "modid": "primitivesurvival", "invert": true }]
 },
 {
   file: "expandedfoods:recipes/grid/primitivesurvival/crabnugget.json",
    op: "add", 
    path: "/1/enabled", 
    value: "false",
    "side": "server",
    dependsOn: [{ "modid": "primitivesurvival", "invert": true }]
 },
 {
   file: "expandedfoods:itemtypes/food/primitivesurvival/snakenugget.json",
    op: "add", 
    path: "/enabled", 
    value: "false",
    "side": "server",
    dependsOn: [{ "modid": "primitivesurvival", "invert": true }]
 },
 {
   file: "expandedfoods:recipes/grid/primitivesurvival/snakenugget.json",
    op: "add", 
    path: "/0/enabled", 
    value: "false",
    "side": "server",
    dependsOn: [{ "modid": "primitivesurvival", "invert": true }]
 },
 {
   file: "expandedfoods:recipes/grid/primitivesurvival/snakenugget.json",
    op: "add", 
    path: "/1/enabled", 
    value: "false",
    "side": "server",
    dependsOn: [{ "modid": "primitivesurvival", "invert": true }]
 },
]