﻿[
	{
		"op": "add",
		"path": "/attributes",
		"value": {
			"onCuringRackProps": {
				transform: {
					scale: { x: 0.25, y: 0.25, z: 0.25 },
					translation: { x: 0.0, y: 0.0, z: 0.0 },
					rotation: { x: 90, y: -45, z: 0 },
					extraRotation: { x: 45, y: 0, z: 270 },
					rotateAround: { x: 0, y: 0, z: 0 },
					manualTranslation: {
						0: { x: 0.1725, y: -0.31, z: 0.087 },
						1: { x: 0.075, y: -0.31, z: -0.013 },
						2: { x: 0.1725, y: -0.31, z: -0.112 },
						3: { x: 0.275, y: -0.31, z: -0.013 },
					},
					extraManualTranslation: {
						0: { x: 0.16, y: -0.31, z: 0.087 },
						1: { x: 0.075, y: -0.31, z: -0.0025 },
						2: { x: 0.16, y: -0.31, z: -0.1 },
						3: { x: 0.25, y: -0.31, z: -0.0025 },
					}
				}
			}
		},
		"file": "wildcraft:itemtypes/plant/clipping",
		"dependsOn": [{ "modid": "wildcraft" }],
		"side": "Server"
	}
]