﻿{
	code: "cart",
	class: "ItemCart",
	attributes: {
		types: ["wood-aged", "wood-birch", "wood-oak", "wood-maple", "wood-pine", "wood-acacia", "wood-kapok", "wood-baldcypress", "wood-larch", "wood-redwood", "wood-ebony", "wood-walnut", "wood-purpleheart"],
		handbook: {
			groupBy: ["cart"],
		}
	},
	creativeinventoryStacks: [
	{
		tabs: [ "general", "ancienttools" ],
		stacks: [
			{ type: "item", code: "cart", attributes: { type: "wood-aged" } },
			{ type: "item", code: "cart", attributes: { type: "wood-birch" } },
			{ type: "item", code: "cart", attributes: { type: "wood-oak" } },
			{ type: "item", code: "cart", attributes: { type: "wood-maple" } },
			{ type: "item", code: "cart", attributes: { type: "wood-pine" } },
			{ type: "item", code: "cart", attributes: { type: "wood-acacia" } },
			{ type: "item", code: "cart", attributes: { type: "wood-kapok" } },
			{ type: "item", code: "cart", attributes: { type: "wood-baldcypress" } },
			{ type: "item", code: "cart", attributes: { type: "wood-larch" } },
			{ type: "item", code: "cart", attributes: { type: "wood-redwood" } },
			{ type: "item", code: "cart", attributes: { type: "wood-ebony" } },
			{ type: "item", code: "cart", attributes: { type: "wood-walnut" } },
			{ type: "item", code: "cart", attributes: { type: "wood-purpleheart" } }
		]
	}],
	shape: { base: "entity/cart_lg_woodwheel" },
	textures: {
		"beam": { base: "game:block/wood/debarked/{type}" },
		"boards": { base: "game:block/wood/planks/{type}1" },
		"dowel": { base:"game:block/wood/table/normal/top" },
		"beam2": { base: "game:block/wood/treetrunk/{type}" },
		"knob": { base: "game:block/linen" },
		"axle": { base: "game:block/wood/planks/generic" },
		"wheelaccent": { base: "game:block/stone/rock/basalt3" },
		"wheelwood": { base: "game:block/wood/debarked/{type}" },
	},
	heldTpIdleAnimation: "holdbothhandslarge", 
	heldTpUseAnimation: "twohandplaceblock",
	guiTransform: {
		rotation: { x: 160, y: 36, z: 0 },
		origin: { x: 0.5, y: 0.6, z: 0.2 },
		scale: 0.68
	},
	fpHandTransform: {
		rotation: { x: 0, y: 180, z: 0 },
		origin: { x: 0.5, y: 0, z: 0.5 }
	},
	tpHandTransform: {
		rotation: { x: 90, y: 0, z: -78 },
		origin: { x: 0.3, y: 0.75, z: 0.9 },
		scale: 0.39
	},
	groundTransform: {
		translation: { x: 0, y: 0, z: 0 },
		rotation: { x: -164, y: 0, z: 0 },
		origin: { x: 0.5, y: 0.9, z: 0.5299 },
		scale: 2.9
	}
}