[ 
    {
        "comment": "Large patches of seaweedbulbs",
        "blockCodes": ["seaweedbulb-section"],
        "minTemp": 3,
        "maxTemp": 40,
        "minRain": 0,
        "maxRain": 1,
        "quantity": { "avg": 25, "var": 15 },
        "offsetX": { "avg": 0, "var": 12 },
        "offsetZ": { "avg": 0, "var": 12 },
        "chance": 1,
        "minWaterDepth": 1,
        "placement": "UnderSeaWater"
    },
    {
        "comment": "Small patches of seaweedbulbs",
        "blockCodes": ["seaweedbulb-section"],
        "minTemp": 3,
        "maxTemp": 40,
        "minRain": 0,
        "maxRain": 1,
        "quantity": { "avg": 5, "var": 5 },
        "chance": 1,
        "minWaterDepth": 1,
        "placement": "UnderSeaWater"
    }
]