[
    {
        "op": "add",
        "path": "/structures/-",
        "value": {
            "code": "graves",
            "name": "graves",
            "chance": 0.015,
            "schematics": [
                "treasure/chests/rank1/*"
            ],
            "placement": "surface",
            "replacewithblocklayers": [
                "soil-low-none",
                "soil-medium-none",
                "soil-medium-normal",
                "soil-low-normal",
                "forestfloor-1"
            ],
            "mindistance": 500,
            "offsety": -4
        },
        "file": "game:worldgen/structures.json",
        "side": "Server"
    },
    {
        "op": "add",
        "path": "/structures/-",
        "value": {
            "code": "graves",
            "name": "graves",
            "chance": 0.0075,
            "schematics": [
                "treasure/chests/rank2/*"
            ],
            "placement": "surface",
            "replacewithblocklayers": [
                "soil-low-none",
                "soil-medium-none",
                "soil-medium-normal",
                "soil-low-normal",
                "forestfloor-1"
            ],
            "mindistance": 500,
            "offsety": -4
        },
        "file": "game:worldgen/structures.json",
        "side": "Server"
    },
    {
        "op": "add",
        "path": "/structures/-",
        "value": {
            "code": "graves",
            "name": "graves",
            "chance": 0.0025,
            "schematics": [
                "treasure/chests/rank3*"
            ],
            "placement": "surface",
            "replacewithblocklayers": [
                "soil-low-none",
                "soil-medium-none",
                "soil-medium-normal",
                "soil-low-normal",
                "forestfloor-1"
            ],
            "mindistance": 500,
            "offsety": -4
        },
        "file": "game:worldgen/structures.json",
        "side": "Server"
    }
]