{
  "code": "bioluminescent",
  "variantgroups": [
    {
      "code": "type",
      "states": [
        "jelly",
        "globe",
        "worm",
        "orangejelly"
      ]
    }
  ],
  "class": "entitybioluminescent",
  "canclimb": false,
  "hitboxSize": {
    "x": 2,
    "y": 2
  },
  "falldamage": false,
  "eyeHeight": 1,
  "attributesbytype": {
    "*-jelly": {
      "lightHsv": [
        34,
        3,
        5
      ],
      "strobeFrequency": 1.9,
      "minLightLevel": 0.2,
      "physics": {
        "airMovingStrength": 0
      }
    },
    "*-globe": {
      "lightHsv": [
        5,
        2,
        4
      ],
      "strobeFrequency": 5,
      "minLightLevel": 0,
      "physics": {
        "airMovingStrength": 0.01
      }
    },
    "*-worm": {
      "lightHsv": [
        43,
        2,
        2
      ],
      "strobeFrequency": 3.5,
      "minLightLevel": 0.5,
      "physics": {
        "airMovingStrength": 0.01
      }
    },
    "*-orangejelly": {
      "lightHsv": [
        48,
        3,
        5
      ],
      "strobeFrequency": 2,
      "minLightLevel": 0,
      "physics": {
        "airMovingStrength": 0
      }
    }
  },
  "client": {
    "renderer": "Shape", //"entitygenericshaperenderer",
    "sizeByType": {
      "*-jelly": 0.8,
      "*-globe": 2,
      "*-worm": 1.5,
      "*-orangejelly": 1.2
    },
    "shapeByType": {
      "*-jelly": {
        "base": "entity/water/jelly"
      },
      "*-globe": {
        "base": "entity/water/globe"
      },
      "*-worm": {
        "base": "entity/water/worm"
      },
      "*-orangejelly": {
        "base": "entity/water/orangejelly"
      }
    },
    "texturesByType": {
      "*-jelly": {
        "top": {
          "base": "entity/water/jelly/top"
        },
        "sides": {
          "base": "entity/water/jelly/sides"
        },
        "bottom": {
          "base": "entity/water/jelly/bottom"
        }
      },
      "*-globe": {
        "all": {
          "base": "entity/water/globe"
        }
      },
      "*-worm": {
        "all": {
          "base": "entity/water/worm"
        }
      },
      "*-orangejelly": {
        "all": {
          "base": "entity/water/orangejelly"
        }
      }
    },
    "behaviors": [
      {
        "code": "controlledphysics",
        "stepHeight": 0.1
      },
      {
        "code": "passivephysics",
        "waterDragfactor": 1,
        "gravityFactor": 0.1
      },
      {
        "code": "floatupwhenstuck",
        "onlyWhenDead": true
      },
      {
        "code": "interpolateposition"
      },
      {
        "code": "despawn",
        "minPlayerDistance": 28,
        "minSeconds": 40
      },
      { "code": "repulseagents" }
    ],
    "animations": [
      {
        "code": "feed",
        "animation": "feed",
        "animationSpeed": 1,
        "weight": 1,
        "blendMode": "Average"
      },
      {
        "code": "rest",
        "animation": "rest",
        "animationSpeed": 1,
        "weight": 1,
        "blendMode": "Average",
        "easeOutSpeed": 4,
        "triggeredBy": { "defaultAnim": true }
      },
      {
        "code": "fly",
        "animation": "fly",
        "animationSpeed": 1,
        "weight": 1,
        "blendMode": "Average"
      },
      {
        "code": "glide",
        "animation": "rest",
        "animationSpeed": 1,
        "weight": 1,
        "blendMode": "Average"
      }
    ]
  },
  "server": {
    "attributes": {
      "pathfinder": {
        "minTurnAnglePerSec": 0,
        "maxTurnAnglePerSec": 1
      }
    },
    "behaviors": [
      {
        "code": "controlledphysics",
        "stepHeight": 0.1
      },
      {
        "code": "passivephysics",
        "waterDragfactor": 1,
        "gravityFactor": 0.1
      },
      {
        "code": "despawn",
        "minPlayerDistance": 48,
        "minSeconds": 20
      },
      {
        "code": "floatupwhenstuck",
        "onlyWhenDead": false
      },
      { "code": "repulseagents" },
      {
        "code": "taskai",
        "aitasks": [
          {
            "code": "idle",
            "animation": "rest",
            "priority": 1.4,
            "movespeed": 0.01,
            "minduration": 200000,
            "maxduration": 800000,
            "stopOnNearbyEntityCodes": [ "player" ],
            "stopRange": 5,
            "maxHeight": -20
          },
          {
            "code": "lookaround",
            "priority": 1.3,
            "movespeed": 0.03,
            "maxHeight": -20,
            "seekingRange": 2,
            "animation": "fly",
            "mincooldown": 5000,
            "maxcooldown": 15000,
            "maxduration": 8000,
            "targetDistance": 5
          },
          {
            "code": "seekfoodandeat",
            "animation": "feed",
            "priority": 1.2,
            "movespeed": 0.01,
            "maxHeight": -20,
            "targetDistance": 0.15,
            "stopOnNearbyEntityCodes": [ "player" ]
          }
        ]
      }
    ],
    "spawnconditions": {
      "runtime": {
        "group": "neutral",
        "tryOnlySurface": false,
        "mindistancetoplayer": 36,
        "maxQuantity": 6,
        "__comment": "Make them spawn away from artifical light so they don't spawn inside farmland",
        "maxLightLevel": 7,
        "lightLevelType": "onlyBlockLight",
        "groupSize": {
          "dist": "verynarrowgaussian",
          "avg": 4,
          "var": 2
        },
        "insideBlockCodes": [
          "game:water-still-7",
          "game:saltwater-*"
        ],
        "chance": 0.005,
        "minY": 0,
        "maxY": 0.65
      }
    }
  }
}
