{"GameVersion":"1.18.6","SizeX":15,"SizeY":26,"SizeZ":20,"BlockCodes":{"8606":"game:clutter","769":"game:storagevessel-chthonic","770":"game:storagevessel-copper","771":"game:storagevessel-earthen","772":"game:storagevessel-rain","774":"game:storagevessel-burned","768":"game:storagevessel-ashforest","605":"game:crock-burned-east","661":"game:claypot-burned","488":"game:bowl-fired","9471":"game:polishedrockold-full-granite","9493":"game:agedstonebricks-granite","9472":"game:polishedrockold-cobbled-granite","2966":"game:cobblestone-granite","3042":"game:cobblestonestairs-granite-down-east-free","3023":"game:cobblestonestairs-granite-up-east-free","896":"game:glasspane-leaded-aged-ew","3061":"game:cobblestonestairs-granite-up-south-free","2985":"game:cobblestonestairs-granite-up-north-free","8611":"game:meta-filler","2326":"game:slantedroofing-agedthatch-east-free","2556":"game:slantedroofingridge-agedthatch-ns-free","5122":"game:looseboulders-granite-free","2776":"game:cobblestoneslab-granite-east-free","3343":"game:polishedrockslab-granite-east-free","4334":"game:drystonefence-granite-es-free","4294":"game:drystonefence-granite-ns-free","4274":"game:drystonefence-granite-ne-free","4174":"game:drystonefence-granite-empty-free","7355":"game:plankslab-aged-up-free","8109":"game:chest-east","8610":"game:groundstorage","8617":"game:spiderweb","833":"game:tapestry-west","3118":"game:cobblestonestairs-granite-down-west-free","4354":"game:drystonefence-granite-ew-free","5535":"game:loosestones-granite-free","883":"game:glasspane-leaded-aged-ns","3080":"game:cobblestonestairs-granite-down-south-free","3004":"game:cobblestonestairs-granite-down-north-free","3099":"game:cobblestonestairs-granite-up-west-free","411":"game:drycarcass-humanoid1","1180":"game:locustnest-cage","1188":"game:locustnest-stalagmite-small1","2852":"game:cobblestoneslab-granite-down-free","7368":"game:plankslab-aged-down-free","4234":"game:drystonefence-granite-s-free","9715":"game:clutteredbookshelf-agedacacia","4194":"game:drystonefence-granite-n-free","9716":"game:clutteredbookshelfwithlore","8273":"game:painting-castleruin-south","8292":"game:painting-hunterintheforest-west","1184":"game:locustnest-metalspike-small","7485":"game:plankstairs-aged-down-east-free","1189":"game:locustnest-stalagmite-small2","3362":"game:polishedrockslab-granite-south-free","7524":"game:plankstairs-aged-up-west-free","1187":"game:locustnest-stalagmite-main1","6540":"game:crate","7472":"game:plankstairs-aged-up-east-free","7511":"game:plankstairs-aged-down-south-free","7446":"game:plankstairs-aged-up-north-free","9295":"game:jonas-lamp","9526":"game:door-solid-aged","136":"game:multiblock-monolithic-0-p1-0","8200":"game:firepit-cold","9525":"game:door-sleek-windowed-aged","412":"game:drycarcass-humanoid2","7537":"game:plankstairs-aged-down-west-free","7459":"game:plankstairs-aged-down-north-free","7498":"game:plankstairs-aged-up-south-free","4374":"game:drystonefence-granite-sw-free","4254":"game:drystonefence-granite-w-free","4314":"game:drystonefence-granite-nw-free","832":"game:tapestry-south","2336":"game:slantedroofing-agedthatch-south-free","2316":"game:slantedroofing-agedthatch-north-free","2814":"game:cobblestoneslab-granite-west-free","3381":"game:polishedrockslab-granite-west-free","2496":"game:slantedroofingcornerouter-agedthatch-south-free","2346":"game:slantedroofing-agedthatch-west-free","2506":"game:slantedroofingcornerouter-agedthatch-west-free"},"ItemCodes":{"275":"game:stackrandomizer-resource","3080":"game:stackrandomizer-ruinedweapon","278":"game:stackrandomizer-painting","263":"game:stackrandomizer-accessory-highstatus","1554":"game:axe-scrap-scrap","3638":"game:stackrandomizer-buildingblocks","270":"game:stackrandomizer-fuel","279":"game:stackrandomizer-gear","271":"game:stackrandomizer-ingot","1753":"game:club-scrapmace-scrap","773":"game:firewood","1475":"game:stone-granite","1612":"game:firestarter","257":"game:lootrandomizer","272":"game:stackrandomizer-seed","258":"game:stackrandomizer-cloth-lowstatus","261":"game:stackrandomizer-accessory-lowstatus","1578":"game:blade-scrap-scrap","269":"game:stackrandomizer-ore","3639":"game:stackrandomizer-clayproducts","332":"game:powderedsulfur","1487":"game:stone-halite","3640":"game:stackrandomizer-mechanical","274":"game:stackrandomizer-copperweapon","1743":"game:spear-scrap-scrap","259":"game:stackrandomizer-cloth-mediumstatus"},"Indices":[5120,6144,7168,8192,9216,10240,11264,12288,13312,11542528,11546624,12591104,12592128,12593152,12594176,12595200,13639680,13640704,13641728,13642752,13643776,14688256,14689280,14690304,14691328,14692352,15736832,15738880,15739904,15740928,16785408,16786432,16787456,16788480,16789504,16790528,4097,5121,6145,7169,8193,9217,10241,11265,12289,13313,14337,1053697,1054721,1055745,1056769,1057793,1058817,1059841,1060865,1061889,2102273,2105345,2106369,2107393,2108417,2109441,3153921,3156993,3158017,4202497,4204545,4206593,5251073,5252097,5253121,5254145,5255169,6299649,6300673,6301697,6302721,6303745,7348225,7349249,7350273,7351297,7352321,8396801,8400897,9445377,9449473,10493953,10498049,11542529,11543553,11544577,11545601,11546625,12591105,12592129,12593153,12594177,12595201,13639681,13640705,13641729,13642753,13643777,14688257,14689281,14690305,14691329,14692353,15736833,15737857,15738881,15739905,15740929,16785409,16789505,17832961,17833985,17835009,17836033,17837057,17838081,17839105,3074,4098,5122,6146,7170,8194,9218,10242,11266,12290,13314,14338,15362,1052674,1053698,1054722,1055746,1056770,1057794,1058818,1059842,1060866,1061890,1062914,2101250,2103298,2104322,2105346,2106370,2107394,2108418,2109442,2110466,3152898,3153922,3156994,3158018,3159042,4201474,4202498,4203522,4204546,4206594,4207618,5250050,5251074,5252098,5253122,5254146,5255170,5256194,6298626,6299650,6300674,6301698,6302722,6303746,7348226,7349250,7351298,7352322,10494978,10497026,11542530,11543554,11544578,11545602,11546626,12591106,12592130,12593154,12594178,12595202,13639682,13640706,13641730,13642754,13643778,14688258,14689282,14690306,14691330,14692354,15736834,15737858,15738882,15739906,15740930,16785410,16789506,17833986,17838082,18881538,18882562,18883586,18884610,18885634,18886658,18887682,25171970,25174018,25176066,25178114,26219522,26220546,26222594,26224642,26226690,3075,4099,5123,6147,7171,8195,9219,10243,11267,12291,13315,14339,15363,16387,1052675,1053699,1054723,1055747,1056771,1057795,1058819,1059843,1060867,1061891,1062915,2102275,2103299,2104323,2105347,2106371,2107395,2108419,2109443,2110467,2111491,3150851,3151875,3152899,3153923,3154947,3155971,3156995,3158019,3159043,3160067,4200451,4201475,4202499,4203523,4204547,4205571,4206595,4207619,4208643,5249027,5250051,5251075,5252099,5253123,5254147,5255171,5256195,5257219,6297603,6298627,6299651,6300675,6301699,6302723,6303747,6304771,6305795,7346179,7347203,7348227,7349251,7350275,7351299,7352323,7353347,7354371,8396803,8397827,8398851,8399875,8400899,8401923,8402947,9446403,9447427,9448451,9449475,9450499,9451523,10493955,10494979,10496003,10497027,10498051,10499075,10500099,11542531,11543555,11544579,11545603,11546627,11547651,11548675,12591107,12592131,12593155,12594179,12595203,12597251,13639683,13640707,13641731,13642755,13643779,14688259,14689283,14690307,14691331,14692355,15736835,15737859,15738883,15739907,15740931,16785411,16786435,16787459,16788483,16789507,17833987,17838083,18881539,18883587,18885635,18887683,19929091,19930115,19931139,19932163,19933187,19934211,19935235,19936259,19937283,20977667,20978691,20979715,20980739,20981763,20982787,20983811,20984835,20985859,22026243,22027267,22028291,22029315,22030339,22031363,22032387,22033411,22034435,23074819,23075843,23076867,23077891,23078915,23079939,23080963,23081987,23083011,24123395,24124419,24125443,24126467,24127491,24128515,24129539,24130563,24131587,25170947,25171971,25172995,25174019,25175043,25176067,25177091,25178115,25179139,25180163,26219523,26223619,2052,3076,4100,5124,6148,7172,8196,9220,10244,11268,12292,13316,14340,15364,16388,17412,1051652,1052676,1053700,1054724,1055748,1056772,1057796,1058820,1059844,1060868,1061892,1062916,1063940,1064964,2100228,2102276,2103300,2104324,2105348,2106372,2107396,2108420,2109444,2110468,2111492,2112516,2113540,3150852,3151876,3152900,3153924,3154948,3155972,3156996,3158020,3159044,3160068,3161092,3162116,4199428,4200452,4201476,4202500,4203524,4204548,4205572,4206596,4207620,4208644,4209668,5248004,5249028,5250052,5251076,5252100,5253124,5254148,5255172,5256196,5257220,5258244,6297604,6298628,6299652,6300676,6301700,6302724,6303748,6304772,6305796,6306820,7346180,7348228,7349252,7350276,7351300,7352324,7353348,7354372,8394756,8395780,8396804,8397828,8398852,8399876,8400900,8401924,8402948,9444356,9445380,9446404,9447428,9448452,9449476,9450500,9451524,10492932,10493956,10494980,10496004,10497028,10498052,10499076,10500100,11540484,11541508,11542532,11543556,11544580,11545604,11546628,11547652,11548676,12589060,12590084,12591108,12592132,12593156,12594180,12595204,12596228,12597252,13637636,13638660,13639684,13640708,13641732,13642756,13643780,13644804,13645828,14686212,14687236,14688260,14689284,14690308,14691332,14692356,15734788,15736836,15737860,15738884,15739908,15740932,15741956,16784388,16785412,16786436,16787460,16788484,16789508,16790532,17832964,17833988,17835012,17836036,17837060,17838084,17840132,18880516,18881540,18882564,18883588,18884612,18885636,18886660,18887684,18888708,19929092,19930116,19931140,19932164,19933188,19934212,19935236,19936260,19937284,20977668,20978692,20979716,20980740,20981764,20982788,20983812,20985860,22026244,22027268,22028292,22029316,22030340,22031364,22032388,22033412,22034436,23074820,23075844,23076868,23077892,23078916,23079940,23080964,23081988,24123396,24124420,24125444,24126468,24127492,24128516,24129540,24130564,24131588,25172996,25174020,25175044,25176068,25177092,25178116,25179140,25180164,1029,2053,3077,4101,5125,6149,7173,8197,9221,10245,11269,12293,13317,14341,15365,16389,17413,18437,1050629,1051653,1052677,1053701,1054725,1055749,1056773,1057797,1058821,1059845,1060869,1061893,1062917,1063941,1064965,1065989,2099205,2100229,2101253,2102277,2103301,2104325,2105349,2106373,2107397,2108421,2109445,2110469,2111493,2112517,2113541,2114565,3147781,3149829,3150853,3151877,3152901,3153925,3154949,3155973,3156997,3158021,3159045,3160069,3161093,3162117,3163141,4196357,4198405,4199429,4200453,4201477,4202501,4203525,4204549,4205573,4206597,4207621,4208645,4209669,4210693,5245957,5246981,5248005,5249029,5250053,5251077,5252101,5253125,5254149,5255173,5256197,5257221,5258245,5259269,6293509,6294533,6295557,6296581,6297605,6298629,6299653,6300677,6301701,6302725,6303749,6304773,6305797,6306821,7342085,7343109,7344133,7345157,7346181,7347205,7348229,7349253,7350277,7351301,7352325,7353349,7354373,8394757,8395781,8396805,8397829,8398853,8399877,8400901,8401925,8402949,9444357,9445381,9446405,9447429,9448453,9449477,9450501,9451525,10491909,10492933,10493957,10494981,10496005,10497029,10498053,10499077,10500101,11540485,11541509,11542533,11543557,11544581,11545605,11546629,11547653,11548677,12590085,12591109,12592133,12593157,12594181,12595205,12596229,13638661,13639685,13640709,13641733,13642757,13643781,13644805,14687237,14688261,14689285,14690309,14691333,14692357,14693381,15735813,15736837,15737861,15738885,15739909,15740933,15741957,16784389,16785413,16786437,16787461,16788485,16789509,16790533,17832965,17833989,17835013,17836037,17837061,17838085,17839109,18881541,18882565,18883589,18884613,18885637,18886661,18887685,19929093,19930117,19931141,19932165,19933189,19934213,19935237,19936261,19937285,20977669,20978693,20979717,20980741,20981765,20982789,20983813,20984837,20985861,22026245,22027269,22028293,22029317,22030341,22031365,22032389,22033413,22034437,23074821,23075845,23076869,23077893,23078917,23079941,23080965,23081989,23083013,24123397,24124421,24125445,24126469,24127493,24128517,24129541,24130565,24131589,25170949,25171973,25172997,25174021,25175045,25176069,25177093,25178117,25180165,26219525,26222597,26223621,26226693,1030,2054,3078,4102,5126,6150,7174,8198,9222,10246,11270,12294,13318,14342,15366,16390,17414,18438,19462,1050630,1051654,1052678,1053702,1054726,1055750,1056774,1057798,1058822,1059846,1060870,1061894,1062918,1063942,1064966,1065990,1067014,2097158,2098182,2099206,2100230,2101254,2102278,2103302,2104326,2105350,2106374,2107398,2108422,2109446,2110470,2111494,2112518,2113542,2114566,2115590,3145734,3146758,3147782,3148806,3149830,3150854,3151878,3152902,3153926,3154950,3155974,3156998,3158022,3159046,3160070,3161094,3162118,3163142,4195334,4196358,4197382,4198406,4199430,4200454,4201478,4202502,4203526,4204550,4205574,4206598,4207622,4208646,4209670,5243910,5244934,5245958,5246982,5248006,5249030,5250054,5251078,5252102,5253126,5254150,5255174,5256198,5257222,5258246,6293510,6294534,6295558,6296582,6297606,6298630,6299654,6300678,6301702,6302726,6303750,6304774,6305798,6306822,7342086,7343110,7344134,7345158,7346182,7347206,7348230,7349254,7350278,7351302,7352326,7353350,7354374,8394758,8395782,8396806,8397830,8398854,8399878,8400902,8401926,8402950,9443334,9444358,9445382,9446406,9447430,9448454,9449478,9450502,9451526,10491910,10492934,10493958,10494982,10496006,10497030,10498054,10499078,10500102,11540486,11541510,11542534,11543558,11544582,11545606,11546630,11547654,11548678,12589062,12590086,12591110,12592134,12593158,12594182,12595206,12596230,12597254,13638662,13639686,13640710,13641734,13642758,13643782,13644806,14687238,14688262,14689286,14690310,14691334,14692358,14693382,15735814,15736838,15737862,15738886,15739910,15740934,15741958,16784390,16785414,16786438,16787462,16788486,16789510,16790534,17832966,17833990,17835014,17836038,17837062,17838086,17839110,18880518,18881542,18882566,18883590,18884614,18885638,18886662,18887686,18888710,19929094,19930118,19931142,19932166,19933190,19934214,19935238,19936262,19937286,20977670,20978694,20979718,20980742,20981766,20982790,20983814,20984838,20985862,22026246,22027270,22028294,22029318,22030342,22031366,22032390,22033414,22034438,23074822,23075846,23076870,23077894,23078918,23079942,23080966,23081990,23083014,24123398,24124422,24125446,24126470,24127494,24128518,24129542,24130566,24131590,25171974,25172998,25174022,25175046,25176070,25177094,25178118,25180166,26222598,1031,2055,3079,4103,5127,6151,7175,8199,9223,10247,11271,12295,13319,14343,15367,16391,17415,18439,19463,1051655,1052679,1053703,1054727,1055751,1056775,1057799,1058823,1059847,1060871,1061895,1062919,1063943,1064967,1065991,1067015,2097159,2098183,2099207,2100231,2101255,2102279,2103303,2104327,2105351,2106375,2107399,2108423,2109447,2110471,2111495,2112519,2113543,2114567,2115591,3145735,3146759,3147783,3148807,3149831,3150855,3151879,3152903,3153927,3154951,3155975,3156999,3158023,3159047,3160071,3162119,3163143,4195335,4196359,4197383,4198407,4199431,4200455,4201479,4202503,4203527,4204551,4205575,4206599,4207623,4208647,4209671,4210695,4211719,5243911,5244935,5245959,5246983,5248007,5249031,5250055,5251079,5252103,5253127,5254151,5255175,5256199,5257223,5258247,6294535,6295559,6296583,6297607,6298631,6299655,6300679,6301703,6302727,6303751,6304775,6305799,6306823,7342087,7345159,7346183,7347207,7348231,7349255,7350279,7351303,7352327,7353351,7354375,8394759,8395783,8396807,8397831,8398855,8399879,8400903,8401927,8402951,9443335,9444359,9445383,9446407,9447431,9448455,9449479,9450503,9451527,10491911,10492935,10493959,10494983,10496007,10497031,10498055,10499079,10500103,11540487,11541511,11542535,11543559,11544583,11545607,11546631,11547655,11548679,12590087,12591111,12592135,12593159,12594183,12595207,12596231,13638663,13639687,13640711,13641735,13642759,13643783,13644807,14687239,14688263,14689287,14690311,14691335,14692359,14693383,15735815,15736839,15737863,15738887,15739911,15740935,15741959,16784391,16785415,16786439,16787463,16788487,16789511,16790535,17832967,17833991,17835015,17836039,17837063,17838087,17839111,18881543,18882567,18883591,18884615,18885639,18886663,18887687,19929095,19930119,19931143,19932167,19933191,19934215,19935239,19937287,20977671,20978695,20979719,20980743,20981767,20982791,20983815,20984839,20985863,22026247,22027271,22028295,22029319,22030343,22031367,22032391,22033415,22034439,23074823,23075847,23076871,23077895,23078919,23079943,23080967,23081991,23083015,24123399,24124423,24125447,24126471,24127495,24128519,24129543,24130567,24131591,25170951,25171975,25172999,25174023,25175047,25176071,25177095,25178119,25179143,25180167,26219527,26221575,26226695,1032,2056,3080,4104,5128,6152,7176,8200,9224,10248,11272,12296,13320,14344,15368,16392,17416,18440,19464,1050632,1051656,1052680,1053704,1054728,1055752,1056776,1057800,1058824,1059848,1060872,1061896,1062920,1063944,1064968,1065992,1067016,2097160,2098184,2099208,2100232,2101256,2102280,2103304,2104328,2105352,2106376,2107400,2108424,2109448,2110472,2111496,2112520,2113544,2114568,2115592,3145736,3146760,3147784,3148808,3149832,3150856,3151880,3152904,3153928,3154952,3155976,3157000,3158024,3159048,3160072,3161096,3162120,3163144,4195336,4196360,4197384,4198408,4199432,4200456,4201480,4202504,4203528,4204552,4205576,4206600,4207624,4208648,4209672,4210696,5243912,5244936,5245960,5246984,5248008,5249032,5250056,5251080,5252104,5253128,5254152,5255176,5256200,5257224,5258248,5259272,6293512,6294536,6295560,6296584,6297608,6298632,6299656,6300680,6301704,6302728,6303752,6304776,6305800,6306824,7342088,7343112,7345160,7346184,7347208,7348232,7349256,7350280,7351304,7352328,7353352,7354376,7355400,8394760,8395784,8396808,8397832,8398856,8399880,8400904,8401928,8402952,9443336,9444360,9445384,9446408,9447432,9448456,9449480,9450504,9451528,10491912,10492936,10493960,10494984,10496008,10497032,10498056,10499080,10500104,11540488,11541512,11542536,11543560,11544584,11545608,11546632,11547656,11548680,12590088,12591112,12592136,12593160,12594184,12595208,12596232,13638664,13639688,13640712,13641736,13642760,13643784,13644808,14687240,14688264,14689288,14690312,14691336,14692360,14693384,15736840,15737864,15738888,15739912,15740936,15741960,16784392,16785416,16786440,16787464,16788488,16789512,16790536,17832968,17833992,17835016,17836040,17837064,17838088,17839112,18880520,18881544,18882568,18883592,18884616,18885640,18886664,18887688,19929096,19930120,19931144,19932168,19933192,19934216,19935240,19936264,20977672,20978696,20979720,20980744,20981768,20982792,20983816,20984840,20985864,22026248,22027272,22028296,22029320,22030344,22031368,22032392,22033416,22034440,23074824,23075848,23076872,23077896,23078920,23079944,23080968,23081992,23083016,24123400,24124424,24125448,24126472,24127496,24128520,24129544,24130568,24131592,25171976,25173000,25174024,25175048,25176072,25177096,25178120,25179144,25180168,2057,3081,4105,5129,6153,7177,8201,9225,10249,11273,12297,13321,14345,15369,16393,17417,18441,19465,1051657,1052681,1053705,1054729,1055753,1056777,1057801,1058825,1059849,1060873,1061897,1062921,1063945,1064969,1065993,1067017,2098185,2099209,2100233,2101257,2102281,2103305,2104329,2105353,2106377,2107401,2108425,2109449,2110473,2112521,2113545,2114569,3147785,3149833,3150857,3151881,3152905,3153929,3154953,3155977,3157001,3158025,3159049,3160073,3161097,3162121,3163145,4196361,4198409,4199433,4200457,4201481,4202505,4203529,4204553,4205577,4206601,4207625,4208649,4209673,5245961,5246985,5248009,5249033,5250057,5251081,5252105,5253129,5254153,5255177,5256201,5257225,5258249,6294537,6295561,6296585,6297609,6298633,6299657,6300681,6301705,6302729,6303753,6304777,6305801,6306825,7342089,7343113,7344137,7345161,7346185,7347209,7348233,7349257,7350281,7351305,7352329,7353353,7354377,8394761,8395785,8396809,8397833,8398857,8399881,8400905,8401929,8402953,9443337,9444361,9445385,9446409,9447433,9448457,9449481,9450505,9451529,10491913,10492937,10493961,10494985,10496009,10497033,10498057,10499081,10500105,11540489,11541513,11542537,11543561,11544585,11545609,11546633,11547657,11548681,12590089,12591113,12592137,12593161,12594185,12595209,12596233,13638665,13639689,13640713,13641737,13642761,13643785,13644809,14687241,14688265,14689289,14690313,14691337,14692361,14693385,15736841,15737865,15738889,15739913,15740937,15741961,16784393,16785417,16786441,16787465,16788489,16789513,16790537,17832969,17833993,17835017,17836041,17837065,17838089,17839113,18881545,18882569,18883593,18884617,18885641,18886665,18887689,19929097,19930121,19931145,19932169,19933193,19934217,19935241,19937289,20977673,20978697,20979721,20980745,20981769,20982793,20983817,20984841,20985865,22026249,22027273,22028297,22029321,22030345,22031369,22032393,22033417,22034441,23074825,23075849,23076873,23077897,23078921,23079945,23080969,23081993,23083017,24123401,24124425,24125449,24126473,24127497,24128521,24129545,24130569,24131593,25170953,25171977,25173001,25174025,25175049,25176073,25177097,25179145,25180169,26219529,26222601,26224649,3082,4106,5130,6154,7178,8202,9226,10250,11274,12298,13322,14346,15370,16394,17418,18442,1052682,1053706,1054730,1055754,1056778,1057802,1058826,1059850,1060874,1061898,1062922,1063946,1064970,1065994,2099210,2100234,2101258,2102282,2103306,2104330,2105354,2106378,2107402,2108426,2109450,2110474,2111498,2112522,2113546,2114570,3150858,3151882,3152906,3153930,3154954,3155978,3157002,3158026,3159050,3160074,3161098,3162122,4199434,4200458,4201482,4202506,4203530,4204554,4205578,4206602,4207626,4208650,4209674,5248010,5249034,5250058,5251082,5252106,5253130,5254154,5255178,5256202,5257226,5258250,6297610,6298634,6299658,6300682,6301706,6302730,6303754,6304778,6305802,6306826,7346186,7347210,7348234,7349258,7350282,7351306,7352330,7353354,7354378,8394762,8395786,8396810,8397834,8398858,8399882,8400906,8401930,8402954,9443338,9444362,9445386,9446410,9447434,9448458,9449482,9450506,9451530,10491914,10492938,10493962,10494986,10496010,10497034,10498058,10499082,10500106,11540490,11541514,11542538,11543562,11544586,11545610,11546634,11547658,11548682,12589066,12590090,12591114,12592138,12593162,12594186,12595210,12596234,12597258,13637642,13638666,13639690,13640714,13641738,13642762,13643786,13644810,13645834,14686218,14687242,14688266,14689290,14690314,14691338,14692362,14693386,14694410,15734794,15735818,15736842,15737866,15738890,15739914,15740938,15741962,15742986,16783370,16784394,16785418,16786442,16787466,16788490,16789514,16790538,16791562,17831946,17832970,17833994,17835018,17836042,17837066,17838090,17839114,17840138,18880522,18881546,18882570,18883594,18884618,18885642,18886666,18887690,18888714,19929098,19930122,19931146,19932170,19933194,19934218,19935242,19936266,19937290,20977674,20978698,20979722,20980746,20981770,20982794,20984842,20985866,22026250,22027274,22028298,22029322,22030346,22031370,22032394,22033418,22034442,23074826,23075850,23076874,23077898,23078922,23079946,23080970,23081994,23083018,24123402,24124426,24125450,24126474,24127498,24128522,24129546,24130570,24131594,25171978,25173002,25174026,25175050,25176074,25177098,25178122,25180170,26222602,3083,4107,5131,6155,7179,8203,9227,10251,11275,12299,13323,14347,15371,16395,17419,1052683,1053707,1054731,1055755,1056779,1057803,1058827,1059851,1060875,1061899,1062923,1063947,1064971,2102283,2103307,2104331,2105355,2106379,2107403,2108427,2109451,2111499,2112523,2113547,3151883,3152907,3153931,3154955,3155979,3157003,3158027,3159051,3160075,4200459,4201483,4202507,4203531,4204555,4205579,4206603,4207627,4208651,5249035,5250059,5251083,5252107,5253131,5254155,5255179,5256203,5257227,6297611,6298635,6299659,6300683,6301707,6302731,6303755,6304779,6305803,7346187,7347211,7348235,7349259,7350283,7351307,7352331,7353355,7354379,8394763,8395787,8396811,8397835,8398859,8399883,8400907,8401931,8402955,9444363,9445387,9446411,9447435,9448459,9449483,9450507,9451531,10492939,10493963,10494987,10496011,10497035,10498059,10499083,10500107,11540491,11541515,11542539,11543563,11544587,11545611,11546635,11547659,11548683,12590091,12596235,13638667,13644811,14687243,14693387,15735819,15741963,16784395,16790539,17832971,17839115,18881547,18883595,18885643,18887691,19929099,19930123,19931147,19932171,19933195,19934219,19935243,19936267,19937291,20977675,20978699,20979723,20980747,20981771,20982795,20983819,20984843,20985867,22026251,22027275,22028299,22029323,22030347,22031371,22032395,22033419,22034443,23074827,23075851,23076875,23077899,23078923,23079947,23080971,23081995,23083019,24123403,24124427,24125451,24126475,24127499,24128523,24129547,24130571,24131595,25170955,25171979,25173003,25174027,25175051,25176075,25177099,25178123,25179147,26219531,4108,5132,6156,7180,8204,9228,10252,11276,12300,13324,14348,15372,16396,1053708,1054732,1055756,1056780,1057804,1058828,1059852,1060876,1061900,1062924,2104332,2105356,2106380,2107404,2110476,3152908,3153932,3154956,3155980,3157004,3158028,3159052,4201484,4202508,4203532,4204556,4205580,4206604,4207628,5250060,5251084,5252108,5253132,5254156,5255180,5256204,6298636,6299660,6300684,6301708,6302732,6303756,6304780,7347212,7348236,7349260,7350284,7351308,7352332,7353356,8395788,8396812,8397836,8398860,8399884,8400908,8401932,9444364,9445388,9446412,9447436,9448460,9449484,9450508,10492940,10493964,10494988,10496012,10497036,10498060,10499084,11543564,11544588,11545612,25171980,25174028,25176076,25178124,26219532,26220556,26222604,26224652,26226700,5133,6157,7181,8205,9229,10253,11277,12301,13325,14349,1055757,1056781,1057805,1058829,1059853,1060877,2105357,2106381,2107405,2108429,2109453,3153933,3155981,3157005,3158029,4202509,4204557,4206605,5251085,5252109,5253133,5254157,5255181,6299661,6300685,6301709,6302733,6303757,7348237,7349261,7350285,7351309,7352333,8396813,8397837,8398861,8399885,8400909,9445389,9446413,9447437,9448461,9449485,10492941,10493965,10494989,10496013,10497037,10498061,10499085,7182,8206,9230,10254,11278,12302,6299662,6303758,7348238,7349262,7350286,7351310,7352334,8396814,8397838,8398862,8399886,8400910,9445390,9446414,9447438,9448462,9449486,10492942,10493966,10494990,10496014,10497038,10498062,10499086],"BlockIds":[9471,9493,9493,9493,9493,9471,9471,9472,2966,3042,3042,2966,9471,3023,2966,9493,9471,2966,896,9493,9493,3061,2985,8611,9493,9493,9493,3042,9493,3023,2326,2326,2326,2326,2326,2556,9493,9493,2966,9493,9472,9471,9493,9471,9493,9493,9472,9493,9472,9493,2966,9493,2966,2966,9471,9471,5122,2966,9471,3023,9493,9471,2966,2776,2966,9493,3343,2966,9472,3042,3042,3042,9493,2966,2966,9493,9472,9471,4334,4294,4294,4294,4274,4174,4174,4174,4174,4174,4174,2966,7355,7355,7355,9472,9471,8606,8109,8606,2966,2966,8611,8611,8611,2966,2966,8611,8611,8611,2966,9471,7355,7355,7355,2966,9493,2985,2556,2326,2326,2326,2326,2326,2326,2966,9471,9493,2966,2966,9472,9493,9493,2966,9493,9471,2966,2966,9493,9472,9493,9493,9472,9493,2966,9493,2966,9493,9493,5122,3061,9472,8611,8610,8606,8109,8617,9493,2966,8611,833,8611,9493,9493,8611,8611,8611,8611,2966,9471,3118,8617,8611,8611,3118,9472,5122,2966,9493,9493,9493,9493,4354,5122,5535,4354,3042,3042,9493,7355,7355,7355,2966,3061,8606,8611,8606,2985,883,8611,8611,8606,883,883,8611,8611,8611,883,3080,7355,7355,7355,3004,2966,9493,3080,9493,2326,2326,2326,2326,2326,2326,2326,3042,3042,3042,3042,9493,3099,3099,3099,3099,2966,2966,9472,2966,9493,9493,2966,9471,2966,9493,2966,9472,9493,2966,9493,9471,9493,9472,9472,9493,9493,9493,9493,9472,9493,9493,2966,411,8611,8611,8611,8606,8606,1180,9493,5122,9471,8606,8611,8611,8611,8611,8611,8617,9493,2966,8611,8611,8611,8611,8611,8611,8611,2966,9472,3004,8611,8611,1188,8611,8611,3080,9493,9493,9493,9472,2966,9493,9493,9493,9493,9493,2852,3061,2966,2966,8606,2966,9493,2966,2966,5122,2966,8611,9493,896,9472,9472,9472,3042,2966,896,2966,2966,3042,9493,2966,2966,3042,9471,2966,9493,7355,7355,7355,2966,2966,2966,9493,8606,8611,8606,9471,5535,2966,8611,8611,8611,2966,2966,8611,8611,8611,9471,9493,8611,8611,8617,9472,3061,7368,7368,7368,9493,3080,3004,2966,3042,3042,9493,9493,2966,2966,2966,9493,9493,9472,9471,9471,9493,9493,3023,9493,3023,9493,3023,9493,9493,9493,9493,896,9472,896,9493,896,9471,9493,9493,2966,896,9472,896,9493,896,2966,2966,9471,9472,3042,2966,3042,2966,3042,9493,2966,3080,9493,9493,2966,9493,9493,9493,2966,2966,2985,2985,5122,9493,9493,2966,9493,2966,2966,2966,9471,2966,9471,9493,9493,9493,2966,9493,9493,9493,9493,2966,2966,2966,9493,2966,9471,2966,9493,9471,9493,2966,9493,8611,9493,8617,8611,8611,8606,8606,8611,8611,8606,8617,2966,9493,9493,8611,8611,8611,8611,8606,8611,8611,8611,8611,9471,5535,9493,8617,8611,8611,8611,8611,8611,8611,8611,8611,9472,9493,3004,8611,8611,8611,8611,8611,8611,8611,3118,2966,2966,7355,7355,7355,7355,7355,7355,7355,9471,3023,9493,5122,5535,8611,8611,411,8611,2966,3023,8611,8611,8611,8611,8611,8611,8611,9493,8611,8611,8611,8611,8611,8611,8611,9493,1188,8611,8611,8611,8611,8611,8611,9493,3042,9472,9493,7355,7355,7355,2966,2966,9472,4234,9493,9493,9715,8611,8611,9493,9471,4194,4234,2966,9471,9716,8611,8273,2966,9472,4194,4234,9493,9493,8611,8611,8611,2966,4174,9493,8611,8611,8611,9472,3042,3061,2966,7355,7355,7355,9472,2985,9493,9493,9493,2966,9471,2966,4174,9471,2966,9493,9493,9493,9471,9493,2966,2966,9493,9471,9471,2966,9471,2966,9493,2966,2966,2966,9716,9715,9715,8606,8611,8611,9493,9493,9715,8611,8292,8611,8611,8611,8611,9493,9493,8611,8611,8611,8611,8611,8611,8611,9471,8611,8611,8611,8611,8611,8611,8611,8611,9493,9471,2966,9493,2966,9493,2966,8611,2966,2966,9472,9471,2966,9493,9472,9472,9472,9493,9493,9493,2966,2966,9493,2966,2966,2966,2966,9493,9493,9493,9493,9493,2966,9493,9471,9493,2966,9472,9472,2966,9472,9471,8611,3061,9493,8611,8611,8611,8611,8611,8611,8606,8606,1184,5535,2852,9471,9493,8611,2966,8611,8611,8611,8611,8611,8611,8611,8611,8611,8611,8611,9471,5535,8611,9493,8611,8611,8611,8611,8611,8611,8611,8611,8611,8611,8611,2966,3080,2966,3004,8611,8611,8611,8611,8611,7485,8611,8611,1189,8617,2985,3362,9493,9493,9472,9493,7355,7355,7355,7355,7524,7355,7355,9472,2966,4334,4294,4294,4294,9472,5122,5535,8606,8611,8611,8606,8606,9493,883,8611,8611,8611,8611,8611,8611,8611,8611,8611,8611,8611,8611,8611,8611,8611,883,3080,8611,8611,8611,8611,7485,8611,8611,3004,3061,9471,7355,7355,7355,7524,7355,9472,2985,9472,5535,8611,8611,8611,8610,9493,9493,8611,8611,8611,8611,8611,9493,2966,8611,8611,8611,8611,8611,9493,9493,8611,8611,8611,8611,8611,9471,9493,8617,8611,8611,8611,8611,2966,9493,8617,8611,8611,8611,8611,9493,9471,1180,1187,1189,8611,8617,9493,9472,2966,9493,9471,9493,9471,2966,9493,9472,3061,8611,8611,8611,8611,5122,8611,5535,2985,883,8611,8611,8611,8611,8611,8611,8611,8611,883,8611,8611,8611,8611,8611,8611,8611,8611,3080,8611,8611,8611,8611,8611,8611,8611,8611,3080,9472,9493,2966,9493,3118,3061,2966,8611,2985,8606,6540,5122,9472,9493,9493,9493,9471,2966,9472,9471,9493,9493,9472,9493,2966,9472,9493,9472,9493,9493,2966,9472,9493,9471,2966,2966,9493,9493,2966,9471,9472,2966,9493,9493,9493,2966,2966,2966,8611,8611,8611,8611,9471,8611,8611,8606,3023,8611,8606,6540,8606,5535,3061,2966,9493,9471,5122,8611,8611,8611,8611,9493,8611,8611,8611,8611,8611,8611,8611,8611,8611,8611,5122,2966,3023,8611,8611,8611,9471,8611,8611,8611,8611,8611,8611,7485,8611,8611,8611,8611,8611,8611,8611,2966,8611,8611,8611,8611,8611,8611,7524,8611,8611,8611,8611,3080,9493,9493,9472,9493,7355,7355,7355,7355,8611,7355,7355,9493,2985,4354,8606,5535,5122,9493,5535,5535,8611,8611,8611,8611,6540,2966,9493,8611,8611,8611,8611,8611,8611,8611,9493,9471,8611,8611,8611,8611,7485,8611,8611,2966,9493,8611,8611,8611,8611,7524,8611,8611,2966,9472,9472,7355,7355,7355,8611,7355,9472,9472,5122,3061,8611,7472,8611,8611,5535,2985,5122,883,8611,8611,8611,8611,8611,883,883,8611,8611,8611,8611,8611,883,3080,8611,8611,7511,7485,8611,3004,9493,8611,7511,7446,8611,8611,2966,9471,8611,8611,8611,8611,8611,9493,3080,9493,1188,8611,8611,8611,1188,9493,3004,9471,9493,9471,8611,8611,7355,2966,2966,9472,2966,8606,8611,8611,8611,8611,8611,5122,8611,9493,9295,8611,8611,8611,8611,8611,8611,8611,9493,8611,8611,8611,8611,8611,8611,8611,8611,9493,8611,8611,8611,8611,8611,8611,8611,8611,9493,3099,9471,2966,9471,9472,3004,8611,8606,9471,9472,9472,9471,9472,9493,2966,9493,9493,9493,9493,9472,9493,9493,9471,9493,2966,9493,9471,9472,9471,2966,9493,9493,9493,9493,9471,9472,9472,9493,9472,9472,9472,2966,9493,8611,8611,8611,8611,9526,8611,8611,8610,9471,8611,8606,6540,8611,5535,8611,9493,2966,2966,2852,8611,8611,8611,8611,136,8611,8611,8611,8200,8611,8611,7485,8611,8611,8611,9493,2966,8611,8611,8611,9493,8611,8611,8611,8611,8611,8611,7524,8611,8611,8611,8611,3023,5122,8611,8611,8611,9493,8611,8611,8611,8611,8611,8611,8611,8611,8611,8611,8611,3080,9472,9493,9493,7355,7355,7355,7355,8611,7355,7355,9493,2985,4354,5535,9525,412,8611,8611,8611,8611,5122,5535,9493,136,8611,8611,8611,8611,7485,8611,8611,9493,9493,8611,8611,8611,8611,7524,8611,8611,9472,9493,8611,8611,8611,8611,8611,8611,8611,2966,3061,9471,7355,7355,7355,8611,7355,9493,2985,9493,8611,7537,4174,8611,8611,9472,9471,8611,7472,4174,8611,8611,9493,9471,8611,8611,4174,7485,8611,9472,2966,8611,8611,4174,7524,8611,9493,2966,8611,7537,4174,8611,8611,9493,9472,8611,7472,4174,8611,8611,9493,2966,8611,8611,4174,8611,8611,9472,2966,9493,2966,8611,4174,7355,9472,8611,3061,8611,8606,8611,4174,8611,5535,8611,8611,883,8611,8611,8611,4174,8611,8611,8611,8611,883,8611,8611,8611,4174,8611,8611,8611,8611,3080,8611,8611,8611,4174,8611,8611,8611,8611,3080,9493,9493,3004,2966,9493,9493,9472,8611,8611,2985,5122,5535,2966,2966,9472,9471,9493,2966,9493,2966,9471,9471,2966,9493,2966,9471,9493,9471,9493,9471,9493,2966,9493,9471,9471,9472,9493,2966,9472,9493,9471,9472,9493,9472,9471,9471,9493,9493,8611,8611,8611,8611,2966,8611,5122,8606,412,8611,8109,7485,5535,5535,9471,9471,2966,9493,2985,8611,8611,8611,8611,9472,8611,8611,8611,8611,8611,8611,7524,8611,8611,5535,5122,2966,5122,8611,8611,8611,9493,8611,8611,8611,8611,8611,8611,8611,8611,8611,8611,8611,9493,8611,8611,8611,9471,8611,8611,8611,8611,8611,8611,8611,8611,8611,8611,8611,5535,3080,9472,9493,9472,9471,7355,7355,7355,7355,8611,7355,7355,9472,9471,4354,5535,8606,2966,8610,8611,8611,8611,7485,5535,8606,9493,5122,2966,8611,8611,8611,8611,7524,8611,8611,9493,9493,8611,8611,8611,8611,8611,8611,8611,9493,9493,8611,8611,8611,8611,8611,8611,8611,9493,9493,9493,7355,7355,7355,8611,7355,9472,2966,3061,8606,8617,8109,8611,8606,2985,883,8611,7537,7459,8611,8611,8611,8611,8611,8611,7498,7459,8611,883,8611,8611,8611,8611,8611,3004,2966,8611,8611,8611,8611,8611,9471,9493,8611,7537,7459,8611,8611,9493,3080,9471,8617,8611,7498,8611,8617,2985,9493,2966,9493,8611,8611,7498,2966,8611,9493,8611,8606,8611,8611,8611,5122,8611,8611,9471,8611,8611,8611,8611,8611,8611,8611,8611,9493,8611,8611,8611,8611,8611,8611,8611,8611,9471,8611,8611,8611,8611,8611,8611,8611,8611,9493,9471,2966,9471,3099,9471,8611,8611,8611,9493,2966,9472,9493,9493,9472,9493,2966,9493,9493,2966,2966,9472,9472,9471,9493,9493,9493,9472,2966,9493,9493,2966,9472,9493,9471,9471,9493,9493,9493,9493,9493,9493,2985,8611,8611,3061,9493,8611,8611,8611,8611,8606,8611,7524,8611,5122,9472,2966,2966,8611,9471,8611,8611,8611,8611,8611,8611,8611,8611,8611,8611,3061,9493,5122,8611,9493,8611,8611,8611,8611,8611,8611,8611,8611,8611,8611,8611,3080,9493,3004,8611,8611,8611,8611,8611,8611,8611,8611,8611,8611,9471,9493,9493,9472,7355,7355,7355,7355,7355,7355,7355,9471,9472,4374,4294,4294,4294,2966,8606,8606,8611,8611,7524,8611,8606,2966,883,8611,8611,8611,8611,8611,8611,8611,8611,883,8611,8611,8611,8611,8611,8611,8611,883,3080,8611,8611,8611,8611,8611,8611,8611,3004,3061,2966,7355,7355,7355,7355,7355,9472,2985,2966,6540,8617,6540,8606,8617,9471,9493,8611,8611,8611,8611,8611,9493,3061,8611,8611,8611,8611,8611,2966,8611,8611,8611,8611,8611,9493,9493,8611,8611,8611,8611,8611,9472,2966,8611,8611,8611,8611,8611,9493,9493,8617,8611,8611,8611,1187,9493,9493,9493,9493,9493,2966,9472,2966,8611,3061,8109,8611,5122,8611,8611,8611,8611,8611,883,8611,8611,8611,8611,8611,8611,8611,8611,883,8611,8606,8611,8611,8611,8611,8611,8611,3080,8611,8606,8611,8611,8611,8611,8611,8611,3080,2966,9493,8606,9472,2966,9493,8611,8611,2985,8606,5122,9493,9493,9471,2966,9493,2966,2966,9471,2966,9472,2966,9493,9493,9471,9493,9493,9493,9493,9493,9493,9493,2966,2966,2966,9493,2966,9493,9493,9493,9493,8611,8611,8611,9493,8617,8611,8611,8611,8611,8611,8606,8611,5535,2966,9493,5122,2966,8611,8611,8611,8611,8611,8611,8611,8611,8611,9493,3099,9493,1188,8611,8611,8611,8611,8611,8611,8611,8611,2966,9493,2966,8611,8611,8611,8611,8611,8611,8611,3042,9472,2966,7355,7355,7355,7355,7355,7355,7355,9493,3099,9493,8606,8611,8611,8611,8611,8610,5535,9493,9493,8611,8611,8611,8611,8611,8611,8611,2966,2966,8611,8611,8611,8611,8611,8611,8611,2966,9471,8617,8611,8611,8611,8611,8611,8611,9493,9472,9493,2966,9493,9493,9493,2966,9493,2966,4234,2966,9471,3099,9493,3099,9493,9472,4194,4234,9493,9493,896,2966,8611,9471,9493,4194,4234,9472,9472,896,9472,896,9493,9493,4194,4234,9493,2966,3118,2966,3118,2966,9493,4194,4234,2966,9493,2966,2966,9493,9472,9472,4194,4234,9493,9472,2966,9493,9471,9472,9471,4194,9471,9472,9472,9493,9493,9471,2966,9493,9471,2966,2966,9493,9493,9493,9472,9471,9471,9493,9493,8606,8606,8611,8606,8606,5535,2966,9493,8606,8611,8611,8611,8611,8611,8611,2966,9493,8611,8611,8611,8611,8611,8611,8611,2966,2966,8611,8611,8611,8611,8611,8611,8611,3023,9493,2966,9493,9493,9471,9471,9493,8611,3099,9471,2966,2966,9493,9493,9493,2966,9493,2966,2966,9493,9493,9471,2966,9493,9472,2966,2966,2966,9472,9493,9471,2966,9493,9493,9493,9493,2966,9471,9472,8611,8606,8611,8611,5122,8611,9493,2985,5122,2966,8611,8611,8611,8611,8611,8611,8611,9472,9472,8611,8611,8611,8611,8611,8611,8611,9493,2966,3004,1188,8611,8611,8611,1187,3080,2966,9493,2966,2966,7355,7355,7355,2966,2966,9493,2966,9493,9493,9715,8611,9715,9493,9471,9493,3099,9493,9493,9716,8611,9715,9493,9472,2966,9471,9493,9715,8611,8611,9471,2966,9471,9493,9493,7355,7355,7355,9493,9493,3004,9472,2966,9493,9472,9472,9493,2966,2966,9472,4254,4254,4254,4254,4254,4254,4254,4254,4254,4254,4254,4254,9472,3118,3118,9493,3061,9493,9493,2966,2966,9472,9472,9493,9472,2966,9493,3099,2966,3099,9493,3099,9472,9493,9493,9472,8611,3099,8611,9493,896,2966,2966,9493,2985,8611,9472,896,9471,896,2966,9493,3099,9471,3118,2966,3118,2966,3118,9472,9471,3080,9493,9493,2966,9471,2966,9471,9471,3061,2985,9472,9493,2966,9471,9472,9493,9493,2966,9493,9493,9472,9493,9493,9493,9493,9493,9472,9493,9493,2966,9493,2966,2966,2966,8617,8109,5122,9493,9472,8617,8611,8611,8611,8611,9471,9493,8611,8611,8611,8611,8611,9493,9493,1189,8611,8611,8611,3042,9493,4374,9493,7355,7355,7355,9472,4314,4374,9493,9715,8606,8606,9471,4314,4374,9493,9715,8611,832,9493,4314,4374,9493,9716,8611,832,2966,4314,2336,2966,7368,7368,7368,9493,2316,2966,9472,9493,3118,3118,3118,3118,9472,3023,3023,3023,3023,9472,9471,9493,9493,9471,9493,9493,2966,9493,9493,2966,9493,9493,2966,9493,9493,9493,9493,3099,2966,9493,9471,2814,3381,2966,2966,3381,9493,9493,3118,3118,3118,9493,9493,7355,7355,7355,2966,2966,8109,8606,8606,9472,9493,8611,8611,8606,9493,2966,8617,8611,8611,9493,2336,9493,7368,7368,7368,9471,2316,2966,9493,9472,2966,9493,9472,3118,3118,9493,2966,3099,9471,9493,3061,2966,896,9471,9472,2966,9471,3118,9493,3118,2496,2346,2346,2346,2346,2346,2506],"DecorIndices":[],"DecorIds":[],"BlockEntities":{"12592129":"!<d@[F*J]J#QOl.E,TfC%fcS0!<d@[F*]dm#64o6@VfsmCI<#NAHu^]F`__:EWlSfH#R=0@V'('@V'(%AmoReGqF&ZBl7Km1'@i&DffE0AQSp4!!!-.D.Rd%6#L=OAH2]1!!EOIDffE0AQf'6!!!<3@rH1\"ARfgnA,lT","12593153":"!<d@[F*J]J#QOl.E,TfC%fcS0!<d@[F*]gn#64o6@VfsmCI<#NAI;p\\ATMrFARTY%\"po!]G%GQ5DfU+(#'\"^#Dfg%+!!!!'\"`nKuFE7Zf0`V4S!!!Z5!!!$\"!!!-0FDl80CdVlEDI[8&bY12##6?R[!<<*\"#Rg\\5!<<*\"!!`N]!!*'\"!#>S8!!*'\"!!!6)2?3aX!!!6)!!!$\"!!!!(!B0uZ!!!!4!<<*#!!!!%$Zp</@;J;E@;]Rdc-/jF!!!!&$taEu6>URMCI<#NAI;p\\ATMrFARTY%\"U&pmE+KAdDes5uE-#T$1B\\#$ATMNNDJ*csgCMCj!!","12594177":"!<d@[F*J]J#QOl.E,TfC%fcS0!<d@[F*]jo#64o6@VfsmCI<#NAHu^]F`__:EWlSfH#R=%@q]:bE\\1^4ARkoKEc6&.FCePS!!!!%$#O6pBL-NKCh;$nq`b2gEc6&.FCeVU!!!!*$\"ImiCh7*uARkc@","2106370":"!<d@[F*J`K#QOl.E,TfC\"TSN&!<d@[F*]dm#64o6@VfsmCI<#NAIW9mDfor.F*)>@@:s-U$#+:#ASuU.Ed7ZiEH>r7FE7Qb!!!3,F)5c:EsD_#!!*'\"!\"oJ9!!*'\"z#n^cfEarZZFDl2.B4Xn[DfBat\":8pVF(djWB5D/6&';Qe$=S$u@:Nt?@:NjNz","2107394":"!<d@[F*J`K#QOl.E,TfC\"TSN&!<d@[F*]gn#64o6@VfsmCI<#NAHu^]F`__:EWlSfH#R=1@rc\"\"AM7P6@<?'4F)>?%Cb9CEDJK@[Ec6&.FCePS!!!!%$#O6pBL-NKCh;\\N(-i!-Ec6&.FCeVU!!!!*$\"ImiCh7*uARkc@","2108418":"!<d@[F*J`K#QOl.E,TfC\"TSN&!<d@[F*]jo#64o6@VfsmCI<#NAI;p\\ATMrFARTY%\"po!]G%GQ5DfU+(#'\"^#Dfg%+!!!!'\"`nKuFE7Zf0`V4S!!!Z5!!!$\"!!!-0FDl80CdVlEDI[8&bY12##6?R[!<<*\"2@]]e!<<*\"!!`N]!!*'\"!\"K#0!!*'\"!!E[ODffE(6YKnG@q>W?!'^Gg!AsiX!!!!8!<<*#!!!!%$Zp</@;J;E@;]Rd_tBrl!!`N_!!*'\"!##A5!!*'\"!!E[ODffE(6YKnG@qEp/9KiF]!B0uZ!!!!0!<<*#!!!!%$Zp</@;J;E@;]Rd!!%O5!!!!&$taEu6>URMCI<#NAI;p\\ATMrFARTY%\"U&pmE+KAdDes5uE-#T$1'@o#ATMNNDJ*csgCHk@!!","3156994":"!<d@[F*J`K#QOl.E,TfC\"onW'!<d@[F*]jo#64o6@VfsmCI<#NAIW`iE+O*4Ed96\\ATMr\"#'+X(FCf=i\"U&pmE+K/mDfd]6","12592130":"!<d@[F*J`K#QOl.E,TfC%fcS0!<d@[F*]dm#64o6@VfsmCI<#NAHu^]F`__:EWlSfH#R=0@V'('@V'(%AmoReGqF&ZBl7Km0a%`%DffE0AQSp4!!!-.D.Rd%6#L=OAH2]1!!EOIDffE0AQf'6!!!<3@rH1\"ARfgnA,lT","12594178":"!<d@[F*J`K#QOl.E,TfC%fcS0!<d@[F*]jo#64o6@VfsmCI<#NAHu^]F`__:EWlSfH#R=%FCAWpAM%>'ARkoKEc6&.FCePS!!!!%$#O6pBL-NKCh;\\NQ9PKWEc6&.FCeVU!!!!*$\"ImiCh7*uARkc@","13642754":"!<d@[F*J`K#QOl.E,TfC&-)\\1!<d@[F*]jo#64o6@VfsmCI<#NAHu^]F`__:EWlSfH#R=!B5DKqAMOAnEc6&.FCePS!!!!%$#O6pBL-NKCh;\\N(-i!-Ec6&.FCeVU!!!!*$\"ImiCh7*uARkc@","2104323":"!<d@[F*JcL#QOl.E,TfC\"TSN&!<d@[F*]^k#64o6@VfsmCI<#NAJAZqH\"19'@psG\"/SK9D@;^!tA2+0\"FE1f-F(o`1Df/*aF`MOsAS-#az!:[`*'Pq3!F@0_Q@r\"AP<,ZkeCd_]WF4)g-oMi4b5QC","2108419":"!<d@[F*JcL#QOl.E,TfC\"TSN&!<d@[F*]jo#64o6@VfsmCI<#NAHu^]F`__:EWlSfH#R=4@rc\"\"AM7P6@<?'4F)>?%Cb9^M@:O(aA-<-XDffE0AQSp4!!!-.D.Rd%6#L=OA`V#M5Qh=4DffE0AQf'6!!!<3@rH1\"ARfgnA,lT","2109443":"!<d@[F*JcL#QOl.E,TfC\"TSN&!<d@[F*]mp#64o6@VfsmCI<#NAHu^]F`__:EWlSfH#R=(FCAWpAM%qFBl7Km2$=/)DffE0AQSp4!!!-.D.Rd%6#L=OA`2r/5Qh=4DffE0AQf'6!!!<3@rH1\"ARfgnA,lT","2110467":"!<d@[F*JcL#QOl.E,TfC\"TSN&!<d@[F*]pq#64o6@VfsmCI<#NAIiTq@s)j7DImm2/Rr4%AH<'R@<b.XF`):*!!!!%%;B^%ATDs&Ce/JeEcZK^2EqNVASuU(FEp5lA7]f_!!!!.Ci<g+F*'!CEc5iAAH;jW1&M\"NrrE1H1&M\"NrrE1I1&M\"NrrE1G1'IXX!!*.H1'.FU!!*.I1'IXX!!*RHBl6a`@<lF);IOHUAL%6U!!*RH@<bUb@<lF);IOHUAcMf1rrEUNE+*s.;IOHUAPI)RAH;c2!!*FJE+*s.6Z7*bF8u:@!!s?\\E+*s.:Msuo6\"Y4ME_1+eDfTq\"!>]BeBln&tCf,=`DKKT7GuJZjGA^u&z!>K6cBln&tCf>:]GA^9#@;^1$FEn/m!!!$+B6%p5E)UIsAHMo4!!s$W@<5\"WE,Tc=ARkcC'5V)uFAm-eGA^AuFCAuVDfp)AzNVZU?!>&s_FCfK1@;J;>E+*6jFEn2n!!!*2Bl8$(Ec,<%6YKnKB4V&Cz!!!*3Eb/`o@<-!l:h=Z<Dfp(#!!&[[RCPNa)Jii'F@0_MEbAr`E+EC!AQ3Si@;JJQF`MO'!!!\"YqG]`k%s)\\uGA^u&7;d3]FD5<-\"98E%@$:Qjz@ZpclzA<QunzAWm)oz!X<=LEb%aP\"TSN&z!>0$`F(o/r9Q+E`F*'cfF`):3z","3152899":"!<d@[F*JcL#QOl.E,TfC\"onW'!<d@[F*]^k#64o6@VfsmCI<#NAHu^]F`__:EWlSfH#R=/@q]:bDK@IJ@;]L`Ch7Z>G@><(\":&scFCB9&=9&=$!!EUFATMNNDJ*csgCMCj\":&scFCB9&=o\\O&!!rsADes6$@ru9m!!!","7350275":"!<d@[F*JcL#QOl.E,TfC$31&+!<d@[F*]gn#64o6@VfsmCI<#NAHu^]F`__:EWlSfH#R=,D.R3j@;]dhF\"METBl7Km1^\"&(DffE0AQSp4!!!-.D.Rd%6#L=OA`V#M5Qh=4DffE0AQf'6!!!<3@rH1\"ARfgnA,lT","12592131":"!<d@[F*JcL#QOl.E,TfC%fcS0!<d@[F*]dm#64o6@VfsmCI<#NAHu^]F`__:EWlSfH#R=#@WGn'Bk;<A\":&scFCB9&=9&=$!!EUFATMNNDJ*csgCHk?\":&scFCB9&=o\\O&!!rsADes6$@ru9m!!!","12594179":"!<d@[F*JcL#QOl.E,TfC%fcS0!<d@[F*]jo#64o6@VfsmCI<#NAHu^]F`__:EWlSfH#R=,D.R3j@;]dhF\"METBl7Km1^\"&(DffE0AQSp4!!!-.D.Rd%6#L=OA_Ra;56M43DffE0AQf'6!!!<3@rH1\"ARfgnA,lT","2106372":"!<d@[F*JfM#QOl.E,TfC\"TSN&!<d@[F*]dm#64o6@VfsmCI<#NAHu^]F`__:EWlSfH#R=%@q]:bE\\1^4ARkoKEc6&.FCePS!!!!%$#O6pBL-NKCh;?38\\bH6Ec6&.FCeVU!!!!*$\"ImiCh7*uARkc@","2107396":"!<d@[F*JfM#QOl.E,TfC\"TSN&!<d@[F*]gn#64o6@VfsmCI<#NAHu^]F`__:EWlSfH#R=%FCAWpAM%>'ARkoKEc6&.FCePS!!!!%$#O6pBL-NKCh;Pl00fXFEc6&.FCeVU!!!!*$\"ImiCh7*uARkc@","2110468":"!<d@[F*JfM#QOl.E,TfC\"TSN&!<d@[F*]pq#64o6@VfsmCI<#NAHu^]F`__:EWlSfH#R=0@rc\"\"AM7P6@<?'4Cgh?sAM%q@F9DhhDffE0AQSp4!!!-.D.Rd%6#L=OA`2r/5Qh=4DffE0AQf'6!!!<3@rH1\"ARfgnA,lT","3155972":"!<d@[F*JfM#QOl.E,TfC\"onW'!<d@[F*]gn#64o6@VfsmCI<#NAHu^]F`__:EWlSfH#R=5@rc\"\"AM7P6@<?'4D.R6lF_r^LDfg)4Ed7cmEc6&.FCePS!!!!%$#O6pBL-NKCh;$nq`b2gEc6&.FCeVU!!!!*$\"ImiCh7*uARkc@","7352324":"!<d@[F*JfM#QOl.E,TfC$31&+!<d@[F*]mp#64o6@VfsmCI<#NAJAZqH\"19'@psG\"/SK9D@;^!tA2+0\"FE1f-F(o`1Df/*aF`MOsAS-#az!:[`*'Pq3!F@0_Q@r\"AP<,ZkeCd_]WF4)g-oMi4b5QC","12592132":"!<d@[F*JfM#QOl.E,TfC%fcS0!<d@[F*]dm#64o6@VfsmCI<#NAK>8sF`__:Eb/cjDf9E4BOu!l/R`:'A78tV@qf?T\"E\\p.AKtZ&DejE-AScO$F\"_!@DejE-ASbs1Ecl)6ARmB)F_kkK2$=/)DffE0AQSp4!!!-.D.Rd%6#L=OAH2]1!!EOIDffE0AQf'6!!!<3@rH1\"ARfgnA,lc<G%#E*@;^/iBOP^h\"U0!nE+Ld)!!","13640708":"!<d@[F*JfM#QOl.E,TfC&-)\\1!<d@[F*]dm#64o6@VfsmCI<#NAK#&pF`__:Eb/cjDf9E4BOu!lGA2/4Ci=?*\"U&pmE+LD+Df9E4BOu\"'ATKM6Df9E4BOu!l/TPuJDIm?1Ap%p+/So?GAMsYrEc6&.FCePS!!!!%$#O6pBL-NKCh3SH!!!-,Ec6&.FCeVU!!!!*$\"ImiCh7*uARkcE#BjNrBjkn$\"DD4[Ad&?[H#R=M!!NXEDfTDVDe*D_C2[uuErZ","20978692":"!<d@[F*JfM#QOl.E,TfC(B=F8!<d@[F*]^k#64o6@VfsmCI<#NAK#&pF`__:Eb/cjDf9E4BOu!lGA2/4Ci=?*\"U&pmE+LD+Df9E4BOu\"'ATKM6Df9E4BOu!l/TPuJDIm?1Ap%p+/So?GAMXGoEc6&.FCePS!!!!%$#O6pBL-NKCh;?3aZfn5Ec6&.FCeVU!!!!*$\"ImiCh7*uARkcE#BjNrBjkn$\"DD4[Ad&?[H#R=M!!NXEDfTDVDe*D_C2[uuErZ","20979716":"!<d@[F*JfM#QOl.E,TfC(B=F8!<d@[F*]al#64o6@VfsmCI<#NAK>8sF`__:Eb/cjDf9E4BOu!l/R`:'A78tV@qf?T\"E\\p.AKkT%DejE-AScO$F\"_!@DejE-ASbs1Ecl)6ARmB)F_kkQ\":&scFCB9&=9&=$!!EUFATMNNDJ*csgCMCj\":&scFCB9&=o\\O&!!rsADes6$@ru9m!!NUN@<-'jDKH\"p@;KNZ\"a#$/AMO5c","20980740":"!<d@[F*JfM#QOl.E,TfC(B=F8!<d@[F*]dm#64o6@VfsmCI<#NAK>8sF`__:Eb/cjDf9E4BOu!l/R`:'A78tV@qf?T\"E\\p.AKkT%DejE-AScO$F\"_!@DejE-ASbs1Ecl)6ARmB)F_kkR\":&scFCB9&=9&=$!!EUFATMNNDJ*csgCMCj\":&scFCB9&=o\\O&!!rsADes6$@ru9m!!NUN@<-'jDKH\"p@;KNZ\"a#$/AMO5c","20981764":"!<d@[F*JfM#QOl.E,TfC(B=F8!<d@[F*]gn#64o6@VfsmCI<#NAHu^]F`__:EWlSfH#R=8@W-1#F(f-$G%G_JCh7*uF`M@O@W-1#/T5T>D?L2bDffE0AQSp4!!!-.D.Rd%6#L=OA_Ra;56M43DffE0AQf'6!!!<3@rH1\"ARfgnA,lT","22027268":"!<d@[F*JfM#QOl.E,TfC(]XO9!<d@[F*]^k#64o6@VfsmCI<#NAK>8sF`__:Eb/cjDf9E4BOu!l/R`:'A78tV@qf?T\"E\\p.AKkT%DejE-AScO$F\"_!@DejE-ASbs1Ecl)6ARmB)F_kkP\":&scFCB9&=9&=$!!EUFATMNNDJ*csgCMCj\":&scFCB9&=o\\O&!!rsADes6$@ru9m!!NUN@<-'jDKH\"p@;KNZ\"a#$/AMO5c","2108421":"!<d@[F*JiN#QOl.E,TfC\"TSN&!<d@[F*]jo#64o6@VfsmCI<#NAHu^]F`__:EWlSfH#R='Ecki#Ch52BDf9/C\":&scFCB9&=9&=$!!EUFATMNNDJ*csjNA<(\":&scFCB9&=o\\O&!!rsADes6$@ru9m!!!","2109445":"!<d@[F*JiN#QOl.E,TfC\"TSN&!<d@[F*]mp#64o6@VfsmCI<#NAHu^]F`__:EWlSfH#R='Ecki#Ch52BDf9/@\":&scFCB9&=9&=$!!EUFATMNNDJ*csi9`0_\":&scFCB9&=o\\O&!!rsADes6$@ru9m!!!","7349253":"!<d@[F*JiN#QOl.E,TfC$31&+!<d@[F*]dm#64o6@VfsmCI<#NAHu^]F`__:EWlSfH#R=4@rc\"\"AM7P6@<?'4F)>?%Cb9[MBl7Km1B[r'DffE0AQSp4!!!-.D.Rd%6#L=OA_Ra;^'\"[]DffE0AQf'6!!!<3@rH1\"ARfgnA,lT","7352325":"!<d@[F*JiN#QOl.E,TfC$31&+!<d@[F*]mp#64o6@VfsmCI<#NAHu^]F`__:EWlSfH#R=0E+s-\"/U),OA9Vs4CM@[!FDl)6Es)_gDffE0AQSp4!!!-.D.Rd%6#L=OA_Ra;56M43DffE0AQf'6!!!<3@rH1\"ARfgnA,lT","7353349":"!<d@[F*JiN#QOl.E,TfC$31&+!<d@[F*]pq#64o6@VfsmCI<#NAHu^]F`__:EWlSfH#R='Ecki#Ch52BDf9/C\":&scFCB9&=9&=$!!EUFATMNNDJ*csdSp$-\":&scFCB9&=o\\O&!!rsADes6$@ru9m!!!","12595205":"!<d@[F*JiN#QOl.E,TfC%fcS0!<d@[F*]mp#64o6@VfsmCI<#NAIW9mDfor.F*)>@@:s-U$#+:#ASuU.Ed7ZiEH>r7FE7Qb!!!3,F)5c:EsD_#!!*'\"!8.PV!!*'\"z#n^cfEarZZFDl2.B4Xn[DfBat\":8pVF(djWB5D,Z!!!!\"$=S$u@:Nt?@:NjMz","18882565":"!<d@[F*JiN#QOl.E,TfC'`\\46!<d@[F*]al#64o6@VfsmCI<#NAIiTq@s)j7DImm2/Rr4%AH<'R@<b.XF`):*!!!!%%;B^%ATDs&Ce/JeEcY'mr]UYsASuU(FEp5lA7]f_!!!!.Ci<g+F*'!CEc5iAAH;jW1&M\"NrrE1H1&M\"NrrE1I1&M\"NrrE1G1'IXX!!*.H1'.FU!!*.I1'IXX!!*RHBl6a`@<lF);IOHUAL%6U!!*RH@<bUb@<lF);IOHUAcMf1rrEUNE+*s.;IOHUAPI)RAH;c2!!*FJE+*s.6Z7*bF8u:@!!s?\\E+*s.:Msuo6\"Y4ME_1+eDfTq\"!>]BeBln&tCf,=`DKKT7GuJZjGA^u&z!>K6cBln&tCf>:]GA^9#@;^1$FEn#i!!!$+B6%p5E)UIsAHVu5!!s$W@<5\"WE,Tc=ARkcC'5V)uFAm-eGA^AuFCAuVDfp)AzNVZU?!>&s_FCfK1@;J;>E+*6jFEn2n!!!*2Bl8$(Ec,<%6YKnKB4V&Cz!!!*3Eb/`o@<-!l:h=Z<Dfp(#!!&[[RCPNa)Jii'F@0_MEbAr`E+EC!AQ3Si@;JJQF`MO'!!!\"YqG]`k%s)\\uGA^u&7;d3]FD5<-!rr<$?]tHiz@?UZkzA!6lmz!X<=LEb%aP\"onW'z!>0$`F(o/r9Q+E`F*'cfF`):3z","26222597":"!<d@[F*JiN#QOl.E,TfC)uos=!<d@[F*]al#64o6@VfsmCI<#NAHu^]F`__:EWlSfH#R=4@rc\"\"AM7P6@<?'4F)>?%Cb9[MBl7Km1'@i&DffE0AQSp4!!!-.D.Rd%6#L=OA_Ra;56M43DffE0AQf'6!!!<3@rH1\"ARfgnA,lT","26223621":"!<d@[F*JiN#QOl.E,TfC)uos=!<d@[F*]dm#64o6@VfsmCI<#NAHcRa@<?&b$#+:#ASuU.Ed7ZiEH>r7FE7un!!!3,F)5c:ErZ1D$taEu6>URMCI<#NAHcRa@<?&a\"`.UVAS_>M\"E\\p.AI3R!De(G.B4YTV$#O6pBL-NKCh;$nq`b)gCggdaCdW,WDfPgX!!!0.Ch[EYFCB9&#%MIfF(Jke$>a-[ASb:e@:O'R!!","2104326":"!<d@[F*JlO#QOl.E,TfC\"TSN&!<d@[F*]^k#64o6@VfsmCI<#NAHu^]F`__:EWlSfH#R=%@q]:bE\\2*GDJ'(WEc6&.FCePS!!!!%$#O6pBL-NKCh;\\NQG3P-Ec6&.FCeVU!!!!*$\"ImiCh7*uARkc@","2107398":"!<d@[F*JlO#QOl.E,TfC\"TSN&!<d@[F*]gn#64o6@VfsmCI<#NAHu^]F`__:EWlSfH#R=4@rc\"\"AM7P6@<?'4F)>?%Cb9^M@:O(aA-<-XDffE0AQSp4!!!-.D.Rd%6#L=OA`2r/5Qh=4DffE0AQf'6!!!<3@rH1\"ARfgnA,lT","2108422":"!<d@[F*JlO#QOl.E,TfC\"TSN&!<d@[F*]jo#64o6@VfsmCI<#NAHcRa@<?&b$#+:#ASuU.Ed7ZiEH>r7FE7un!!!3,F)5c:EsD_\"!!*'\"!!NH)!#GV8z\"Uo!]E^FS\\@r\"GMA7YpSEaa'$\"U/^N@V'?U\"U&pmE+K?\"Df9/<@:s.^\":8pVF(djWB5D/;m4Z6U$>a-[ASa_PCi==o!!!!&#]+3c;flGiAHlX\\Df]K##7>9U@V'@SFCAZp!<<","2109446":"!<d@[F*JlO#QOl.E,TfC\"TSN&!<d@[F*]mp#64o6@VfsmCI<#NAHu^]F`__:EWlSfH#R='Ecki#Ch52BDf9/A\":&scFCB9&=9&=$!!EUFATMNNDJ*csgCHlk\":&scFCB9&=o\\O&!!rsADes6$@ru9m!!!","7343110":"!<d@[F*JlO#QOl.E,TfC$31&+!<d@[F*]Rg#64o6@VfsmCI<#NAHu^]F`__:EWlSfH#R=4@rc\"\"AM7P6@<?'4F)>?%Cb9^M@:O(aA-<-XDffE0AQSp4!!!-.D.Rd%6#L=OA`V#M^]Xm_DffE0AQf'6!!!<3@rH1\"ARfgnA,lT","7353350":"!<d@[F*JlO#QOl.E,TfC$31&+!<d@[F*]pq#64o6@VfsmCI<#NAHcRa@<?&b$#+:#ASuU.Ed7ZiEH>r7FE7un!!!3,F)5c:EsD_\"!!*'\"!5es?!'gMaz\"Uo!]E^FS\\@r\"GMA7YpSEaa'$\"U/^N@V'?U\"U&pmE+K?\"Df9/<@:s.^\":8pVF(djWB5D/;m4Z6U$>a-[ASa_PCi==o!!!!&#]+3c;flGiAHlX\\Df]K##7>9U@V'@SFCAZp!<<","20978694":"!<d@[F*JlO#QOl.E,TfC(B=F8!<d@[F*]^k#64o6@VfsmCI<#NAHu^]F`__:EWlSfH#R=7FCAWpAM%_:DJ(PFBln#?@r-(*BJ\"1GEc>i+\":&scFCB9&=9&=$!!EUFATMNNDJ*csgCMCj\":&scFCB9&=o\\O&!!rsADes6$@ru9m!!!","22027270":"!<d@[F*JlO#QOl.E,TfC(]XO9!<d@[F*]^k#64o6@VfsmCI<#NAI<0jDIIT<Cgh1\"\"U&pmE+Kr(BkM+$F)Q2A@q@<3DD,gKD.tS6Ci=643!9J,DffE0AQSp4!!!-.D.Rd%6#L=OA_Ra;4p2+2DffE0AQf'6!!!<3@rH1\"ARfgnA,lc@DImp6DfTV\\De*DZ!!","26222598":"!<d@[F*JlO#QOl.E,TfC)uos=!<d@[F*]al#64o6@VfsmCI<#NAHu^]F`__:EWlSfH#R=4@rc\"\"AM7P6@<?'4F)>?%Cb9UEFED)7Gm\"@mDffE0AQSp4!!!-.D.Rd%6#L=OA_Ra;4p2+2DffE0AQf'6!!!<3@rH1\"ARfgnA,lT","2101255":"!<d@[F*JoP#QOl.E,TfC\"TSN&!<d@[F*]Uh#64o6@VfsmCI<#NAIi<iDfRFNDes,u/R`:'A-<6[DffE0AQ_o>AD7Vd^^13`E+NouA,loFBl8**Ecai\\DIdQpErZ1","2104327":"!<d@[F*JoP#QOl.E,TfC\"TSN&!<d@[F*]^k#64o6@VfsmCI<#NAIW9mDfor.F*)>@@:s-U$#+:#ASuU.Ed7ZiEH>r7FE7Qb!!!3,F)5c:EsD_\"!!*'\"!)*Rs!!*'\"z#n^cfEarZZFDl2.B4Xn[DfBat\":8pVF(djWB5D,Z!!!!\"$=S$u@:Nt?@:NjMz","2107399":"!<d@[F*JoP#QOl.E,TfC\"TSN&!<d@[F*]gn#64o6@VfsmCI<#NAHu^]F`__:EWlSfH#R=9@rc\"\"AM7P6@<?'4D.R6lF_r^LDfg)4Ed96FCifdbEc6&.FCePS!!!!%$#O6pBL-NKCh;Pl0>I\\qEc6&.FCeVU!!!!*$\"ImiCh7*uARkc@","2108423":"!<d@[F*JoP#QOl.E,TfC\"TSN&!<d@[F*]jo#64o6@VfsmCI<#NAHcRa@<?&b$#+:#ASuU.Ed7ZiEH>r7FE7un!!!3,F)5c:EsD_\"z!1k>6!\"/c,!!NLIH#R='CggjbATBA2B4YU1!!!!&$taEu6>URMCI<#NAHcRa@<?&a\"`.UVAS_>M\"E\\p.AI3R!De(G.B4YTV$#O6pBL-NKCh;?3aZ]_4CggdaCdW,WDfPgX!!!0.Ch[EYFCB9&#%MIfF(Jke$>a-[ASb:e@:O'R!!","3153927":"!<d@[F*JoP#QOl.E,TfC\"onW'!<d@[F*]al#64o6@VfsmCI<#NAIN0bEb03(F=h!@Ch*_VBl8**DKKf;Gl\\+hF)5c:EsD[F!!WUJCi=E:!!!-7Ap&-3@:NkJASlBtEaa'4Eb,4NTKrSgD..ZgASlBtEaa'4Eb,4N!!!-3DfTDVDf9E*DJ)p_D.N\\I!!!-1Ap%[$6?R<d<,$2\\z\":o?XGXcgeCdN8bDH(=eAH2]1!!=!JG][Y;B6@p0BOt^RDffE(88iWkErZ1?z!!s*E@;\\YLDJ=3(7Wi9Y!!EX=@:Nt^A4C]QC]FG8!!!","7346183":"!<d@[F*JoP#QOl.E,TfC$31&+!<d@[F*][j#64o6@VfsmCI<#NAJerrDfRFNCh70n/U(oHA8c['A1_5&ARkoNEc6&.FCeTQ@:T?<!!!<0DfB9*ARkcI%;B^'ATDl`@;]UlATIhO","7347207":"!<d@[F*JoP#QOl.E,TfC$31&+!<d@[F*]^k#64o6@VfsmCI<#NAJAZqH\"19'@psG\"/SK9D@;^!tA246#FE1f-F(o`1Df/*aF`MOsAS-#az!:[`*'Pq3!F@0_Q@r\"AP<,ZkeCd_]WF4)g-oMi4b5QC","20979719":"!<d@[F*JoP#QOl.E,TfC(B=F8!<d@[F*]al#64o6@VfsmCI<#NAHu^]F`__:EWlSfH#R=*@V'('@V'(%Ecl)6ARmLu#BFa)@<?'_z\":8pVF(djWB5D/6%nStg#BFa)@<?'az#mk*[Ci!ZmFCet_!!","2104328":"!<d@[F*JrQ#QOl.E,TfC\"TSN&!<d@[F*]^k#64o6@VfsmCI<#NAHu^]F`__:EWlSfH#R=#@WGn'Bk;<@\":&scFCB9&=9&=$!!EUFATMNNDJ*csdSp%X\":&scFCB9&=o\\O&!!rsADes6$@ru9m!!!","2105352":"!<d@[F*JrQ#QOl.E,TfC\"TSN&!<d@[F*]al#64o6@VfsmCI<#NAJAZqH\"19'@psG\"/SK9D@;^!tA246#FE1f-F(o`1Df/*aF`MOsAS-#az!:[`*'Pq3!F@0_Q@r\"AP<,ZkeCd_]WF4)g-oMi4b5QC","2107400":"!<d@[F*JrQ#QOl.E,TfC\"TSN&!<d@[F*]gn#64o6@VfsmCI<#NAI;p\\ATMrFARTY%\"po!]G%GQ5DfU+(#'\"^#Dfg%+!!!!'\"`nKuFE7Zf0E;+R!!!$#!!!$\"!!!$&F('6'!<<*\"\"pT-j@:O(,#6f0j@:O'Qz!<W<%!<<*\"\"U&pmE+K5kDfT]'C]FSB@q]:g@q>W?5X>AS#'4lp@r!e(\"`nco@qu&E!!!!#!rr<%!!!!&\"E\\p.AHm$jEc#6$!!EL9BOPdgAH2]q5l_)nF*(i#CGH+uF*(i#CB+>7!!!*'!!!$\"!!!0*FEqh:#&\\@\"D..5\\\"9r@L@;]Rd!!#8M!!WXKFCAZp1C\"))FCAZpz!!EB(!!*'\"!!NLIH#R=!DJsQ4@;GoH#%M=TDI[5X!'igM\"pT-j@:O(0#6f0j@:O'Qz\"p4i*!<<*\"\"U&pmE+K5kDfT]'C]FSB@q]:g@q>W?+@,u3#'4lp@r!q,\"`nco@qu&Ez!rr<%!!!!&\"E\\p.AHm$jEc#6$!!EL9BOPdgAH2]q5l_)nF*(i#CGlD$F*(i#CB+>7!!$:+!!!$\"!!!!%#%M=TDI[5X!$FQ-\"pT-j@:O(3#6f0j@:O'QzPl^pc!<<*\"!!EL9BOPdgAH2]Q5l_)nF*(i#CH)P&F*(i#CB+>7!!)3`!!!*$!!!!%#%M=TDI[5X!$FQ-\"pT-j@:O(5#6f0j@:O'QzkQ(Y`!rr<$!!EL9BOPdgAH2]Q5l^li!AXWU!!!!4!<<*#z#6?U\\!<<*\"&-2b2!<<*\"!!`N^!!*'\"!!30$!!*'\"!!!6)2?3aX!!!0'!!!$\"z!!NdCDfS0\\De!QMDe*Dd@q]FpF=h'4F*%QgFEqh:$=e!jCgh:(ARmS\"$#O6pBL-NKCh;\\NQ9P?","7345160":"!<d@[F*JrQ#QOl.E,TfC$31&+!<d@[F*]Xi#64o6@VfsmCI<#NAHu^]F`__:EWlSfH#R=%@q]:bE\\2*GDJ'(WEc6&.FCePS!!!!%$#O6pBL-NKCh;\\NQG3P-Ec6&.FCeVU!!!!*$\"ImiCh7*uARkc@","7347208":"!<d@[F*JrQ#QOl.E,TfC$31&+!<d@[F*]^k#64o6@VfsmCI<#NAIW9mDfor.F*)>@@:s-U$#+:#ASuU.Ed7ZiEH>r7FE7Qb!!!3,F)5c:EsD_#!!*'\"!%J0Q!!*'\"z#n^cfEarZZFDl2.B4Xn[DfBat\":8pVF(djWB5D/6%nT\"e$=S$u@:Nt?@:NjKz","7353352":"!<d@[F*JrQ#QOl.E,TfC$31&+!<d@[F*]pq#64o6@VfsmCI<#NAHu^]F`__:EWlSfH#R=4@rc\"\"AM7P6@<?'4F)>?%Cb9[MBl7Km1B[r'DffE0AQSp4!!!-.D.Rd%6#L=OA^XNS56M43DffE0AQf'6!!!<3@rH1\"ARfgnA,lT","12591112":"!<d@[F*JrQ#QOl.E,TfC%fcS0!<d@[F*]al#64o6@VfsmCI<#NAHu^]F`__:EWlSfH#R=4@rc\"\"AM7P6@<?'4F)>?%Cb9^M@:O(aA-<-XDffE0AQSp4!!!-.D.Rd%6#L=OA`V%#^B=d^DffE0AQf'6!!!<3@rH1\"ARfgnA,lT","12593160":"!<d@[F*JrQ#QOl.E,TfC%fcS0!<d@[F*]gn#64o6@VfsmCI<#NAI;p\\ATMrFARTY%\"po!]G%GQ5DfU+(#'\"^#Dfg%+!!!!'\"`nKuFE7Zf0`V4S!!!f9!!!$\"!!!-0FDl80CdVlEDI[7qor(%S#6?R[!<<*\"&-2b2!<<*\"\":K<iFCAuQBOPdgA^/Fm4obfg1B7FU!!!H/!!!$\"!!!-0FDl80CdVlEDI[7qor(%S#6?X]!<<*\"2\\#ff!<<*\"!!`N^!!*'\"!##A5!!*'\"!!E[ODffE(6YKnG@qEp/9KiF]!B0uZ!!!!4!<<*#!!!!%$Zp</@;J;E@;]Rdc-/jF!!!!&$taEu6>URMCI<#NAI;p\\ATMrFARTY%\"U&pmE+KAdDes5uE-#T$1B\\#$ATMNNDJ*csz!!","12595208":"!<d@[F*JrQ#QOl.E,TfC%fcS0!<d@[F*]mp#64o6@VfsmCI<#NAHu^]F`__:EWlSfH#R=3@rc\"\"AM7P6@<?'4D.R6lF_r^AD/aTB\":&scFCB9&=9&=$!!EUFATMNNDJ*csjNA=S\":&scFCB9&=o\\O&!!rsADes6$@ru9m!!!","20979720":"!<d@[F*JrQ#QOl.E,TfC(B=F8!<d@[F*]al#64o6@VfsmCI<#NAHu^]F`__:EWlSfH#R=%@<-4!Ci!O#GqfF,Ec6&.FCePS!!!!%$#O6pBL-NKCh;?38\\YB5Ec6&.FCeVU!!!!*$\"ImiCh7*uARkc@","2106377":"!<d@[F*JuR#QOl.E,TfC\"TSN&!<d@[F*]dm#64o6@VfsmCI<#NAHu^]F`__:EWlSfH#R='Ecki#Ch52BDf9/B\":&scFCB9&=9&=$!!EUFATMNNDJ*csi9`25\":&scFCB9&=o\\O&!!rsADes6$@ru9m!!!","7347209":"!<d@[F*JuR#QOl.E,TfC$31&+!<d@[F*]^k#64o6@VfsmCI<#NAHu^]F`__:EWlSfH#R=%@q]:bE\\1^4ARkoKEc6&.FCePS!!!!%$#O6pBL-NKCh;?3ahIr`Ec6&.FCeVU!!!!*$\"ImiCh7*uARkc@","7348233":"!<d@[F*JuR#QOl.E,TfC$31&+!<d@[F*]al#64o6@VfsmCI<#NAHu^]F`__:EWlSfH#R=6FCAWpAM%_:DJ(PFBln#?@:NeYF)u8?Bk;>g#BFa)@<?'_z\":8pVF(djWB5D/-;u=<4#BFa)@<?'az#mk*[Ci!ZmFCet_!!","7353353":"!<d@[F*JuR#QOl.E,TfC$31&+!<d@[F*]pq#64o6@VfsmCI<#NAHu^]F`__:EWlSfH#R=*@V'('@V'(%Ecl)6ARmLu#BFa)@<?'_z\":8pVF(djWB5D/6%nXP>#BFa)@<?'az#mk*[Ci!ZmFCet_!!","12591113":"!<d@[F*JuR#QOl.E,TfC%fcS0!<d@[F*]al#64o6@VfsmCI<#NAHcRa@<?&b$#+:#ASuU.Ed7ZiEH>r7FE7un!!!3,F)5c:EsD_\"!!*'\"!)*Cn!%7gIz\"Uo!]E^FS\\@r\"GMA7YpSEaa'$\"U/^N@V'?U\"U&pmE+K?\"Df9/<@:s.^\":8pVF(djWB5D/-;u=<1$>a-[ASa_PCi==o!!!!&#]+3c;flGiAHlX\\Df]K##7>9U@V'@SFCAZp!<<","12593161":"!<d@[F*JuR#QOl.E,TfC%fcS0!<d@[F*]gn#64o6@VfsmCI<#NAHcRa@<?&b$#+:#ASuU.Ed7ZiEH>r7FE7un!!!3,F)5c:EsD_\"!!*'\"!7(fK!$qUFz\"Uo!]E^FS\\@r\"GMA7YpSEaa'$\"U/^N@V'?U\"U&pmE+K?\"Df9/<@:s.^\":8pVF(djWB5D/;m4Z6U$>a-[ASa_PCi==o!!!!&#]+3c;flGiAHlX\\Df]K##7>9U@V'@SFCAZp!<<","12594185":"!<d@[F*JuR#QOl.E,TfC%fcS0!<d@[F*]jo#64o6@VfsmCI<#NAHu^]F`__:EWlSfH#R=,D.R3j@;]dhF\"METBl7Km1B[r'DffE0AQSp4!!!-.D.Rd%6#L=OA`V%#^B=d^DffE0AQf'6!!!<3@rH1\"ARfgnA,lT","20978697":"!<d@[F*JuR#QOl.E,TfC(B=F8!<d@[F*]^k#64o6@VfsmCI<#NAI;p\\ATMrFARTY%\"po!]G%GQ5DfU+(#'\"^#Dfg%'!!!!'\"`nKuFE7Zf0E;+R!!\"tg!!!$\"!!!!(!AOQT!!!!(!<<*#z#6?R[!<<*\"&cht4!<<*\"!!!!&$taEu6>URMCI<#NAI;p\\ATMrFARTY%\"U&pmE+K5dDerrqD?L8_ATMNNDJ*csgCME?!!","23076873":"!<d@[F*JuR#QOl.E,TfC)#sX:!<d@[F*]al#64o6@VfsmCI<#NAHu^]F`__:EWlSfH#R='CggjbATBA2B4YU2\":&scFCB9&=9&=$!!EUFATMNNDJ*csgCME@\":&scFCB9&=o\\O&!!rsADes6$@ru9m!!!","24125449":"!<d@[F*JuR#QOl.E,TfC)?9a;!<d@[F*]al#64o6@VfsmCI<#NAHu^]F`__:EWlSfH#R='CggjbATBA2B4YU.\":&scFCB9&=9&=$!!EUFATMNNDJ*csgCME@\":&scFCB9&=o\\O&!!rsADes6$@ru9m!!!","25174025":"!<d@[F*JuR#QOl.E,TfC)ZTj<!<d@[F*]al#64o6@VfsmCI<#NAHu^]F`__:EWlSfH#R='CggjbATBA2B4YU1\":&scFCB9&=9&=$!!EUFATMNNDJ*csgCME@\":&scFCB9&=o\\O&!!rsADes6$@ru9m!!!","26222601":"!<d@[F*JuR#QOl.E,TfC)uos=!<d@[F*]al#64o6@VfsmCI<#NAHu^]F`__:EWlSfH#R='CggjbATBA2B4YU2\":&scFCB9&=9&=$!!EUFATMNNDJ*csgCME@\":&scFCB9&=o\\O&!!rsADes6$@ru9m!!!","2109450":"!<d@[F*K#S#QOl.E,TfC\"TSN&!<d@[F*]mp#64o6@VfsmCI<#NAHu^]F`__:EWlSfH#R=(FCAWpAM%qFBl7Km2?X8*DffE0AQSp4!!!-.D.Rd%6#L=OA`2r/^]Xm_DffE0AQf'6!!!<3@rH1\"ARfgnA,lT","7347210":"!<d@[F*K#S#QOl.E,TfC$31&+!<d@[F*]^k#64o6@VfsmCI<#NAHu^]F`__:EWlSfH#R=0@rc\"\"AM7P6@<?'4F)>?%Cb9[GF9DhhDffE0AQSp4!!!-.D.Rd%6#L=OA_Ra;^'\"[]DffE0AQf'6!!!<3@rH1\"ARfgnA,lT","7352330":"!<d@[F*K#S#QOl.E,TfC$31&+!<d@[F*]mp#64o6@VfsmCI<#NAIW9mDfor.F*)>@@:s-U$#+:#ASuU.Ed7ZiEH>r7FE7Qb!!!3,F)5c:EsD_\"!!*'\"!7(iL!!*'\"z#n^cfEarZZFDl2.B4Xn[DfBat\":8pVF(djWB5D/6&'7$:$=S$u@:Nt?@:NjLz","20978698":"!<d@[F*K#S#QOl.E,TfC(B=F8!<d@[F*]^k#64o6@VfsmCI<#NAHu^]F`__:EWlSfH#R=(F(f-$Ah@V2@<64*1'@i&DffE0AQSp4!!!-.D.Rd%6#L=OA_Ra;^B=d^DffE0AQf'6!!!<3@rH1\"ARfgnA,lT","20979722":"!<d@[F*K#S#QOl.E,TfC(B=F8!<d@[F*]al#64o6@VfsmCI<#NAHu^]F`__:EWlSfH#R=-E+s-\"/Snj)/S/pEBlIp#DKH!dEc6&.FCePS!!!!%$#O6pBL-NKCh;?3ahIr`Ec6&.FCeVU!!!!*$\"ImiCh7*uARkc@","20981770":"!<d@[F*K#S#QOl.E,TfC(B=F8!<d@[F*]gn#64o6@VfsmCI<#NAHu^]F`__:EWlSfH#R=9@rc\"\"AM7P6@<?'4D.R6lF_r^LDfg)4Ed96FCifdbEc6&.FCePS!!!!%$#O6pBL-NKCh;?38O*C`Ec6&.FCeVU!!!!*$\"ImiCh7*uARkc@","20982794":"!<d@[F*K#S#QOl.E,TfC(B=F8!<d@[F*]jo#64o6@VfsmCI<#NAHu^]F`__:EWlSfH#R=1@rc\"\"AM7P6@<?'4Cgh?sAM%Y>DJK@[Ec6&.FCePS!!!!%$#O6pBL-NKCh;\\NQG3P-Ec6&.FCeVU!!!!*$\"ImiCh7*uARkc@","22027274":"!<d@[F*K#S#QOl.E,TfC(]XO9!<d@[F*]^k#64o6@VfsmCI<#NAHu^]F`__:EWlSfH#R=(F(f-$Ah@V2@<64*0a%`%DffE0AQSp4!!!-.D.Rd%6#L=OA_Ra;^B=d^DffE0AQf'6!!!<3@rH1\"ARfgnA,lT","2105355":"!<d@[F*K&T#QOl.E,TfC\"TSN&!<d@[F*]al#64o6@VfsmCI<#NAHu^]F`__:EWlSfH#R=1@rc\"\"AM7P6@<?'4Cgh?sAM%Y>DJK@[Ec6&.FCePS!!!!%$#O6pBL-NKCh;?3ah@l_Ec6&.FCeVU!!!!*$\"ImiCh7*uARkc@","7349259":"!<d@[F*K&T#QOl.E,TfC$31&+!<d@[F*]dm#64o6@VfsmCI<#NAK>8sF`__:Eb/cjDf9E4BOu!l/R`:'A78tV@qf?T\"E\\p.AKtZ&DejE-AScO$F\"_!@DejE-ASbs1Ecl)6ARmB)F_kkK1^\"&(DffE0AQSp4!!!-.D.Rd%6#L=OAH2]1!!EOIDffE0AQf'6!!!<3@rH1\"ARfgnA,lc<G%#E*@;^/iBOP^h\"U0!nE+Ld)!!","7351307":"!<d@[F*K&T#QOl.E,TfC$31&+!<d@[F*]jo#64o6@VfsmCI<#NAK>8sF`__:Eb/cjDf9E4BOu!l/R`:'A78tV@qf?T\"E\\p.AKtZ&DejE-AScO$F\"_!@DejE-ASbs1Ecl)6ARmB(D/aTB2?X8*DffE0AQSp4!!!-.D.Rd%6#L=OA_R_e5Qh=4DffE0AQf'6!!!<3@rH1\"ARfgnA,lc<G%#E*@;^/iBOP^h\"U0!nE+Ld)!!","8397835":"!<d@[F*K&T#QOl.E,TfC$NL/,!<d@[F*]dm#64o6@VfsmCI<#NAK#&pF`__:Eb/cjDf9E4BOu!lGA2/4Ci=?*\"U&pmE+LD+Df9E4BOu\"'ATKM6Df9E4BOu!l/TPuJDIm?1Ap%p+/So?GAMjSqEc6&.FCePS!!!!%$#O6pBL-NKCh3SH!!!-,Ec6&.FCeVU!!!!*$\"ImiCh7*uARkcE#BjNrBjkn$\"DD4[Ad&?[H#R=M!!NXEDfTDVDe*D_C2[uuErZ","8399883":"!<d@[F*K&T#QOl.E,TfC$NL/,!<d@[F*]jo#64o6@VfsmCI<#NAK>8sF`__:Eb/cjDf9E4BOu!l/R`:'A78tV@qf?T\"E\\p.AKtZ&DejE-AScO$F\"_!@DejE-ASbs1Ecl)6ARmB(D/aTB2$=/)DffE0AQSp4!!!-.D.Rd%6#L=OA_R_e5Qh=4DffE0AQf'6!!!<3@rH1\"ARfgnA,lc<G%#E*@;^/iBOP^h\"U0!nE+Ld)!!","9446411":"!<d@[F*K&T#QOl.E,TfC$ig8-!<d@[F*]dm#64o6@VfsmCI<#NAK>8sF`__:Eb/cjDf9E4BOu!l/R`:'A78tV@qf?T\"E\\p.AKkT%DejE-AScO$F\"_!@DejE-ASbs1Ecl)6ARmB)F_kkM\":&scFCB9&=9&=$!!EUFATMNNDJ*csz\":&scFCB9&=o\\O&!!rsADes6$@ru9m!!NUN@<-'jDKH\"p@;KNZ\"a#$/AMO5c","2106380":"!<d@[F*K)U#QOl.E,TfC\"TSN&!<d@[F*]dm#64o6@VfsmCI<#NAI;p\\ATMrFARTY%\"po!]G%GQ5DfU+(#'\"^#Dfg%+!!!!'\"`nKuFE7Zf0`V4S!!!Z5!!!$\"!!!!(!AXWU!!!!/!<<*#!!!!%$Zp</@;J;E@;]Rd!!!!`!!`N]!!*'\"!\"Ar/!!*'\"!!E[ODffE(6YKnG@qERNW'11d!AsiX!!!!4!<<*#z#6?^_!<<*\"'*/(5!<<*\"!!`N`!!*'\"!\"K#0!!*'\"!!E[ODffE(6YKnG@q>W?!'^G`!!NdCDfS0\\De!QMDe*Dd@q]FpF=h'4F*%QgFEqh:$=e!jCgh:(ARmP!$#O6pBL-NKCh;\\NQG3D","7349260":"!<d@[F*K)U#QOl.E,TfC$31&+!<d@[F*]dm#64o6@VfsmCI<#NAK>8sF`__:Eb/cjDf9E4BOu!l/R`:'A78tV@qf?T\"E\\p.AKkT%DejE-AScO$F\"_!@DejE-ASbs1Ecl)6ARmB)F_kkP\":&scFCB9&=9&=$!!EUFATMNNDJ*csz\":&scFCB9&=o\\O&!!rsADes6$@ru9m!!NUN@<-'jDKH\"p@;KNZ\"a#$/AMO5c","7350284":"!<d@[F*K)U#QOl.E,TfC$31&+!<d@[F*]gn#64o6@VfsmCI<#NAHu^]F`__:EWlSfH#R=\"@:EYTF`T;@#BFa)@<?'_z\":8pVF(djWB5D/-;u=<4#BFa)@<?'az#mk*[Ci!ZmFCet_!!","7351308":"!<d@[F*K)U#QOl.E,TfC$31&+!<d@[F*]jo#64o6@VfsmCI<#NAHu^]F`__:EWlSfH#R=%@q]:bE\\1^4ARkoKEc6&.FCePS!!!!%$#O6pBL-NKCh;?3ahIr`Ec6&.FCeVU!!!!*$\"ImiCh7*uARkc@","8397836":"!<d@[F*K)U#QOl.E,TfC$NL/,!<d@[F*]dm#64o6@VfsmCI<#NAK>8sF`__:Eb/cjDf9E4BOu!l/R`:'A78tV@qf?T\"E\\p.AKtZ&DejE-AScO$F\"_!@DejE-ASbs1Ecl)6ARmB(D/aTB1B[r'DffE0AQSp4!!!-.D.Rd%6#L=OAH2]1!!EOIDffE0AQf'6!!!<3@rH1\"ARfgnA,lc<G%#E*@;^/iBOP^h\"U0!nE+Ld)!!","8399884":"!<d@[F*K)U#QOl.E,TfC$NL/,!<d@[F*]jo#64o6@VfsmCI<#NAI`fjE+O*4Ed96XDfp/8#mPEgFED)3!!NLIH#R<uBQ%^41&q","9446412":"!<d@[F*K)U#QOl.E,TfC$ig8-!<d@[F*]dm#64o6@VfsmCI<#NAK#&pF`__:Eb/cjDf9E4BOu!lGA2/4Ci=?*\"U&pmE+LD+Df9E4BOu\"'ATKM6Df9E4BOu!l/TPuJDIm?1Ap%p+/So?GAMF;mEc6&.FCePS!!!!%$#O6pBL-NKCh3SH!!!-,Ec6&.FCeVU!!!!*$\"ImiCh7*uARkcE#BjNrBjkn$\"DD4[Ad&?[H#R=M!!NXEDfTDVDe*D_C2[uuErZ","9448460":"!<d@[F*K)U#QOl.E,TfC$ig8-!<d@[F*]jo#64o6@VfsmCI<#NAI`fjE+O*4Ed96XDfp/8#mPEgFED)3!!NLIH#R<uBQ%^40`V","7349261":"!<d@[F*K,V#QOl.E,TfC$31&+!<d@[F*]dm#64o6@VfsmCI<#NAI;p\\ATMrFARTY%\"po!]G%GQ5DfU+(#'\"^#Dfg%+!!!!'\"`nKuFE7Zf0`V4S!!!*%!!!$\"!!!!(!Aa]V!!!!3!<<*#z#6?X]!<<*\"#Rg\\5!<<*\"!!`N_!!*'\"!!<6%!!*'\"z\"Uo!]E^FS\\@r\"GMA7Z*XBOu7,/S/@3F9MehH#R=%@rH1\"@;p:!A2=>pD.Rd%6#L=OAH2]1!!!","7350285":"!<d@[F*K,V#QOl.E,TfC$31&+!<d@[F*]gn#64o6@VfsmCI<#NAHu^]F`__:EWlSfH#R=5@W-1#F(f-$G%G_J@W-1#E+s-\"/R`:'A2FDoEc6&.FCePS!!!!%$#O6pBL-NKCh;?3ahIr`Ec6&.FCeVU!!!!*$\"ImiCh7*uARkc@","7351309":"!<d@[F*K,V#QOl.E,TfC$31&+!<d@[F*]jo#64o6@VfsmCI<#NAHu^]F`__:EWlSfH#R=%FCAWpAM%>'ARkoKEc6&.FCePS!!!!%$#O6pBL-NKCh;\\N(;L%XEc6&.FCeVU!!!!*$\"ImiCh7*uARkc@","8399885":"!<d@[F*K,V#QOl.E,TfC$NL/,!<d@[F*]jo#64o6@VfsmCI<#NAHu^]F`__:EWlSfH#R=-@ps7cCh7[0F^fDD@WcQuBJBVpEc6&.FCePS!!!!%$#O6pBL-NKCh;$nqnE7=Ec6&.FCeVU!!!!*$\"ImiCh7*uARkc@"},"Entities":[],"ReplaceMode":2,"EntranceRotation":-1}