{"GameVersion":"1.18.6","SizeX":28,"SizeY":14,"SizeZ":28,"BlockCodes":{"2666":"game:peatbrick","780":"game:storagevessel-beehive","781":"game:storagevessel-harvest","782":"game:storagevessel-honeydew","783":"game:storagevessel-rutile","784":"game:storagevessel-seasalt","785":"game:storagevessel-springflowers","605":"game:crock-burned-east","661":"game:claypot-burned","488":"game:bowl-fired","1428":"game:metal-scraps","611":"game:crucible-burned","769":"game:storagevessel-chthonic","770":"game:storagevessel-copper","771":"game:storagevessel-earthen","772":"game:storagevessel-rain","774":"game:storagevessel-burned","768":"game:storagevessel-ashforest","630":"game:jug-blue-fired","9493":"game:agedstonebricks-granite","9472":"game:polishedrockold-cobbled-granite","3240":"game:stonepath-free","2966":"game:cobblestone-granite","9471":"game:polishedrockold-full-granite","7316":"game:plankslab-aged-east-free","5535":"game:loosestones-granite-free","4214":"game:drystonefence-granite-e-free","3023":"game:cobblestonestairs-granite-up-east-free","5122":"game:looseboulders-granite-free","2336":"game:slantedroofing-agedthatch-south-free","2316":"game:slantedroofing-agedthatch-north-free","7355":"game:plankslab-aged-up-free","7485":"game:plankstairs-aged-down-east-free","7303":"game:plankslab-aged-north-free","8611":"game:meta-filler","7200":"game:log-placed-aged-ud","9526":"game:door-solid-aged","136":"game:multiblock-monolithic-0-p1-0","2985":"game:cobblestonestairs-granite-up-north-free","2596":"game:slantedroofingtip-agedthatch-free","3042":"game:cobblestonestairs-granite-down-east-free","3004":"game:cobblestonestairs-granite-down-north-free","2326":"game:slantedroofing-agedthatch-east-free","2556":"game:slantedroofingridge-agedthatch-ns-free","7277":"game:planks-aged-ns","9668":"game:planks-aged-we","8109":"game:chest-east","6540":"game:crate","636":"game:lootvessel-farming","8606":"game:clutter","1436":"game:metalpartpile-large","7498":"game:plankstairs-aged-up-south-free","7368":"game:plankslab-aged-down-free","7252":"game:log-placed-aged-we","8617":"game:spiderweb","633":"game:lootvessel-forage","3061":"game:cobblestonestairs-granite-up-south-free","411":"game:drycarcass-humanoid1","3099":"game:cobblestonestairs-granite-up-west-free","883":"game:glasspane-leaded-aged-ns","3080":"game:cobblestonestairs-granite-down-south-free","1189":"game:locustnest-stalagmite-small2","1187":"game:locustnest-stalagmite-main1","1429":"game:metalpartpile-large-north","412":"game:drycarcass-humanoid2","830":"game:tapestry-north","2566":"game:slantedroofingridge-agedthatch-we-free","7226":"game:log-placed-aged-ns","7524":"game:plankstairs-aged-up-west-free","402":"game:bonyremains-ribcage","1180":"game:locustnest-cage","1188":"game:locustnest-stalagmite-small1","2346":"game:slantedroofing-agedthatch-west-free","397":"game:bonyremains-cowskull-up","635":"game:lootvessel-tool","3239":"game:forge","8610":"game:groundstorage","634":"game:lootvessel-ore","9716":"game:clutteredbookshelfwithlore","9715":"game:clutteredbookshelf-agedacacia","7472":"game:plankstairs-aged-up-east-free","3118":"game:cobblestonestairs-granite-down-west-free","8424":"game:trough-genericwood-large-feet-north","8423":"game:trough-genericwood-large-head-north","4354":"game:drystonefence-granite-ew-free","896":"game:glasspane-leaded-aged-ew","1432":"game:metalpartpile-large-west","632":"game:lootvessel-food","8294":"game:painting-sleepingwolf-west","637":"game:lootvessel-arcticsupplies","7290":"game:planks-aged-ud","8244":"game:painting-sunkenruin-north","7537":"game:plankstairs-aged-down-west-free","8078":"game:bed-woodaged-feet-west","631":"game:lootvessel-seed","8060":"game:bed-woodaged-feet-north","8057":"game:bed-woodaged-head-north","7459":"game:plankstairs-aged-down-north-free","8075":"game:bed-woodaged-head-west","8200":"game:firepit-cold","4334":"game:drystonefence-granite-es-free","4394":"game:drystonefence-granite-nes-free","4274":"game:drystonefence-granite-ne-free","4374":"game:drystonefence-granite-sw-free","4434":"game:drystonefence-granite-nsw-free","4314":"game:drystonefence-granite-nw-free","4294":"game:drystonefence-granite-ns-free","7329":"game:plankslab-aged-south-free","7342":"game:plankslab-aged-west-free"},"ItemCodes":{"272":"game:stackrandomizer-seed","275":"game:stackrandomizer-resource","796":"game:hide-pelt-small","274":"game:stackrandomizer-copperweapon","259":"game:stackrandomizer-cloth-mediumstatus","277":"game:stackrandomizer-lantern","279":"game:stackrandomizer-gear","257":"game:lootrandomizer","270":"game:stackrandomizer-fuel","3638":"game:stackrandomizer-buildingblocks","258":"game:stackrandomizer-cloth-lowstatus","1554":"game:axe-scrap-scrap","1743":"game:spear-scrap-scrap","773":"game:firewood","261":"game:stackrandomizer-accessory-lowstatus","3080":"game:stackrandomizer-ruinedweapon","3639":"game:stackrandomizer-clayproducts"},"Indices":[13312,14336,12289,13313,14337,15361,22529,1061889,1062913,10242,11266,12290,13314,14338,15362,16386,19458,20482,21506,22530,23554,1060866,1061890,1062914,1063938,1071106,7353346,7354370,7355394,7356418,7357442,4099,5123,6147,7171,8195,9219,10243,11267,12291,13315,14339,15363,16387,17411,18435,19459,20483,21507,22531,24579,1058819,1059843,1060867,1061891,1062915,1063939,1064963,1069059,1072131,2111491,2113539,2118659,2119683,2120707,3160067,3162115,3168259,4208643,4210691,5246979,5252099,6296579,6299651,6304771,6305795,6306819,6307843,6308867,6309891,7346179,7347203,7353347,10507267,3076,4100,5124,6148,7172,8196,9220,10244,11268,12292,13316,14340,15364,16388,17412,18436,19460,20484,21508,22532,23556,24580,1052676,1053700,1054724,1055748,1056772,1057796,1058820,1059844,1060868,1061892,1062916,1063940,1064964,1065988,1067012,1068036,1069060,1070084,1071108,2101252,2102276,2103300,2104324,2105348,2106372,2110468,2111492,2112516,2113540,2114564,2115588,2116612,2117636,2118660,2119684,2120708,3149828,3150852,3151876,3152900,3153924,3154948,3159044,3160068,3161092,3162116,3163140,3164164,3165188,3166212,3167236,3169284,4198404,4199428,4200452,4201476,4202500,4203524,4207620,4208644,4209668,4210692,4211716,4212740,4213764,4214788,4215812,4216836,5246980,5248004,5249028,5250052,5251076,5252100,5256196,5257220,5258244,5259268,5260292,5261316,5263364,5264388,5265412,6296580,6297604,6298628,6299652,6304772,6305796,6306820,6307844,6308868,6309892,6310916,6311940,6312964,6313988,7346180,7347204,7353348,7354372,7355396,7356420,7357444,7358468,7361540,7362564,8401924,8402948,8403972,8404996,8406020,8408068,8409092,8410116,8411140,9450500,9451524,9452548,9453572,9454596,9455620,9456644,9457668,9458692,9459716,10498052,10499076,10500100,10501124,10502148,10503172,10504196,10505220,10506244,10507268,10508292,3077,4101,5125,6149,7173,8197,9221,10245,11269,12293,13317,14341,15365,16389,17413,18437,19461,20485,21509,22533,23557,24581,1052677,1053701,1054725,1055749,1056773,1057797,1058821,1059845,1060869,1061893,1062917,1063941,1064965,1065989,1067013,1068037,1069061,1070085,1071109,2101253,2102277,2103301,2104325,2105349,2106373,2110469,2111493,2112517,2113541,2114565,2115589,2116613,2117637,2118661,2119685,2120709,3149829,3150853,3151877,3152901,3153925,3154949,3159045,3160069,3161093,3162117,3163141,3164165,3165189,3166213,3167237,3168261,3169285,4198405,4199429,4200453,4201477,4202501,4203525,4207621,4208645,4209669,4210693,4211717,4212741,4213765,4214789,4215813,4216837,5246981,5248005,5249029,5250053,5251077,5252101,5256197,5257221,5258245,5259269,5260293,5261317,5262341,5263365,5264389,5265413,6296581,6297605,6298629,6299653,6304773,6305797,6306821,6307845,6308869,6309893,6310917,6311941,6312965,6313989,7346181,7347205,7353349,7354373,7355397,7356421,7357445,7358469,7359493,7360517,7361541,7362565,8401925,8402949,8403973,8404997,8406021,8407045,8408069,8409093,8410117,8411141,9450501,9451525,9452549,9453573,9454597,9455621,9456645,9457669,9458693,9459717,10499077,10500101,10501125,10502149,10503173,10504197,10505221,10506245,10507269,10508293,11546629,11547653,11548677,11549701,11550725,11551749,11552773,11553797,11554821,11555845,11556869,3078,4102,5126,6150,7174,8198,9222,10246,11270,12294,13318,14342,15366,16390,17414,18438,19462,20486,21510,22534,23558,24582,25606,1052678,1053702,1054726,1055750,1056774,1057798,1058822,1059846,1060870,1061894,1062918,1063942,1064966,1065990,1067014,1068038,1069062,1070086,1071110,2101254,2102278,2103302,2104326,2105350,2106374,2110470,2111494,2112518,2113542,2114566,2115590,2117638,2118662,2119686,3149830,3150854,3151878,3152902,3153926,3154950,3159046,3160070,3161094,3162118,3163142,3164166,3165190,3166214,3167238,3168262,4198406,4199430,4200454,4201478,4202502,4203526,4207622,4208646,4209670,4210694,4211718,4212742,4213766,4214790,4215814,4216838,5246982,5248006,5249030,5250054,5251078,5252102,5256198,5257222,5258246,5259270,5260294,5261318,5262342,5263366,5264390,6296582,6297606,6298630,6299654,6304774,6305798,6306822,6307846,6308870,6309894,6310918,6311942,6312966,6313990,7346182,7347206,7353350,7354374,7355398,7356422,7357446,7358470,7359494,7360518,7361542,7362566,8401926,8402950,8403974,8404998,8406022,8407046,8408070,8409094,8410118,8411142,9450502,9451526,9452550,9453574,9454598,9455622,9456646,9457670,9458694,9459718,10499078,10500102,10501126,10502150,10503174,10504198,10505222,10506246,10507270,10508294,11547654,11550726,11551750,11556870,11557894,12595206,12596230,12597254,12598278,12599302,12600326,12601350,12602374,12603398,12604422,12605446,12606470,3079,4103,5127,6151,7175,8199,9223,10247,11271,12295,13319,14343,15367,16391,17415,18439,19463,20487,21511,22535,23559,24583,25607,26631,1052679,1053703,1054727,1055751,1056775,1057799,1058823,1059847,1060871,1061895,1062919,1063943,1064967,1065991,1067015,1068039,1069063,1070087,1071111,1074183,2101255,2102279,2103303,2104327,2105351,2106375,2110471,2111495,2112519,2113543,2114567,2115591,2116615,2117639,2118663,2119687,3149831,3150855,3151879,3152903,3153927,3154951,3159047,3160071,3161095,3162119,3163143,3164167,3165191,3166215,3167239,3168263,4198407,4199431,4200455,4201479,4202503,4203527,4207623,4208647,4209671,4210695,4211719,4212743,4213767,4214791,4215815,4216839,5246983,5248007,5249031,5250055,5251079,5252103,5256199,5257223,5258247,5259271,5260295,5261319,5262343,5263367,5264391,5265415,6296583,6297607,6298631,6299655,6304775,6305799,6306823,6307847,6308871,6309895,6310919,6311943,6312967,6313991,7346183,7347207,7353351,7354375,7355399,7356423,7357447,7358471,7359495,7360519,7361543,8401927,8402951,8403975,8404999,8406023,8407047,8408071,8409095,8410119,8411143,9450503,9451527,9452551,9453575,9454599,9455623,9456647,9457671,9458695,9459719,10499079,10500103,10501127,10502151,10503175,10504199,10505223,10506247,10507271,10508295,11547655,11550727,11553799,11554823,11556871,11557895,12596231,12597255,12598279,12599303,12600327,12601351,12602375,12603399,12604423,12605447,13643783,13644807,13645831,13646855,13647879,13648903,13649927,13650951,13651975,13652999,13654023,13655047,3080,4104,5128,6152,7176,8200,9224,10248,11272,12296,13320,14344,15368,16392,17416,18440,19464,20488,21512,22536,23560,24584,25608,26632,27656,1052680,1053704,1054728,1055752,1056776,1057800,1058824,1059848,1060872,1061896,1062920,1063944,1064968,1065992,1067016,1068040,1069064,1070088,1071112,1073160,1074184,1075208,2101256,2102280,2103304,2104328,2105352,2106376,2110472,2111496,2112520,2113544,2114568,2115592,2116616,2117640,2118664,2119688,3149832,3150856,3151880,3152904,3153928,3154952,3159048,3160072,3161096,3162120,3163144,3164168,3165192,3166216,3167240,3168264,4198408,4199432,4200456,4201480,4202504,4203528,4207624,4208648,4209672,4210696,4211720,4212744,4213768,4214792,4215816,4216840,5246984,5248008,5249032,5250056,5251080,5252104,5256200,5257224,5258248,5259272,5260296,5261320,5262344,5263368,5264392,5265416,6295560,6296584,6297608,6298632,6299656,6304776,6305800,6306824,6307848,6308872,6309896,6310920,6311944,6312968,6313992,7353352,7354376,7355400,7356424,7357448,7358472,7359496,7360520,7361544,7362568,8401928,8402952,8403976,8405000,8406024,8407048,8408072,8409096,8410120,8411144,9450504,9451528,9452552,9453576,9454600,9455624,9456648,9457672,9458696,10499080,10500104,10501128,10502152,10503176,10504200,10505224,10506248,10507272,10508296,11547656,11549704,11550728,11552776,11553800,11554824,11555848,11556872,12595208,12596232,12597256,12598280,12599304,12600328,12601352,12602376,12603400,12604424,12605448,12606472,2057,3081,4105,5129,6153,7177,8201,9225,10249,11273,12297,13321,14345,15369,16393,17417,18441,19465,20489,21513,22537,23561,24585,25609,26633,27657,1051657,1052681,1053705,1054729,1055753,1056777,1057801,1058825,1059849,1060873,1061897,1062921,1063945,1064969,1065993,1067017,1068041,1069065,1070089,1071113,1073161,1074185,1075209,2100233,2101257,2102281,2103305,2104329,2105353,2106377,2110473,2111497,2112521,2113545,2114569,2115593,2116617,2117641,2118665,2119689,3149833,3150857,3151881,3152905,3153929,3154953,3159049,3160073,3161097,3162121,3163145,3164169,3165193,3166217,3167241,3168265,4198409,4199433,4200457,4201481,4202505,4203529,4207625,4208649,4209673,4210697,4211721,4212745,4213769,4214793,4215817,4216841,5246985,5248009,5249033,5250057,5251081,5252105,5256201,5257225,5258249,5259273,5260297,5261321,5262345,5263369,5264393,5265417,6295561,6296585,6297609,6298633,6299657,6304777,6305801,6306825,6307849,6308873,6309897,6310921,6311945,6312969,6313993,7347209,7353353,7354377,7355401,7356425,7357449,7358473,7359497,7360521,7361545,7362569,8401929,8402953,8403977,8405001,8406025,8407049,8408073,8409097,8410121,8411145,9450505,9451529,9452553,9453577,9454601,9455625,9456649,9457673,9458697,9459721,10499081,10500105,10501129,10502153,10503177,10504201,10505225,10506249,10507273,10508297,11546633,11547657,11548681,11549705,11550729,11551753,11552777,11553801,11554825,11555849,11556873,11557897,1034,2058,3082,4106,5130,6154,7178,8202,9226,10250,11274,12298,13322,14346,15370,16394,17418,18442,19466,20490,21514,22538,23562,24586,25610,26634,27658,1050634,1051658,1052682,1053706,1055754,1056778,1057802,1058826,1059850,1060874,1061898,1062922,1063946,1064970,1065994,1067018,1068042,1069066,1070090,1071114,1073162,1074186,1075210,2099210,2101258,2103306,2104330,2105354,2106378,2110474,2111498,2112522,2113546,2114570,2115594,2116618,2117642,2118666,2119690,3149834,3150858,3151882,3152906,3153930,3154954,3159050,3160074,3161098,3162122,3163146,3164170,3165194,3166218,3167242,3168266,4198410,4199434,4200458,4201482,4202506,4203530,4207626,4208650,4209674,4210698,4211722,4212746,4213770,4214794,4215818,4216842,5246986,5248010,5249034,5250058,5251082,5252106,5256202,5257226,5258250,5259274,5260298,5261322,5262346,5263370,5264394,5265418,6295562,6296586,6297610,6298634,6299658,6304778,6305802,6306826,6307850,6308874,6309898,6310922,6311946,6312970,6313994,7346186,7347210,7353354,7354378,7355402,7356426,7357450,7358474,7359498,7360522,7361546,7362570,8401930,8402954,8403978,8405002,8406026,8407050,8408074,8409098,8410122,8411146,9450506,9451530,9452554,9453578,9454602,9455626,9456650,9457674,9458698,9459722,10498058,10499082,10500106,10501130,10502154,10503178,10504202,10505226,10506250,10507274,10508298,10509322,2059,3083,4107,5131,6155,7179,8203,9227,10251,11275,12299,13323,14347,15371,16395,17419,18443,19467,20491,21515,22539,23563,24587,25611,26635,1052683,1053707,1054731,1055755,1056779,1057803,1058827,1059851,1060875,1061899,1064971,1068043,1069067,1070091,1071115,1072139,1073163,1074187,2101259,2102283,2103307,2104331,2105355,2106379,2113547,2116619,3149835,3150859,3151883,3152907,3153931,3154955,3162123,3165195,4198411,4199435,4200459,4201483,4202507,4203531,4210699,4213771,5246987,5248011,5249035,5250059,5251083,5252107,5259275,5262347,6295563,6296587,6297611,6298635,6299659,6307851,6308875,6309899,6310923,7346187,7347211,7356427,7359499,3084,4108,5132,6156,7180,8204,9228,10252,11276,12300,13324,14348,15372,16396,17420,18444,19468,20492,21516,22540,23564,24588,25612,26636,1052684,1053708,1054732,1055756,1056780,1057804,1058828,1059852,1060876,1061900,1062924,1068044,1069068,1070092,1071116,1072140,1073164,1074188,2101260,2102284,2103308,2104332,2105356,2106380,3149836,3150860,3151884,3152908,3153932,3154956,4198412,4199436,4200460,4202508,4203532,5246988,5248012,5249036,5250060,5251084,5252108,6296588,6297612,6298636,6299660,6307852,6308876,6309900,6310924,7346188,7347212,7356428,7359500,3085,4109,5133,6157,7181,8205,9229,10253,11277,12301,13325,14349,15373,16397,17421,18445,19469,20493,21517,22541,23565,24589,25613,26637,1058829,1059853,1060877,1061901,1062925,1063949,1064973,1065997,1067021,1068045,1069069,1070093,1071117,1072141,1073165,5246989,5252109,6296589,6299661,6307853,6308877,6309901,6310925,7346189,7347213,7356429,7359501,2062,3086,4110,5134,6158,7182,8206,9230,10254,11278,12302,13326,14350,15374,16398,17422,18446,19470,20494,21518,22542,23566,24590,25614,1057806,1058830,1059854,1060878,1061902,1062926,1063950,1064974,1065998,1067022,1068046,1069070,1070094,1071118,1072142,1073166,6308878,6309902,7356430,7359502,1039,2063,3087,4111,5135,6159,7183,8207,9231,10255,11279,12303,13327,14351,15375,16399,17423,18447,19471,20495,21519,22543,23567,24591,25615,26639,1050639,1051663,1052687,1053711,1054735,1055759,1056783,1057807,1058831,1059855,1060879,1061903,1062927,1063951,1064975,1065999,1067023,1068047,1069071,1070095,1071119,1072143,1073167,1074191,6308879,6309903,7356431,7359503,16,1040,2064,3088,4112,5136,6160,7184,8208,9232,10256,11280,12304,13328,14352,15376,16400,17424,18448,19472,20496,21520,22544,23568,24592,25616,26640,1050640,1051664,1052688,1053712,1054736,1055760,1056784,1057808,1058832,1059856,1060880,1061904,1062928,1063952,1064976,1066000,1067024,1068048,1069072,1070096,1071120,1072144,1073168,1074192,6307856,6308880,6309904,6310928,7356432,7359504,17,1041,2065,3089,4113,5137,6161,7185,8209,9233,10257,11281,12305,13329,14353,15377,16401,17425,18449,19473,20497,21521,22545,23569,24593,25617,1049617,1050641,1051665,1052689,1053713,1054737,1055761,1056785,1057809,1058833,1059857,1060881,1061905,1062929,1069073,1070097,1071121,1072145,1073169,6307857,6308881,6309905,6310929,7356433,7359505,1042,2066,3090,4114,5138,6162,7186,8210,9234,10258,11282,12306,13330,14354,15378,16402,17426,18450,19474,20498,21522,22546,23570,24594,1050642,1051666,1052690,1053714,1054738,1055762,1056786,1058834,1059858,1060882,1061906,1062930,1064978,1068050,1070098,1071122,2109458,2110482,2111506,2113554,2116626,3162130,3165202,4210706,4213778,5259282,5262354,5266450,6307858,6308882,6309906,6310930,6314002,7356434,7359506,7361554,8409106,1043,2067,3091,4115,5139,6163,7187,8211,9235,10259,11283,12307,13331,14355,15379,16403,17427,18451,19475,20499,21523,22547,23571,24595,1052691,1053715,1054739,1055763,1059859,1060883,1061907,1062931,1063955,1064979,1066003,1067027,1068051,1069075,1070099,1071123,1072147,2108435,2109459,2110483,2111507,2112531,2113555,2114579,2115603,2116627,2117651,2118675,2119699,2120723,3157011,3158035,3159059,3160083,3161107,3162131,3163155,3164179,3165203,3166227,3167251,3168275,3169299,4205587,4206611,4207635,4208659,4209683,4210707,4211731,4212755,4213779,4214803,4215827,4216851,4217875,5254163,5255187,5256211,5257235,5258259,5259283,5260307,5261331,5262355,5263379,5264403,5265427,5266451,6302739,6303763,6304787,6305811,6306835,6307859,6308883,6309907,6310931,6311955,6312979,6314003,7351315,7352339,7353363,7354387,7355411,7356435,7357459,7358483,7359507,7360531,7361555,8399891,8400915,8401939,8402963,8403987,8405011,8406035,8407059,8408083,8409107,9448467,9449491,9450515,9451539,9452563,9453587,9454611,9455635,9456659,10496019,10497043,10498067,10499091,10500115,10501139,10502163,10503187,10504211,10505235,10506259,3092,4116,5140,6164,7188,8212,9236,10260,11284,12308,13332,14356,15380,16404,17428,18452,19476,20500,21524,22548,23572,24596,1052692,1053716,1054740,1055764,1056788,1057812,1058836,1059860,1068052,1069076,1070100,1071124,1072148,2101268,2102292,2103316,2104340,2105364,2106388,2107412,2108436,2109460,2110484,2111508,2112532,2113556,2114580,2115604,2116628,2117652,2118676,2119700,2120724,3149844,3150868,3151892,3152916,3153940,3154964,3155988,3157012,3158036,3159060,3160084,3161108,3162132,3163156,3164180,3165204,3166228,3167252,3168276,3169300,4198420,4199444,4200468,4201492,4202516,4203540,4204564,4205588,4206612,4207636,4208660,4209684,4210708,4211732,4212756,4213780,4214804,4215828,4216852,4217876,5245972,5246996,5248020,5249044,5250068,5251092,5252116,5253140,5254164,5255188,5256212,5257236,5258260,5259284,5260308,5261332,5262356,5263380,5264404,5265428,5266452,6302740,6303764,6304788,6305812,6306836,6307860,6308884,6309908,6310932,6311956,6312980,6314004,7351316,7352340,7353364,7354388,7355412,7356436,7357460,7358484,7359508,7360532,7361556,8399892,8400916,8401940,8402964,8403988,8405012,8406036,8407060,8408084,8409108,9448468,9449492,9450516,9451540,9452564,9453588,9454612,9455636,9456660,10497044,10498068,10499092,10500116,10501140,10502164,10503188,10504212,10505236,11544596,11545620,11546644,11547668,11548692,11549716,11550740,11551764,11552788,11553812,11554836,3093,4117,5141,6165,7189,8213,9237,10261,11285,12309,13333,14357,15381,16405,17429,18453,19477,20501,21525,22549,23573,24597,1052693,1053717,1054741,1055765,1056789,1057813,1058837,1059861,1068053,1069077,1070101,1071125,1072149,2101269,2102293,2103317,2104341,2105365,2106389,2107413,2108437,2109461,2110485,2111509,2112533,2113557,2114581,2115605,2116629,2117653,2118677,2119701,2120725,3149845,3150869,3151893,3152917,3153941,3154965,3155989,3157013,3158037,3159061,3160085,3161109,3162133,3163157,3164181,3165205,3166229,3167253,3168277,3169301,4198421,4199445,4200469,4201493,4202517,4203541,4204565,4205589,4206613,4207637,4208661,4209685,4210709,4211733,4212757,4213781,4214805,4215829,4216853,4217877,5246997,5248021,5249045,5250069,5251093,5252117,5253141,5254165,5255189,5256213,5257237,5258261,5259285,5260309,5261333,5262357,5263381,5264405,5265429,5266453,6294549,6295573,6296597,6297621,6298645,6299669,6300693,6301717,6302741,6303765,6304789,6305813,6306837,6307861,6308885,6309909,6310933,6311957,6312981,6314005,7351317,7352341,7353365,7354389,7355413,7356437,7357461,7358485,7359509,7360533,7361557,8399893,8400917,8401941,8402965,8403989,8405013,8406037,8407061,8408085,8409109,9448469,9449493,9450517,9451541,9452565,9453589,9454613,9455637,9456661,10497045,10498069,10499093,10500117,10501141,10502165,10503189,10504213,10505237,11545621,11553813,12593173,12594197,12595221,12596245,12597269,12598293,12599317,12600341,12601365,12602389,12603413,3094,4118,5142,6166,7190,8214,9238,10262,11286,12310,13334,14358,15382,16406,17430,18454,19478,20502,21526,22550,23574,24598,1052694,1053718,1054742,1055766,1056790,1057814,1058838,1059862,1068054,1069078,1070102,1071126,1072150,2101270,2102294,2103318,2104342,2105366,2106390,2107414,2108438,2109462,2110486,2111510,2112534,2113558,2114582,2115606,2116630,2117654,2118678,2119702,2120726,3149846,3150870,3151894,3152918,3153942,3154966,3155990,3157014,3158038,3159062,3160086,3161110,3162134,3163158,3164182,3165206,3166230,3167254,3168278,3169302,4198422,4199446,4200470,4201494,4202518,4203542,4204566,4205590,4206614,4207638,4208662,4209686,4210710,4211734,4212758,4213782,4214806,4215830,4216854,4217878,5246998,5248022,5249046,5250070,5251094,5252118,5253142,5254166,5255190,5256214,5257238,5258262,5259286,5260310,5261334,5262358,5263382,5264406,5265430,5266454,6295574,6301718,6302742,6303766,6304790,6305814,6306838,6307862,6308886,6309910,6310934,6311958,6312982,6314006,7343126,7344150,7345174,7346198,7347222,7348246,7349270,7350294,7351318,7352342,7353366,7354390,7355414,7356438,7357462,7358486,7359510,7360534,7361558,8399894,8400918,8401942,8402966,8403990,8405014,8406038,8407062,8408086,8409110,9448470,9449494,9450518,9451542,9452566,9453590,9454614,9455638,9456662,10497046,10498070,10499094,10500118,10501142,10502166,10503190,10504214,10505238,11545622,11553814,12594198,12595222,12596246,12597270,12598294,12599318,12600342,12601366,12602390,13641750,13642774,13643798,13644822,13645846,13646870,13647894,13648918,13649942,13650966,13651990,3095,4119,5143,6167,7191,8215,9239,10263,11287,12311,13335,14359,15383,16407,17431,18455,19479,20503,21527,22551,23575,24599,25623,1052695,1053719,1054743,1055767,1056791,1057815,1058839,1059863,1068055,1069079,1070103,1071127,1072151,1073175,2101271,2102295,2103319,2104343,2105367,2106391,2107415,2108439,2109463,2110487,2111511,2112535,2113559,2114583,2115607,2116631,2117655,2118679,2119703,2120727,2121751,3149847,3150871,3151895,3152919,3153943,3154967,3155991,3157015,3158039,3159063,3160087,3161111,3162135,3163159,3164183,3165207,3166231,3167255,3168279,3169303,4198423,4199447,4200471,4201495,4202519,4203543,4204567,4205591,4206615,4207639,4208663,4209687,4210711,4211735,4212759,4213783,4214807,4215831,4216855,4217879,5246999,5248023,5249047,5250071,5251095,5252119,5253143,5254167,5255191,5256215,5257239,5258263,5259287,5260311,5261335,5262359,5263383,5264407,5265431,5266455,6295575,6301719,6302743,6303767,6304791,6305815,6306839,6307863,6308887,6309911,6310935,6311959,6312983,6314007,7344151,7345175,7346199,7347223,7348247,7349271,7350295,7351319,7352343,7353367,7354391,7355415,7356439,7357463,7358487,7359511,7360535,7361559,8391703,8392727,8393751,8394775,8395799,8396823,8397847,8398871,8399895,8400919,8401943,8402967,8403991,8405015,8406039,8407063,8408087,8409111,9448471,9449495,9450519,9451543,9452567,9453591,9454615,9455639,9456663,10497047,10498071,10499095,10500119,10501143,10502167,10503191,10504215,11545623,11553815,12593175,12594199,12595223,12596247,12597271,12598295,12599319,12600343,12601367,12602391,12603415,3096,4120,5144,6168,7192,8216,9240,10264,11288,12312,13336,14360,15384,16408,17432,18456,19480,20504,21528,22552,23576,24600,25624,1052696,1053720,1054744,1055768,1056792,1057816,1058840,1059864,1068056,1069080,1070104,1071128,1072152,1073176,2101272,2102296,2103320,2104344,2105368,2106392,2107416,2108440,2109464,2110488,2111512,2112536,2113560,2114584,2115608,2116632,2117656,2118680,2120728,3149848,3150872,3151896,3152920,3153944,3154968,3155992,3157016,3158040,3159064,3160088,3161112,3162136,3163160,3164184,3165208,3166232,3167256,3168280,3169304,4198424,4199448,4200472,4201496,4202520,4203544,4204568,4205592,4206616,4207640,4208664,4209688,4212760,4213784,4214808,4215832,4216856,4217880,5247000,5248024,5249048,5250072,5251096,5252120,5253144,5254168,5255192,5256216,5257240,5258264,5259288,5261336,5262360,5263384,5264408,5265432,5266456,6295576,6301720,6302744,6303768,6304792,6305816,6306840,6307864,6308888,6309912,6310936,6311960,6312984,6314008,6315032,7343128,7344152,7345176,7346200,7347224,7348248,7349272,7350296,7351320,7352344,7353368,7354392,7355416,7356440,7357464,7358488,7359512,7360536,7361560,8399896,8400920,8401944,8402968,8403992,8405016,8406040,8407064,8408088,8409112,9448472,9449496,9450520,9451544,9452568,9453592,9454616,9455640,9456664,10497048,10498072,10499096,10500120,10501144,10502168,10503192,10504216,10505240,11544600,11545624,11546648,11547672,11548696,11549720,11550744,11551768,11552792,11553816,11554840,3097,4121,5145,6169,7193,8217,9241,10265,11289,12313,13337,14361,15385,16409,17433,18457,19481,20505,21529,22553,23577,24601,25625,1052697,1053721,1054745,1055769,1056793,1057817,1058841,1059865,1060889,1061913,1062937,1063961,1064985,1066009,1067033,1068057,1069081,1070105,1071129,1072153,2101273,2102297,2103321,2104345,2105369,2106393,2107417,2108441,2109465,2110489,2111513,2112537,2113561,2114585,2115609,2116633,2117657,2118681,2119705,3149849,3150873,3151897,3152921,3153945,3154969,3155993,3157017,3158041,3159065,3160089,3161113,3162137,3163161,3164185,3165209,3166233,3167257,3168281,3169305,4198425,4199449,4200473,4201497,4202521,4203545,4204569,4205593,4206617,4207641,4208665,4209689,4210713,4211737,4212761,4213785,4214809,4215833,4216857,4217881,5247001,5248025,5249049,5250073,5251097,5252121,5253145,5254169,5255193,5256217,5257241,5258265,5259289,5260313,5261337,5262361,5263385,5264409,5265433,5266457,6294553,6295577,6296601,6297625,6298649,6299673,6300697,6301721,6302745,6303769,6304793,6305817,6306841,6307865,6308889,6309913,6310937,6311961,6312985,6314009,6315033,7351321,7352345,7353369,7354393,7355417,7356441,7357465,7358489,7359513,7360537,7361561,8399897,8400921,8401945,8402969,8403993,8405017,8406041,8407065,8408089,8409113,9448473,9449497,9450521,9451545,9452569,9453593,9454617,9455641,9456665,10496025,10497049,10498073,10499097,10500121,10501145,10502169,10503193,10504217,10505241,10506265,11551769,11552793,11553817,12600345,12601369,12602393,3098,4122,5146,6170,7194,8218,9242,10266,11290,12314,13338,14362,15386,16410,17434,18458,19482,20506,21530,22554,23578,24602,1052698,1053722,1054746,1055770,1056794,1057818,1058842,1066010,1067034,1068058,1072154,2101274,2102298,2103322,2104346,2105370,2106394,2107418,2114586,2115610,2116634,3149850,3150874,3151898,3152922,3153946,3154970,3155994,3163162,3164186,3165210,4198426,4199450,4200474,4201498,4202522,4203546,4204570,4211738,4212762,4213786,5245978,5247002,5248026,5249050,5250074,5251098,5252122,5253146,5254170,5260314,5261338,5262362,6303770,6304794,6305818,6306842,6307866,6308890,6309914,6310938,7352346,7356442,7357466,7358490,7359514,7361562,8406042,8407066,8408090,8409114,9454618,9455642,9456666,10503194,10504218,10505242,11551770,11552794,11553818,12600346,12601370,12602394,4123,5147,6171,7195,8219,9243,10267,16411,17435,18459,19483,20507,23579,7352347,7353371,7354395,7355419,7356443],"BlockIds":[9493,9472,9493,9493,9493,9472,9472,3240,3240,2966,9493,9471,2966,9493,9493,9471,9493,9472,9472,9493,2966,3240,3240,3240,3240,9472,7316,7316,7316,7316,7316,9472,2966,2966,9493,2966,2966,9472,2966,2966,9493,9493,2966,9471,9471,9472,2966,9472,9493,9472,9471,3240,3240,3240,3240,3240,3240,3240,5535,9471,4214,4214,3023,9493,5122,4214,4214,5122,4214,4214,2336,2316,2336,2316,7355,7485,7355,7485,7355,7485,2336,2316,7303,8611,9493,9493,9471,9493,9493,2966,2966,2966,2966,2966,9471,2966,2966,9472,9493,2966,9493,9493,9493,9493,9472,9493,9472,9472,2966,9472,9493,2966,3240,3240,3240,9471,9471,9493,9472,9471,2966,2966,9493,9493,2966,7200,9472,9493,9493,2966,7200,2966,9493,9526,9471,9493,9493,2966,9493,2966,9472,2966,7200,3023,9493,9472,2966,7200,9471,9471,136,9472,2966,9472,2985,8611,2596,5535,7200,9472,9493,3023,2966,7200,2966,9472,3042,9493,2966,9493,8611,8611,8611,8611,2336,9493,9493,2966,2966,2316,9471,9493,2966,9493,2966,9493,8611,8611,8611,2336,9493,3042,2316,9493,9493,9472,2966,9493,9493,9493,2985,8611,8611,2336,2316,2966,2966,9526,9493,2966,2985,8611,8611,9493,9493,136,2966,9493,8611,8611,8611,8611,9493,2966,9471,2966,9472,2966,3004,8611,8611,8611,2326,2326,2326,2326,2326,2326,2326,2326,2326,2556,8611,9471,9493,9493,9493,9493,9493,9472,2966,2966,9493,9471,9493,9471,9493,9472,9493,9493,9472,9471,9493,9493,2966,9493,7277,7277,7277,7277,2966,3240,3240,3240,9471,9668,9668,9668,9668,9668,9668,9668,9668,9493,9493,8109,6540,6540,636,9493,2966,8606,8611,1436,8611,7498,9668,9493,9472,9471,9493,9493,8611,8611,8611,8611,9493,9493,8611,8611,8611,8611,8611,7368,5122,5535,3023,5122,9493,8611,8611,8611,8611,9493,9471,8611,8611,8611,8611,8611,8611,8611,8611,8611,2336,8611,8611,8611,8611,2316,2966,8611,8611,8611,8611,8611,8611,8611,8611,8611,2336,8611,8611,2316,9493,7277,7277,9668,9668,7303,8611,8611,8611,8611,2336,2316,9471,8606,8611,8606,5535,8611,8611,8611,8611,8611,9471,8611,8611,8611,8611,8611,8611,8611,8611,8611,9471,8611,8611,8611,8611,8611,8611,8611,8611,8611,2966,8611,8611,7252,8617,8611,7252,8611,8611,8611,2326,2556,2326,2556,2326,2326,2326,2326,2326,2326,2556,9472,9472,2966,9471,9471,9493,9471,2966,9472,9493,9472,2966,9493,9493,9493,9493,9472,9493,9493,9493,2966,9493,2966,2966,7277,7277,7277,7277,9493,3240,3240,3240,2966,7277,9668,7277,9668,9668,9668,9668,9668,9493,9472,633,8606,8611,8611,9526,3061,8606,8611,8611,411,5122,3099,9493,2985,2966,8611,8611,8611,8611,136,883,8611,8611,8611,8611,8611,8611,8611,5122,8611,9493,8611,8611,8611,8611,3004,3080,8611,8611,8611,8611,8611,8611,8611,8611,8611,2336,8611,8611,8611,8611,2316,9471,8611,8611,8611,8611,8611,8611,8611,8611,2336,8611,8611,2316,2966,7277,7277,7277,7277,7355,8611,8611,8611,8611,2336,2316,3061,8611,8611,8611,8611,8611,8611,8611,8611,8611,883,8611,8611,8611,8611,8611,8611,8611,8611,8611,3080,8611,8611,8611,8611,8611,1189,8611,8611,8611,3061,8611,8611,7252,8611,8611,7252,8611,8611,8611,9493,8109,8617,1187,8611,2326,2326,2326,2326,2326,2326,2326,2326,2556,2326,2326,2326,2966,9493,9493,9493,9493,2966,9493,9472,9493,2966,9472,2966,2966,2966,9493,9493,9493,2966,9493,9493,9472,9472,9493,9472,9472,7277,7277,7277,7277,9471,3240,3240,3240,9493,9668,9668,7277,7277,9668,9668,9668,9668,2966,3240,9493,6540,1428,8611,8611,9526,9493,1429,1428,8611,8611,8606,412,5535,3061,9493,9493,8611,8611,8611,8611,136,9472,830,8611,8611,8611,8611,8611,8611,8611,9493,3061,8611,8611,8611,8611,3004,9472,830,8611,8611,8611,8611,8611,8611,8611,9471,2336,8611,8611,8611,8611,2316,2966,8611,8611,8611,8611,8611,8611,8611,8611,9493,2566,8611,8611,2316,2966,9668,9668,7277,7277,7277,8611,8611,8611,3023,2566,2316,2966,8606,8611,8611,8606,8611,8611,8611,8611,9493,8611,8611,8611,8606,8611,8611,8611,8611,8611,2966,8611,8611,8611,8611,8611,8611,8611,8611,8611,9493,8611,8611,7252,8611,8611,7252,8611,8611,8611,9472,7200,7200,8617,3042,8611,2966,7226,7226,7226,7226,7226,7226,7226,7226,9493,2556,2556,2556,2556,2556,2556,2556,2556,2556,2556,2556,2556,9493,2966,9471,9471,9493,2966,9472,9493,9493,9493,9493,2966,9471,9471,2966,9493,9472,9471,9493,2966,2966,9493,9493,2966,9493,9472,7277,7524,9493,7277,9471,3240,3240,3240,9493,7277,7277,9668,7277,7277,7277,9668,7277,9493,3240,3240,3240,9493,5535,8611,402,5535,9493,3061,8611,8611,8606,5122,8611,5535,5122,9472,2985,3099,8611,8611,8611,8611,2966,883,8611,8611,8611,8611,8611,8611,8611,8611,8611,8611,8611,8611,8611,8611,9472,3080,8611,8611,8611,8611,8611,8611,8611,8611,3004,8611,8611,8611,8611,8611,2316,9471,8611,8611,8611,8611,8611,8611,8611,8611,9493,8611,8611,8611,8611,2316,2966,7277,9668,9668,7277,7277,7316,7355,8611,9493,3061,8611,8611,8611,8611,8611,8611,5535,8611,3023,883,8611,8611,8611,8611,8611,8611,8611,8611,8611,3080,8611,8611,8611,8611,8611,8611,8611,8611,9493,8611,8611,7252,8611,8611,7252,8611,8611,2966,3061,8617,8617,1189,1180,1188,8617,9493,2346,2346,2346,2346,2346,2346,2346,2346,2346,2346,2346,2346,2966,9493,9472,2966,2966,9493,9471,2966,9471,9471,2966,9493,9493,9493,9493,9493,9493,2966,2966,2966,9472,2966,9493,2966,9471,2966,2966,9493,7277,9493,9472,7498,9471,3240,3240,3240,9493,9668,9668,9668,7277,9668,9668,9668,9668,9493,3240,3240,3240,5122,9493,5122,397,5535,8611,2966,2966,635,8109,3239,8610,8606,5122,9471,634,9471,8611,8611,8611,8611,8611,9472,2966,8611,8611,8611,8611,8611,8611,5122,8611,2966,8611,8611,8611,8611,8611,2966,2966,8611,8611,8611,8611,8611,8611,8611,8611,9493,8611,8611,8611,8611,8611,2316,9471,8617,8611,8611,8611,8617,8611,8611,8611,9493,8611,8611,8611,8611,2316,9493,9668,9668,7277,9668,7277,9668,9668,9668,2966,2566,9472,9716,9715,9716,8611,8611,8611,8606,8606,2966,2966,9715,9716,9715,8611,8611,8611,8611,8611,9493,9471,8606,8606,8606,8611,8611,8611,8611,8611,2966,9493,8617,8611,7252,8611,8611,7252,8617,8611,9493,2346,2346,2346,2346,2346,2346,2346,2346,2346,2556,2346,2346,9493,9471,9472,2966,9472,2966,9471,9493,9472,2966,9472,9472,9471,9471,2966,9493,9493,9471,2966,9493,2966,9493,9472,9493,9472,2966,2966,9493,9472,9471,7277,7472,7277,9472,3240,3240,3240,9471,2966,9493,9493,9493,2966,9472,9493,9493,2966,3240,3240,3240,5535,9493,8611,8611,1428,2966,3099,9472,9493,9493,2966,2966,9493,9493,2966,2966,3061,8611,8611,8611,8611,2985,3080,2966,9493,9471,9493,9493,2966,9471,9493,2966,8611,8611,8611,8611,8611,9493,9493,3099,2966,9472,9493,9493,2966,3118,9493,9472,2566,8611,8611,8611,8611,2316,2966,2966,9472,9472,2966,9493,2966,9471,9493,2966,8611,8611,8611,8611,2316,3061,2966,2966,2966,2966,9471,9493,9471,2966,2985,2566,2316,9472,9493,2966,9493,9526,9526,9493,9493,9493,3099,9472,2966,9471,9493,136,136,2966,9493,9493,9493,2966,2966,3099,2966,3118,3118,9493,9471,3118,9493,2346,2346,2346,2346,2346,2346,2346,2346,2346,2346,2346,2346,9493,2966,9493,9472,2966,9493,9493,2966,9493,9493,9493,2966,9493,9493,9493,2966,9493,9493,9493,2966,9493,9472,2966,2966,9493,2966,7277,7277,7277,7277,9493,3240,3240,3240,3240,9472,9493,3240,3240,3240,3240,3240,3240,9493,8606,8606,8424,8423,2966,9493,9493,9493,8611,8611,8611,8611,2966,9493,9471,3023,8611,8611,8611,8611,3004,3042,2966,2336,8611,8611,8611,8611,2316,2966,9493,8611,2566,8611,8611,2316,2966,7355,7355,3004,2336,2316,4354,4354,2966,9493,9493,9493,9493,9472,2966,9493,9471,2966,9493,9471,9493,9471,9472,9493,9493,9493,2966,9493,9493,9493,9493,9493,9493,9471,2966,9493,9472,9471,3240,3240,3240,3240,3240,3240,3240,3240,3240,3240,3240,3240,7200,9493,9471,9471,9493,7200,7200,9493,9471,3099,3099,7200,7200,3118,9493,2966,7200,2336,9493,9471,3118,2966,2316,2336,2966,2966,2316,9493,7355,7355,9472,2336,2316,4354,4354,2966,9493,9471,9493,2966,9471,9493,9471,9472,2966,9493,9493,9471,2966,9471,9493,2966,9472,9493,9472,9493,9472,2966,2966,3240,3240,3240,3240,3240,3240,3240,3240,3240,3240,3240,3240,3240,3240,3240,2336,2316,2336,2316,3118,7355,7355,3118,2336,2316,4354,4354,9472,9472,9472,9493,2966,2966,2966,9493,9471,2966,9493,2966,9493,9493,9493,9472,2966,9493,9471,2966,2966,9493,9471,9493,3240,3240,3240,3240,3240,3240,3240,3240,3240,3240,3240,3240,3240,3240,3240,3240,7355,7355,4354,4354,2966,9471,2966,9493,9493,9493,2966,9472,9493,9493,9472,9471,9493,9471,9472,9493,9493,9472,9471,9493,9493,9493,9493,9471,2966,9493,3240,3240,3240,3240,3240,3240,3240,3240,3240,3240,3240,3240,3240,3240,3240,3240,3240,3240,3240,3240,3240,3240,3240,3240,7355,7355,4354,4354,9472,9472,9472,2966,9472,9472,9471,2966,9472,2966,9493,2966,2966,2966,2966,2966,9493,2966,2966,9471,9493,9493,2966,9493,2966,2966,2966,3240,3240,3240,3240,3240,3240,3240,3240,3240,3240,3240,3240,3240,3240,3240,3240,3240,3240,3240,3240,3240,3240,3240,3240,3042,7355,7355,3042,4354,4354,9471,9471,9493,9471,9471,9471,9493,9493,9493,9471,9471,9493,9493,9472,9493,2966,9471,9493,9471,9471,9493,2966,9493,9493,9493,2966,3240,3240,3240,3240,3240,3240,3240,3240,3240,3240,3240,3240,3240,3240,3240,3240,3240,3240,3240,2966,7355,7355,2966,4354,4354,9472,2966,9493,9493,2966,2966,9471,9493,9471,9472,9493,2966,9493,9472,2966,9493,9493,9493,9493,9472,9493,9493,9472,2966,3240,3240,3240,3240,3240,3240,3240,3240,3240,9493,9471,9493,9493,9493,3240,3240,3061,2966,9493,9471,9493,2966,9493,2966,9493,9493,2985,2316,9493,7355,7355,2966,2316,4354,4354,2316,2566,9471,9493,9471,9471,2966,9493,9471,9472,9471,2966,9472,9472,9493,9471,9472,9493,9493,9493,9471,2966,9493,9493,9471,9493,3240,3240,3240,3240,9493,9493,9472,9493,9493,9471,9472,2966,9493,9493,9471,9493,9493,9493,2966,9493,2966,9493,9472,9471,9471,9493,2966,9526,2966,9493,9471,9493,9526,2966,9493,9493,9471,9493,9493,9493,136,2966,2985,9493,9472,136,2966,9493,2966,9493,2966,9493,9471,3042,2966,3042,3061,2966,3042,9493,9472,9493,9493,2966,2966,9472,2966,9493,2316,2966,9493,9493,9472,2966,9493,2966,9493,9471,9472,3042,2316,9471,9472,3023,9471,2966,9493,9526,9526,9471,9472,2316,3042,9471,896,9493,9493,9493,136,136,9472,2316,2966,9493,3042,2966,9493,2966,3042,3042,2966,2326,2326,2326,2326,2326,2556,2326,2326,2326,2326,2326,2966,9493,9471,9493,9472,2966,9493,9493,2966,9493,9472,2966,2966,9471,9493,9471,9493,2966,2966,9493,9493,9493,9471,9471,9493,9471,9493,9472,9472,9471,9668,9668,9668,9668,9493,9472,9471,9526,9471,3023,2966,9493,9493,9668,7277,7277,7277,9668,7277,7277,9493,8611,8611,8109,9471,9472,9472,136,9493,896,9471,2966,9471,8611,8611,8611,8611,1432,8610,632,9471,8611,8611,8606,9493,2966,9493,3042,2966,3042,9493,9472,9493,8611,8611,8611,8294,8611,8611,8611,9493,8611,8611,8611,9493,2326,2326,2326,2326,2326,2326,2326,2326,2966,8611,8611,8611,8611,8611,8611,8611,9493,9668,9668,9668,2316,9472,8611,9668,9668,9668,9668,9668,9668,9471,637,8617,2316,9493,8611,7303,8606,1428,8606,8611,8611,9493,8611,2316,9493,8611,8611,8611,8611,8606,8611,8611,9471,2316,9493,8611,8611,8611,8611,8611,8611,8611,9471,9493,7368,7368,7252,7368,7368,7252,7368,9471,2326,2326,2556,2326,2326,2326,2326,2326,2326,2326,2326,9493,9493,9493,9493,9471,9493,9493,9472,9493,2966,9493,9493,9493,9471,9493,2966,2966,9493,9493,9493,2966,9493,9493,7277,9668,7277,9668,9668,9493,9493,9668,9668,9668,9668,9471,9471,1432,8611,8611,1428,8606,9493,9493,9668,9668,7277,9668,9668,7277,9668,9493,8606,8611,8611,9471,9493,8611,8611,8611,8611,8611,3061,9493,7472,8611,8611,8611,8611,8606,8611,9493,8606,8611,8611,9471,3061,8611,8611,8611,8611,8611,2966,9493,8611,8611,8611,8611,8611,8611,8611,9471,8611,8611,8611,2966,9472,9668,7290,7277,7277,7277,9493,2966,8611,8611,8611,8611,8611,8611,8611,2966,7277,9668,7277,2316,2326,2326,2326,2326,2326,2326,2326,2326,2966,8611,9668,9668,9668,9668,9668,9668,9493,8611,8611,2316,9471,8611,7303,8606,8611,8611,8611,8611,9493,8611,2316,2966,8611,8611,8611,8611,8611,8611,8611,9472,2316,3061,8611,8611,8611,8611,8611,8611,8611,9493,9493,7368,7368,7252,7368,7368,7252,7368,9471,3080,3004,2326,2326,2326,2326,2326,2326,2326,2326,2326,2326,2326,9493,2966,2966,2966,2966,9472,9493,2966,2966,9493,9493,9493,9472,9472,9493,2966,2966,9493,2966,2966,9472,2966,9493,9668,9668,9668,9668,9668,9493,9471,9668,9668,9668,9668,2966,9493,8611,8611,8606,8611,8606,9493,2966,9668,9668,9668,9668,9668,9668,9668,9493,8611,5535,8611,9472,2966,8244,8611,8610,8611,8611,9493,9471,7537,8611,8606,8606,8611,8611,8611,2966,8611,8611,8611,9471,9493,8611,8611,8611,8611,8611,9493,9471,7472,8611,8611,8611,8611,8611,8611,9493,8611,8611,8611,9471,9493,7277,7277,9668,9668,7277,2966,9493,8611,8611,8611,8611,8611,8611,8611,9493,7277,7277,9668,2316,9493,2966,9493,8611,9668,9668,9668,9668,9668,9668,9472,636,8611,2316,2326,2326,2326,2326,2326,2326,2326,2326,9471,8611,7303,8606,8611,412,8611,8611,9493,8611,2316,2966,8611,8611,8611,8611,8611,8611,8611,9493,2316,9493,8611,8611,8611,8611,8611,8611,8611,9493,9471,7226,7226,7252,7226,7226,7252,7226,3004,9493,2966,9493,7226,7226,7226,7226,7226,7226,7226,9471,2556,2556,2556,2556,2556,2556,2556,2556,2556,2556,2556,9493,9493,2966,2966,9471,2966,9472,9472,9472,9493,2966,9493,9471,9472,9471,2966,9472,9493,9493,9493,9471,9493,9493,9472,7277,9668,7277,7277,9668,9493,9471,9668,9668,9668,9668,2966,2966,9471,8606,8611,8611,8611,8610,9493,2966,9668,9668,9668,7277,9668,7277,7277,2966,8606,411,5122,9493,5122,9493,8611,8611,8611,8611,8611,9493,9493,8610,8611,8611,8611,8611,8611,8611,2966,8611,8611,8611,3099,2966,8611,8611,8611,8611,8611,9472,9493,7537,8611,8611,8611,8611,8611,8611,9493,8611,8611,8611,8611,9472,7277,9668,9668,7277,9668,9493,9471,7472,8611,8611,8611,8611,8611,8611,9493,9668,8611,8611,2316,3080,9472,2966,8611,9668,9668,9668,9668,9668,9668,9493,8611,8611,2316,9471,7226,7226,7226,7226,7226,2966,2966,8611,7303,8611,8611,8611,8078,8611,2966,8611,2316,2556,2556,2556,2556,2556,2556,2556,2556,9493,8611,8611,8611,8611,8611,8611,8611,9493,2316,2966,8611,8611,8611,8611,8611,8611,8611,2966,3061,7368,7368,7252,7368,7368,7252,7368,9471,2966,2346,2346,2346,2346,2346,2346,2346,2556,2346,2346,2346,9472,9493,9472,2966,9471,9493,9472,2966,9472,9472,9493,9493,9471,9493,9493,9472,9493,2966,9493,9493,9493,9493,9493,9472,7277,9668,9668,7277,9668,9472,9493,9668,9668,9668,9668,9472,9493,9472,631,8611,8611,8060,8057,2966,9471,7277,7277,9668,9668,9668,9668,9668,9493,8606,5122,3099,2966,8611,8611,8611,8611,8611,2966,9493,8610,8606,8606,3004,8610,3080,3042,9493,8611,8611,8611,8611,9472,8611,8611,8611,8611,8611,3080,9493,8610,8611,8611,8610,8611,9493,8611,8611,8611,8611,3061,7277,7277,7277,7277,7277,9493,2966,7277,7459,8611,8611,8611,3023,2966,9668,8611,8611,8611,3080,9493,9493,8611,7498,9668,9668,9668,9668,9668,9493,8611,8611,2566,8611,2346,2346,2346,2346,2346,2346,2346,2346,9471,8611,8611,8611,8611,8611,8075,8606,2966,8617,2316,2966,8611,8611,8611,8611,8611,8611,8611,9493,2316,9471,8611,8611,8611,8611,8611,8611,8611,2966,2966,7368,7368,7252,7368,7368,7252,7368,2985,2346,2346,2346,2556,2346,2346,2346,2346,2346,2346,2346,2966,2966,9493,9493,2966,2966,2966,2966,9493,9471,2966,9493,9493,9493,9493,9493,9493,9493,9471,9472,2966,9493,2966,2966,9668,7277,9668,9668,9668,2966,9493,9471,9493,9472,9472,9493,9493,2966,2966,2966,9472,9472,9493,2966,8109,8606,8611,8611,9715,9493,2966,3099,9471,9493,9472,9493,2966,2966,9493,9493,3099,9493,9493,8611,8611,8611,8611,9715,9493,9493,2966,9493,3099,3099,2966,2966,9493,9472,9493,8611,8611,8611,9493,8611,8611,8611,8611,9715,9493,2966,2966,2966,3118,2966,9493,9493,8200,2966,9471,3118,8611,8611,3061,9668,9668,7277,9668,7277,9493,9493,9493,9493,9493,2966,2966,9493,2966,9493,2966,2985,8611,8611,2346,2346,2346,2346,2346,2346,2346,2346,2966,9493,9493,2966,9493,2966,2966,9493,9493,2966,3004,8611,8611,9493,9471,9493,2966,9526,9493,9493,2966,2966,2966,2316,9493,9493,2966,9472,136,9493,9493,9493,9493,2316,9472,9472,9493,2966,3118,2966,9493,9493,9472,2346,2346,2346,2346,2346,2346,2346,9493,9472,2966,2346,4334,4394,4274,4334,4394,4274,9493,9493,9493,9472,9493,2966,9493,2966,2966,9493,9493,9472,2966,9493,2966,9471,9493,9493,2966,2966,9493,9471,9493,2966,9471,9472,9493,9493,9472,2966,2966,9493,9471,9471,9493,3099,9493,3099,9472,3099,4374,4434,4314,3080,2966,896,9493,896,9493,9493,4374,4434,4314,2966,9493,3118,9493,3118,9493,2966,4374,4294,4314,2346,2346,2346,2346,2346,2346,2346,2346,2346,4374,4434,4314,7537,7355,7537,7355,7537,4374,4434,4314,7303,7329,4434,4434,4314,2316,4374,4434,4314,2566,4374,4434,4314,4374,4434,4314,4374,4434,4314,4374,4434,4314,9493,2966,9493,9472,9493,2966,9493,9493,9472,9493,9493,2966,2966,7342,7342,7342,7342,7342],"DecorIndices":[],"DecorIds":[],"BlockEntities":{"2112516":"!<d@[F*L1t#QOl.E,TfC\"TSN&!<d@[F*^a2#64o6@VfsmCI<#NAIi<iDfRFNDes,u/R`:'A-<6[DffE0AQ_o>AD7X:57%O4E+NouA,uuGBl8**Ecai\\DIdQpErZ1","7355396":"!<d@[F*L1t#QOl.E,TfC$31&+!<d@[F*^a2#64o6@VfsmCI<#NAIi<iDfRFNDes,u/R`:'A-<6[DffE0AQ_o>AD7X:57%O4E+NouA,loFBl8**Ecai\\DIdQpErZ1","2102277":"!<d@[F*L4u#QOl.E,TfC\"TSN&!<d@[F*^C(#64o6@VfsmCI<#NAI;p\\ATMrFARTY%\"po!]G%GQ5DfU+(#'\"^#Dfg%+!!!!'\"`nKuFE7Zf0E;+R!!!Q2!!!$\"!!!-0FDl80CdVlEDI[8&bY12##6?OZ!<<*\"'*/(5!<<*\"\":K<iFCAuQBOPdgA^/Fm4obfg1&q=T!!!Q2!!!$\"!!!-0FDl80CdVlEDI[8&bY12##6?U\\!<<*\"'*/(5!<<*\"\":K<iFCAuQBOPdgA^/Fm4obfg1]ROV!!!Q2!!!$\"!!!-0FDl80CdVlEDI[8&bY12##6?[^!<<*\"'*/(5!<<*\"\":K<iFCAuQBOPdgA^/Fm4obfg2?3aX!!!Z5!!!$\"!!!-0FDl80CdVlEDI[8&bY12##6?a`!<<*\"&-2b2!<<*\"\":K<iFCAuQBOPdgA^/Fm4obQ_\"Uo!]E^FS\\@r\"GMA7Z*XBOu7,/S/@3F9MehH#R=%@rH1\"@;p:!A2=>pD.Rd%6#L=OA_Ra;56(","2103301":"!<d@[F*L4u#QOl.E,TfC\"TSN&!<d@[F*^F)#64o6@VfsmCI<#NAHcRa@<?&b$#+:#ASuU.Ed7ZiEH>r7FE7un!!!3,F)5c:EsD_\"!!*'\"!#u(@!!N?&z\"Uo!]E^FS\\@r\"GMA7YpSEaa'$\"U/^N@V'?`E+*]sE\\1j>E--@/\"E\\p.AI3R!De(G.B4YTV$#O6pBL-NKCh;?38O!4_CggdaCdW,WDfPgX!!!0.Ch[EYFCB9&#%MIfF(Jke$>a-[ASb:e@:O'R!!","2104325":"!<d@[F*L4u#QOl.E,TfC\"TSN&!<d@[F*^I*#64o6@VfsmCI<#NAHcRa@<?&b$#+:#ASuU.Ed7ZiEH>r7FE7un!!!3,F)5c:EsD_\"z!,;i@!$D7Az\"Uo!]E^FS\\@r\"GMA7YpSEaa'$\"U/^N@V'?U\"U&pmE+K?\"Df9/<@:s.^\":8pVF(djWB5D/-;u8c[$>a-[ASa_PCi==o!!!!&#]+3c;flGiAHlX\\Df]K##7>9U@V'@SFCAZp!<<","2111493":"!<d@[F*L4u#QOl.E,TfC\"TSN&!<d@[F*^^1#64o6@VfsmCI<#NAHu^]F`__:EWlSfH#R=4@rc\"\"AM7P6@<?'4F)>?%Cb9^M@:O(aA-<-XDffE0AQSp4!!!-.D.Rd%6#L=OA_Ra;^'\"[]DffE0AQf'6!!!<3@rH1\"ARfgnA,lT","7354373":"!<d@[F*L4u#QOl.E,TfC$31&+!<d@[F*^^1#64o6@VfsmCI<#NAHu^]F`__:EWlSfH#R=8@W-1#F(f-$G%G_JCh7*uF`M@O@W-1#/T5T>D?L2bDffE0AQSp4!!!-.D.Rd%6#L=OA`V%#56M43DffE0AQf'6!!!<3@rH1\"ARfgnA,lT","7356421":"!<d@[F*L4u#QOl.E,TfC$31&+!<d@[F*^d3#64o6@VfsmCI<#NAHu^]F`__:EWlSfH#R=%@<-4!Ci!O#GqfF,Ec6&.FCePS!!!!%$#O6pBL-NKCh;\\N(-i!-Ec6&.FCeVU!!!!*$\"ImiCh7*uARkc@","2103302":"!<d@[F*L8!#QOl.E,TfC\"TSN&!<d@[F*^F)#64o6@VfsmCI<#NAHu^]F`__:EWlSfH#R=4@rc\"\"AM7P6@<?'4F)>?%Cb9^M@:O(aA-<-XDffE0AQSp4!!!-.D.Rd%6#L=OA_R_e56M43DffE0AQf'6!!!<3@rH1\"ARfgnA,lT","2106374":"!<d@[F*L8!#QOl.E,TfC\"TSN&!<d@[F*^O,#64o6@VfsmCI<#NAIi<iDfRFNDes,u/R`:'A-<6[DffE0AQ_o>AD7Vd^^13`E+NouA,loFBl8**Ecai\\DIdQpErc:MCh74#6uR!a:iCDW!<<*\"!=WdUAopFZDfSZmF'/JC!!!$.Ch74#6uR!a:iCDYz!!","2111494":"!<d@[F*L8!#QOl.E,TfC\"TSN&!<d@[F*^^1#64o6@VfsmCI<#NAHu^]F`__:EWlSfH#R=3@rc\"\"AM7P6@<?'4D.R6lF_r^AD/aTB\":&scFCB9&=9&=$!!EUFATMNNDJ*csgCMCi\":&scFCB9&=o\\O&!!rsADes6$@ru9m!!!","2114566":"!<d@[F*L8!#QOl.E,TfC\"TSN&!<d@[F*^g4#64o6@VfsmCI<#NAJAZqH\"19'@psG\"/SK9D@;^!tA2+0\"FE1f-F(o`1Df/*aF`MOsAS-#az!:[`*'Pq3!F@0_Q@r\"AP<,ZkeCd_]WF!ld-8ZFg>5QC","11550726":"!<d@[F*L8!#QOl.E,TfC%KHJ/!<d@[F*^d3#64o6@VfsmCI<#NAI;p\\ATMrFARTY%\"po!]G%GQ5DfU+(#'\"^#Dfg%+!!!!'\"`nKuFE7Zf1&q=T!!!W4!!!$\"!!!!(!AjcW!!!!$!<<*#z#6?[^!<<*\"'`e:7!<<*\"!!`N_!!*'\"!#GY9!!*'\"!!!6)2ZNjY!!!$#!!!$\"!!!$&F('6'!<<*\"\"pT-j@:O(,#6f0j@:O'Qz$j-J0!<<*\"\"U&pmE+K5kDfT]'C]FSB@q]:g@q>W?0L5[C#'4lp@r!e(\"`nco@qu&E!!!!.!rr<%!!!!&\"E\\p.AHm$jEc#6$!!EL9BOPdgAH2]a5l_)nF*(i#CGH+uF*(i#CB+>7!!!K2!!!$\"!!!0*FEqh:#&\\@\"D..5\\\"9r@L@;]Rd!!\"]=!!WXKFCAZp1C\"))FCAZpz!\"T/3!!*'\"!!NLIH#R=!DJsQ4@;GoH#%M=TDI[5X!&-\\=\"pT-j@:O(0#6f0j@:O'Qz&-Dn4!<<*\"\"U&pmE+K5kDfT]'C]FSB@q]:g@q>W?0L5[C#'4lp@r!q,\"`nco@qu&E!!!!2!rr<%!!!!&\"E\\p.AHm$jEc#6$!!EL9BOPdgAH2]a5l_)nF*(i#CGlD$F*(i#CB+>7!!$:+!!!$\"!!!!%#%M=TDI[5X!!#:b\"pT-j@:O(3#6f0j@:O'QzPl^pc!<<*\"!!EL9BOPdgAH2]A5l_)nF*(i#CH)P&F*(i#CB+>7!!)3`!!!*$!!!!%#%M=TDI[5X!!#:b\"pT-j@:O(5#6f0j@:O'QzkQ(Y`!rr<$!!EL9BOPdgAH2]A5l^lb!!NdCDfS0\\De!QMDe*Dd@q]FpF=h'4F*%QgFEqh:$=e!jCgh:(ARmP!$#O6pBL-NKCh;?3aZfb","2102279":"!<d@[F*L;\"#QOl.E,TfC\"TSN&!<d@[F*^C(#64o6@VfsmCI<#NAHcRa@<?&b$#+:#ASuU.Ed7ZiEH>r7FE7un!!!3,F)5c:EsD_\"z!0dWe!!E9%z\"Uo!]E^FS\\@r\"GMA7YpSEaa'$\"U/^N@V'?U\"U&pmE+K?\"Df9/<@:s.^\":8pVF(djWB5D/6%nStd$>a-[ASa_PCi==o!!!!&#]+3c;flGiAHlX\\Df]K##7>9U@V'@SFCAZp!<<","2106375":"!<d@[F*L;\"#QOl.E,TfC\"TSN&!<d@[F*^O,#64o6@VfsmCI<#NAIi<iDfRFNDes,u/R`:'A-<6[DffE0AQ_o>AD7Vd^^13`E+NouA,loFBl8**Ecai\\DIdQpErZ4MEbT0\"F@:%cE_p[q=TAF$rrERLBkM+$6uR!a:iCDXz!=a'`B4uBTDf9YmDf](^z","2115591":"!<d@[F*L;\"#QOl.E,TfC\"TSN&!<d@[F*^j5#64o6@VfsmCI<#NAHu^]F`__:EWlSfH#R=(@;^7&Cb9+:Deip%0a%`%DffE0AQSp4!!!-.D.Rd%6#L=OA_R_e5Qh=4DffE0AQf'6!!!<3@rH1\"ARfgnA,lT","2116615":"!<d@[F*L;\"#QOl.E,TfC\"TSN&!<d@[F*^m6#64o6@VfsmCI<#NAJAZqH\"19'@psG\"/SK9D@;^!tA246#FE1f-F(o`1Df/*aF`MOsAS-#az!:[`*'Pq3!F@0_Q@r\"AP<,ZkeCd_]WF!ld-8ZFg>5QC","3160071":"!<d@[F*L;\"#QOl.E,TfC\"onW'!<d@[F*^^1#64o6@VfsmCI<#NAI`fjE+O*4Ed96SDfTr5#mPEgFED)3!!NLIH#R=#AoD^+DfT_N!!","4208647":"!<d@[F*L;\"#QOl.E,TfC#64`(!<d@[F*^^1#64o6@VfsmCI<#NAI`fjE+O*4Ed96SDfTr5#mPEgFED)3!!NLIH#R=#AoD^+DfT_M!!","7354375":"!<d@[F*L;\"#QOl.E,TfC$31&+!<d@[F*^^1#64o6@VfsmCI<#NAHu^]F`__:EWlSfH#R=&D.R3j/SJ^3E+O%m#BFa)@<?'_z\":8pVF(djWB5D/6&'7!<#BFa)@<?'az#mk*[Ci!ZmFCet_!!","7357447":"!<d@[F*L;\"#QOl.E,TfC$31&+!<d@[F*^g4#64o6@VfsmCI<#NAHu^]F`__:EWlSfH#R=4FCAWpAM%_:DJ(PFBln#?@r-(*BJ\"79A-<-XDffE0AQSp4!!!-.D.Rd%6#L=OAH2]1!!EOIDffE0AQf'6!!!<3@rH1\"ARfgnA,lT","8406023":"!<d@[F*L;\"#QOl.E,TfC$NL/,!<d@[F*^g4#64o6@VfsmCI<#NAHu^]F`__:EWlSfH#R=!B5DKqAMjSqEc6&.FCePS!!!!%$#O6pBL-NKCh;$nqnE7=Ec6&.FCeVU!!!!*$\"ImiCh7*uARkc@","2113544":"!<d@[F*L>##QOl.E,TfC\"TSN&!<d@[F*^d3#64o6@VfsmCI<#NAHu^]F`__:EWlSfH#R=1@rc\"\"AM7P6@<?'4F)>?%Cb9CEDJK@[Ec6&.FCePS!!!!%$#O6pBL-NKCh;\\N(;L%XEc6&.FCeVU!!!!*$\"ImiCh7*uARkc@","11553800":"!<d@[F*L>##QOl.E,TfC%KHJ/!<d@[F*^m6#64o6@VfsmCI<#NAIiTq@s)j7DImm2/Rr4%AH<'R@<b.XF`):(!!!!%%;B^%ATDs&Ce/JeEcZ$$/jB[NASuU(FEp5lA7]f_!!!!.Ci<g+F*'!CEc5iAAH;jW1&M\"NrrE1H1&M\"NrrE1I1&M\"NrrE1G1'IXX!!*.H1'.FU!!*.I1'IXX!!*RHBl6a`@<lF);IOHUAL%6U!!*RH@<bUb@<lF);IOHUAcMf1rrEUNE+*s.;IOHUAPI)RAH;c2!!*FJE+*s.6Z7*bF8u:@!!s?\\E+*s.:Msuo6\"Y4ME_1+eDfTq\"!>]BeBln&tCf,=`DKKT7GuJZjGA^u&z!>K6cBln&tCf>:]GA^9#@;^1$FEn&j!!!$+B6%p5E)UIsAHMo4!!s$W@<5\"WE,Tc=ARkcC'5V)uFAm-eGA^AuFCAuVDfp)AzNVZU?!>&s_FCfK1@;J;>E+*6jFEn2n!!!*2Bl8$(Ec,<%6YKnKB4V&Cz!!!*3Eb/`o@<-!l:h=Z<Dfp(#!!&[[RCPNa)Jii'F@0_MEbAr`E+EC!AQ3Si@;JJQF`MO'!!!\"YqG]`k%s)\\uGA^u&7;d3]FD5<-!<<*\"cBA5.z!X<=LEb%aP#QOi)z!>0$`F(o/r9Q+E`F*'cfF`):3z","2112521":"!<d@[F*LA$#QOl.E,TfC\"TSN&!<d@[F*^a2#64o6@VfsmCI<#NAI;p\\ATMrFARTY%\"po!]G%GQ5DfU+(#'\"^#Dfg%+!!!!'\"`nKuFE7Zf0E;+R!!!Z5!!!$\"!!!-0FDl80CdVlEDI[8&bY12##6?R[!<<*\"&-2b2!<<*\"\":K<iFCAuQBOPdgA^/Fm4obfg1]ROV!!!K0!!!$\"!!!-0FDl80CdVlEDI[5X!!#4`#6?[^!<<*\"'*/(5!<<*\"\":K<iFCAuQBOPdgA^/Fm4obfg2?3aX!!!f9!!!$\"!!!-0FDl80CdVlEDI[7qor(%S#6?a`!<<*\"2@]]e!<<*\"!!!!&$taEu6>URMCI<#NAI;p\\ATMrFARTY%\"U&pmE+KAdDes5uE-#T$1'@o#ATMNNDJ*csgCME@!!","2113545":"!<d@[F*LA$#QOl.E,TfC\"TSN&!<d@[F*^d3#64o6@VfsmCI<#NAHc[aEbAqg#\\.djFCf?3ErcCMAp%[$9P&BYC]FG8!!*=6F`MA6DJ&qL!!!*6CghC,<,#iX<,ZkeCe/JeEcV3\\!!&#T<'^K","2114569":"!<d@[F*LA$#QOl.E,TfC\"TSN&!<d@[F*^g4#64o6@VfsmCI<#NAIW9mDfor.F*)>@@:s-U$#+:#ASuU.Ed7ZiEH>r7FE7Qb!!!3,F)5c:EsD_$z!+Q'1!!*'\"z#n^cfEarZZFDl2.B4Xn[DfBat\":8pVF(djWB5D/6&';Qe$=S$u@:Nt?@:NjKz","2115593":"!<d@[F*LA$#QOl.E,TfC\"TSN&!<d@[F*^j5#64o6@VfsmCI<#NAHu^]F`__:EWlSfH#R=1@rc\"\"AM7P6@<?'4Cgh?sAM%Y>DJK@[Ec6&.FCePS!!!!%$#O6pBL-NKCh;\\N(;L%XEc6&.FCeVU!!!!*$\"ImiCh7*uARkc@","7354377":"!<d@[F*LA$#QOl.E,TfC$31&+!<d@[F*^^1#64o6@VfsmCI<#NAK#&pF`__:Eb/cjDf9E4BOu!lGA2/4Ci=?*\"U&pmE+LD+Df9E4BOu\"'ATKM6Df9E4BOu!l/TPuJDIm?1Ap%p+/So?GAMXGoEc6&.FCePS!!!!%$#O6pBL-NKCh;?3ahIr`Ec6&.FCeVU!!!!*$\"ImiCh7*uARkcE#BjNrBjkn$\"DD4[Ad&?[H#R=M!!NXEDfTDVDe*D_C2[uuErZ","7355401":"!<d@[F*LA$#QOl.E,TfC$31&+!<d@[F*^a2#64o6@VfsmCI<#NAK>8sF`__:Eb/cjDf9E4BOu!l/R`:'A78tV@qf?T\"E\\p.AKtZ&DejE-AScO$F\"_!@DejE-ASbs1Ecl)6ARmB)F_kkK1'@i&DffE0AQSp4!!!-.D.Rd%6#L=OA_Ra;^B=d^DffE0AQf'6!!!<3@rH1\"ARfgnA,lc<G%#E*@;^/iBOP^h\"U0!nE+Ld)!!","7356425":"!<d@[F*LA$#QOl.E,TfC$31&+!<d@[F*^d3#64o6@VfsmCI<#NAK#&pF`__:Eb/cjDf9E4BOu!lGA2/4Ci=?*\"U&pmE+LD+Df9E4BOu\"'ATKM6Df9E4BOu!l/TPuJDIm?1Ap%p+/So?GAMsYrEc6&.FCePS!!!!%$#O6pBL-NKCh;?3ahIr`Ec6&.FCeVU!!!!*$\"ImiCh7*uARkcE#BjNrBjkn$\"DD4[Ad&?[H#R=M!!NXEDfTDVDe*D_C2[uuErZ","7360521":"!<d@[F*LA$#QOl.E,TfC$31&+!<d@[F*^p7#64o6@VfsmCI<#NAHu^]F`__:EWlSfH#R=0@V'('@V'(%AmoReGqF&ZBl7Km1'@i&DffE0AQSp4!!!-.D.Rd%6#L=OA_Ra;^B=d^DffE0AQf'6!!!<3@rH1\"ARfgnA,lT","7361545":"!<d@[F*LA$#QOl.E,TfC$31&+!<d@[F*^s8#64o6@VfsmCI<#NAHu^]F`__:EWlSfH#R=0@V'('@V'(%AmoReGqF&ZBl7Km0a%`%DffE0AQSp4!!!-.D.Rd%6#L=OA_Ra;^B=d^DffE0AQf'6!!!<3@rH1\"ARfgnA,lT","8402953":"!<d@[F*LA$#QOl.E,TfC$NL/,!<d@[F*^^1#64o6@VfsmCI<#NAK>8sF`__:Eb/cjDf9E4BOu!l/R`:'A78tV@qf?T\"E\\p.AKtZ&DejE-AScO$F\"_!@DejE-ASbs1Ecl)6ARmB)F_kkK0a%`%DffE0AQSp4!!!-.D.Rd%6#L=OA_Ra;^B=d^DffE0AQf'6!!!<3@rH1\"ARfgnA,lc<G%#E*@;^/iBOP^h\"U0!nE+Ld)!!","8403977":"!<d@[F*LA$#QOl.E,TfC$NL/,!<d@[F*^a2#64o6@VfsmCI<#NAK#&pF`__:Eb/cjDf9E4BOu!lGA2/4Ci=?*\"U&pmE+LD+Df9E4BOu\"'ATKM6Df9E4BOu!l/TPuJDIm?1Ap%p+/So?GAMjSqEc6&.FCePS!!!!%$#O6pBL-NKCh;?3ahIr`Ec6&.FCeVU!!!!*$\"ImiCh7*uARkcE#BjNrBjkn$\"DD4[Ad&?[H#R=M!!!","8405001":"!<d@[F*LA$#QOl.E,TfC$NL/,!<d@[F*^d3#64o6@VfsmCI<#NAK>8sF`__:Eb/cjDf9E4BOu!l/R`:'A78tV@qf?T\"E\\p.AKtZ&DejE-AScO$F\"_!@DejE-ASbs1Ecl)6ARmB(D/aTB1^\"&(DffE0AQSp4!!!-.D.Rd%6#L=OA_Ra;^B=d^DffE0AQf'6!!!<3@rH1\"ARfgnA,lc<G%#E*@;^/iBOP^h\"U0!nE+Ld)!!","9451529":"!<d@[F*LA$#QOl.E,TfC$ig8-!<d@[F*^^1#64o6@VfsmCI<#NAHu^]F`__:EWlSfH#R=(F(f-$Ah@V2@<64*0a%`%DffE0AQSp4!!!-.D.Rd%6#L=OA_Ra;^B=d^DffE0AQf'6!!!<3@rH1\"ARfgnA,lT","9452553":"!<d@[F*LA$#QOl.E,TfC$ig8-!<d@[F*^a2#64o6@VfsmCI<#NAHu^]F`__:EWlSfH#R=/F(f-$Ah@S2E--@WF*)G2BkM+$\":&scFCB9&=9&=$!!EUFATMNNDJ*csgCME@\":&scFCB9&=o\\O&!!rsADes6$@ru9m!!!","9453577":"!<d@[F*LA$#QOl.E,TfC$ig8-!<d@[F*^d3#64o6@VfsmCI<#NAHu^]F`__:EWlSfH#R=&F(f-$Ah@S2E--@.#BFa)@<?'_z\":8pVF(djWB5D/6&';Qh#BFa)@<?'az#mk*[Ci!ZmFCet_!!","7357450":"!<d@[F*LD%#QOl.E,TfC$31&+!<d@[F*^g4#64o6@VfsmCI<#NAIi<iDfRFNDes,u/R`:'A-<6[DffE0AQ_o>AD7X:^Bk*_E+NouA,loFBl8**Ecai\\DIdQpErZ4MEbT0\"F@:%cE_p[q=9&=$!!*OLBkM+$6uR!a:iCDXz!=a'`B4uBTDf9YmDf](_z","7358474":"!<d@[F*LD%#QOl.E,TfC$31&+!<d@[F*^j5#64o6@VfsmCI<#NAIi<iDfRFNDes,u/R`:'A-<6[DffE0AQ_o>AD7X:^Bk*_E+NouA,loFBl8**Ecai\\DIdQpErc:MCh74#6uR!a:iCDWz!=WdUAopFZDfSZmF'/JC!!!$.Ch74#6uR!a:iCDYs8W-!!!","2102283":"!<d@[F*LG&#QOl.E,TfC\"TSN&!<d@[F*^C(#64o6@VfsmCI<#NAHu^]F`__:EWlSfH#R=0@rc\"\"AM7P6@<?'4Cgh?sAM%q@F9DhhDffE0AQSp4!!!-.D.Rd%6#L=OA`V%#^B=d^DffE0AQf'6!!!<3@rH1\"ARfgnA,lT","2103307":"!<d@[F*LG&#QOl.E,TfC\"TSN&!<d@[F*^F)#64o6@VfsmCI<#NAHu^]F`__:EWlSfH#R=9@rc\"\"AM7P6@<?'4D.R6lF_r^LDfg)4Ed96FCifdbEc6&.FCePS!!!!%$#O6pBL-NKCh;?3ahIr`Ec6&.FCeVU!!!!*$\"ImiCh7*uARkc@","2105355":"!<d@[F*LG&#QOl.E,TfC\"TSN&!<d@[F*^L+#64o6@VfsmCI<#NAKu;;Dfo]+/SAX4ATDKpGAhD1/Snj9B4WZ.ART+$DJsQ;BEecWDK]T/FDl2F!=!ObCi=E:\"98E%\"pK'aDfg%#!!Na?Df0Z.DKJ6aA7Y`@","2118675":"!<d@[F*L_.#QOl.E,TfC\"TSN&!<d@[F*^s8#64o6@VfsmCI<#NAIi<iDfRFNDes,u/R`:'A-<6[DffE0AQ_o>AD7X:57%O4E+NouA,loFBl8**Ecai\\DIdQpErZ1","3159059":"!<d@[F*L_.#QOl.E,TfC\"onW'!<d@[F*^[0#64o6@VfsmCI<#NAIi<iDfRFNDes,u/R`:'A-<6[DffE0AQ_o>AD7X:57%O4E+NouA,loFBl8**Ecai\\DIdQpErZ1","7357459":"!<d@[F*L_.#QOl.E,TfC$31&+!<d@[F*^g4#64o6@VfsmCI<#NAIi<iDfRFNDes,u/R`:'A-<6[DffE0AQ_o>AD7X:57%O4E+NouA,loFBl8**Ecai\\DIdQpErc:MCh74#6uR!a:iCDWz!=WdUAopFZDfSZmF'/JC!!!$.Ch74#6uR!a:iCDY!<<*\"!!","7358483":"!<d@[F*L_.#QOl.E,TfC$31&+!<d@[F*^j5#64o6@VfsmCI<#NAIi<iDfRFNDes,u/R`:'A-<6[DffE0AQ_o>AD7X:57%O4E+NouA,loFBl8**Ecai\\DIdQpErZ4MEbT0\"F@:%cE_p[q=9&=$!!*OLBkM+$6uR!a:iCDXz!=a'`B4uBTDf9YmDf]+^s8W*!","2103316":"!<d@[F*Lb/#QOl.E,TfC\"TSN&!<d@[F*^F)#64o6@VfsmCI<#NAIi<iDfRFNDes,u/R`:'A-<6[DffE0AQ_o>AD7X:57%O4E+NouA,loFBl8**Ecai\\DIdQpErZ1","2119700":"!<d@[F*Lb/#QOl.E,TfC\"TSN&!<d@[F*_!9#64o6@VfsmCI<#NAI;p\\ATMrFARTY%\"po!]G%GQ5DfU+(#'\"^#Dfg%+!!!!'\"`nKuFE7Zf1B7FU!!!Z5!!!$\"!!!!(!AjcW!!!!4!<<*#z#6?^_!<<*\"!W`9$!<<*\"!!`N`!!*'\"!!**#!!*'\"!!*4D@<Q2_!!!!'#'4lp@r!b'\"`nco@qu&E!!!!\"!rr<%!!!!&\"E\\p.AHm$jEc#6$!!EL9BOPdgAH2]q5l_)nF*(i#CG?%tF*(i#CB+>7!!!'&!!!$\"!!!0*FEqh:#&\\@\"D..5\\\"9r@L@;]Rd!!#8M!!WXKFCAZp1'[u(FCAZpz!!<<'!!*'\"!!NLIH#R=!DJsQ4@;GoH#%M=TDI[5X!'igM\"pT-j@:O(/#6f0j@:O'Qz\"9SW(!<<*\"\"U&pmE+K5kDfT]'C]FSB@q]:g@q>W?5X>AS#'4lp@r!n+\"`nco@qu&E!!!!'!rr<%!!!!&\"E\\p.AHm$jEc#6$!!EL9BOPdgAH2]Q5l_)nF*(i#CGc>#F*(i#CB+>7!!!!$!!!$\"!!!0*FEqh:#&\\@\"D..5\\\"9r@L@;]Rd!!#8M!!WXKFCAZp2?sD,FCAZpz!*oX+!!*'\"!!!-+@q]:g@q>W?+@,u3#'4lp@r\"\".\"`nco@qu&E!!!\"a!WW3$z\"9r@L@;]Rd!!\"--!!WXKFCAZp3!TV.FCAZpz!9aF`!!<3$!!!-+@q]:g@q>W?+@,u3#'4lp@r\"(0\"`nco@qu&E!!!#_!<<*%z\"9r@L@;]Rd!!\"--z\"Uo!]E^FS\\@r\"GMA7Z*XBOu7,/S/@3F9MehH#R=%@rH1\"@;p:!A2+2nD.Rd%6#L=OA_Ra;56(","3163156":"!<d@[F*Lb/#QOl.E,TfC\"onW'!<d@[F*^g4#64o6@VfsmCI<#NAIW9mDfor.F*)>@@:s-U$#+:#ASuU.Ed7ZiEH>r7FE7Qb!!!3,F)5c:EsD_#!!*'\"!\"oJ9!!*'\"z#n^cfEarZZFDl2.B4Xn[DfBat\":8pVF(djWB5D/6&';Qe$=S$u@:Nt?@:NjNz","3168276":"!<d@[F*Lb/#QOl.E,TfC\"onW'!<d@[F*_!9#64o6@VfsmCI<#NAHu^]F`__:EWlSfH#R=(F(f-$Ah@V2@<64*1'@i&DffE0AQSp4!!!-.D.Rd%6#L=OA_Ra;56M43DffE0AQf'6!!!<3@rH1\"ARfgnA,lT","7354388":"!<d@[F*Lb/#QOl.E,TfC$31&+!<d@[F*^^1#64o6@VfsmCI<#NAHu^]F`__:EWlSfH#R=%@q]:bE\\2*GDJ'(WEc6&.FCePS!!!!%$#O6pBL-NKCh;?3ah@l_Ec6&.FCeVU!!!!*$\"ImiCh7*uARkc@","7356436":"!<d@[F*Lb/#QOl.E,TfC$31&+!<d@[F*^d3#64o6@VfsmCI<#NAHu^]F`__:EWlSfH#R=.F(f-$Ah@h-@P)/2F_Pf3ASuSm#BFa)@<?'_z\":8pVF(djWB5D/6&'7$=#BFa)@<?'az#mk*[Ci!ZmFCet_!!","8405012":"!<d@[F*Lb/#QOl.E,TfC$NL/,!<d@[F*^d3#64o6@VfsmCI<#NAHu^]F`__:EWlSfH#R=(F(f-$Ah@V2@<64*1'@i&DffE0AQSp4!!!-.D.Rd%6#L=OA_Ra;56M43DffE0AQf'6!!!<3@rH1\"ARfgnA,lT","2106389":"!<d@[F*Le0#QOl.E,TfC\"TSN&!<d@[F*^O,#64o6@VfsmCI<#NAHu^]F`__:EWlSfH#R=1@rc\"\"AM7P6@<?'4Cgh?sAM%Y>DJK@[Ec6&.FCePS!!!!%$#O6pBL-NKCh;?38O*C`Ec6&.FCeVU!!!!*$\"ImiCh7*uARkc@","2117653":"!<d@[F*Le0#QOl.E,TfC\"TSN&!<d@[F*^p7#64o6@VfsmCI<#NAHu^]F`__:EWlSfH#R=5FCAWpAM%_:DJ(PFBln#?@r-(*BJ!\\0F_([\\Ec6&.FCePS!!!!%$#O6pBL-NKCh;?3aZfn5Ec6&.FCeVU!!!!*$\"ImiCh7*uARkc@","3163157":"!<d@[F*Le0#QOl.E,TfC\"onW'!<d@[F*^g4#64o6@VfsmCI<#NAHu^]F`__:EWlSfH#R=(FCAWpAM%qFBl7Km2$=/)DffE0AQSp4!!!-.D.Rd%6#L=OA_R_e5Qh=4DffE0AQf'6!!!<3@rH1\"ARfgnA,lT","3166229":"!<d@[F*Le0#QOl.E,TfC\"onW'!<d@[F*^p7#64o6@VfsmCI<#NAHu^]F`__:EWlSfH#R=&FCB'&/SAm.F)s5B#BFa)@<?'_z\":8pVF(djWB5D/?bEb?q#BFa)@<?'az#mk*[Ci!ZmFCet_!!","7354389":"!<d@[F*Le0#QOl.E,TfC$31&+!<d@[F*^^1#64o6@VfsmCI<#NAHu^]F`__:EWlSfH#R=%FCAWpAM%>'ARkoKEc6&.FCePS!!!!%$#O6pBL-NKCh3SH!!!-,Ec6&.FCeVU!!!!*$\"ImiCh7*uARkc@","2104342":"!<d@[F*Lh1#QOl.E,TfC\"TSN&!<d@[F*^I*#64o6@VfsmCI<#NAHu^]F`__:EWlSfH#R=6FCAWpAM%_:DJ(PFBln#?@r-(*BJ!k;AS#`^#BFa)@<?'_z\":8pVF(djWB5D/;m4U^-#BFa)@<?'az#mk*[Ci!ZmFCet_!!","2106390":"!<d@[F*Lh1#QOl.E,TfC\"TSN&!<d@[F*^O,#64o6@VfsmCI<#NAHu^]F`__:EWlSfH#R=1@rc\"\"AM7P6@<?'4F)>?%Cb9CEDJK@[Ec6&.FCePS!!!!%$#O6pBL-NKCh;Pl00fXFEc6&.FCeVU!!!!*$\"ImiCh7*uARkc@","3152918":"!<d@[F*Lh1#QOl.E,TfC\"onW'!<d@[F*^I*#64o6@VfsmCI<#NAIW9mDfor.F*)>@@:s-U$#+:#ASuU.Ed7ZiEH>r7FE7Qb!!!3,F)5c:EsD_%z!-SDD!!*'\"z#n^cfEarZZFDl2.B4Xn[DfBat\":8pVF(djWB5D/6%nXP;$=S$u@:Nt?@:NjKz","3160086":"!<d@[F*Lh1#QOl.E,TfC\"onW'!<d@[F*^^1#64o6@VfsmCI<#NAHu^]F`__:EWlSfH#R=(FCAWpAM%qFBl7Km1^\"&(DffE0AQSp4!!!-.D.Rd%6#L=OA_Ra;^B=d^DffE0AQf'6!!!<3@rH1\"ARfgnA,lT","3161110":"!<d@[F*Lh1#QOl.E,TfC\"onW'!<d@[F*^a2#64o6@VfsmCI<#NAHu^]F`__:EWlSfH#R=9@rc\"\"AM7P6@<?'4D.R6lF_r^LDfg)4Ed96FCifdbEc6&.FCePS!!!!%$#O6pBL-NKCh;\\N(;L%XEc6&.FCeVU!!!!*$\"ImiCh7*uARkc@","7354390":"!<d@[F*Lh1#QOl.E,TfC$31&+!<d@[F*^^1#64o6@VfsmCI<#NAHu^]F`__:EWlSfH#R=%@q]:bE\\2*GDJ'(WEc6&.FCePS!!!!%$#O6pBL-NKCh3SH!!!-,Ec6&.FCeVU!!!!*$\"ImiCh7*uARkc@","7356438":"!<d@[F*Lh1#QOl.E,TfC$31&+!<d@[F*^d3#64o6@VfsmCI<#NAJAZqH\"19'@psG\"/SK9D@;^!tA246#FE1f-F(o`1Df/*aF`MOsAS-#az!:[`*'Pq3!F@0_Q@r\"AP<,ZkeCd_]WF!ld-8ZFg>5QC","2102295":"!<d@[F*Lk2#QOl.E,TfC\"TSN&!<d@[F*^C(#64o6@VfsmCI<#NAHu^]F`__:EWlSfH#R=&FCB'&/SAm.F)s)>#BFa)@<?'_z\":8pVF(djWB5D/6&'7!<#BFa)@<?'az#mk*[Ci!ZmFCet_!!","2106391":"!<d@[F*Lk2#QOl.E,TfC\"TSN&!<d@[F*^O,#64o6@VfsmCI<#NAIW9mDfor.F*)>@@:s-U$#+:#ASuU.Ed7ZiEH>r7FE7Qb!!!3,F)5c:EsD_#!!*'\"!7(iL!!*'\"z#n^cfEarZZFDl2.B4Xn[DfBat\":8pVF(djWB5D,Z!!!!\"$=S$u@:Nt?@:NjMz","2117655":"!<d@[F*Lk2#QOl.E,TfC\"TSN&!<d@[F*^p7#64o6@VfsmCI<#NAHu^]F`__:EWlSfH#R=0@V'('@V'(%AmoReGqF&ZBl7Km1'@i&DffE0AQSp4!!!-.D.Rd%6#L=OAH2]1!!EOIDffE0AQf'6!!!<3@rH1\"ARfgnA,lT","2118679":"!<d@[F*Lk2#QOl.E,TfC\"TSN&!<d@[F*^s8#64o6@VfsmCI<#NAJAZqH\"19'@psG\"/SK9D@;^!tA2+0\"FE1f-F(o`1Df/*aF`MOsAS-#az!:[`*'Pq3!F@0_Q@r\"AP<,ZkeCd_]WF!ld-8ZFg>5QC","3158039":"!<d@[F*Lk2#QOl.E,TfC\"onW'!<d@[F*^X/#64o6@VfsmCI<#NAIW9mDfor.F*)>@@:s-U$#+:#ASuU.Ed7ZiEH>r7FE7Qb!!!3,F)5c:EsD_\"!!*'\"!!NH)!\"],1!!WgQASlBtEaa'4Eb,=fFCf<.ATD4$F`M%e@<6NjE+EC!ANNRkDZ<du5QhI:ASlBtEaa'4Eb,4NTKrPX!!!<;AoD^\"AQ*\\hEa`Tl:i^JnErZ=LD.Rd%6#L=OAH2]1!!*F8FECr$BLZE?AH2]1!!!","2106392":"!<d@[F*Ln3#QOl.E,TfC\"TSN&!<d@[F*^O,#64o6@VfsmCI<#NAJ\\feA1`\"DDe*9hARmB+ART+$DJsQ;BEAc_Dfor>ARn,Q7;d3]FEpGgzz\"VPZjF`);4A3tQ<CghU#E`Hga!!!","2117656":"!<d@[F*Ln3#QOl.E,TfC\"TSN&!<d@[F*^p7#64o6@VfsmCI<#NAHu^]F`__:EWlSfH#R=0@V'('@V'(%AmoReGqF&ZBl7Km0a%`%DffE0AQSp4!!!-.D.Rd%6#L=OAH2]1!!EOIDffE0AQf'6!!!<3@rH1\"ARfgnA,lT","3158040":"!<d@[F*Ln3#QOl.E,TfC\"onW'!<d@[F*^X/#64o6@VfsmCI<#NAIW9mDfor.F*)>@@:s-U$#+:#ASuU.Ed7ZiEH>r7FE7Qb!!!3,F)5c:EsD_\"!!*'\"!!NH)!$D7A!!WgQASlBtEaa'4Eb,=fFCf<.ATD4$F`M%e@<6NjE+EC!ANNRkDZ<du5QhI:ASlBtEaa'4Eb,4NTKrPX!!!<;AoD^\"AQ*\\hEa`Tl:i^JnErZ=LD.Rd%6#L=OAH2]1!!*F8FECr$BLZE?AH2]1!!!","3159064":"!<d@[F*Ln3#QOl.E,TfC\"onW'!<d@[F*^[0#64o6@VfsmCI<#NAHu^]F`__:EWlSfH#R=5@rc\"\"AM7P6@<?'4D.R6lF_r^LDfg)4Ed7cmEc6&.FCePS!!!!%$#O6pBL-NKCh;\\NQG3P-Ec6&.FCeVU!!!!*$\"ImiCh7*uARkc@","3160088":"!<d@[F*Ln3#QOl.E,TfC\"onW'!<d@[F*^^1#64o6@VfsmCI<#NAHu^]F`__:EWlSfH#R=3@rc\"\"AM7P6@<?'4D.R6lF_r^AD/aTB\":&scFCB9&=9&=$!!EUFATMNNDJ*csdSp%X\":&scFCB9&=o\\O&!!rsADes6$@ru9m!!!","3162136":"!<d@[F*Ln3#QOl.E,TfC\"onW'!<d@[F*^d3#64o6@VfsmCI<#NAIW9mDfor.F*)>@@:s-U$#+:#ASuU.Ed7ZiEH>r7FE7Qb!!!3,F)5c:EsD_\"z!-SDD!!*'\"!!!6)1&q:S!!)3`!!!$\"z!!s6LDfT?!;flqu@:s.JEc5o<!!EUFATMNNDJ*csgCME@!=E7WFCAZm7U]e<z!!","4206616":"!<d@[F*Ln3#QOl.E,TfC#64`(!<d@[F*^X/#64o6@VfsmCI<#NAIW9mDfor.F*)>@@:s-U$#+:#ASuU.Ed7ZiEH>r7FE7Qb!!!3,F)5c:EsD_\"!!*'\"!!NH)!\"&]+!!WgQASlBtEaa'4Eb,=fFCf<.ATD4$F`M%e@<6NjE+EC!ANNRkDZ<du5QhI:ASlBtEaa'4Eb,4NTKrPX!!!<;AoD^\"AQ*\\hEa`Tl:i^JnErZ=LD.Rd%6#L=OAH2]1!!*F8FECr$BLZE?AH2]1!!!","4209688":"!<d@[F*Ln3#QOl.E,TfC#64`(!<d@[F*^a2#64o6@VfsmCI<#NAIW9mDfor.F*)>@@:s-U$#+:#ASuU.Ed7ZiEH>r7FE7Qb!!!3,F)5c:EsD_#z!9aF`!!*'\"z#n^cfEarZZFDl2.B4Xn[DfBat\":8pVF(djWB5D/6&';Qe$=S$u@:Nt?@:NjKz","7357464":"!<d@[F*Ln3#QOl.E,TfC$31&+!<d@[F*^g4#64o6@VfsmCI<#NAJS`dA1`\"DDe*9hARmB+ART+$G@bi;!YK9fF`);4A3tQ1DKKT7GtDNHz!!!!&&oDQ0DKKH#6?uCD@<lF)<G>tD!!","7358488":"!<d@[F*Ln3#QOl.E,TfC$31&+!<d@[F*^j5#64o6@VfsmCI<#NAHu^]F`__:EWlSfH#R=(F(f-$Ah@k2A8,O^C]ju`DffE0AQSp4!!!-.D.Rd%6#L=OA_Ra;^B=d^DffE0AQf'6!!!<3@rH1\"ARfgnA,lT","2102297":"!<d@[F*Lq4#QOl.E,TfC\"TSN&!<d@[F*^C(#64o6@VfsmCI<#NAI;p\\ATMrFARTY%\"po!]G%GQ5DfU+(#'\"^#Dfg%+!!!!'\"`nKuFE7Zf0E;+R!!!0'!!!$\"!!!!(!AXWU!!!!)$ig8.z#6?[^!<<*\"#Rg\\5!<<*\"!!`N_!!*'\"!!30$!!*'\"!!!6)2ZNjY!!\"qf!!!$\"z!!NdCDfS0\\De!QMDe*Dd@q]FpF=h'4F*%QgFEqh:$=e!jCgh:(ARmP!$#O6pBL-NKCh3SH!!!!","2103321":"!<d@[F*Lq4#QOl.E,TfC\"TSN&!<d@[F*^F)#64o6@VfsmCI<#NAHu^]F`__:EWlSfH#R=%@q]:bE\\2*GDJ'(WEc6&.FCePS!!!!%$#O6pBL-NKCh3SH!!!-,Ec6&.FCeVU!!!!*$\"ImiCh7*uARkc@","2106393":"!<d@[F*Lq4#QOl.E,TfC\"TSN&!<d@[F*^O,#64o6@VfsmCI<#NAK>8sF`__:Eb/cjDf9E4BOu!l/R`:'A78tV@qf?T\"E\\p.AKkT%DejE-AScO$F\"_!@DejE-ASbs1Ecl)6ARmB)F_kkL\":&scFCB9&=9&=$!!EUFATMNNDJ*csgCHlk\":&scFCB9&=o\\O&!!rsADes6$@ru9m!!NUN@<-'jDKH\"p@;KNZ\"a#$/AMO5c","3154969":"!<d@[F*Lq4#QOl.E,TfC\"onW'!<d@[F*^O,#64o6@VfsmCI<#NAK>8sF`__:Eb/cjDf9E4BOu!l/R`:'A78tV@qf?T\"E\\p.AKkT%DejE-AScO$F\"_!@DejE-ASbs1Ecl)6ARmB)F_kkO\":&scFCB9&=9&=$!!EUFATMNNDJ*csgCHlk\":&scFCB9&=o\\O&!!rsADes6$@ru9m!!NUN@<-'jDKH\"p@;KNZ\"a#$/AMO5c","4203545":"!<d@[F*Lq4#QOl.E,TfC#64`(!<d@[F*^O,#64o6@VfsmCI<#NAK>8sF`__:Eb/cjDf9E4BOu!l/R`:'A78tV@qf?T\"E\\p.AKkT%DejE-AScO$F\"_!@DejE-ASbs1Ecl)6ARmB)F_kkM\":&scFCB9&=9&=$!!EUFATMNNDJ*csgCHk@\":&scFCB9&=o\\O&!!rsADes6$@ru9m!!NUN@<-'jDKH\"p@;KNZ\"a#$/AMO5c","4212761":"!<d@[F*Lq4#QOl.E,TfC#64`(!<d@[F*^j5#64o6@VfsmCI<#NAIN0bEb03(F=h!@Ch*_VBl8**DKKf;Gl\\+hF)5c:EsD[F!!WUJCi=E:#6?OZzPl^pc!<<*\"!!!!%&nZ9,DII$d<+TocATD4$F`M$n!2)UY%W,X!<+TocATD4$F`M$n!!!!%%W?B!6Z6mYBl7Q_Bl.D]!!!!%$taWnCdN8bDH(=eAH2]1!!EgL@<b7aASa\\UEc+ijD.N\\I!!!*:AU&<2DJ+*+F(f,q<,ZkeCe/JeEcV3\\z!!!<7@ps7HB5VF*AO^fRC]FSF@prk\\ARn8QAS_>H!!!!","7355417":"!<d@[F*Lq4#QOl.E,TfC$31&+!<d@[F*^a2#64o6@VfsmCI<#NAIi<iDfRFNDes,u/R`:'A-<6[DffE0AQ_o>AD7X:^Bk*_E+NouA,loFBl8**Ecai\\DIdQpErZ1"},"Entities":["$q5&UBlnVoDe!p2F9XHP0fUdDcBA5.z\"q\"dVBl.:#Bl@m1!!WmDG][t78T&-Y<+U;r\"UARTB2iSVEXkKGD..'g+EV=/E]P<u!!3@<ATD<QA-`/8z!!ELEDFenjF8u:@!!WX@ARTCsBEScR@<6!s@<cHs@;L%!!!'f\"\":\\j`EcP`/FD,5oCij=j!5Li&$#O*qBOtUgFD(XS^d%l(\"_;1S@<hqbFDl80Ce/JeEcXW[@:T?<!!&#T<'^Ke#A@[WA6E>bz\":8aQ@:W2KFCSta!!!!\"$Y=3tBlnW!FCB9&z\"pK'i@<?Pj\";bc_Ch6O`F`(_WBOPdgAPI)RBkD'jEW?)i56(Z`!&QL<)F2mQ++4Z@*^B]*1Vn>\\0gG^=!!)kK(I.s#zzz!!%?[Y\".GsUd'pL2*?h%LVEfh!&QL<)F2mQ++4Z@*^B]*1Vn>\\0gH1aDe!p2F=gsBDf0l4\"U8mcBkM-t%:sF!BlnWAE+*s.AT@taASl@-Bl@m1FCB9&ErZ:HF)YQ3DHIVGbQsCt+@-)6F)YQ3DHSr:<8JQQ,X;G9F)YQ3DHa,_=P$J;+$g#>G@>B\"ATC[WDJ*NTF_l[=#X8>.AmoCiARn/HDKBB!F`_>@APcfWBP(srA9/1[!!!-.A7]1kBN/\\_AH2]1!!!!\"+92B"],"ReplaceMode":2,"EntranceRotation":-1}