{
	"editor": {
		"allAngles": true,
		"entityTextureMode": false
	},
	"textureWidth": 16,
	"textureHeight": 16,
	"textureSizes": {
	},
	"textures": {
	},
	"elements": [
		{
			"name": "origin",
			"from": [ 0.0, 0.0, 0.0 ],
			"to": [ 0.0, 0.0, 0.0 ],
			"faces": {
				"north": {
					"texture": "#frame",
					"uv": [ 0.0, 0.0, 0.5, 0.5 ],
					"enabled": false
				},
				"east": {
					"texture": "#frame",
					"uv": [ 0.0, 0.0, 0.5, 0.5 ],
					"enabled": false
				},
				"south": {
					"texture": "#frame",
					"uv": [ 0.0, 0.0, 0.5, 0.5 ],
					"enabled": false
				},
				"west": {
					"texture": "#frame",
					"uv": [ 0.0, 0.0, 0.5, 0.5 ],
					"enabled": false
				},
				"up": {
					"texture": "#frame",
					"uv": [ 0.0, 0.0, 0.5, 0.5 ],
					"enabled": false
				},
				"down": {
					"texture": "#frame",
					"uv": [ 0.0, 0.0, 0.5, 0.5 ],
					"enabled": false
				}
			},
			"children": [
				{
					"name": "floor",
					"from": [ 2.0, 0.5, 2.0 ],
					"to": [ 14.0, 1.5, 14.0 ],
					"rotationOrigin": [ 1.0, 0.5, 1.0 ],
					"faces": {
						"north": {
							"texture": "#frame",
							"uv": [ 0.0, 15.0, 12.0, 16.0 ]
						},
						"east": {
							"texture": "#frame",
							"uv": [ 0.0, 0.0, 12.0, 1.0 ]
						},
						"south": {
							"texture": "#frame",
							"uv": [ 0.0, 15.0, 12.0, 16.0 ]
						},
						"west": {
							"texture": "#frame",
							"uv": [ 0.0, 2.0, 12.0, 3.0 ]
						},
						"up": {
							"texture": "#frame",
							"uv": [ 1.5, 2.0, 13.5, 14.0 ],
							"rotation": 90
						},
						"down": {
							"texture": "#frame",
							"uv": [ 1.5, 2.0, 13.5, 14.0 ],
							"rotation": 90
						}
					}
				},
				{
					"name": "Cube15",
					"from": [ 0.5, 2.0, 0.5 ],
					"to": [ 2.5, 7.0, 2.5 ],
					"rotationOrigin": [ 0.5, 2.0, 0.5 ],
					"faces": {
						"north": {
							"texture": "#frame",
							"uv": [ 0.5, 3.5, 5.5, 5.5 ],
							"rotation": 90
						},
						"east": {
							"texture": "#frame",
							"uv": [ 0.0, 0.0, 5.0, 2.0 ],
							"rotation": 90
						},
						"south": {
							"texture": "#frame",
							"uv": [ 0.0, 0.5, 5.0, 2.5 ],
							"rotation": 90
						},
						"west": {
							"texture": "#frame",
							"uv": [ 2.5, 7.0, 7.5, 9.0 ],
							"rotation": 90
						},
						"up": {
							"texture": "#frame",
							"uv": [ 0.0, 0.0, 2.0, 2.0 ]
						},
						"down": {
							"texture": "#frame",
							"uv": [ 0.0, 0.0, 2.0, 2.0 ]
						}
					}
				},
				{
					"name": "Cube16",
					"from": [ 0.5, 2.0, 13.5 ],
					"to": [ 2.5, 7.0, 15.5 ],
					"rotationOrigin": [ 0.5, 2.0, 13.5 ],
					"faces": {
						"north": {
							"texture": "#frame",
							"uv": [ 2.5, 7.5, 7.5, 9.5 ],
							"rotation": 90
						},
						"east": {
							"texture": "#frame",
							"uv": [ 1.0, 2.0, 6.0, 4.0 ],
							"rotation": 90
						},
						"south": {
							"texture": "#frame",
							"uv": [ 4.0, 10.5, 9.0, 12.5 ],
							"rotation": 90
						},
						"west": {
							"texture": "#frame",
							"uv": [ 0.5, 1.5, 5.5, 3.5 ],
							"rotation": 90
						},
						"up": {
							"texture": "#frame",
							"uv": [ 0.0, 0.0, 2.0, 2.0 ]
						},
						"down": {
							"texture": "#frame",
							"uv": [ 0.0, 0.0, 2.0, 2.0 ]
						}
					}
				},
				{
					"name": "Cube17",
					"from": [ 13.5, 2.0, 13.5 ],
					"to": [ 15.5, 7.0, 15.5 ],
					"rotationOrigin": [ 13.5, 2.0, 13.5 ],
					"faces": {
						"north": {
							"texture": "#frame",
							"uv": [ 3.0, 8.0, 8.0, 10.0 ],
							"rotation": 90
						},
						"east": {
							"texture": "#frame",
							"uv": [ 0.0, 6.5, 5.0, 8.5 ],
							"rotation": 90
						},
						"south": {
							"texture": "#frame",
							"uv": [ 1.0, 7.0, 6.0, 9.0 ],
							"rotation": 90
						},
						"west": {
							"texture": "#frame",
							"uv": [ 2.5, 12.0, 7.5, 14.0 ],
							"rotation": 90
						},
						"up": {
							"texture": "#frame",
							"uv": [ 0.0, 0.0, 2.0, 2.0 ]
						},
						"down": {
							"texture": "#frame",
							"uv": [ 0.0, 0.0, 2.0, 2.0 ]
						}
					}
				},
				{
					"name": "Cube18",
					"from": [ 13.5, 2.0, 0.5 ],
					"to": [ 15.5, 7.0, 2.5 ],
					"rotationOrigin": [ 13.5, 2.0, 0.5 ],
					"faces": {
						"north": {
							"texture": "#frame",
							"uv": [ 1.0, 0.5, 6.0, 2.5 ],
							"rotation": 90
						},
						"east": {
							"texture": "#frame",
							"uv": [ 1.0, 6.5, 6.0, 8.5 ],
							"rotation": 90
						},
						"south": {
							"texture": "#frame",
							"uv": [ 2.5, 7.5, 7.5, 9.5 ],
							"rotation": 90
						},
						"west": {
							"texture": "#frame",
							"uv": [ 2.5, 6.5, 7.5, 8.5 ],
							"rotation": 90
						},
						"up": {
							"texture": "#frame",
							"uv": [ 0.0, 0.0, 2.0, 2.0 ]
						},
						"down": {
							"texture": "#frame",
							"uv": [ 0.0, 0.0, 2.0, 2.0 ]
						}
					}
				},
				{
					"name": "lid",
					"from": [ 1.0, 7.5, 1.0 ],
					"to": [ 15.0, 7.75, 15.0 ],
					"rotationOrigin": [ 7.0, 7.5, 0.0 ],
					"faces": {
						"north": {
							"texture": "#material",
							"uv": [ 0.0, 15.0, 14.0, 15.5 ]
						},
						"east": {
							"texture": "#material",
							"uv": [ 0.0, 0.0, 14.0, 0.5 ]
						},
						"south": {
							"texture": "#material",
							"uv": [ 0.0, 15.0, 14.0, 15.5 ]
						},
						"west": {
							"texture": "#material",
							"uv": [ 0.0, 2.0, 14.0, 2.5 ]
						},
						"up": {
							"texture": "#material",
							"uv": [ 1.5, 2.0, 15.5, 16.0 ],
							"rotation": 90
						},
						"down": {
							"texture": "#material",
							"uv": [ 2.0, 2.0, 16.0, 16.0 ],
							"rotation": 90
						}
					}
				},
				{
					"name": "W cross 1",
					"from": [ 0.1, 1.3, 13.0 ],
					"to": [ 1.1, 15.3, 15.5 ],
					"rotationOrigin": [ 0.1, 1.3, 14.2 ],
					"rotationX": -64.0,
					"faces": {
						"north": {
							"texture": "#frame",
							"uv": [ 0.0, 2.5, 14.0, 3.5 ],
							"rotation": 90
						},
						"east": {
							"texture": "#frame",
							"uv": [ 0.0, 6.5, 14.0, 9.0 ],
							"rotation": 90
						},
						"south": {
							"texture": "#frame",
							"uv": [ 0.0, 7.5, 14.0, 8.5 ],
							"rotation": 90
						},
						"west": {
							"texture": "#frame",
							"uv": [ 0.0, 6.5, 14.0, 9.0 ],
							"rotation": 90
						},
						"up": {
							"texture": "#frame",
							"uv": [ 0.5, 1.5, 1.5, 4.0 ]
						},
						"down": {
							"texture": "#frame",
							"uv": [ 0.0, 1.5, 1.0, 4.0 ]
						}
					}
				},
				{
					"name": "W cross 2",
					"from": [ 0.0, 1.2, 0.3 ],
					"to": [ 1.0, 15.2, 2.8 ],
					"rotationOrigin": [ 0.0, 1.2, 1.6 ],
					"rotationX": 64.0,
					"faces": {
						"north": {
							"texture": "#frame",
							"uv": [ 0.0, 2.5, 14.0, 3.5 ],
							"rotation": 90
						},
						"east": {
							"texture": "#frame",
							"uv": [ 0.0, 6.5, 14.0, 9.0 ],
							"rotation": 90
						},
						"south": {
							"texture": "#frame",
							"uv": [ 0.0, 7.5, 14.0, 8.5 ],
							"rotation": 90
						},
						"west": {
							"texture": "#frame",
							"uv": [ 0.0, 2.0, 14.0, 4.5 ],
							"rotation": 90
						},
						"up": {
							"texture": "#frame",
							"uv": [ 0.5, 1.5, 1.5, 4.0 ]
						},
						"down": {
							"texture": "#frame",
							"uv": [ 0.0, 1.5, 1.0, 4.0 ]
						}
					}
				},
				{
					"name": "E cross 1",
					"from": [ 14.9, 1.3, 13.0 ],
					"to": [ 15.9, 15.3, 15.5 ],
					"rotationOrigin": [ 14.9, 1.3, 14.2 ],
					"rotationX": -64.0,
					"faces": {
						"north": {
							"texture": "#frame",
							"uv": [ 0.0, 2.5, 14.0, 3.5 ],
							"rotation": 90
						},
						"east": {
							"texture": "#frame",
							"uv": [ 0.0, 0.5, 14.0, 3.0 ],
							"rotation": 90
						},
						"south": {
							"texture": "#frame",
							"uv": [ 0.0, 7.5, 14.0, 8.5 ],
							"rotation": 90
						},
						"west": {
							"texture": "#frame",
							"uv": [ 0.0, 6.5, 14.0, 9.0 ],
							"rotation": 90
						},
						"up": {
							"texture": "#frame",
							"uv": [ 0.5, 1.5, 1.5, 4.0 ]
						},
						"down": {
							"texture": "#frame",
							"uv": [ 0.0, 1.5, 1.0, 4.0 ]
						}
					}
				},
				{
					"name": "W cross 29",
					"from": [ 15.0, 1.2, 0.3 ],
					"to": [ 16.0, 15.2, 2.8 ],
					"rotationOrigin": [ 15.0, 1.2, 1.6 ],
					"rotationX": 64.0,
					"faces": {
						"north": {
							"texture": "#frame",
							"uv": [ 0.0, 2.5, 14.0, 3.5 ],
							"rotation": 90
						},
						"east": {
							"texture": "#frame",
							"uv": [ 0.0, 6.5, 14.0, 9.0 ],
							"rotation": 90
						},
						"south": {
							"texture": "#frame",
							"uv": [ 0.0, 7.5, 14.0, 8.5 ],
							"rotation": 90
						},
						"west": {
							"texture": "#frame",
							"uv": [ 0.0, 2.0, 14.0, 4.5 ],
							"rotation": 90
						},
						"up": {
							"texture": "#frame",
							"uv": [ 0.5, 1.5, 1.5, 4.0 ]
						},
						"down": {
							"texture": "#frame",
							"uv": [ 0.0, 1.5, 1.0, 4.0 ]
						}
					}
				},
				{
					"name": "Cube1",
					"from": [ 0.5, 7.0, 0.5 ],
					"to": [ 1.5, 9.0, 15.5 ],
					"rotationOrigin": [ 0.5, 14.0, 0.5 ],
					"faces": {
						"north": {
							"texture": "#frame",
							"uv": [ 1.5, 1.0, 2.5, 3.0 ]
						},
						"east": {
							"texture": "#frame",
							"uv": [ 0.0, 6.5, 15.0, 8.5 ]
						},
						"south": {
							"texture": "#frame",
							"uv": [ 0.0, 0.0, 1.0, 2.0 ]
						},
						"west": {
							"texture": "#frame",
							"uv": [ 1.0, 7.0, 16.0, 9.0 ]
						},
						"up": {
							"texture": "#frame",
							"uv": [ 0.0, 0.5, 15.0, 1.5 ],
							"rotation": 90
						},
						"down": {
							"texture": "#frame",
							"uv": [ 0.0, 1.5, 15.0, 2.5 ],
							"rotation": 90
						}
					}
				},
				{
					"name": "Cube9",
					"from": [ 1.5, 7.0, 0.5 ],
					"to": [ 14.5, 9.0, 1.0 ],
					"rotationOrigin": [ 1.0, 14.0, 0.5 ],
					"faces": {
						"north": {
							"texture": "#frame",
							"uv": [ 0.5, 2.0, 14.5, 4.0 ]
						},
						"east": {
							"texture": "#frame",
							"uv": [ 0.0, 0.0, 0.5, 2.0 ]
						},
						"south": {
							"texture": "#frame",
							"uv": [ 1.5, 2.5, 15.5, 4.5 ]
						},
						"west": {
							"texture": "#frame",
							"uv": [ 2.0, 1.0, 2.5, 3.0 ]
						},
						"up": {
							"texture": "#frame",
							"uv": [ 1.5, 0.5, 15.5, 1.0 ]
						},
						"down": {
							"texture": "#frame",
							"uv": [ 0.0, 3.0, 14.0, 3.5 ]
						}
					}
				},
				{
					"name": "Cube8",
					"from": [ 14.5, 7.0, 0.5 ],
					"to": [ 15.5, 9.0, 15.5 ],
					"rotationOrigin": [ 14.0, 7.0, 0.5 ],
					"faces": {
						"north": {
							"texture": "#frame",
							"uv": [ 5.5, 7.5, 6.5, 9.5 ]
						},
						"east": {
							"texture": "#frame",
							"uv": [ 1.0, 7.0, 16.0, 9.0 ]
						},
						"south": {
							"texture": "#frame",
							"uv": [ 3.0, 1.5, 4.0, 3.5 ]
						},
						"west": {
							"texture": "#frame",
							"uv": [ 0.0, 11.5, 15.0, 13.5 ]
						},
						"up": {
							"texture": "#frame",
							"uv": [ 0.0, 0.5, 15.0, 1.5 ],
							"rotation": 90
						},
						"down": {
							"texture": "#frame",
							"uv": [ 0.5, 12.0, 15.5, 13.0 ],
							"rotation": 90
						}
					}
				},
				{
					"name": "Cube10",
					"from": [ 1.5, 7.0, 15.0 ],
					"to": [ 14.5, 9.0, 15.5 ],
					"rotationOrigin": [ 1.0, 14.0, 15.0 ],
					"faces": {
						"north": {
							"texture": "#frame",
							"uv": [ 0.0, 1.5, 13.0, 3.5 ]
						},
						"east": {
							"texture": "#frame",
							"uv": [ 0.0, 0.0, 0.5, 2.0 ]
						},
						"south": {
							"texture": "#frame",
							"uv": [ 0.5, 2.0, 13.5, 4.0 ]
						},
						"west": {
							"texture": "#frame",
							"uv": [ 2.0, 2.5, 2.5, 4.5 ]
						},
						"up": {
							"texture": "#frame",
							"uv": [ 0.5, 4.0, 13.5, 4.5 ]
						},
						"down": {
							"texture": "#frame",
							"uv": [ 1.5, 8.0, 14.5, 8.5 ]
						}
					}
				},
				{
					"name": "Cube13",
					"from": [ 0.5, 0.0, 0.5 ],
					"to": [ 1.0, 2.0, 15.5 ],
					"rotationOrigin": [ 0.5, 0.0, 0.5 ],
					"faces": {
						"north": {
							"texture": "#frame",
							"uv": [ 0.0, 1.5, 0.5, 3.5 ]
						},
						"east": {
							"texture": "#frame",
							"uv": [ 0.0, 2.5, 15.0, 4.5 ]
						},
						"south": {
							"texture": "#frame",
							"uv": [ 2.0, 2.0, 2.5, 4.0 ]
						},
						"west": {
							"texture": "#frame",
							"uv": [ 0.0, 2.0, 15.0, 4.0 ]
						},
						"up": {
							"texture": "#frame",
							"uv": [ 1.0, 10.5, 16.0, 11.0 ],
							"rotation": 90
						},
						"down": {
							"texture": "#frame",
							"uv": [ 0.5, 3.0, 15.5, 3.5 ],
							"rotation": 90
						}
					},
					"children": [
						{
							"name": "west",
							"from": [ 0.5, 0.0, 0.5 ],
							"to": [ 1.5, 8.0, 14.5 ],
							"rotationOrigin": [ 0.5, 0.0, -0.5 ],
							"faces": {
								"north": {
									"texture": "#material",
									"uv": [ 0.0, 0.0, 1.0, 8.0 ]
								},
								"east": {
									"texture": "#material",
									"uv": [ 1.0, 0.0, 15.0, 8.0 ]
								},
								"south": {
									"texture": "#material",
									"uv": [ 0.0, 0.0, 1.0, 8.0 ]
								},
								"west": {
									"texture": "#material",
									"uv": [ 0.5, 0.0, 14.5, 8.0 ]
								},
								"up": {
									"texture": "#material",
									"uv": [ 0.0, 0.0, 14.0, 1.0 ],
									"rotation": 270
								},
								"down": {
									"texture": "#material",
									"uv": [ 1.0, 0.0, 15.0, 1.0 ],
									"rotation": 90
								}
							}
						}
					]
				},
				{
					"name": "Cube14",
					"from": [ 1.0, 0.0, 15.0 ],
					"to": [ 15.0, 2.0, 15.5 ],
					"rotationOrigin": [ 1.0, 0.0, 15.0 ],
					"faces": {
						"north": {
							"texture": "#frame",
							"uv": [ 1.5, 6.5, 15.5, 8.5 ]
						},
						"east": {
							"texture": "#frame",
							"uv": [ 0.0, 0.0, 0.5, 2.0 ]
						},
						"south": {
							"texture": "#frame",
							"uv": [ 1.0, 7.5, 15.0, 9.5 ]
						},
						"west": {
							"texture": "#frame",
							"uv": [ 4.5, 2.5, 5.0, 4.5 ]
						},
						"up": {
							"texture": "#frame",
							"uv": [ 1.0, 14.5, 15.0, 15.0 ]
						},
						"down": {
							"texture": "#frame",
							"uv": [ 1.5, 2.5, 15.5, 3.0 ]
						}
					},
					"children": [
						{
							"name": "south",
							"from": [ 1.0, 0.0, -1.0 ],
							"to": [ 13.0, 8.0, 0.0 ],
							"rotationOrigin": [ 1.0, 0.0, -16.0 ],
							"faces": {
								"north": {
									"texture": "#material",
									"uv": [ 2.0, 0.0, 14.0, 8.0 ]
								},
								"east": {
									"texture": "#material",
									"uv": [ 0.0, 0.0, 1.0, 8.0 ],
									"rotation": 180
								},
								"south": {
									"texture": "#material",
									"uv": [ 1.5, 0.0, 13.5, 8.0 ]
								},
								"west": {
									"texture": "#material",
									"uv": [ 0.0, 0.0, 1.0, 8.0 ],
									"rotation": 180
								},
								"up": {
									"texture": "#material",
									"uv": [ 1.5, 14.5, 13.5, 15.5 ]
								},
								"down": {
									"texture": "#material",
									"uv": [ 0.0, 0.0, 12.0, 1.0 ]
								}
							}
						}
					]
				},
				{
					"name": "Cube12",
					"from": [ 1.0, 0.0, 0.5 ],
					"to": [ 15.0, 2.0, 1.0 ],
					"rotationOrigin": [ 1.0, 0.0, 0.5 ],
					"faces": {
						"north": {
							"texture": "#frame",
							"uv": [ 0.5, 1.5, 14.5, 3.5 ]
						},
						"east": {
							"texture": "#frame",
							"uv": [ 1.0, 1.0, 1.5, 3.0 ]
						},
						"south": {
							"texture": "#frame",
							"uv": [ 1.5, 1.5, 15.5, 3.5 ]
						},
						"west": {
							"texture": "#frame",
							"uv": [ 1.5, 1.5, 2.0, 3.5 ]
						},
						"up": {
							"texture": "#frame",
							"uv": [ 0.5, 0.5, 14.5, 1.0 ]
						},
						"down": {
							"texture": "#frame",
							"uv": [ 0.5, 2.5, 14.5, 3.0 ]
						}
					},
					"children": [
						{
							"name": "north",
							"from": [ 1.0, 0.0, 0.5 ],
							"to": [ 13.0, 8.0, 1.5 ],
							"rotationOrigin": [ 1.0, 0.0, 0.5 ],
							"faces": {
								"north": {
									"texture": "#material",
									"uv": [ 1.5, 0.0, 13.5, 8.0 ]
								},
								"east": {
									"texture": "#material",
									"uv": [ 0.0, 0.0, 1.0, 8.0 ],
									"rotation": 180
								},
								"south": {
									"texture": "#material",
									"uv": [ 0.0, 0.0, 12.0, 8.0 ]
								},
								"west": {
									"texture": "#material",
									"uv": [ 0.0, 0.0, 1.0, 8.0 ],
									"rotation": 180
								},
								"up": {
									"texture": "#material",
									"uv": [ 1.0, 0.5, 13.0, 1.5 ]
								},
								"down": {
									"texture": "#material",
									"uv": [ 0.0, 0.0, 12.0, 1.0 ],
									"rotation": 180
								}
							}
						}
					]
				},
				{
					"name": "Cube11",
					"from": [ 15.0, 0.0, 0.5 ],
					"to": [ 15.5, 2.0, 15.5 ],
					"rotationOrigin": [ 15.0, 0.0, 0.5 ],
					"faces": {
						"north": {
							"texture": "#frame",
							"uv": [ 4.5, 1.5, 5.0, 3.5 ]
						},
						"east": {
							"texture": "#frame",
							"uv": [ 0.0, 2.0, 15.0, 4.0 ]
						},
						"south": {
							"texture": "#frame",
							"uv": [ 5.0, 2.0, 5.5, 4.0 ]
						},
						"west": {
							"texture": "#frame",
							"uv": [ 0.5, 7.0, 15.5, 9.0 ]
						},
						"up": {
							"texture": "#frame",
							"uv": [ 0.5, 0.5, 15.5, 1.0 ],
							"rotation": 90
						},
						"down": {
							"texture": "#frame",
							"uv": [ 0.0, 4.5, 15.0, 5.0 ],
							"rotation": 90
						}
					},
					"children": [
						{
							"name": "east",
							"from": [ -1.0, 0.0, 0.5 ],
							"to": [ 0.0, 8.0, 14.5 ],
							"rotationOrigin": [ -16.0, 0.0, -0.5 ],
							"faces": {
								"north": {
									"texture": "#material",
									"uv": [ 0.0, 0.0, 1.0, 8.0 ]
								},
								"east": {
									"texture": "#material",
									"uv": [ 0.5, 0.0, 14.5, 8.0 ]
								},
								"south": {
									"texture": "#material",
									"uv": [ 0.0, 0.0, 1.0, 8.0 ]
								},
								"west": {
									"texture": "#material",
									"uv": [ 0.5, 0.0, 14.5, 8.0 ]
								},
								"up": {
									"texture": "#material",
									"uv": [ 0.0, 7.0, 14.0, 8.0 ],
									"rotation": 90
								},
								"down": {
									"texture": "#material",
									"uv": [ 0.0, 0.5, 14.0, 1.5 ],
									"rotation": 90
								}
							}
						}
					]
				},
				{
					"name": "Cube26",
					"from": [ 1.5, 7.5, 13.0 ],
					"to": [ 14.5, 8.5, 13.5 ],
					"rotationOrigin": [ 1.0, 14.0, 13.0 ],
					"faces": {
						"north": {
							"texture": "#frame",
							"uv": [ 0.0, 1.5, 13.0, 2.5 ]
						},
						"east": {
							"texture": "#frame",
							"uv": [ 0.0, 0.0, 0.5, 1.0 ]
						},
						"south": {
							"texture": "#frame",
							"uv": [ 0.5, 2.0, 13.5, 3.0 ]
						},
						"west": {
							"texture": "#frame",
							"uv": [ 2.0, 2.5, 2.5, 3.5 ]
						},
						"up": {
							"texture": "#frame",
							"uv": [ 0.5, 4.0, 13.5, 4.5 ]
						},
						"down": {
							"texture": "#frame",
							"uv": [ 1.5, 8.0, 14.5, 8.5 ]
						}
					},
					"children": [
						{
							"name": "Cube27",
							"from": [ 0.0, 0.0, -5.25 ],
							"to": [ 13.0, 1.0, -4.75 ],
							"rotationOrigin": [ -0.5, 7.0, -5.0 ],
							"faces": {
								"north": {
									"texture": "#frame",
									"uv": [ 0.0, 1.5, 13.0, 2.5 ]
								},
								"east": {
									"texture": "#frame",
									"uv": [ 0.0, 0.0, 0.5, 1.0 ]
								},
								"south": {
									"texture": "#frame",
									"uv": [ 0.5, 2.0, 13.5, 3.0 ]
								},
								"west": {
									"texture": "#frame",
									"uv": [ 2.0, 2.5, 2.5, 3.5 ]
								},
								"up": {
									"texture": "#frame",
									"uv": [ 0.5, 4.0, 13.5, 4.5 ]
								},
								"down": {
									"texture": "#frame",
									"uv": [ 1.5, 8.0, 14.5, 8.5 ]
								}
							},
							"children": [
								{
									"name": "Cube28",
									"from": [ 0.0, 0.0, -5.25 ],
									"to": [ 13.0, 1.0, -4.75 ],
									"rotationOrigin": [ -0.5, 7.0, -5.0 ],
									"faces": {
										"north": {
											"texture": "#frame",
											"uv": [ 0.0, 1.5, 13.0, 2.5 ]
										},
										"east": {
											"texture": "#frame",
											"uv": [ 0.0, 0.0, 0.5, 1.0 ]
										},
										"south": {
											"texture": "#frame",
											"uv": [ 0.5, 2.0, 13.5, 3.0 ]
										},
										"west": {
											"texture": "#frame",
											"uv": [ 2.0, 2.5, 2.5, 3.5 ]
										},
										"up": {
											"texture": "#frame",
											"uv": [ 0.5, 4.0, 13.5, 4.5 ]
										},
										"down": {
											"texture": "#frame",
											"uv": [ 1.5, 8.0, 14.5, 8.5 ]
										}
									}
								}
							]
						},
						{
							"name": "Cube29",
							"from": [ 1.5062, -0.25, 7.0E-4 ],
							"to": [ 11.5062, 0.75, 0.5007 ],
							"rotationOrigin": [ 6.5, 6.75, -5.0 ],
							"rotationY": 89.9802127184967,
							"faces": {
								"north": {
									"texture": "#frame",
									"uv": [ 0.0, 1.5, 10.0, 2.5 ]
								},
								"east": {
									"texture": "#frame",
									"uv": [ 0.0, 0.0, 0.5, 1.0 ]
								},
								"south": {
									"texture": "#frame",
									"uv": [ 0.5, 2.0, 10.5, 3.0 ]
								},
								"west": {
									"texture": "#frame",
									"uv": [ 2.0, 2.5, 2.5, 3.5 ]
								},
								"up": {
									"texture": "#frame",
									"uv": [ 0.5, 4.0, 10.5, 4.5 ]
								},
								"down": {
									"texture": "#frame",
									"uv": [ 1.5, 8.0, 11.5, 8.5 ]
								}
							},
							"children": [
								{
									"name": "Cube31",
									"from": [ 0.0, 0.0, -10.5 ],
									"to": [ 10.0, 1.0, -10.0 ],
									"rotationOrigin": [ -0.5, 7.0, -10.25 ],
									"faces": {
										"north": {
											"texture": "#frame",
											"uv": [ 0.0, 1.5, 10.0, 2.5 ]
										},
										"east": {
											"texture": "#frame",
											"uv": [ 0.0, 0.0, 0.5, 1.0 ]
										},
										"south": {
											"texture": "#frame",
											"uv": [ 0.5, 2.0, 10.5, 3.0 ]
										},
										"west": {
											"texture": "#frame",
											"uv": [ 2.0, 2.5, 2.5, 3.5 ]
										},
										"up": {
											"texture": "#frame",
											"uv": [ 0.5, 4.0, 10.5, 4.5 ]
										},
										"down": {
											"texture": "#frame",
											"uv": [ 1.5, 8.0, 11.5, 8.5 ]
										}
									}
								}
							]
						}
					]
				}
			]
		},
		{
			"name": "origin1",
			"from": [ 0.0, 0.0, 0.0 ],
			"to": [ 0.0, 0.0, 0.0 ],
			"rotationOrigin": [ 8.0, 0.0, 8.0 ],
			"rotationY": 180.0,
			"faces": {
				"north": {
					"texture": "#0",
					"uv": [ 0.0, 0.0, 0.5, 0.5 ],
					"enabled": false
				},
				"east": {
					"texture": "#0",
					"uv": [ 0.0, 0.0, 0.5, 0.5 ],
					"enabled": false
				},
				"south": {
					"texture": "#0",
					"uv": [ 0.0, 0.0, 0.5, 0.5 ],
					"enabled": false
				},
				"west": {
					"texture": "#0",
					"uv": [ 0.0, 0.0, 0.5, 0.5 ],
					"enabled": false
				},
				"up": {
					"texture": "#0",
					"uv": [ 0.0, 0.0, 0.5, 0.5 ],
					"enabled": false
				},
				"down": {
					"texture": "#0",
					"uv": [ 0.0, 0.0, 0.5, 0.5 ],
					"enabled": false
				}
			},
			"children": [
				{
					"name": "label",
					"from": [ 4.0, 5.2, 0.49 ],
					"to": [ 12.0, 8.2, 0.49 ],
					"rotationOrigin": [ 4.0, 10.2, -0.1 ],
					"faces": {
						"north": {
							"texture": "#kitlabel",
							"uv": [ 0.0, 0.0, 16.0, 6.0 ],
							"autoUv": false
						},
						"east": {
							"texture": "#kitlabel",
							"uv": [ 0.0, 0.0, 0.5, 3.0 ],
							"enabled": false
						},
						"south": {
							"texture": "#kitlabel",
							"uv": [ 0.0, 0.0, 8.0, 3.0 ],
							"enabled": false
						},
						"west": {
							"texture": "#kitlabel",
							"uv": [ 0.0, 0.0, 0.5, 3.0 ],
							"enabled": false
						},
						"up": {
							"texture": "#kitlabel",
							"uv": [ 0.0, 0.0, 8.0, 0.5 ],
							"enabled": false
						},
						"down": {
							"texture": "#kitlabel",
							"uv": [ 0.0, 0.0, 8.0, 0.5 ],
							"enabled": false
						}
					}
				}
			]
		}
	]}