{
	"editor": {
		"allAngles": false,
		"entityTextureMode": false
	},
	"textureWidth": 16,
	"textureHeight": 16,
	"textureSizes": {
	},
	"textures": {
	},
	"elements": [
		{
			"name": "handle",
			"from": [ 3.5, 0.5, 7.5 ], 
			"to": [ 12.5, 1.5, 8.5 ], 
			"rotationOrigin": [ 0.0, -7.0, 8.0 ],
			"faces": {
				"north": { "texture": "#frame", "uv": [ 2.0, 3.0, 11.0, 4.0 ] },
				"east": { "texture": "#frame", "uv": [ 3.0, 0.0, 4.0, 1.0 ] },
				"south": { "texture": "#frame", "uv": [ 1.0, 5.5, 10.0, 6.5 ] },
				"west": { "texture": "#frame", "uv": [ 4.0, 0.0, 5.0, 1.0 ] },
				"up": { "texture": "#frame", "uv": [ 5.0, 2.0, 14.0, 3.0 ] },
				"down": { "texture": "#frame", "uv": [ 0.0, 5.0, 9.0, 6.0 ] }
			},
			"children": [
				{
					"name": "_parthead",
					"from": [ -3.5, -7.5, -7.5 ], 
					"to": [ -3.5, -7.5, -7.5 ], 
					"rotationOrigin": [ 4.5, 0.5, 0.5 ],
					"faces": {
						"north": { "texture": "#default", "uv": [ 0.0, 0.0, 0.5, 0.5 ] },
						"east": { "texture": "#default", "uv": [ 0.0, 0.0, 0.5, 0.5 ] },
						"south": { "texture": "#default", "uv": [ 0.0, 0.0, 0.5, 0.5 ] },
						"west": { "texture": "#default", "uv": [ 0.0, 0.0, 0.5, 0.5 ] },
						"up": { "texture": "#default", "uv": [ 0.0, 0.0, 0.5, 0.5 ] },
						"down": { "texture": "#default", "uv": [ 0.0, 0.0, 0.5, 0.5 ] }
					},
					"children": [
						{
							"name": "_partheadhammer",
							"from": [ 0.0, 0.0, 0.0 ], 
							"to": [ 0.0, 0.0, 0.0 ], 
							"rotationOrigin": [ 8.0, 8.0, 8.0 ],
							"faces": {
								"north": { "texture": "#default", "uv": [ 0.0, 0.0, 0.5, 0.5 ] },
								"east": { "texture": "#default", "uv": [ 0.0, 0.0, 0.5, 0.5 ] },
								"south": { "texture": "#default", "uv": [ 0.0, 0.0, 0.5, 0.5 ] },
								"west": { "texture": "#default", "uv": [ 0.0, 0.0, 0.5, 0.5 ] },
								"up": { "texture": "#default", "uv": [ 0.0, 0.0, 0.5, 0.5 ] },
								"down": { "texture": "#default", "uv": [ 0.0, 0.0, 0.5, 0.5 ] }
							},
							"children": [
								{
									"name": "partheadhammer-base1",
									"from": [ 11.9, 7.0, 6.0 ], 
									"to": [ 14.1, 9.0, 10.0 ], 
									"rotationOrigin": [ -0.1, 0.0, 0.0 ],
									"faces": {
										"north": { "texture": "#metal", "uv": [ 1.0, 5.0, 3.0, 7.0 ] },
										"east": { "texture": "#metal", "uv": [ 2.0, 1.0, 6.0, 3.0 ] },
										"south": { "texture": "#metal", "uv": [ 2.0, 3.0, 4.0, 5.0 ] },
										"west": { "texture": "#metal", "uv": [ 1.0, 5.0, 5.0, 7.0 ] },
										"up": { "texture": "#metal", "uv": [ 5.0, 2.0, 7.0, 6.0 ] },
										"down": { "texture": "#metal", "uv": [ 1.0, 3.0, 3.0, 7.0 ] }
									},
									"children": [
										{
											"name": "partheadhammer-base2",
											"from": [ -2.2, 1.0, 3.1 ], 
											"to": [ -1.9, 3.4, 5.3 ], 
											"rotationOrigin": [ 1.8, 1.5, 3.7 ],
											"rotationX": 90.0,
											"rotationZ": 90.0,
											"faces": {
												"north": { "texture": "#frame", "uv": [ 0.0, 5.5, 0.5, 7.5 ] },
												"east": { "texture": "#frame", "uv": [ 0.5, 0.5, 2.5, 2.5 ] },
												"south": { "texture": "#frame", "uv": [ 0.0, 10.5, 0.5, 12.5 ] },
												"west": { "texture": "#frame", "uv": [ 14.0, 10.0, 16.0, 12.0 ] },
												"up": { "texture": "#frame", "uv": [ 0.0, 2.5, 0.5, 4.5 ] },
												"down": { "texture": "#frame", "uv": [ 0.0, 5.0, 0.5, 7.0 ] }
											},
											"children": [
												{
													"name": "partheadhammer-base3",
													"from": [ -1.0, -0.1, -0.1 ], 
													"to": [ 0.0, 2.5, 2.3 ], 
													"rotationOrigin": [ 3.0, 0.4, 0.5 ],
													"faces": {
														"north": { "texture": "#metal", "uv": [ 0.0, 5.5, 1.0, 8.0 ] },
														"east": { "texture": "#metal", "uv": [ 0.5, 0.5, 2.5, 3.0 ] },
														"south": { "texture": "#metal", "uv": [ 0.0, 10.5, 1.0, 13.0 ] },
														"west": { "texture": "#metal", "uv": [ 14.0, 10.0, 16.0, 12.5 ] },
														"up": { "texture": "#metal", "uv": [ 0.0, 2.5, 1.0, 4.5 ] },
														"down": { "texture": "#metal", "uv": [ 0.0, 5.0, 1.0, 7.0 ] }
													}
												}
											]
										},
										{
											"name": "partheadhammer-base48",
											"from": [ -2.2, 1.0, 7.4 ], 
											"to": [ -1.9, 3.4, 9.6 ], 
											"rotationOrigin": [ 1.8, 1.5, 8.0 ],
											"rotationX": 90.0,
											"rotationZ": 90.0,
											"faces": {
												"north": { "texture": "#frame", "uv": [ 0.0, 5.5, 0.5, 7.5 ] },
												"east": { "texture": "#frame", "uv": [ 0.5, 0.5, 2.5, 2.5 ] },
												"south": { "texture": "#frame", "uv": [ 0.0, 10.5, 0.5, 12.5 ] },
												"west": { "texture": "#frame", "uv": [ 14.0, 10.0, 16.0, 12.0 ] },
												"up": { "texture": "#frame", "uv": [ 0.0, 2.5, 0.5, 4.5 ] },
												"down": { "texture": "#frame", "uv": [ 0.0, 5.0, 0.5, 7.0 ] }
											}
										},
										{
											"name": "partheadhammer-base49",
											"from": [ -2.3, 0.9, 7.7 ], 
											"to": [ -2.2, 3.1, 9.7 ], 
											"rotationOrigin": [ 1.7, 1.4, 8.3 ],
											"rotationX": 90.0,
											"rotationZ": 90.0,
											"faces": {
												"north": { "texture": "#metal", "uv": [ 0.0, 5.5, 0.5, 7.5 ] },
												"east": { "texture": "#metal", "uv": [ 0.5, 0.5, 2.5, 2.5 ] },
												"south": { "texture": "#metal", "uv": [ 0.0, 10.5, 0.5, 12.5 ] },
												"west": { "texture": "#metal", "uv": [ 14.0, 10.0, 16.0, 12.0 ] },
												"up": { "texture": "#metal", "uv": [ 0.0, 2.5, 0.5, 4.5 ] },
												"down": { "texture": "#metal", "uv": [ 0.0, 5.0, 0.5, 7.0 ] }
											}
										}
									]
								},
								{
									"name": "_partheadhammer-vent2",
									"from": [ 0.0, -0.5, 0.0 ], 
									"to": [ 0.0, -0.5, 0.0 ], 
									"rotationOrigin": [ 0.0, -0.5, 0.0 ],
									"faces": {
										"north": { "texture": "#null", "uv": [ 0.0, 0.0, 0.5, 0.5 ] },
										"east": { "texture": "#null", "uv": [ 0.0, 0.0, 0.5, 0.5 ] },
										"south": { "texture": "#null", "uv": [ 0.0, 0.0, 0.5, 0.5 ] },
										"west": { "texture": "#null", "uv": [ 0.0, 0.0, 0.5, 0.5 ] },
										"up": { "texture": "#null", "uv": [ 0.0, 0.0, 0.5, 0.5 ] },
										"down": { "texture": "#null", "uv": [ 0.0, 0.0, 0.5, 0.5 ] }
									},
									"children": [
										{
											"name": "partheadhammer-vent2-temporal",
											"from": [ 12.5, 8.7, 7.2 ], 
											"to": [ 13.5, 9.7, 8.8 ], 
											"rotationOrigin": [ 13.0, 9.2, 7.2 ],
											"rotationZ": 45.0,
											"faces": {
												"north": { "texture": "#default", "uv": [ 0.0, 0.0, 1.0, 1.0 ], "enabled": false },
												"east": { "texture": "#rustyglow", "uv": [ 0.0, 0.0, 1.5, 1.0 ] },
												"south": { "texture": "#default", "uv": [ 0.0, 0.0, 1.0, 1.0 ], "enabled": false },
												"west": { "texture": "#default", "uv": [ 0.0, 0.0, 1.5, 1.0 ], "enabled": false },
												"up": { "texture": "#rustyglow", "uv": [ 0.0, 0.0, 1.0, 1.5 ] },
												"down": { "texture": "#default", "uv": [ 0.0, 0.0, 1.0, 1.5 ], "enabled": false }
											}
										},
										{
											"name": "partheadhammer-vent2-base",
											"from": [ 12.4, 9.5, 6.6 ], 
											"to": [ 13.6, 9.6, 9.4 ], 
											"rotationOrigin": [ 0.4001, 2.5, 0.6 ],
											"faces": {
												"north": { "texture": "#frame", "uv": [ 1.0, 5.0, 2.0, 5.5 ] },
												"east": { "texture": "#frame", "uv": [ 2.0, 1.0, 4.5, 1.5 ] },
												"south": { "texture": "#frame", "uv": [ 2.0, 3.0, 3.0, 3.5 ] },
												"west": { "texture": "#frame", "uv": [ 1.0, 5.0, 3.5, 5.5 ] },
												"up": { "texture": "#frame", "uv": [ 5.0, 2.0, 6.0, 4.5 ] },
												"down": { "texture": "#frame", "uv": [ 1.0, 3.0, 2.0, 5.5 ] }
											}
										},
										{
											"name": "partheadhammer-vent2-fin5",
											"from": [ 12.75, 9.15, 6.7 ], 
											"to": [ 13.25, 9.65, 9.3 ], 
											"rotationOrigin": [ 13.0, 9.4, 6.7 ],
											"rotationZ": 45.0,
											"faces": {
												"north": { "texture": "#cupronickel1", "uv": [ 0.0, 0.0, 0.5, 0.5 ] },
												"east": { "texture": "#cupronickel1", "uv": [ 0.0, 0.0, 2.5, 0.5 ] },
												"south": { "texture": "#cupronickel1", "uv": [ 0.0, 0.0, 0.5, 0.5 ] },
												"west": { "texture": "#cupronickel1", "uv": [ 0.0, 0.0, 2.5, 0.5 ] },
												"up": { "texture": "#cupronickel1", "uv": [ 0.0, 0.0, 0.5, 2.5 ] },
												"down": { "texture": "#cupronickel1", "uv": [ 0.0, 0.0, 0.5, 2.5 ] }
											}
										},
										{
											"name": "partheadhammer-vent2-fin1",
											"from": [ 12.3, 8.1999, 6.91 ], 
											"to": [ 13.8, 9.6999, 7.21 ], 
											"rotationOrigin": [ 13.05, 8.8999, 6.9 ],
											"rotationZ": 45.0,
											"faces": {
												"north": { "texture": "#cupronickel1", "uv": [ 0.0, 0.0, 1.5, 1.5 ] },
												"east": { "texture": "#cupronickel1", "uv": [ 0.0, 0.0, 0.5, 1.5 ] },
												"south": { "texture": "#cupronickel1", "uv": [ 0.0, 0.0, 1.5, 1.5 ] },
												"west": { "texture": "#default", "uv": [ 0.0, 0.0, 0.5, 1.5 ], "enabled": false },
												"up": { "texture": "#cupronickel1", "uv": [ 0.0, 0.0, 1.5, 0.5 ] },
												"down": { "texture": "#default", "uv": [ 0.0, 0.0, 1.5, 0.5 ], "enabled": false }
											},
											"children": [
												{
													"name": "partheadhammer-vent2-fin2",
													"from": [ 0.0, 0.0, 0.65 ], 
													"to": [ 1.5, 1.5, 0.95 ], 
													"rotationOrigin": [ 0.75, 0.7, 0.59 ],
													"faces": {
														"north": { "texture": "#cupronickel1", "uv": [ 0.0, 0.0, 1.5, 1.5 ] },
														"east": { "texture": "#cupronickel1", "uv": [ 0.0, 0.0, 0.5, 1.5 ] },
														"south": { "texture": "#cupronickel1", "uv": [ 0.0, 0.0, 1.5, 1.5 ] },
														"west": { "texture": "#default", "uv": [ 0.0, 0.0, 0.5, 1.5 ], "enabled": false },
														"up": { "texture": "#cupronickel1", "uv": [ 0.0, 0.0, 1.5, 0.5 ] },
														"down": { "texture": "#default", "uv": [ 0.0, 0.0, 1.5, 0.5 ], "enabled": false }
													}
												},
												{
													"name": "partheadhammer-vent2-fin3",
													"from": [ 0.0, 0.0, 1.25 ], 
													"to": [ 1.5, 1.5, 1.55 ], 
													"rotationOrigin": [ 0.75, 0.7, 1.19 ],
													"faces": {
														"north": { "texture": "#cupronickel1", "uv": [ 0.0, 0.0, 1.5, 1.5 ] },
														"east": { "texture": "#cupronickel1", "uv": [ 0.0, 0.0, 0.5, 1.5 ] },
														"south": { "texture": "#cupronickel1", "uv": [ 0.0, 0.0, 1.5, 1.5 ] },
														"west": { "texture": "#default", "uv": [ 0.0, 0.0, 0.5, 1.5 ], "enabled": false },
														"up": { "texture": "#cupronickel1", "uv": [ 0.0, 0.0, 1.5, 0.5 ] },
														"down": { "texture": "#default", "uv": [ 0.0, 0.0, 1.5, 0.5 ], "enabled": false }
													}
												},
												{
													"name": "partheadhammer-vent2-fin4",
													"from": [ 0.0, 0.0, 1.88 ], 
													"to": [ 1.5, 1.5, 2.18 ], 
													"rotationOrigin": [ 0.75, 0.7, 1.89 ],
													"faces": {
														"north": { "texture": "#cupronickel1", "uv": [ 0.0, 0.0, 1.5, 1.5 ] },
														"east": { "texture": "#cupronickel1", "uv": [ 0.0, 0.0, 0.5, 1.5 ] },
														"south": { "texture": "#cupronickel1", "uv": [ 0.0, 0.0, 1.5, 1.5 ] },
														"west": { "texture": "#default", "uv": [ 0.0, 0.0, 0.5, 1.5 ], "enabled": false },
														"up": { "texture": "#cupronickel1", "uv": [ 0.0, 0.0, 1.5, 0.5 ] },
														"down": { "texture": "#default", "uv": [ 0.0, 0.0, 1.5, 0.5 ], "enabled": false }
													}
												}
											]
										}
									]
								},
								{
									"name": "_partheadhammer-vent1",
									"from": [ 0.0, 0.5, 0.0 ], 
									"to": [ 0.0, 0.5, 0.0 ], 
									"rotationOrigin": [ 0.0, 0.5, 0.0 ],
									"faces": {
										"north": { "texture": "#null", "uv": [ 0.0, 0.0, 0.5, 0.5 ] },
										"east": { "texture": "#null", "uv": [ 0.0, 0.0, 0.5, 0.5 ] },
										"south": { "texture": "#null", "uv": [ 0.0, 0.0, 0.5, 0.5 ] },
										"west": { "texture": "#null", "uv": [ 0.0, 0.0, 0.5, 0.5 ] },
										"up": { "texture": "#null", "uv": [ 0.0, 0.0, 0.5, 0.5 ] },
										"down": { "texture": "#null", "uv": [ 0.0, 0.0, 0.5, 0.5 ] }
									},
									"children": [
										{
											"name": "partheadhammer-vent1-temporal",
											"from": [ 12.5, 6.3, 7.2 ], 
											"to": [ 13.5, 7.3, 8.8 ], 
											"rotationOrigin": [ 13.0, 6.8, 7.2 ],
											"rotationZ": -135.0,
											"faces": {
												"north": { "texture": "#default", "uv": [ 0.0, 0.0, 1.0, 1.0 ], "enabled": false },
												"east": { "texture": "#rustyglow", "uv": [ 0.0, 0.0, 1.5, 1.0 ] },
												"south": { "texture": "#default", "uv": [ 0.0, 0.0, 1.0, 1.0 ], "enabled": false },
												"west": { "texture": "#default", "uv": [ 0.0, 0.0, 1.5, 1.0 ], "enabled": false },
												"up": { "texture": "#rustyglow", "uv": [ 0.0, 0.0, 1.0, 1.5 ] },
												"down": { "texture": "#default", "uv": [ 0.0, 0.0, 1.0, 1.5 ], "enabled": false }
											}
										},
										{
											"name": "partheadhammer-vent1-base",
											"from": [ 12.4, 6.4, 6.6 ], 
											"to": [ 13.6, 6.5, 9.4 ], 
											"rotationOrigin": [ 0.4001, -0.6, 0.6 ],
											"faces": {
												"north": { "texture": "#frame", "uv": [ 1.0, 5.0, 2.0, 5.5 ] },
												"east": { "texture": "#frame", "uv": [ 2.0, 1.0, 4.5, 1.5 ] },
												"south": { "texture": "#frame", "uv": [ 2.0, 3.0, 3.0, 3.5 ] },
												"west": { "texture": "#frame", "uv": [ 1.0, 5.0, 3.5, 5.5 ] },
												"up": { "texture": "#frame", "uv": [ 5.0, 2.0, 6.0, 4.5 ] },
												"down": { "texture": "#frame", "uv": [ 1.0, 3.0, 2.0, 5.5 ] }
											}
										},
										{
											"name": "partheadhammer-vent1-fin5",
											"from": [ 12.75, 6.35, 6.7 ], 
											"to": [ 13.25, 6.85, 9.3 ], 
											"rotationOrigin": [ 13.0, 6.6, 6.7 ],
											"rotationZ": -135.0,
											"faces": {
												"north": { "texture": "#cupronickel1", "uv": [ 0.0, 0.0, 0.5, 0.5 ] },
												"east": { "texture": "#cupronickel1", "uv": [ 0.0, 0.0, 2.5, 0.5 ] },
												"south": { "texture": "#cupronickel1", "uv": [ 0.0, 0.0, 0.5, 0.5 ] },
												"west": { "texture": "#cupronickel1", "uv": [ 0.0, 0.0, 2.5, 0.5 ] },
												"up": { "texture": "#cupronickel1", "uv": [ 0.0, 0.0, 0.5, 2.5 ] },
												"down": { "texture": "#cupronickel1", "uv": [ 0.0, 0.0, 0.5, 2.5 ] }
											}
										},
										{
											"name": "partheadhammer-vent1-fin1",
											"from": [ 12.2, 6.4001, 6.91 ], 
											"to": [ 13.7, 7.9001, 7.21 ], 
											"rotationOrigin": [ 12.95, 7.1001, 6.9 ],
											"rotationZ": -135.0,
											"faces": {
												"north": { "texture": "#cupronickel1", "uv": [ 0.0, 0.0, 1.5, 1.5 ] },
												"east": { "texture": "#cupronickel1", "uv": [ 0.0, 0.0, 0.5, 1.5 ] },
												"south": { "texture": "#cupronickel1", "uv": [ 0.0, 0.0, 1.5, 1.5 ] },
												"west": { "texture": "#default", "uv": [ 0.0, 0.0, 0.5, 1.5 ], "enabled": false },
												"up": { "texture": "#cupronickel1", "uv": [ 0.0, 0.0, 1.5, 0.5 ] },
												"down": { "texture": "#default", "uv": [ 0.0, 0.0, 1.5, 0.5 ], "enabled": false }
											},
											"children": [
												{
													"name": "partheadhammer-vent1-fin2",
													"from": [ 0.0, 0.0, 0.65 ], 
													"to": [ 1.5, 1.5, 0.95 ], 
													"rotationOrigin": [ 0.75, 0.7, 0.59 ],
													"faces": {
														"north": { "texture": "#cupronickel1", "uv": [ 0.0, 0.0, 1.5, 1.5 ] },
														"east": { "texture": "#cupronickel1", "uv": [ 0.0, 0.0, 0.5, 1.5 ] },
														"south": { "texture": "#cupronickel1", "uv": [ 0.0, 0.0, 1.5, 1.5 ] },
														"west": { "texture": "#default", "uv": [ 0.0, 0.0, 0.5, 1.5 ], "enabled": false },
														"up": { "texture": "#cupronickel1", "uv": [ 0.0, 0.0, 1.5, 0.5 ] },
														"down": { "texture": "#default", "uv": [ 0.0, 0.0, 1.5, 0.5 ], "enabled": false }
													}
												},
												{
													"name": "partheadhammer-vent1-fin3",
													"from": [ 0.0, 0.0, 1.25 ], 
													"to": [ 1.5, 1.5, 1.55 ], 
													"rotationOrigin": [ 0.75, 0.7, 1.19 ],
													"faces": {
														"north": { "texture": "#cupronickel1", "uv": [ 0.0, 0.0, 1.5, 1.5 ] },
														"east": { "texture": "#cupronickel1", "uv": [ 0.0, 0.0, 0.5, 1.5 ] },
														"south": { "texture": "#cupronickel1", "uv": [ 0.0, 0.0, 1.5, 1.5 ] },
														"west": { "texture": "#default", "uv": [ 0.0, 0.0, 0.5, 1.5 ], "enabled": false },
														"up": { "texture": "#cupronickel1", "uv": [ 0.0, 0.0, 1.5, 0.5 ] },
														"down": { "texture": "#default", "uv": [ 0.0, 0.0, 1.5, 0.5 ], "enabled": false }
													}
												},
												{
													"name": "partheadhammer-vent1-fin4",
													"from": [ 0.0, 0.0, 1.88 ], 
													"to": [ 1.5, 1.5, 2.18 ], 
													"rotationOrigin": [ 0.75, 0.7, 1.89 ],
													"faces": {
														"north": { "texture": "#cupronickel1", "uv": [ 0.0, 0.0, 1.5, 1.5 ] },
														"east": { "texture": "#cupronickel1", "uv": [ 0.0, 0.0, 0.5, 1.5 ] },
														"south": { "texture": "#cupronickel1", "uv": [ 0.0, 0.0, 1.5, 1.5 ] },
														"west": { "texture": "#default", "uv": [ 0.0, 0.0, 0.5, 1.5 ], "enabled": false },
														"up": { "texture": "#cupronickel1", "uv": [ 0.0, 0.0, 1.5, 0.5 ] },
														"down": { "texture": "#default", "uv": [ 0.0, 0.0, 1.5, 0.5 ], "enabled": false }
													}
												}
											]
										}
									]
								}
							]
						},
						{
							"name": "_partheadantenna",
							"from": [ 0.3, 0.0, 0.0 ], 
							"to": [ 0.3, 0.0, 0.0 ], 
							"rotationOrigin": [ 8.3, 8.0, 8.0 ],
							"faces": {
								"north": { "texture": "#default", "uv": [ 0.0, 0.0, 0.5, 0.5 ] },
								"east": { "texture": "#default", "uv": [ 0.0, 0.0, 0.5, 0.5 ] },
								"south": { "texture": "#default", "uv": [ 0.0, 0.0, 0.5, 0.5 ] },
								"west": { "texture": "#default", "uv": [ 0.0, 0.0, 0.5, 0.5 ] },
								"up": { "texture": "#default", "uv": [ 0.0, 0.0, 0.5, 0.5 ] },
								"down": { "texture": "#default", "uv": [ 0.0, 0.0, 0.5, 0.5 ] }
							},
							"children": [
								{
									"name": "partheadantenna-cap",
									"from": [ 14.2, 7.5, 7.5 ], 
									"to": [ 15.2, 8.0, 8.5 ], 
									"rotationOrigin": [ 14.2, 7.5, 7.5 ],
									"rotationZ": 90.0,
									"faces": {
										"north": { "texture": "#cupronickel1", "uv": [ 0.0, 0.0, 1.0, 0.5 ] },
										"east": { "texture": "#cupronickel1", "uv": [ 0.0, 0.0, 1.0, 0.5 ] },
										"south": { "texture": "#cupronickel1", "uv": [ 0.0, 0.0, 1.0, 0.5 ] },
										"west": { "texture": "#cupronickel1", "uv": [ 0.0, 0.0, 1.0, 0.5 ] },
										"up": { "texture": "#cupronickel1", "uv": [ 0.0, 0.0, 1.0, 1.0 ] },
										"down": { "texture": "#cupronickel1", "uv": [ 0.0, 0.0, 1.0, 1.0 ] }
									},
									"children": [
										{
											"name": "partheadantenna-tube-1-1",
											"from": [ 0.2, -0.5, 0.2 ], 
											"to": [ 0.4, 0.0, 0.4 ], 
											"rotationOrigin": [ 0.2, -0.5, 0.2 ],
											"faces": {
												"north": { "texture": "#gold", "uv": [ 0.0, 0.0, 0.5, 0.5 ] },
												"east": { "texture": "#gold", "uv": [ 0.0, 0.0, 0.5, 0.5 ] },
												"south": { "texture": "#gold", "uv": [ 0.0, 0.0, 0.5, 0.5 ] },
												"west": { "texture": "#gold", "uv": [ 0.0, 0.0, 0.5, 0.5 ] },
												"up": { "texture": "#default", "uv": [ 0.0, 0.0, 0.5, 0.5 ], "enabled": false },
												"down": { "texture": "#gold", "uv": [ 0.0, 0.0, 0.5, 0.5 ] }
											},
											"children": [
												{
													"name": "partheadantenna-tube-1-2",
													"from": [ -0.05, -0.1, -0.05 ], 
													"to": [ 0.25, 0.2, 0.25 ], 
													"rotationOrigin": [ 0.1, 0.05, -0.1 ],
													"rotationZ": 45.0,
													"faces": {
														"north": { "texture": "#gold", "uv": [ 0.0, 0.0, 0.5, 0.5 ] },
														"east": { "texture": "#gold", "uv": [ 0.0, 0.0, 0.5, 0.5 ] },
														"south": { "texture": "#gold", "uv": [ 0.0, 0.0, 0.5, 0.5 ] },
														"west": { "texture": "#gold", "uv": [ 0.0, 0.0, 0.5, 0.5 ] },
														"up": { "texture": "#gold", "uv": [ 0.0, 0.0, 0.5, 0.5 ] },
														"down": { "texture": "#gold", "uv": [ 0.0, 0.0, 0.5, 0.5 ] }
													}
												}
											]
										},
										{
											"name": "partheadantenna-tube-2-1",
											"from": [ 0.2, -1.1, 0.6 ], 
											"to": [ 0.4, 0.4, 0.8 ], 
											"rotationOrigin": [ 0.3, -1.1, 0.7 ],
											"rotationY": 90.0,
											"faces": {
												"north": { "texture": "#gold", "uv": [ 0.0, 0.0, 0.5, 1.5 ] },
												"east": { "texture": "#gold", "uv": [ 0.0, 0.0, 0.5, 1.5 ] },
												"south": { "texture": "#gold", "uv": [ 0.0, 0.0, 0.5, 1.5 ] },
												"west": { "texture": "#gold", "uv": [ 0.0, 0.0, 0.5, 1.5 ] },
												"up": { "texture": "#default", "uv": [ 0.0, 0.0, 0.5, 0.5 ], "enabled": false },
												"down": { "texture": "#gold", "uv": [ 0.0, 0.0, 0.5, 0.5 ] }
											},
											"children": [
												{
													"name": "partheadantenna-tube-2-2",
													"from": [ -0.05, -0.1, -0.05 ], 
													"to": [ 0.25, 0.2, 0.25 ], 
													"rotationOrigin": [ 0.1, 0.05, -0.1 ],
													"rotationZ": 45.0,
													"faces": {
														"north": { "texture": "#gold", "uv": [ 0.0, 0.0, 0.5, 0.5 ] },
														"east": { "texture": "#gold", "uv": [ 0.0, 0.0, 0.5, 0.5 ] },
														"south": { "texture": "#gold", "uv": [ 0.0, 0.0, 0.5, 0.5 ] },
														"west": { "texture": "#gold", "uv": [ 0.0, 0.0, 0.5, 0.5 ] },
														"up": { "texture": "#gold", "uv": [ 0.0, 0.0, 0.5, 0.5 ] },
														"down": { "texture": "#gold", "uv": [ 0.0, 0.0, 0.5, 0.5 ] }
													}
												}
											]
										},
										{
											"name": "partheadantenna-tube-3-1",
											"from": [ 0.6, -0.8, 0.6 ], 
											"to": [ 0.8, 0.2, 0.8 ], 
											"rotationOrigin": [ 0.6, -0.8, 0.6 ],
											"faces": {
												"north": { "texture": "#gold", "uv": [ 0.0, 0.0, 0.5, 1.0 ] },
												"east": { "texture": "#gold", "uv": [ 0.0, 0.0, 0.5, 1.0 ] },
												"south": { "texture": "#gold", "uv": [ 0.0, 0.0, 0.5, 1.0 ] },
												"west": { "texture": "#gold", "uv": [ 0.0, 0.0, 0.5, 1.0 ] },
												"up": { "texture": "#default", "uv": [ 0.0, 0.0, 0.5, 0.5 ], "enabled": false },
												"down": { "texture": "#gold", "uv": [ 0.0, 0.0, 0.5, 0.5 ] }
											},
											"children": [
												{
													"name": "partheadantenna-tube-3-2",
													"from": [ -0.05, -0.1, -0.05 ], 
													"to": [ 0.25, 0.2, 0.25 ], 
													"rotationOrigin": [ 0.1, 0.05, -0.1 ],
													"rotationZ": 45.0,
													"faces": {
														"north": { "texture": "#gold", "uv": [ 0.0, 0.0, 0.5, 0.5 ] },
														"east": { "texture": "#gold", "uv": [ 0.0, 0.0, 0.5, 0.5 ] },
														"south": { "texture": "#gold", "uv": [ 0.0, 0.0, 0.5, 0.5 ] },
														"west": { "texture": "#gold", "uv": [ 0.0, 0.0, 0.5, 0.5 ] },
														"up": { "texture": "#gold", "uv": [ 0.0, 0.0, 0.5, 0.5 ] },
														"down": { "texture": "#gold", "uv": [ 0.0, 0.0, 0.5, 0.5 ] }
													}
												}
											]
										},
										{
											"name": "partheadantenna-tube-4-1",
											"from": [ 0.6, -1.5, 0.2 ], 
											"to": [ 0.8, 0.0, 0.4 ], 
											"rotationOrigin": [ 0.7, -1.5, 0.3 ],
											"rotationY": 90.0,
											"faces": {
												"north": { "texture": "#gold", "uv": [ 0.0, 0.0, 0.5, 1.5 ] },
												"east": { "texture": "#gold", "uv": [ 0.0, 0.0, 0.5, 1.5 ] },
												"south": { "texture": "#gold", "uv": [ 0.0, 0.0, 0.5, 1.5 ] },
												"west": { "texture": "#gold", "uv": [ 0.0, 0.0, 0.5, 1.5 ] },
												"up": { "texture": "#default", "uv": [ 0.0, 0.0, 0.5, 0.5 ], "enabled": false },
												"down": { "texture": "#gold", "uv": [ 0.0, 0.0, 0.5, 0.5 ] }
											},
											"children": [
												{
													"name": "partheadantenna-tube-4-2",
													"from": [ -0.05, -0.1, -0.05 ], 
													"to": [ 0.25, 0.2, 0.25 ], 
													"rotationOrigin": [ 0.1, 0.05, -0.1 ],
													"rotationZ": 45.0,
													"faces": {
														"north": { "texture": "#gold", "uv": [ 0.0, 0.0, 0.5, 0.5 ] },
														"east": { "texture": "#gold", "uv": [ 0.0, 0.0, 0.5, 0.5 ] },
														"south": { "texture": "#gold", "uv": [ 0.0, 0.0, 0.5, 0.5 ] },
														"west": { "texture": "#gold", "uv": [ 0.0, 0.0, 0.5, 0.5 ] },
														"up": { "texture": "#gold", "uv": [ 0.0, 0.0, 0.5, 0.5 ] },
														"down": { "texture": "#gold", "uv": [ 0.0, 0.0, 0.5, 0.5 ] }
													}
												}
											]
										}
									]
								}
							]
						},
						{
							"name": "_partheadscrewdriver",
							"from": [ 17.1, 9.93, 4.82 ], 
							"to": [ 17.1, 9.93, 4.82 ], 
							"rotationOrigin": [ 13.6, 9.5, 5.3 ],
							"rotationX": -180.0,
							"rotationZ": 90.0,
							"faces": {
								"north": { "texture": "#default", "uv": [ 0.0, 0.0, 0.5, 0.5 ] },
								"east": { "texture": "#default", "uv": [ 0.0, 0.0, 0.5, 0.5 ] },
								"south": { "texture": "#default", "uv": [ 0.0, 0.0, 0.5, 0.5 ] },
								"west": { "texture": "#default", "uv": [ 0.0, 0.0, 0.5, 0.5 ] },
								"up": { "texture": "#default", "uv": [ 0.0, 0.0, 0.5, 0.5 ] },
								"down": { "texture": "#default", "uv": [ 0.0, 0.0, 0.5, 0.5 ] }
							},
							"children": [
								{
									"name": "partheadscrewdriver-blade",
									"from": [ -2.9, -0.1, -3.5 ], 
									"to": [ -0.9, 0.3, -1.7 ], 
									"rotationOrigin": [ -2.9, -0.1, -3.5 ],
									"rotationY": 90.0,
									"faces": {
										"north": { "texture": "#metal", "uv": [ 12.0, 1.0, 14.0, 1.5 ] },
										"east": { "texture": "#metal", "uv": [ 11.0, 12.0, 12.5, 12.5 ] },
										"south": { "texture": "#metal", "uv": [ 8.0, 12.0, 10.0, 12.5 ] },
										"west": { "texture": "#metal", "uv": [ 10.0, 11.0, 11.5, 11.5 ] },
										"up": { "texture": "#metal", "uv": [ 7.0, 11.0, 9.0, 12.5 ] },
										"down": { "texture": "#metal", "uv": [ 4.0, 5.0, 6.0, 6.5 ] }
									},
									"children": [
										{
											"name": "partheadscrewdriver-ramp1",
											"from": [ 0.0105, 0.4, 0.2998 ], 
											"to": [ 2.0105, 0.8, 1.4998 ], 
											"rotationOrigin": [ 0.0105, 0.8, 0.2998 ],
											"rotationZ": -11.5,
											"faces": {
												"north": { "texture": "#frame", "uv": [ 12.0, 1.0, 14.0, 1.5 ] },
												"east": { "texture": "#frame", "uv": [ 11.0, 12.0, 12.0, 12.5 ] },
												"south": { "texture": "#frame", "uv": [ 8.0, 12.0, 10.0, 12.5 ] },
												"west": { "texture": "#frame", "uv": [ 10.0, 11.0, 11.0, 11.5 ] },
												"up": { "texture": "#frame", "uv": [ 6.0, 14.0, 8.0, 15.0 ] },
												"down": { "texture": "#frame", "uv": [ 4.0, 5.0, 6.0, 6.0 ] }
											}
										},
										{
											"name": "partheadscrewdriver-ramp2",
											"from": [ 0.0105, -0.4, 0.2998 ], 
											"to": [ 2.0105, 0.0, 1.4998 ], 
											"rotationOrigin": [ 0.0105, -0.4, 0.2998 ],
											"rotationZ": 11.5,
											"faces": {
												"north": { "texture": "#frame", "uv": [ 12.0, 1.0, 14.0, 1.5 ] },
												"east": { "texture": "#frame", "uv": [ 11.0, 12.0, 12.0, 12.5 ] },
												"south": { "texture": "#frame", "uv": [ 8.0, 12.0, 10.0, 12.5 ] },
												"west": { "texture": "#frame", "uv": [ 10.0, 11.0, 11.0, 11.5 ] },
												"up": { "texture": "#frame", "uv": [ 6.0, 14.0, 8.0, 15.0 ] },
												"down": { "texture": "#frame", "uv": [ 4.0, 5.0, 6.0, 6.0 ] }
											}
										}
									]
								},
								{
									"name": "_partheadscrewdriver44",
									"from": [ 0.9, 2.1, -0.04 ], 
									"to": [ 0.9, 2.1, -0.04 ], 
									"rotationOrigin": [ -2.6, 1.6, 1.38 ],
									"rotationZ": -90.0,
									"faces": {
										"north": { "texture": "#default", "uv": [ 0.0, 0.0, 0.5, 0.5 ] },
										"east": { "texture": "#default", "uv": [ 0.0, 0.0, 0.5, 0.5 ] },
										"south": { "texture": "#default", "uv": [ 0.0, 0.0, 0.5, 0.5 ] },
										"west": { "texture": "#default", "uv": [ 0.0, 0.0, 0.5, 0.5 ] },
										"up": { "texture": "#default", "uv": [ 0.0, 0.0, 0.5, 0.5 ] },
										"down": { "texture": "#default", "uv": [ 0.0, 0.0, 0.5, 0.5 ] }
									},
									"children": [
										{
											"name": "partheadscrewdriver-blade45",
											"from": [ -2.95, -0.1, -3.55 ], 
											"to": [ -0.95, 0.3, -1.75 ], 
											"rotationOrigin": [ -2.9, -0.1, -3.5 ],
											"rotationY": 90.0,
											"faces": {
												"north": { "texture": "#metal", "uv": [ 12.0, 1.0, 14.0, 1.5 ] },
												"east": { "texture": "#metal", "uv": [ 11.0, 12.0, 12.5, 12.5 ] },
												"south": { "texture": "#metal", "uv": [ 8.0, 12.0, 10.0, 12.5 ] },
												"west": { "texture": "#metal", "uv": [ 10.0, 11.0, 11.5, 11.5 ] },
												"up": { "texture": "#metal", "uv": [ 7.0, 11.0, 9.0, 12.5 ] },
												"down": { "texture": "#metal", "uv": [ 4.0, 5.0, 6.0, 6.5 ] }
											},
											"children": [
												{
													"name": "partheadscrewdriver-ramp46",
													"from": [ 0.0105, 0.4, 0.35 ], 
													"to": [ 2.0105, 0.8, 1.55 ], 
													"rotationOrigin": [ 0.0105, 0.8, 0.2998 ],
													"rotationZ": -11.5,
													"faces": {
														"north": { "texture": "#frame", "uv": [ 12.0, 1.0, 14.0, 1.5 ] },
														"east": { "texture": "#frame", "uv": [ 11.0, 12.0, 12.0, 12.5 ] },
														"south": { "texture": "#frame", "uv": [ 8.0, 12.0, 10.0, 12.5 ] },
														"west": { "texture": "#frame", "uv": [ 10.0, 11.0, 11.0, 11.5 ] },
														"up": { "texture": "#frame", "uv": [ 6.0, 14.0, 8.0, 15.0 ] },
														"down": { "texture": "#frame", "uv": [ 4.0, 5.0, 6.0, 6.0 ] }
													}
												},
												{
													"name": "partheadscrewdriver-ramp47",
													"from": [ 0.0105, -0.4, 0.35 ], 
													"to": [ 2.0105, 0.0, 1.55 ], 
													"rotationOrigin": [ 0.0105, -0.4, 0.2998 ],
													"rotationZ": 11.5,
													"faces": {
														"north": { "texture": "#frame", "uv": [ 12.0, 1.0, 14.0, 1.5 ] },
														"east": { "texture": "#frame", "uv": [ 11.0, 12.0, 12.0, 12.5 ] },
														"south": { "texture": "#frame", "uv": [ 8.0, 12.0, 10.0, 12.5 ] },
														"west": { "texture": "#frame", "uv": [ 10.0, 11.0, 11.0, 11.5 ] },
														"up": { "texture": "#frame", "uv": [ 6.0, 14.0, 8.0, 15.0 ] },
														"down": { "texture": "#frame", "uv": [ 4.0, 5.0, 6.0, 6.0 ] }
													}
												}
											]
										}
									]
								}
							]
						}
					]
				},
				{
					"name": "_partwrench",
					"from": [ -3.5, -7.5, -7.5 ], 
					"to": [ -3.5, -7.5, -7.5 ], 
					"rotationOrigin": [ 4.5, 0.5, 0.5 ],
					"faces": {
						"north": { "texture": "#default", "uv": [ 0.0, 0.0, 0.5, 0.5 ] },
						"east": { "texture": "#default", "uv": [ 0.0, 0.0, 0.5, 0.5 ] },
						"south": { "texture": "#default", "uv": [ 0.0, 0.0, 0.5, 0.5 ] },
						"west": { "texture": "#default", "uv": [ 0.0, 0.0, 0.5, 0.5 ] },
						"up": { "texture": "#default", "uv": [ 0.0, 0.0, 0.5, 0.5 ] },
						"down": { "texture": "#default", "uv": [ 0.0, 0.0, 0.5, 0.5 ] }
					},
					"children": [
						{
							"name": "partwrench-base",
							"from": [ -1.2, 7.3, 9.0 ], 
							"to": [ 0.3, 8.7, 11.0 ], 
							"rotationOrigin": [ 1.8, 7.3, 9.0 ],
							"rotationX": -180.0,
							"rotationZ": -180.0,
							"faces": {
								"north": { "texture": "#metal", "uv": [ 0.0, 0.0, 1.5, 1.0 ] },
								"east": { "texture": "#metal", "uv": [ 0.0, 0.0, 2.0, 1.0 ] },
								"south": { "texture": "#metal", "uv": [ 0.0, 0.0, 1.5, 1.0 ] },
								"west": { "texture": "#metal", "uv": [ 0.0, 0.0, 2.0, 1.0 ] },
								"up": { "texture": "#metal", "uv": [ 0.0, 0.0, 1.5, 2.0 ] },
								"down": { "texture": "#metal", "uv": [ 0.0, 0.0, 1.5, 2.0 ] }
							},
							"children": [
								{
									"name": "partwrench-arm-1-1",
									"from": [ 0.8, 0.1, 1.0 ], 
									"to": [ 2.8, 1.3, 2.0 ], 
									"rotationOrigin": [ 0.8, 0.1, 2.0 ],
									"rotationY": -45.0,
									"faces": {
										"north": { "texture": "#metal", "uv": [ 0.0, 0.0, 2.0, 1.0 ] },
										"east": { "texture": "#metal", "uv": [ 0.0, 0.0, 1.0, 1.0 ] },
										"south": { "texture": "#metal", "uv": [ 0.0, 0.0, 2.0, 1.0 ] },
										"west": { "texture": "#metal", "uv": [ 0.0, 0.0, 1.0, 1.0 ] },
										"up": { "texture": "#metal", "uv": [ 0.0, 0.0, 2.0, 1.0 ] },
										"down": { "texture": "#metal", "uv": [ 0.0, 0.0, 2.0, 1.0 ] }
									},
									"children": [
										{
											"name": "partwrench-arm-1-2",
											"from": [ 2.0, 0.1, 0.0 ], 
											"to": [ 4.0, 1.1, 1.0 ], 
											"rotationOrigin": [ 2.0, 0.1, 1.0 ],
											"rotationY": 45.0,
											"faces": {
												"north": { "texture": "#metal", "uv": [ 0.0, 0.0, 2.0, 1.0 ] },
												"east": { "texture": "#metal", "uv": [ 0.0, 0.0, 1.0, 1.0 ] },
												"south": { "texture": "#metal", "uv": [ 0.0, 0.0, 2.0, 1.0 ] },
												"west": { "texture": "#metal", "uv": [ 0.0, 0.0, 1.0, 1.0 ] },
												"up": { "texture": "#metal", "uv": [ 0.0, 0.0, 2.0, 1.0 ] },
												"down": { "texture": "#metal", "uv": [ 0.0, 0.0, 2.0, 1.0 ] }
											}
										}
									]
								},
								{
									"name": "partwrench-arm-2-1",
									"from": [ 0.8, 0.1, 0.0 ], 
									"to": [ 2.8, 1.3, 1.0 ], 
									"rotationOrigin": [ 0.8, 0.1, 0.0 ],
									"rotationY": 45.0,
									"faces": {
										"north": { "texture": "#metal", "uv": [ 0.0, 0.0, 2.0, 1.0 ] },
										"east": { "texture": "#metal", "uv": [ 0.0, 0.0, 1.0, 1.0 ] },
										"south": { "texture": "#metal", "uv": [ 0.0, 0.0, 2.0, 1.0 ] },
										"west": { "texture": "#metal", "uv": [ 0.0, 0.0, 1.0, 1.0 ] },
										"up": { "texture": "#metal", "uv": [ 0.0, 0.0, 2.0, 1.0 ] },
										"down": { "texture": "#metal", "uv": [ 0.0, 0.0, 2.0, 1.0 ] }
									},
									"children": [
										{
											"name": "partwrench-arm-2-2",
											"from": [ 2.0, 0.1, 0.0 ], 
											"to": [ 4.0, 1.1, 1.0 ], 
											"rotationOrigin": [ 2.0, 0.1, 0.0 ],
											"rotationY": -45.0,
											"faces": {
												"north": { "texture": "#metal", "uv": [ 0.0, 0.0, 2.0, 1.0 ] },
												"east": { "texture": "#metal", "uv": [ 0.0, 0.0, 1.0, 1.0 ] },
												"south": { "texture": "#metal", "uv": [ 0.0, 0.0, 2.0, 1.0 ] },
												"west": { "texture": "#metal", "uv": [ 0.0, 0.0, 1.0, 1.0 ] },
												"up": { "texture": "#metal", "uv": [ 0.0, 0.0, 2.0, 1.0 ] },
												"down": { "texture": "#metal", "uv": [ 0.0, 0.0, 2.0, 1.0 ] }
											}
										}
									]
								}
							]
						}
					]
				},
				{
					"name": "handle2",
					"from": [ 8.2, -0.25, -0.25 ], 
					"to": [ 10.8, 1.25, 1.25 ], 
					"rotationOrigin": [ 8.2, -1.0, -1.0 ],
					"faces": {
						"north": { "texture": "#frame", "uv": [ 0.0, 0.0, 2.5, 1.5 ] },
						"east": { "texture": "#frame", "uv": [ 0.0, 0.0, 1.5, 1.5 ] },
						"south": { "texture": "#frame", "uv": [ 0.0, 0.0, 2.5, 1.5 ] },
						"west": { "texture": "#frame", "uv": [ 0.0, 0.0, 1.5, 1.5 ] },
						"up": { "texture": "#frame", "uv": [ 0.0, 0.0, 2.5, 1.5 ] },
						"down": { "texture": "#frame", "uv": [ 0.0, 0.0, 2.5, 1.5 ] }
					}
				}
			]
		}
	]}