{
	"editor": {
		"allAngles": false,
		"entityTextureMode": false
	},
	"textureWidth": 16,
	"textureHeight": 16,
	"textureSizes": {
	},
	"textures": {
	},
	"elements": [
		{
			"name": "_parthead",
			"from": [ -2.9, -7.0, 0.0 ], 
			"to": [ -2.9, -7.0, 0.0 ], 
			"rotationOrigin": [ 5.1, 1.0, 8.0 ],
			"faces": {
				"north": { "texture": "#default", "uv": [ 0.0, 0.0, 0.5, 0.5 ] },
				"east": { "texture": "#default", "uv": [ 0.0, 0.0, 0.5, 0.5 ] },
				"south": { "texture": "#default", "uv": [ 0.0, 0.0, 0.5, 0.5 ] },
				"west": { "texture": "#default", "uv": [ 0.0, 0.0, 0.5, 0.5 ] },
				"up": { "texture": "#default", "uv": [ 0.0, 0.0, 0.5, 0.5 ] },
				"down": { "texture": "#default", "uv": [ 0.0, 0.0, 0.5, 0.5 ] }
			},
			"children": [
				{
					"name": "_partheadhammer",
					"from": [ 0.0, 0.0, 0.0 ], 
					"to": [ 0.0, 0.0, 0.0 ], 
					"rotationOrigin": [ 8.0, 8.0, 8.0 ],
					"faces": {
						"north": { "texture": "#default", "uv": [ 0.0, 0.0, 0.5, 0.5 ] },
						"east": { "texture": "#default", "uv": [ 0.0, 0.0, 0.5, 0.5 ] },
						"south": { "texture": "#default", "uv": [ 0.0, 0.0, 0.5, 0.5 ] },
						"west": { "texture": "#default", "uv": [ 0.0, 0.0, 0.5, 0.5 ] },
						"up": { "texture": "#default", "uv": [ 0.0, 0.0, 0.5, 0.5 ] },
						"down": { "texture": "#default", "uv": [ 0.0, 0.0, 0.5, 0.5 ] }
					},
					"children": [
						{
							"name": "partheadhammer-base1",
							"from": [ 11.9, 7.0, 5.7 ], 
							"to": [ 14.1, 9.0, 10.4 ], 
							"rotationOrigin": [ -0.1, 0.0, -0.3 ],
							"faces": {
								"north": { "texture": "#metal", "uv": [ 1.0, 5.0, 3.0, 7.0 ] },
								"east": { "texture": "#metal", "uv": [ 2.0, 1.0, 6.5, 3.0 ] },
								"south": { "texture": "#metal", "uv": [ 2.0, 3.0, 4.0, 5.0 ] },
								"west": { "texture": "#metal", "uv": [ 1.0, 5.0, 5.5, 7.0 ] },
								"up": { "texture": "#metal", "uv": [ 5.0, 2.0, 7.0, 6.5 ] },
								"down": { "texture": "#metal", "uv": [ 1.0, 3.0, 3.0, 7.5 ] }
							}
						},
						{
							"name": "partheadhammer-base3",
							"from": [ 9.8, 8.1, 8.1 ], 
							"to": [ 10.8, 10.7, 10.5 ], 
							"rotationOrigin": [ 13.8, 8.6, 8.7 ],
							"rotationX": 90.0,
							"rotationZ": 90.0,
							"faces": {
								"north": { "texture": "#metal", "uv": [ 0.0, 5.5, 1.0, 8.0 ] },
								"east": { "texture": "#metal", "uv": [ 0.5, 0.5, 2.5, 3.0 ] },
								"south": { "texture": "#metal", "uv": [ 0.0, 10.5, 1.0, 13.0 ] },
								"west": { "texture": "#metal", "uv": [ 14.0, 10.0, 16.0, 12.5 ] },
								"up": { "texture": "#metal", "uv": [ 0.0, 2.5, 1.0, 4.5 ] },
								"down": { "texture": "#metal", "uv": [ 0.0, 5.0, 1.0, 7.0 ] }
							}
						}
					]
				},
				{
					"name": "_partheadscrewdriver",
					"from": [ 17.1, 10.0, 4.82 ], 
					"to": [ 17.1, 10.0, 4.82 ], 
					"rotationOrigin": [ 13.6, 9.5, 5.3 ],
					"rotationX": -180.0,
					"rotationZ": 90.0,
					"faces": {
						"north": { "texture": "#default", "uv": [ 0.0, 0.0, 0.5, 0.5 ] },
						"east": { "texture": "#default", "uv": [ 0.0, 0.0, 0.5, 0.5 ] },
						"south": { "texture": "#default", "uv": [ 0.0, 0.0, 0.5, 0.5 ] },
						"west": { "texture": "#default", "uv": [ 0.0, 0.0, 0.5, 0.5 ] },
						"up": { "texture": "#default", "uv": [ 0.0, 0.0, 0.5, 0.5 ] },
						"down": { "texture": "#default", "uv": [ 0.0, 0.0, 0.5, 0.5 ] }
					},
					"children": [
						{
							"name": "partheadscrewdriver-blade",
							"from": [ -2.9, -0.1, -3.5 ], 
							"to": [ -0.9, 0.3, -1.7 ], 
							"rotationOrigin": [ -2.9, -0.1, -3.5 ],
							"rotationY": 90.0,
							"faces": {
								"north": { "texture": "#metal", "uv": [ 12.0, 1.0, 14.0, 1.5 ] },
								"east": { "texture": "#metal", "uv": [ 11.0, 12.0, 12.5, 12.5 ] },
								"south": { "texture": "#metal", "uv": [ 8.0, 12.0, 10.0, 12.5 ] },
								"west": { "texture": "#metal", "uv": [ 10.0, 11.0, 11.5, 11.5 ] },
								"up": { "texture": "#metal", "uv": [ 7.0, 11.0, 9.0, 12.5 ] },
								"down": { "texture": "#metal", "uv": [ 4.0, 5.0, 6.0, 6.5 ] }
							}
						},
						{
							"name": "_partheadscrewdriver44",
							"from": [ 0.9, 2.1, -0.04 ], 
							"to": [ 0.9, 2.1, -0.04 ], 
							"rotationOrigin": [ -2.6, 1.6, 1.38 ],
							"rotationZ": -90.0,
							"faces": {
								"north": { "texture": "#default", "uv": [ 0.0, 0.0, 0.5, 0.5 ] },
								"east": { "texture": "#default", "uv": [ 0.0, 0.0, 0.5, 0.5 ] },
								"south": { "texture": "#default", "uv": [ 0.0, 0.0, 0.5, 0.5 ] },
								"west": { "texture": "#default", "uv": [ 0.0, 0.0, 0.5, 0.5 ] },
								"up": { "texture": "#default", "uv": [ 0.0, 0.0, 0.5, 0.5 ] },
								"down": { "texture": "#default", "uv": [ 0.0, 0.0, 0.5, 0.5 ] }
							},
							"children": [
								{
									"name": "partheadscrewdriver-blade45",
									"from": [ -2.95, -0.1, -3.55 ], 
									"to": [ -0.95, 0.3, -1.75 ], 
									"rotationOrigin": [ -2.9, -0.1, -3.5 ],
									"rotationY": 90.0,
									"faces": {
										"north": { "texture": "#metal", "uv": [ 12.0, 1.0, 14.0, 1.5 ] },
										"east": { "texture": "#metal", "uv": [ 11.0, 12.0, 12.5, 12.5 ] },
										"south": { "texture": "#metal", "uv": [ 8.0, 12.0, 10.0, 12.5 ] },
										"west": { "texture": "#metal", "uv": [ 10.0, 11.0, 11.5, 11.5 ] },
										"up": { "texture": "#metal", "uv": [ 7.0, 11.0, 9.0, 12.5 ] },
										"down": { "texture": "#metal", "uv": [ 4.0, 5.0, 6.0, 6.5 ] }
									}
								}
							]
						}
					]
				}
			]
		},
		{
			"name": "_partwrench",
			"from": [ 2.2, -7.3, 0.0 ], 
			"to": [ 2.2, -7.3, 0.0 ], 
			"rotationOrigin": [ 10.2, 0.7, 8.0 ],
			"faces": {
				"north": { "texture": "#default", "uv": [ 0.0, 0.0, 0.5, 0.5 ] },
				"east": { "texture": "#default", "uv": [ 0.0, 0.0, 0.5, 0.5 ] },
				"south": { "texture": "#default", "uv": [ 0.0, 0.0, 0.5, 0.5 ] },
				"west": { "texture": "#default", "uv": [ 0.0, 0.0, 0.5, 0.5 ] },
				"up": { "texture": "#default", "uv": [ 0.0, 0.0, 0.5, 0.5 ] },
				"down": { "texture": "#default", "uv": [ 0.0, 0.0, 0.5, 0.5 ] }
			},
			"children": [
				{
					"name": "partwrench-base",
					"from": [ -1.2, 7.3, 9.0 ], 
					"to": [ 0.3, 8.7, 11.0 ], 
					"rotationOrigin": [ 1.8, 7.3, 9.0 ],
					"rotationX": -180.0,
					"rotationZ": -180.0,
					"faces": {
						"north": { "texture": "#metal", "uv": [ 0.0, 0.0, 1.5, 1.0 ] },
						"east": { "texture": "#metal", "uv": [ 0.0, 0.0, 2.0, 1.0 ] },
						"south": { "texture": "#metal", "uv": [ 0.0, 0.0, 1.5, 1.0 ] },
						"west": { "texture": "#metal", "uv": [ 0.0, 0.0, 2.0, 1.0 ] },
						"up": { "texture": "#metal", "uv": [ 0.0, 0.0, 1.5, 2.0 ] },
						"down": { "texture": "#metal", "uv": [ 0.0, 0.0, 1.5, 2.0 ] }
					},
					"children": [
						{
							"name": "partwrench-arm-1-1",
							"from": [ 0.8, 0.1, 1.0 ], 
							"to": [ 2.8, 1.3, 2.0 ], 
							"rotationOrigin": [ 0.8, 0.1, 2.0 ],
							"rotationY": -45.0,
							"faces": {
								"north": { "texture": "#metal", "uv": [ 0.0, 0.0, 2.0, 1.0 ] },
								"east": { "texture": "#metal", "uv": [ 0.0, 0.0, 1.0, 1.0 ] },
								"south": { "texture": "#metal", "uv": [ 0.0, 0.0, 2.0, 1.0 ] },
								"west": { "texture": "#metal", "uv": [ 0.0, 0.0, 1.0, 1.0 ] },
								"up": { "texture": "#metal", "uv": [ 0.0, 0.0, 2.0, 1.0 ] },
								"down": { "texture": "#metal", "uv": [ 0.0, 0.0, 2.0, 1.0 ] }
							},
							"children": [
								{
									"name": "partwrench-arm-1-2",
									"from": [ 2.0, 0.1, 0.0 ], 
									"to": [ 4.0, 1.1, 1.0 ], 
									"rotationOrigin": [ 2.0, 0.1, 1.0 ],
									"rotationY": 45.0,
									"faces": {
										"north": { "texture": "#metal", "uv": [ 0.0, 0.0, 2.0, 1.0 ] },
										"east": { "texture": "#metal", "uv": [ 0.0, 0.0, 1.0, 1.0 ] },
										"south": { "texture": "#metal", "uv": [ 0.0, 0.0, 2.0, 1.0 ] },
										"west": { "texture": "#metal", "uv": [ 0.0, 0.0, 1.0, 1.0 ] },
										"up": { "texture": "#metal", "uv": [ 0.0, 0.0, 2.0, 1.0 ] },
										"down": { "texture": "#metal", "uv": [ 0.0, 0.0, 2.0, 1.0 ] }
									}
								}
							]
						},
						{
							"name": "partwrench-arm-2-1",
							"from": [ 0.8, 0.1, 0.0 ], 
							"to": [ 2.8, 1.3, 1.0 ], 
							"rotationOrigin": [ 0.8, 0.1, 0.0 ],
							"rotationY": 45.0,
							"faces": {
								"north": { "texture": "#metal", "uv": [ 0.0, 0.0, 2.0, 1.0 ] },
								"east": { "texture": "#metal", "uv": [ 0.0, 0.0, 1.0, 1.0 ] },
								"south": { "texture": "#metal", "uv": [ 0.0, 0.0, 2.0, 1.0 ] },
								"west": { "texture": "#metal", "uv": [ 0.0, 0.0, 1.0, 1.0 ] },
								"up": { "texture": "#metal", "uv": [ 0.0, 0.0, 2.0, 1.0 ] },
								"down": { "texture": "#metal", "uv": [ 0.0, 0.0, 2.0, 1.0 ] }
							},
							"children": [
								{
									"name": "partwrench-arm-2-2",
									"from": [ 2.0, 0.1, 0.0 ], 
									"to": [ 4.0, 1.1, 1.0 ], 
									"rotationOrigin": [ 2.0, 0.1, 0.0 ],
									"rotationY": -45.0,
									"faces": {
										"north": { "texture": "#metal", "uv": [ 0.0, 0.0, 2.0, 1.0 ] },
										"east": { "texture": "#metal", "uv": [ 0.0, 0.0, 1.0, 1.0 ] },
										"south": { "texture": "#metal", "uv": [ 0.0, 0.0, 2.0, 1.0 ] },
										"west": { "texture": "#metal", "uv": [ 0.0, 0.0, 1.0, 1.0 ] },
										"up": { "texture": "#metal", "uv": [ 0.0, 0.0, 2.0, 1.0 ] },
										"down": { "texture": "#metal", "uv": [ 0.0, 0.0, 2.0, 1.0 ] }
									}
								}
							]
						}
					]
				}
			]
		}
	]}