{
	"editor": {
		"allAngles": false,
		"entityTextureMode": false
	},
	"textureWidth": 16,
	"textureHeight": 16,
	"textureSizes": {
	},
	"textures": {
	},
	"elements": [
		{
			"name": "_origin",
			"from": [ 0.0, 0.0, 0.0 ], 
			"to": [ 0.0, 0.0, 0.0 ], 
			"faces": {
				"north": { "texture": "#default", "uv": [ 10.5, 2.0, 11.0, 2.5 ] },
				"east": { "texture": "#default", "uv": [ 8.0, 11.5, 8.5, 12.0 ] },
				"south": { "texture": "#default", "uv": [ 9.0, 5.0, 9.5, 5.5 ] },
				"west": { "texture": "#default", "uv": [ 14.0, 13.5, 14.5, 14.0 ] },
				"up": { "texture": "#default", "uv": [ 11.5, 13.5, 12.0, 14.0 ] },
				"down": { "texture": "#default", "uv": [ 15.0, 2.0, 15.5, 2.5 ] }
			},
			"children": [
				{
					"name": "platform1",
					"from": [ 1.0, 0.0, 1.0 ], 
					"to": [ 15.0, 0.25, 15.0 ], 
					"rotationOrigin": [ 1.0, 0.0, 1.0 ],
					"faces": {
						"north": { "texture": "#wood", "uv": [ 0.5, 8.5, 14.5, 9.0 ] },
						"east": { "texture": "#wood", "uv": [ 1.0, 9.0, 15.0, 9.5 ] },
						"south": { "texture": "#wood", "uv": [ 1.0, 3.0, 15.0, 3.5 ] },
						"west": { "texture": "#wood", "uv": [ 1.0, 14.0, 15.0, 14.5 ] },
						"up": { "texture": "#wood", "uv": [ 0.5, 1.0, 14.5, 15.0 ] },
						"down": { "texture": "#wood", "uv": [ 0.0, 0.5, 14.0, 14.5 ] }
					}
				}
			]
		},
		{
			"name": "_origin1",
			"from": [ 0.0, 0.25, 0.0 ], 
			"to": [ 0.0, 0.25, 0.0 ], 
			"faces": {
				"north": { "texture": "#frame", "uv": [ 0.0, 0.0, 0.5, 0.5 ] },
				"east": { "texture": "#frame", "uv": [ 0.0, 0.0, 0.5, 0.5 ] },
				"south": { "texture": "#frame", "uv": [ 0.0, 0.0, 0.5, 0.5 ] },
				"west": { "texture": "#frame", "uv": [ 0.0, 0.0, 0.5, 0.5 ] },
				"up": { "texture": "#frame", "uv": [ 0.0, 0.0, 0.5, 0.5 ] },
				"down": { "texture": "#frame", "uv": [ 0.0, 0.0, 0.5, 0.5 ] }
			},
			"children": [
				{
					"name": "Cube37",
					"from": [ 12.72, 0.0, 2.0 ], 
					"to": [ 14.72, 2.0, 14.0 ], 
					"rotationOrigin": [ 13.0, 0.0, 10.0 ],
					"rotationY": 0.4,
					"faces": {
						"north": { "texture": "#frame", "uv": [ 0.0, 0.0, 2.0, 2.0 ] },
						"east": { "texture": "#frame", "uv": [ 0.0, 0.0, 12.0, 2.0 ] },
						"south": { "texture": "#frame", "uv": [ 0.0, 0.0, 2.0, 2.0 ] },
						"west": { "texture": "#frame", "uv": [ 0.0, 0.0, 12.0, 2.0 ] },
						"up": { "texture": "#frame", "uv": [ 0.0, 0.0, 2.0, 12.0 ] },
						"down": { "texture": "#frame", "uv": [ 0.0, 0.0, 2.0, 12.0 ] }
					},
					"children": [
						{
							"name": "Cube38",
							"from": [ -3.2468, 0.0, 0.2445 ], 
							"to": [ -1.2468, 2.0, 12.2445 ], 
							"rotationOrigin": [ -3.9968, 0.0, 0.1445 ],
							"rotationY": 2.9999995618547284,
							"faces": {
								"north": { "texture": "#frame", "uv": [ 0.0, 0.0, 2.0, 2.0 ] },
								"east": { "texture": "#frame", "uv": [ 0.0, 0.0, 12.0, 2.0 ] },
								"south": { "texture": "#frame", "uv": [ 0.0, 0.0, 2.0, 2.0 ] },
								"west": { "texture": "#frame", "uv": [ 0.0, 0.0, 12.0, 2.0 ] },
								"up": { "texture": "#frame", "uv": [ 0.0, 0.0, 2.0, 12.0 ] },
								"down": { "texture": "#frame", "uv": [ 0.0, 0.0, 2.0, 12.0 ] }
							}
						},
						{
							"name": "Cube39",
							"from": [ -1.998, 2.0, 0.3247 ], 
							"to": [ 0.002, 4.0, 12.3247 ], 
							"rotationOrigin": [ -1.998, 2.0, 0.0747 ],
							"rotationY": 1.9999998236580536,
							"faces": {
								"north": { "texture": "#frame", "uv": [ 0.0, 0.0, 2.0, 2.0 ] },
								"east": { "texture": "#frame", "uv": [ 0.0, 0.0, 12.0, 2.0 ] },
								"south": { "texture": "#frame", "uv": [ 0.0, 0.0, 2.0, 2.0 ] },
								"west": { "texture": "#frame", "uv": [ 0.0, 0.0, 12.0, 2.0 ] },
								"up": { "texture": "#frame", "uv": [ 0.0, 0.0, 2.0, 12.0 ] },
								"down": { "texture": "#frame", "uv": [ 0.0, 0.0, 2.0, 12.0 ] }
							}
						},
						{
							"name": "Cube41",
							"from": [ -5.4962, 0.0, 0.0394 ], 
							"to": [ -3.4962, 2.0, 12.0394 ], 
							"rotationOrigin": [ -4.9962, 0.0, 0.1794 ],
							"rotationY": 0.9999999066063042,
							"faces": {
								"north": { "texture": "#frame", "uv": [ 0.0, 0.0, 2.0, 2.0 ] },
								"east": { "texture": "#frame", "uv": [ 0.0, 0.0, 12.0, 2.0 ] },
								"south": { "texture": "#frame", "uv": [ 0.0, 0.0, 2.0, 2.0 ] },
								"west": { "texture": "#frame", "uv": [ 0.0, 0.0, 12.0, 2.0 ] },
								"up": { "texture": "#frame", "uv": [ 0.0, 0.0, 2.0, 12.0 ] },
								"down": { "texture": "#frame", "uv": [ 0.0, 0.0, 2.0, 12.0 ] }
							}
						},
						{
							"name": "Cube42",
							"from": [ -4.1962, 2.0, 0.1794 ], 
							"to": [ -2.1962, 4.0, 12.1794 ], 
							"rotationOrigin": [ -4.9962, 2.0, 0.1794 ],
							"rotationY": 1.9999998236580536,
							"faces": {
								"north": { "texture": "#frame", "uv": [ 0.0, 0.0, 2.0, 2.0 ] },
								"east": { "texture": "#frame", "uv": [ 0.0, 0.0, 12.0, 2.0 ] },
								"south": { "texture": "#frame", "uv": [ 0.0, 0.0, 2.0, 2.0 ] },
								"west": { "texture": "#frame", "uv": [ 0.0, 0.0, 12.0, 2.0 ] },
								"up": { "texture": "#frame", "uv": [ 0.0, 0.0, 2.0, 12.0 ] },
								"down": { "texture": "#frame", "uv": [ 0.0, 0.0, 2.0, 12.0 ] }
							}
						},
						{
							"name": "Cube45",
							"from": [ -3.6572, 4.0, 3.002 ], 
							"to": [ -1.6572, 6.0, 11.002 ], 
							"rotationOrigin": [ -3.8572, 4.0, 4.142 ],
							"rotationY": 8.000000677436141,
							"faces": {
								"north": { "texture": "#frame", "uv": [ 0.0, 0.0, 2.0, 2.0 ] },
								"east": { "texture": "#frame", "uv": [ 0.0, 0.0, 8.0, 2.0 ] },
								"south": { "texture": "#frame", "uv": [ 0.0, 0.0, 2.0, 2.0 ] },
								"west": { "texture": "#frame", "uv": [ 0.0, 0.0, 8.0, 2.0 ] },
								"up": { "texture": "#frame", "uv": [ 0.0, 0.0, 2.0, 8.0 ] },
								"down": { "texture": "#frame", "uv": [ 0.0, 0.0, 2.0, 8.0 ] }
							}
						}
					]
				},
				{
					"name": "Cube43",
					"from": [ 4.5, 0.0, 1.2 ], 
					"to": [ 6.5, 2.0, 9.2 ], 
					"rotationOrigin": [ 5.0, 0.0, 1.0 ],
					"faces": {
						"north": { "texture": "#frame", "uv": [ 0.0, 0.0, 2.0, 2.0 ] },
						"east": { "texture": "#frame", "uv": [ 0.0, 0.0, 8.0, 2.0 ] },
						"south": { "texture": "#frame", "uv": [ 0.0, 0.0, 2.0, 2.0 ] },
						"west": { "texture": "#frame", "uv": [ 0.0, 0.0, 8.0, 2.0 ] },
						"up": { "texture": "#frame", "uv": [ 0.0, 0.0, 2.0, 8.0 ] },
						"down": { "texture": "#frame", "uv": [ 0.0, 0.0, 2.0, 8.0 ] }
					},
					"children": [
						{
							"name": "Cube44",
							"from": [ -3.0, 0.0, 0.3 ], 
							"to": [ -1.0, 2.0, 8.3 ], 
							"rotationOrigin": [ -2.5, 0.0, -0.2 ],
							"faces": {
								"north": { "texture": "#frame", "uv": [ 0.0, 0.0, 2.0, 2.0 ] },
								"east": { "texture": "#frame", "uv": [ 0.0, 0.0, 8.0, 2.0 ] },
								"south": { "texture": "#frame", "uv": [ 0.0, 0.0, 2.0, 2.0 ] },
								"west": { "texture": "#frame", "uv": [ 0.0, 0.0, 8.0, 2.0 ] },
								"up": { "texture": "#frame", "uv": [ 0.0, 0.0, 2.0, 8.0 ] },
								"down": { "texture": "#frame", "uv": [ 0.0, 0.0, 2.0, 8.0 ] }
							}
						},
						{
							"name": "Cube46",
							"from": [ -1.25, 2.0, 0.66 ], 
							"to": [ 0.75, 4.0, 8.66 ], 
							"rotationOrigin": [ -0.5, 2.0, 0.8 ],
							"faces": {
								"north": { "texture": "#frame", "uv": [ 0.0, 0.0, 2.0, 2.0 ] },
								"east": { "texture": "#frame", "uv": [ 0.0, 0.0, 8.0, 2.0 ] },
								"south": { "texture": "#frame", "uv": [ 0.0, 0.0, 2.0, 2.0 ] },
								"west": { "texture": "#frame", "uv": [ 0.0, 0.0, 8.0, 2.0 ] },
								"up": { "texture": "#frame", "uv": [ 0.0, 0.0, 2.0, 8.0 ] },
								"down": { "texture": "#frame", "uv": [ 0.0, 0.0, 2.0, 8.0 ] }
							}
						}
					]
				},
				{
					"name": "Cube40",
					"from": [ 5.25, 0.0, 11.5 ], 
					"to": [ 6.25, 1.0, 12.0 ], 
					"rotationOrigin": [ 5.0, 0.0, 11.0 ],
					"rotationY": 25.99999888458607,
					"faces": {
						"north": { "texture": "#frame", "uv": [ 0.0, 0.0, 1.0, 1.0 ] },
						"east": { "texture": "#frame", "uv": [ 0.0, 0.0, 0.5, 1.0 ] },
						"south": { "texture": "#frame", "uv": [ 0.0, 0.0, 1.0, 1.0 ] },
						"west": { "texture": "#frame", "uv": [ 0.0, 0.0, 0.5, 1.0 ] },
						"up": { "texture": "#frame", "uv": [ 0.0, 0.0, 1.0, 0.5 ] },
						"down": { "texture": "#frame", "uv": [ 0.0, 0.0, 1.0, 0.5 ] }
					},
					"children": [
						{
							"name": "Cube47",
							"from": [ 0.25, 0.25, 0.5 ], 
							"to": [ 0.75, 0.75, 1.5 ], 
							"rotationOrigin": [ 0.0, 0.0, 1.0 ],
							"faces": {
								"north": { "texture": "#frame", "uv": [ 0.0, 0.0, 0.5, 0.5 ] },
								"east": { "texture": "#frame", "uv": [ 0.0, 0.0, 1.0, 0.5 ] },
								"south": { "texture": "#frame", "uv": [ 0.0, 0.0, 0.5, 0.5 ] },
								"west": { "texture": "#frame", "uv": [ 0.0, 0.0, 1.0, 0.5 ] },
								"up": { "texture": "#frame", "uv": [ 0.0, 0.0, 0.5, 1.0 ] },
								"down": { "texture": "#frame", "uv": [ 0.0, 0.0, 0.5, 1.0 ] }
							}
						},
						{
							"name": "Cube48",
							"from": [ -0.99, 0.0, -0.24 ], 
							"to": [ 0.01, 1.0, 0.26 ], 
							"rotationOrigin": [ -0.8988, 0.0, -0.9384 ],
							"rotationY": -29.999998352813325,
							"faces": {
								"north": { "texture": "#frame", "uv": [ 0.0, 0.0, 1.0, 1.0 ] },
								"east": { "texture": "#frame", "uv": [ 0.0, 0.0, 0.5, 1.0 ] },
								"south": { "texture": "#frame", "uv": [ 0.0, 0.0, 1.0, 1.0 ] },
								"west": { "texture": "#frame", "uv": [ 0.0, 0.0, 0.5, 1.0 ] },
								"up": { "texture": "#frame", "uv": [ 0.0, 0.0, 1.0, 0.5 ] },
								"down": { "texture": "#frame", "uv": [ 0.0, 0.0, 1.0, 0.5 ] }
							},
							"children": [
								{
									"name": "Cube49",
									"from": [ 0.25, 0.25, 0.5 ], 
									"to": [ 0.75, 0.75, 1.5 ], 
									"rotationOrigin": [ 0.0, 0.0, 1.0 ],
									"faces": {
										"north": { "texture": "#frame", "uv": [ 0.0, 0.0, 0.5, 0.5 ] },
										"east": { "texture": "#frame", "uv": [ 0.0, 0.0, 1.0, 0.5 ] },
										"south": { "texture": "#frame", "uv": [ 0.0, 0.0, 0.5, 0.5 ] },
										"west": { "texture": "#frame", "uv": [ 0.0, 0.0, 1.0, 0.5 ] },
										"up": { "texture": "#frame", "uv": [ 0.0, 0.0, 0.5, 1.0 ] },
										"down": { "texture": "#frame", "uv": [ 0.0, 0.0, 0.5, 1.0 ] }
									}
								}
							]
						},
						{
							"name": "Cube52",
							"from": [ -0.8988, 0.0, -0.4384 ], 
							"to": [ 0.1012, 1.0, 0.0616 ], 
							"rotationOrigin": [ -0.8988, 0.0, -0.9384 ],
							"rotationX": -179.99942566116798,
							"rotationY": 88.00001735036892,
							"rotationZ": 179.9994378420897,
							"faces": {
								"north": { "texture": "#frame", "uv": [ 0.0, 0.0, 1.0, 1.0 ] },
								"east": { "texture": "#frame", "uv": [ 0.0, 0.0, 0.5, 1.0 ] },
								"south": { "texture": "#frame", "uv": [ 0.0, 0.0, 1.0, 1.0 ] },
								"west": { "texture": "#frame", "uv": [ 0.0, 0.0, 0.5, 1.0 ] },
								"up": { "texture": "#frame", "uv": [ 0.0, 0.0, 1.0, 0.5 ] },
								"down": { "texture": "#frame", "uv": [ 0.0, 0.0, 1.0, 0.5 ] }
							},
							"children": [
								{
									"name": "Cube53",
									"from": [ 0.25, 0.25, 0.5 ], 
									"to": [ 0.75, 0.75, 1.5 ], 
									"rotationOrigin": [ 0.0, 0.0, 1.0 ],
									"faces": {
										"north": { "texture": "#frame", "uv": [ 0.0, 0.0, 0.5, 0.5 ] },
										"east": { "texture": "#frame", "uv": [ 0.0, 0.0, 1.0, 0.5 ] },
										"south": { "texture": "#frame", "uv": [ 0.0, 0.0, 0.5, 0.5 ] },
										"west": { "texture": "#frame", "uv": [ 0.0, 0.0, 1.0, 0.5 ] },
										"up": { "texture": "#frame", "uv": [ 0.0, 0.0, 0.5, 1.0 ] },
										"down": { "texture": "#frame", "uv": [ 0.0, 0.0, 0.5, 1.0 ] }
									}
								}
							]
						},
						{
							"name": "Cube50",
							"from": [ 0.1, 0.0, -0.4384 ], 
							"to": [ 1.1, 1.0, 0.0616 ], 
							"rotationOrigin": [ 0.1012, 0.0, -0.9384 ],
							"rotationX": -179.99999011687993,
							"rotationY": -64.00009110643354,
							"rotationZ": -179.99999011687993,
							"faces": {
								"north": { "texture": "#frame", "uv": [ 0.0, 0.0, 1.0, 1.0 ] },
								"east": { "texture": "#frame", "uv": [ 0.0, 0.0, 0.5, 1.0 ] },
								"south": { "texture": "#frame", "uv": [ 0.0, 0.0, 1.0, 1.0 ] },
								"west": { "texture": "#frame", "uv": [ 0.0, 0.0, 0.5, 1.0 ] },
								"up": { "texture": "#frame", "uv": [ 0.0, 0.0, 1.0, 0.5 ] },
								"down": { "texture": "#frame", "uv": [ 0.0, 0.0, 1.0, 0.5 ] }
							},
							"children": [
								{
									"name": "Cube51",
									"from": [ 0.25, 0.25, 0.5 ], 
									"to": [ 0.75, 0.75, 1.5 ], 
									"rotationOrigin": [ 0.0, 0.0, 1.0 ],
									"faces": {
										"north": { "texture": "#frame", "uv": [ 0.0, 0.0, 0.5, 0.5 ] },
										"east": { "texture": "#frame", "uv": [ 0.0, 0.0, 1.0, 0.5 ] },
										"south": { "texture": "#frame", "uv": [ 0.0, 0.0, 0.5, 0.5 ] },
										"west": { "texture": "#frame", "uv": [ 0.0, 0.0, 1.0, 0.5 ] },
										"up": { "texture": "#frame", "uv": [ 0.0, 0.0, 0.5, 1.0 ] },
										"down": { "texture": "#frame", "uv": [ 0.0, 0.0, 0.5, 1.0 ] }
									}
								}
							]
						},
						{
							"name": "Cube54",
							"from": [ -3.1127, 0.0, 1.8196 ], 
							"to": [ -2.1127, 1.0, 2.3196 ], 
							"rotationOrigin": [ -3.1127, 0.0, 1.3196 ],
							"rotationY": 37.999999844637706,
							"faces": {
								"north": { "texture": "#frame", "uv": [ 0.0, 0.0, 1.0, 1.0 ] },
								"east": { "texture": "#frame", "uv": [ 0.0, 0.0, 0.5, 1.0 ] },
								"south": { "texture": "#frame", "uv": [ 0.0, 0.0, 1.0, 1.0 ] },
								"west": { "texture": "#frame", "uv": [ 0.0, 0.0, 0.5, 1.0 ] },
								"up": { "texture": "#frame", "uv": [ 0.0, 0.0, 1.0, 0.5 ] },
								"down": { "texture": "#frame", "uv": [ 0.0, 0.0, 1.0, 0.5 ] }
							},
							"children": [
								{
									"name": "Cube55",
									"from": [ 0.25, 0.25, 0.5 ], 
									"to": [ 0.75, 0.75, 1.5 ], 
									"rotationOrigin": [ 0.0, 0.0, 1.0 ],
									"faces": {
										"north": { "texture": "#frame", "uv": [ 0.0, 0.0, 0.5, 0.5 ] },
										"east": { "texture": "#frame", "uv": [ 0.0, 0.0, 1.0, 0.5 ] },
										"south": { "texture": "#frame", "uv": [ 0.0, 0.0, 0.5, 0.5 ] },
										"west": { "texture": "#frame", "uv": [ 0.0, 0.0, 1.0, 0.5 ] },
										"up": { "texture": "#frame", "uv": [ 0.0, 0.0, 0.5, 1.0 ] },
										"down": { "texture": "#frame", "uv": [ 0.0, 0.0, 0.5, 1.0 ] }
									}
								},
								{
									"name": "Cube56",
									"from": [ 0.7088, 0.0, -2.8784 ], 
									"to": [ 1.7088, 1.0, -2.3784 ], 
									"rotationOrigin": [ 0.0, 0.0, -3.3768 ],
									"rotationY": -55.89999635209347,
									"faces": {
										"north": { "texture": "#frame", "uv": [ 0.0, 0.0, 1.0, 1.0 ] },
										"east": { "texture": "#frame", "uv": [ 0.0, 0.0, 0.5, 1.0 ] },
										"south": { "texture": "#frame", "uv": [ 0.0, 0.0, 1.0, 1.0 ] },
										"west": { "texture": "#frame", "uv": [ 0.0, 0.0, 0.5, 1.0 ] },
										"up": { "texture": "#frame", "uv": [ 0.0, 0.0, 1.0, 0.5 ] },
										"down": { "texture": "#frame", "uv": [ 0.0, 0.0, 1.0, 0.5 ] }
									},
									"children": [
										{
											"name": "Cube57",
											"from": [ 0.25, 0.25, 0.5 ], 
											"to": [ 0.75, 0.75, 1.5 ], 
											"rotationOrigin": [ 0.0, 0.0, 1.0 ],
											"faces": {
												"north": { "texture": "#frame", "uv": [ 0.0, 0.0, 0.5, 0.5 ] },
												"east": { "texture": "#frame", "uv": [ 0.0, 0.0, 1.0, 0.5 ] },
												"south": { "texture": "#frame", "uv": [ 0.0, 0.0, 0.5, 0.5 ] },
												"west": { "texture": "#frame", "uv": [ 0.0, 0.0, 1.0, 0.5 ] },
												"up": { "texture": "#frame", "uv": [ 0.0, 0.0, 0.5, 1.0 ] },
												"down": { "texture": "#frame", "uv": [ 0.0, 0.0, 0.5, 1.0 ] }
											}
										},
										{
											"name": "Cube58",
											"from": [ 0.6786, 0.0, -0.2674 ], 
											"to": [ 1.6786, 1.0, 0.2326 ], 
											"rotationOrigin": [ 0.6799, 0.0, -0.7658 ],
											"rotationX": -179.9999513240828,
											"rotationY": 32.10000730548632,
											"rotationZ": -179.99997378830804,
											"faces": {
												"north": { "texture": "#frame", "uv": [ 0.0, 0.0, 1.0, 1.0 ] },
												"east": { "texture": "#frame", "uv": [ 0.0, 0.0, 0.5, 1.0 ] },
												"south": { "texture": "#frame", "uv": [ 0.0, 0.0, 1.0, 1.0 ] },
												"west": { "texture": "#frame", "uv": [ 0.0, 0.0, 0.5, 1.0 ] },
												"up": { "texture": "#frame", "uv": [ 0.0, 0.0, 1.0, 0.5 ] },
												"down": { "texture": "#frame", "uv": [ 0.0, 0.0, 1.0, 0.5 ] }
											},
											"children": [
												{
													"name": "Cube59",
													"from": [ 0.25, 0.25, 0.5 ], 
													"to": [ 0.75, 0.75, 1.5 ], 
													"rotationOrigin": [ 0.0, 0.0, 1.0 ],
													"faces": {
														"north": { "texture": "#frame", "uv": [ 0.0, 0.0, 0.5, 0.5 ] },
														"east": { "texture": "#frame", "uv": [ 0.0, 0.0, 1.0, 0.5 ] },
														"south": { "texture": "#frame", "uv": [ 0.0, 0.0, 0.5, 0.5 ] },
														"west": { "texture": "#frame", "uv": [ 0.0, 0.0, 1.0, 0.5 ] },
														"up": { "texture": "#frame", "uv": [ 0.0, 0.0, 0.5, 1.0 ] },
														"down": { "texture": "#frame", "uv": [ 0.0, 0.0, 0.5, 1.0 ] }
													}
												},
												{
													"name": "Cube60",
													"from": [ -1.0691, 0.0, 2.2038 ], 
													"to": [ -0.0691, 1.0, 2.7038 ], 
													"rotationOrigin": [ -1.0679, 0.0, 1.4655 ],
													"rotationX": -179.99996582006958,
													"rotationY": 27.99989474781348,
													"rotationZ": -179.9999512188334,
													"faces": {
														"north": { "texture": "#frame", "uv": [ 0.0, 0.0, 1.0, 1.0 ] },
														"east": { "texture": "#frame", "uv": [ 0.0, 0.0, 0.5, 1.0 ] },
														"south": { "texture": "#frame", "uv": [ 0.0, 0.0, 1.0, 1.0 ] },
														"west": { "texture": "#frame", "uv": [ 0.0, 0.0, 0.5, 1.0 ] },
														"up": { "texture": "#frame", "uv": [ 0.0, 0.0, 1.0, 0.5 ] },
														"down": { "texture": "#frame", "uv": [ 0.0, 0.0, 1.0, 0.5 ] }
													},
													"children": [
														{
															"name": "Cube61",
															"from": [ 0.25, 0.25, 0.5 ], 
															"to": [ 0.75, 0.75, 1.5 ], 
															"rotationOrigin": [ 0.0, 0.0, 1.0 ],
															"faces": {
																"north": { "texture": "#frame", "uv": [ 0.0, 0.0, 0.5, 0.5 ] },
																"east": { "texture": "#frame", "uv": [ 0.0, 0.0, 1.0, 0.5 ] },
																"south": { "texture": "#frame", "uv": [ 0.0, 0.0, 0.5, 0.5 ] },
																"west": { "texture": "#frame", "uv": [ 0.0, 0.0, 1.0, 0.5 ] },
																"up": { "texture": "#frame", "uv": [ 0.0, 0.0, 0.5, 1.0 ] },
																"down": { "texture": "#frame", "uv": [ 0.0, 0.0, 0.5, 1.0 ] }
															}
														}
													]
												}
											]
										}
									]
								}
							]
						}
					]
				}
			]
		}
	]}