{
	"editor": {
		"allAngles": false,
		"entityTextureMode": false
	},
	"textureWidth": 16,
	"textureHeight": 16,
	"textureSizes": {
	},
	"textures": {
	},
	"elements": [
		{
			"name": "origin",
			"from": [ 6.3, -0.5, 6.0 ], 
			"to": [ 6.3, -0.5, 6.0 ], 
			"rotationOrigin": [ 8.0, 0.0, 8.0 ],
			"faces": {
				"north": { "texture": "#default", "uv": [ 6.0, 6.0, 6.0, 6.0 ], "enabled": false },
				"east": { "texture": "#default", "uv": [ 8.0, 8.0, 8.0, 8.0 ], "enabled": false },
				"south": { "texture": "#default", "uv": [ 5.0, 8.0, 5.0, 8.0 ], "enabled": false },
				"west": { "texture": "#default", "uv": [ 7.0, 7.0, 7.0, 7.0 ], "enabled": false },
				"up": { "texture": "#default", "uv": [ 0.0, 12.0, 0.0, 12.0 ], "enabled": false },
				"down": { "texture": "#default", "uv": [ 5.0, 6.0, 5.0, 6.0 ], "enabled": false }
			},
			"children": [
				{
					"name": "default5",
					"from": [ 0.4, 0.5, 0.0 ], 
					"to": [ 3.2, 2.0, 4.6 ], 
					"rotationOrigin": [ 0.2, 0.0, 0.0 ],
					"faces": {
						"north": { "texture": "#ore", "uv": [ 9.5, 0.0, 12.0, 1.5 ] },
						"east": { "texture": "#ore", "uv": [ 9.0, 0.5, 13.5, 2.0 ] },
						"south": { "texture": "#ore", "uv": [ 8.0, 14.0, 10.5, 15.5 ] },
						"west": { "texture": "#ore", "uv": [ 4.5, 14.0, 9.0, 15.5 ] },
						"up": { "texture": "#ore", "uv": [ 2.5, 3.0, 5.0, 7.5 ] },
						"down": { "texture": "#ore", "uv": [ 4.5, 8.5, 7.0, 13.0 ] }
					}
				},
				{
					"name": "default6",
					"from": [ 0.7, 0.5, 4.5 ], 
					"to": [ 2.4, 1.9, 5.1 ], 
					"rotationOrigin": [ 1.0, 0.5, 5.5 ],
					"faces": {
						"north": { "texture": "#ore", "uv": [ 4.5, 0.5, 6.0, 1.5 ], "enabled": false },
						"east": { "texture": "#ore", "uv": [ 7.5, 1.0, 8.0, 2.0 ] },
						"south": { "texture": "#ore", "uv": [ 8.5, 6.0, 10.0, 7.0 ] },
						"west": { "texture": "#ore", "uv": [ 6.0, 6.0, 6.5, 7.0 ] },
						"up": { "texture": "#ore", "uv": [ 11.5, 2.5, 13.0, 3.0 ] },
						"down": { "texture": "#ore", "uv": [ 6.5, 3.5, 8.0, 4.0 ] }
					}
				},
				{
					"name": "default8",
					"from": [ 1.3, 0.5, -0.6 ], 
					"to": [ 3.0, 1.9, 0.0 ], 
					"rotationOrigin": [ 1.6, 0.5, 0.4 ],
					"faces": {
						"north": { "texture": "#ore", "uv": [ 4.5, 0.5, 6.0, 1.5 ] },
						"east": { "texture": "#ore", "uv": [ 7.5, 1.0, 8.0, 2.0 ] },
						"south": { "texture": "#ore", "uv": [ 8.5, 6.0, 10.0, 7.0 ], "enabled": false },
						"west": { "texture": "#ore", "uv": [ 6.0, 6.0, 6.5, 7.0 ] },
						"up": { "texture": "#ore", "uv": [ 11.5, 2.5, 13.0, 3.0 ] },
						"down": { "texture": "#ore", "uv": [ 6.5, 3.5, 8.0, 4.0 ] }
					}
				}
			]
		}
	]}