{"GameVersion":"1.18.1","SizeX":1,"SizeY":5,"SizeZ":1,"BlockCodes":{"9241":"game:meta-underground","3164":"game:soil-verylow-normal","8801":"game:chest-east","9234":"game:clutter"},"ItemCodes":{"369":"game:stackrandomizer-newlore","337":"game:stackrandomizer-cloth-highstatus","357":"game:stackrandomizer-gear","355":"game:stackrandomizer-lantern","356":"game:stackrandomizer-painting"},"Indices":[0,1048576,2097152,3145728,4194304],"BlockIds":[9241,3164,8801,9241,9234],"DecorIndices":[],"DecorIds":[],"BlockEntities":{"2097152":"!<d@[F*Nts#64c-E,TfC\"TSN&!<d@[F*c<^#64o6@VfsmCI<#NAI;p\\ATMrFARTY%\"po!]G%GQ5DfU+(#'\"^#Dfg%+!!!!'\"`nKuFE7Zf0E;+R!!%!>!!!$\"!!!!(!AOQT!!!!r!<<*#z#6?R[!<<*\"AH;c2!<<*\"!!`N\\!!*'\"!+Q$0!!*'\"!!!6)2#mXW!!$O1!!!$\"z!!NdCDfS0\\De!QMDe*Dd@q]FpF=h'4F*%QgFEqh:$=e!jCgh:(ARmLu$#O6pBL-NKCh3SH!!!!","4194304":"!<d@[F*Nts#64c-E,TfC#64`(!<d@[F*c<^#64o6@VfsmCI<#NAHu^]F`__:EWlSfH#R='B6%F(ATMs3DIkCV\":&scFCB9&=9&=$!!EUFATMNNDJ*csz\":&scFCB9&=o\\O&!!rsADes6$@ru9m!!!"},"Entities":[],"ReplaceMode":2,"EntranceRotation":-1}