{"GameVersion":"1.18.1","SizeX":1,"SizeY":5,"SizeZ":1,"BlockCodes":{"9241":"game:meta-underground","3149":"game:soil-verylow-none","8801":"game:chest-east","9234":"game:clutter"},"ItemCodes":{"355":"game:stackrandomizer-lantern","357":"game:stackrandomizer-gear","369":"game:stackrandomizer-newlore","356":"game:stackrandomizer-painting","337":"game:stackrandomizer-cloth-highstatus"},"Indices":[0,1048576,2097152,3145728,4194304],"BlockIds":[9241,3149,8801,9241,9234],"DecorIndices":[],"DecorIds":[],"BlockEntities":{"2097152":"!<d@[F*Nts#64c-E,TfC\"TSN&!<d@[F*cKc#64o6@VfsmCI<#NAI;p\\ATMrFARTY%\"po!]G%GQ5DfU+(#'\"^#Dfg%+!!!!'\"`nKuFE7Zf0E;+R!!$L0!!!$\"!!!!(!AOQT!!!\"1!<<*#z#6?R[!<<*\"E<-%>!<<*\"!!`N\\!!*'\"!+Z*1!!*'\"!!!6)2#mXW!!#js!!!$\"z!!NdCDfS0\\De!QMDe*Dd@q]FpF=h'4F*%QgFEqh:$=e!jCgh:(ARmLu$#O6pBL-NKCh3SH!!!!","4194304":"!<d@[F*Nts#64c-E,TfC#64`(!<d@[F*cKc#64o6@VfsmCI<#NAHu^]F`__:EWlSfH#R='B6%F(ATMs3DIkCV\":&scFCB9&=9&=$!!EUFATMNNDJ*csz\":&scFCB9&=o\\O&!!rsADes6$@ru9m!!!"},"Entities":[],"ReplaceMode":2,"EntranceRotation":-1}