{"GameVersion":"1.18.1","SizeX":1,"SizeY":5,"SizeZ":1,"BlockCodes":{"9241":"game:meta-underground","3154":"game:soil-verylow-verysparse","8801":"game:chest-east","9234":"game:clutter"},"ItemCodes":{"356":"game:stackrandomizer-painting","355":"game:stackrandomizer-lantern","337":"game:stackrandomizer-cloth-highstatus","369":"game:stackrandomizer-newlore","357":"game:stackrandomizer-gear"},"Indices":[0,1048576,2097152,3145728,4194304],"BlockIds":[9241,3154,8801,9241,9234],"DecorIndices":[],"DecorIds":[],"BlockEntities":{"2097152":"!<d@[F*Nts#64c-E,TfC\"TSN&!<d@[F*c]i#64o6@VfsmCI<#NAI;p\\ATMrFARTY%\"po!]G%GQ5DfU+(#'\"^#Dfg%+!!!!'\"`nKuFE7Zf0E;+R!!$O1!!!$\"!!!!(!AOQT!!!\"/!<<*#z#6?U\\!<<*\";#pXs!<<*\"!!`N]!!*'\"!-&#>!!*'\"!!!6)2#mXW!!$R2!!!$\"z!!NdCDfS0\\De!QMDe*Dd@q]FpF=h'4F*%QgFEqh:$=e!jCgh:(ARmLu$#O6pBL-NKCh3SH!!!!","4194304":"!<d@[F*Nts#64c-E,TfC#64`(!<d@[F*c]i#64o6@VfsmCI<#NAHu^]F`__:EWlSfH#R='B6%F(ATMs3DIkCV\":&scFCB9&=9&=$!!EUFATMNNDJ*csz\":&scFCB9&=o\\O&!!rsADes6$@ru9m!!!"},"Entities":[],"ReplaceMode":2,"EntranceRotation":-1}