{"GameVersion":"1.18.1","SizeX":1,"SizeY":5,"SizeZ":1,"BlockCodes":{"9241":"game:meta-underground","3154":"game:soil-verylow-verysparse","8801":"game:chest-east","9234":"game:clutter"},"ItemCodes":{"369":"game:stackrandomizer-newlore","357":"game:stackrandomizer-gear","1068":"game:nugget-nativegold","348":"game:stackrandomizer-ingot","358":"game:stackrandomizer-jonasparts"},"Indices":[0,1048576,2097152,3145728,4194304],"BlockIds":[9241,3154,8801,9241,9234],"DecorIndices":[],"DecorIds":[],"BlockEntities":{"2097152":"!<d@[F*Nts#64c-E,TfC\"TSN&!<d@[F*d&s#64o6@VfsmCI<#NAI;p\\ATMrFARTY%\"po!]G%GQ5DfU+(#'\"^#Dfg%+!!!!'\"`nKuFE7Zf0E;+R!!%!>!!!$\"!!!!(!AOQT!!!\"1!<<*#z#6?U\\!<<*\"/-GqQ%KHJ/!!`N]!!*'\"!*fO)!!*'\"!!!6)2#mXW!!$U3!!!$\"!!!!(!B'oY!!!\"1!<<*#z!!!02AoD]VCi<g!6Z6LH$=da\\F*'!F@<6Mo\"E\\p.AI;pcCi!O!F(Jl:\":8pVF(djWB5D,Zz","4194304":"!<d@[F*Nts#64c-E,TfC#64`(!<d@[F*d&s#64o6@VfsmCI<#NAHu^]F`__:EWlSfH#R='B6%F(ATMs3DIkCV\":&scFCB9&=9&=$!!EUFATMNNDJ*csz\":&scFCB9&=o\\O&!!rsADes6$@ru9m!!!"},"Entities":[],"ReplaceMode":2,"EntranceRotation":-1}