{"GameVersion":"1.18.1","SizeX":1,"SizeY":5,"SizeZ":1,"BlockCodes":{"9241":"game:meta-underground","3164":"game:soil-verylow-normal","8801":"game:chest-east","9234":"game:clutter"},"ItemCodes":{"357":"game:stackrandomizer-gear","348":"game:stackrandomizer-ingot","369":"game:stackrandomizer-newlore","1074":"game:nugget-nativesilver","359":"game:stackrandomizer-jonasframes"},"Indices":[0,1048576,2097152,3145728,4194304],"BlockIds":[9241,3164,8801,9241,9234],"DecorIndices":[],"DecorIds":[],"BlockEntities":{"2097152":"!<d@[F*Nts#64c-E,TfC\"TSN&!<d@[F*d<%#64o6@VfsmCI<#NAI;p\\ATMrFARTY%\"po!]G%GQ5DfU+(#'\"^#Dfg%+!!!!'\"`nKuFE7Zf0E;+R!!$R2!!!$\"!!!!(!AOQT!!!\"(!<<*#z#6?R[!<<*\"AH;c2!<<*\"!!`N\\!!*'\"!-&#>!!*'\"!!!6)2#mXW!!\"bW!!!H.!!!!(!B'oY!!!\"3!<<*#z!!!02AoD]VCi<g!6Z6LH$=da\\F*'!F@<6Mo\"E\\p.AI;pcCi!O!F(Jl:\":8pVF(djWB5D,Zz","4194304":"!<d@[F*Nts#64c-E,TfC#64`(!<d@[F*d<%#64o6@VfsmCI<#NAHu^]F`__:EWlSfH#R='B6%F(ATMs3DIkCV\":&scFCB9&=9&=$!!EUFATMNNDJ*csz\":&scFCB9&=o\\O&!!rsADes6$@ru9m!!!"},"Entities":[],"ReplaceMode":2,"EntranceRotation":-1}