{"GameVersion":"1.18.1","SizeX":1,"SizeY":5,"SizeZ":1,"BlockCodes":{"1445":"game:resonator-north","9241":"game:meta-underground","3149":"game:soil-verylow-none","8801":"game:chest-east","9234":"game:clutter"},"ItemCodes":{"354":"game:stackrandomizer-tuningcylinder","358":"game:stackrandomizer-jonasparts"},"Indices":[0,1048576,2097152,3145728,4194304],"BlockIds":[9241,3149,8801,9241,9234],"DecorIndices":[],"DecorIds":[],"BlockEntities":{"2097152":"!<d@[F*Nts#64c-E,TfC\"TSN&!<d@[F*dK*#64o6@VfsmCI<#NAI;p\\ATMrFARTY%\"po!]G%GQ5DfU+(#'\"^#Dfg%+!!!!'\"`nKuFE7Zf1B7FU!!$I/!!!$\"!!!!(!AjcW!!!\".!<<*#z#6?[^zV$-i!!<<*\"!!`N_!!*'\"!+l63!!*'\"z\"Uo!]E^FS\\@r\"GMA7Z*XBOu7,/S/@3F9MehH#R=%@rH1\"@;p:!A2+2nD.Rd%6#L=OAH2]1!!!","4194304":"!<d@[F*Nts#64c-E,TfC#64`(!<d@[F*dK*#64o6@VfsmCI<#NAHu^]F`__:EWlSfH#R='B6%F(ATMs3DIkCV\":&scFCB9&=9&=$!!EUFATMNNDJ*csz\":&scFCB9&=o\\O&!!rsADes6$@ru9m!!!"},"Entities":[],"ReplaceMode":2,"EntranceRotation":-1}