{"GameVersion":"1.18.1","SizeX":1,"SizeY":5,"SizeZ":1,"BlockCodes":{"6689":"game:quern-granite","9241":"game:meta-underground","3149":"game:soil-verylow-none","8801":"game:chest-east","9234":"game:clutter"},"ItemCodes":{"350":"game:stackrandomizer-coppertool","368":"game:stackrandomizer-mechanical","359":"game:stackrandomizer-jonasframes"},"Indices":[0,1048576,2097152,3145728,4194304],"BlockIds":[9241,3149,8801,9241,9234],"DecorIndices":[],"DecorIds":[],"BlockEntities":{"2097152":"!<d@[F*Nts#64c-E,TfC\"TSN&!<d@[F*dW.#64o6@VfsmCI<#NAI;p\\ATMrFARTY%\"po!]G%GQ5DfU+(#'\"^#Dfg%+!!!!'\"`nKuFE7Zf0E;+R!!$=+!!!$\"!!!!(!AXWU!!!\"<!<<*#z#6?U\\!<<*\"B)qu4!<<*\"!!`N^!!*'\"!,qr=!!*'\"!!!6)2?3aX!!$=+!!!$\"!!!!(!B0uY!!!!B)?9a<z!!!02AoD]VCi<g!6Z6LH$=da\\F*'!F@<6Mo\"E\\p.AI;pcCi!O!F(Jl:\":8pVF(djWB5D,Zz","4194304":"!<d@[F*Nts#64c-E,TfC#64`(!<d@[F*dW.#64o6@VfsmCI<#NAHu^]F`__:EWlSfH#R='B6%F(ATMs3DIkCV\":&scFCB9&=9&=$!!EUFATMNNDJ*csz\":&scFCB9&=o\\O&!!rsADes6$@ru9m!!!"},"Entities":[],"ReplaceMode":2,"EntranceRotation":-1}