{
	code: "metalpan",
	class: "BlockPan",
	behaviors: [
		{ name: "SneakPlacing"}, 
		{ name: "UnstableFalling", properties: { attachmentArea: { x1: 5, y1: 0, z1: 5, x2: 10, y2: 0, z2: 10 } }}, 
		{ name: "RightClickPickup"} 
	],
	maxStackSize: 1,
	attributes: {
		panningDrops: {
			"@(bonysoil|bonysoil-.*)": [
				{ type: "item", code: "game:bone",  chance: { avg: 0.2, var: 0 }  },
				{ type: "item", code: "game:flaxfibers",  chance: { avg: 0.15, var: 0 }  },
				{ type: "item", code: "game:gear-rusty",  chance: { avg: 0.05, var: 0 }, dropModbyStat: "rustyGearDropRate"  },
				{ type: "block", code: "game:bonyremains-ribcage",  chance: { avg: 0.015, var: 0 }  },
				{ type: "item", code: "game:candle",  chance: { avg: 0.035, var: 0 }  },
				{ type: "item", code: "game:gem-emerald-rough", attributes: { "potential": "low" },  chance: { avg: 0.012, var: 0 }  },
				{ type: "item", code: "game:gem-olivine_peridot-rough", attributes: { "potential": "low" },  chance: { avg: 0.012, var: 0 }  },
				{ type: "item", code: "game:gem-diamond-rough", attributes: { "potential": "low" },  chance: { avg: 0.008, var: 0 }  },
				
				{ type: "item", code: "game:chutesection-copper",  chance: { avg: 0.0075, var: 0 }  },
				{ type: "block", code: "game:metal-scraps",  chance: { avg: 0.012, var: 0 }  },
				{ type: "block", code: "game:metal-parts",  chance: { avg: 0.009, var: 0 }  },
				{ type: "block", code: "game:torchholder-aged-empty-north",  chance: { avg: 0.0065, var: 0 }  },
				
				{ type: "item", code: "game:nugget-nativegold",  chance: { avg: 0.12, var: 0 }  },
				{ type: "item", code: "game:nugget-nativesilver",  chance: { avg: 0.12, var: 0 }  },
			
				{ type: "item", code: "game:spearhead-copper",  chance: { avg: 0.009, var: 0 }  },
				{ type: "item", code: "game:arrowhead-tinbronze",  chance: { avg: 0.05, var: 0 }  },
				{ type: "item", code: "game:spearhead-tinbronze",  chance: { avg: 0.008, var: 0 }  },
				{ type: "item", code: "game:arrowhead-copper",  chance: { avg: 0.08, var: 0 }  },
				
				{ type: "item", code: "game:lore-book", attributes: { category: "tobias" }, chance: { avg: 0.005, var: 0 }  },
				{ type: "item", code: "game:lore-book", attributes: { category: "research" }, chance: { avg: 0.005, var: 0 }  },
				{ type: "item", code: "game:lore-book", attributes: { category: "diaries" }, chance: { avg: 0.005, var: 0 }  },
				{ type: "item", code: "game:lore-book", attributes: { category: "jonas" }, chance: { avg: 0.005, var: 0 }  },
				
				{ type: "item", code: "game:gear-temporal",  chance: { avg: 0.002, var: 0 }  },
				
				{ type: "item", code: "game:metallamellae-copper",  chance: { avg: 0.002, var: 0 }  },
				{ type: "item", code: "game:metallamellae-tinbronze",  chance: { avg: 0.0012, var: 0 }  },
				{ type: "item", code: "game:metalchain-copper",  chance: { avg: 0.002, var: 0 }  },
				{ type: "item", code: "game:metalchain-tinbronze",  chance: { avg: 0.0012, var: 0 }  },
				{ type: "item", code: "game:metalplate-copper",  chance: { avg: 0.0015, var: 0 }  },
				{ type: "item", code: "game:metalplate-tinbronze",  chance: { avg: 0.001, var: 0 }  },
				
				{ type: "item", code: "game:resonancearchive-1",  chance: { avg: 0.0008, var: 0 }  },
				{ type: "item", code: "game:resonancearchive-2",  chance: { avg: 0.0008, var: 0 }  },
				{ type: "item", code: "game:resonancearchive-3",  chance: { avg: 0.0008, var: 0 }  },
				{ type: "item", code: "game:resonancearchive-4",  chance: { avg: 0.0008, var: 0 }  },
				{ type: "item", code: "game:resonancearchive-5",  chance: { avg: 0.0008, var: 0 }  },
				{ type: "item", code: "game:resonancearchive-6",  chance: { avg: 0.0008, var: 0 }  },
				{ type: "item", code: "game:resonancearchive-7",  chance: { avg: 0.0008, var: 0 }  },
				{ type: "item", code: "game:resonancearchive-8",  chance: { avg: 0.0008, var: 0 }  },
				{ type: "item", code: "game:resonancearchive-9",  chance: { avg: 0.0008, var: 0 }  },
				
				{ type: "item", code: "game:clothes-neck-golden-necklace",  chance: { avg: 0.0004, var: 0 }  },
				{ type: "item", code: "game:clothes-neck-bronze-gem-necklace",  chance: { avg: 0.0004, var: 0 }  },
				{ type: "item", code: "game:clothes-arm-bronze-armlet",  chance: { avg: 0.0016, var: 0 }  },		
				{ type: "item", code: "game:clothes-arm-silver-chain",  chance: { avg: 0.0004, var: 0 }  },	
				{ type: "item", code: "game:clothes-head-silver-diadem",  chance: { avg: 0.0004, var: 0 }  },
				{ type: "item", code: "game:clothes-head-gold-coronet",  chance: { avg: 0.0004, var: 0 }  }
			],
			"@(sand|gravel)-.*": [
				{ type: "item", code: "game:stone-{rocktype}",  chance: { avg: 0.4, var: 0 }  },
				{ type: "item", code: "game:stone-halite",  chance: { avg: 0.1, var: 0 }  },
				{ type: "item", code: "game:stone-chalk",  chance: { avg: 0.15, var: 0 }  },
				
				{ type: "item", code: "game:nugget-nativecopper",  chance: { avg: 0.3, var: 0 }  },
				{ type: "item", code: "game:nugget-sphalerite",  chance: { avg: 0.07, var: 0 }  },
				{ type: "item", code: "game:nugget-bismuthinite",  chance: { avg: 0.1, var: 0 }  },
				{ type: "item", code: "game:nugget-galena",  chance: { avg: 0.15, var: 0 }  },
				{ type: "item", code: "game:nugget-nativegold",  chance: { avg: 0.05, var: 0 }  },
				{ type: "item", code: "game:nugget-nativesilver",  chance: { avg: 0.05, var: 0 }  },
				{ type: "item", code: "game:nugget-cassiterite",  chance: { avg: 0.07, var: 0 }  },
				
				{ type: "item", code: "game:crystalizedore-rich-nativecopper-andesite",  chance: { avg: 0.0075, var: 0 }  },
				{ type: "item", code: "game:crystalizedore-rich-galena-claystone",  chance: { avg: 0.0085, var: 0 }  },
				
				{ type: "item", code: "game:ore-quartz",  chance: { avg: 0.05, var: 0 }  },
				{ type: "item", code: "game:clearquartz",  chance: { avg: 0.02, var: 0 }  },
				{ type: "item", code: "game:ore-lignite",  chance: { avg: 0.04, var: 0 }  },
				{ type: "item", code: "game:ore-bituminouscoal",  chance: { avg: 0.02, var: 0 }  },
				{ type: "item", code: "game:ore-anthracite",  chance: { avg: 0.01, var: 0 }  },
				{ type: "item", code: "game:ore-lapislazuli",  chance: { avg: 0.01, var: 0 }  },
				{ type: "item", code: "game:ore-cinnabar",  chance: { avg: 0.01, var: 0 }  },
				{ type: "item", code: "game:ore-sulfur",  chance: { avg: 0.01, var: 0 }  },
				{ type: "item", code: "game:ore-borax",  chance: { avg: 0.01, var: 0 }  },
				{ type: "item", code: "game:ore-alum",  chance: { avg: 0.008, var: 0 }  },
				{ type: "item", code: "game:ore-sylvite",  chance: { avg: 0.01, var: 0 }  },
				
				{ type: "item", code: "game:gear-rusty",  chance: { avg: 0.0075, var: 0 }, dropModbyStat: "rustyGearDropRate"  },
				{ type: "block", code: "game:metal-parts",  chance: { avg: 0.004, var: 0 }  },
				{ type: "block", code: "game:metal-scraps",  chance: { avg: 0.004, var: 0 }  },
				{ type: "block", code: "game:bonyremains-ribcage",  chance: { avg: 0.001, var: 0 }  },
				{ type: "item", code: "game:gear-temporal",  chance: { avg: 0.0008, var: 0 }  }
			]
		}
	},
	variantgroups: [
		{ code: "type", states: ["copper" ] },
	],
	shape: { base: "game:block/wood/pan/empty" },
	textures: {
		"wood-generic": { base: "game:block/metal/anvil/copper" },
	},
	doNotRenderAtLod2: true,
	blockmaterial: "Metal",
	durability: 150,
	randomizeRotations: true,
	sideopaque: { all: false },
	sidesolid: { all: false },
	emitSideAO: { all: false },
	lightAbsorption: 0,
	creativeinventory: { "general": ["*"], "items": ["*"], "tools": ["*"] },
	heldTpIdleAnimation: "holdbothhandslarge", heldTpUseAnimation: "twohandplaceblock",
	heldTpUseAnimation: "panning",
	fpHandTransform: {
		translation: { x: 0.3, y: 0, z: 0 },
		rotation: { x: 15, y: 15, z: 0 },
		scale: 2
	},
	guiTransform: {
		rotate: true,
		translation: { x: 0, y: 0, z: 0 },
		rotation: { x: -25, y: 22, z: 0 },
		origin: { x: 0.53, y: 0.21, z: 0.5 },
		scale: 1.76
	},
	groundTransform: {
		translation: { x: 0, y: 0, z: 0 },
		rotation: { x: 0, y: 18, z: 0 },
		origin: { x: 0.5, y: 0, z: 0.5 },
		scale: 4
	},
	tpHandTransform: {
		translation: { x: -0.58, y: 0, z: -0.34 },
		rotation: { x: 0, y: 18, z: -74 },
		origin: { x: 0.5, y: 0, z: 0.5 },
		scale: 0.8
	},
	collisionSelectionBox: { x1: 0.125, y1: 0, z1: 0.125, x2: 0.875, y2: 0.1875, z2: 0.875 },
	resistance: 1,
	sounds: {
		"place": "game:block/chandelier-hit",
		"hit": "game:block/chandelier-hit",
		"break": "game:block/chandelier-break"
	}
}