﻿{
	"code": "wildcandiedfruit",
	"maxstacksize": 64,
	"variantgroups": [
		{ "code": "fruit", "states": [ "brambleberry", "cloudberry", "dogrose", "elderberry", "gooseberry", "honeysuckle", "huckleberry", "raspberry", "snowberry", "strawberry", "husktomato", "blueraspberry", "bunchberry", "crowberry", "wolfberry" ] }
	],
	"shape": { "base": "item/food/candy/fruit/wildcraft/{fruit}" },
	"creativeinventory": { "general": ["*"], "items": ["*"], "expandedfoods": ["*"] },
	"materialDensity": 600,
	"heldTpIdleAnimation":"holdbothhands",
	"nutritionPropsByType": {
		"*-cloudberry": {
			"satiety": 240,
			"health": 1.5,
			"foodcategory": "Fruit"
		},
		"*-strawberry": {
			"satiety": 220,
			"health": 1,
			"foodcategory": "Fruit"
		},
		"@*-(brambleberry|gooseberry|honeysuckle|raspberry)": {
			"satiety": 200,
			"health": 1,
			"foodcategory": "Fruit"
		},
		"*-elderberry": {
			"satiety": 180,
			"health": 0.5,
			"foodcategory": "Fruit"
		},
		"*-snowberry": {
			"satiety": 160,
			"health": -1,
			"foodcategory": "Fruit"
		},
		"@*-(bunchberry|crowberry)": {
			"satiety": 160,
			"health": 1,
			"foodcategory": "Fruit"
		},
		"*-dogrose": {
			"satiety": 140,
			"health": 1,
			"foodcategory": "Fruit"
		},
		"*": {
			"satiety": 180,
			"health": 1,
			"foodcategory": "Fruit"
		}
	},
	"transitionablePropsByType": {
		"*-snowberry": [
			{
				"type": "Perish",
				"freshHours": { "avg": 900 },
				"transitionHours": { "avg": 150 },
				"transitionedStack": {
					"type": "item",
					"code": "game:rot"
				},
			"transitionRatio": 0.25
			}
		],
		"*-cloudberry": [
			{
				"type": "Perish",
				"freshHours": { "avg": 120 },
				"transitionHours": { "avg": 25 },
				"transitionedStack": {
					"type": "item",
					"code": "game:rot"
				},
			"transitionRatio": 0.25
			}
		],
		"@*-(honeysuckle|strawberry)": [
			{
				"type": "Perish",
				"freshHours": { "avg": 300 },
				"transitionHours": { "avg": 150 },
				"transitionedStack": {
					"type": "item",
					"code": "game:rot"
				},
			"transitionRatio": 0.25
			}
		],
		"*-elderberry": [
			{
				"type": "Perish",
				"freshHours": { "avg": 850 },
				"transitionHours": { "avg": 150 },
				"transitionedStack": {
					"type": "item",
					"code": "game:rot"
				},
			"transitionRatio": 0.25
			}
		],
		"*-huckleberry": [
			{
				"type": "Perish",
				"freshHours": { "avg": 1200 },
				"transitionHours": { "avg": 150 },
				"transitionedStack": {
					"type": "item",
					"code": "game:rot"
				},
			"transitionRatio": 0.25
			}
		],
		"*-dogrose": [
			{
				"type": "Perish",
				"freshHours": { "avg": 4200 },
				"transitionHours": { "avg": 1680 },
				"transitionedStack": {
					"type": "item",
					"code": "game:rot"
				},
			"transitionRatio": 0.25
			}
		],
		"*": [
			{
				"type": "Perish",
				"freshHours": { "avg": 600 },
				"transitionHours": { "avg": 150 },
				"transitionedStack": {
					"type": "item",
					"code": "game:rot"
				},
			"transitionRatio": 0.25
			}
		]
	},
	guiTransformByType: {
		"@*-(raspberry|blueraspberry)": {
			"translation":  { "x": 0, "y":  0, "z": 0},
			rotation: { x: 134, y: -76, z: -1 },
			origin: { x: 0.4, y: 0.2, z: 0.5 },
			scale: 2.25
		},
		"*-strawberry": {
			"translation":  { "x": 6, "y":  0, "z": 0},
			rotation: { x: 134, y: -20, z: 1 },
			origin: { x: 0.5, y: 0.1, z: 0.5 },
			scale: 2.5
		},
		"*-elderberry": {
			rotation: { x: 134, y: 59, z: 0 },
			origin: { x: 0.425, y: 0, z: 0.475 },
			scale: 3.5
		},
		"@*-(dogrose|gooseberry)": {
			"translation":  { "x": 3, "y":  0, "z": 0},
			rotation: { x: 134, y: -20, z: 1 },
			origin: { x: 0.5, y: 0.1, z: 0.5 },
			scale: 2.25
		},
		"@*-(cloudberry|honeysuckle)": {
			"translation":  { "x": 3, "y":  0, "z": 0},
			rotation: { x: 134, y: -20, z: 1 },
			origin: { x: 0.5, y: 0.1, z: 0.5 },
			scale: 2.5
		},
		"*-brambleberry": {
			"translation":  { "x": 3, "y":  -0.2, "z": 0},
			rotation: { x: 142, y: 91, z: -2 },
			origin: { x: 0.5, y: 0.2, z: 0.5 },
			scale: 2.5
		},
		"@*-(huckleberry|snowberry)": {
			rotation: { x: 118, y: 13, z: -2 },
			origin: { x: 0.5, y: 0, z: 0.5 },
			scale: 2.5
		},
		"*-husktomato": {
			rotation: { x: 134, y: -20, z: 1 },
			origin: { x: 0.5, y: 0.1, z: 0.5 },
			scale: 2
		},
		"*": {
			"translation":  { "x": 3, "y":  0, "z": 0},
			rotation: { x: 134, y: -20, z: 1 },
			origin: { x: 0.5, y: 0.1, z: 0.5 },
			scale: 2.25
		},
	},
	fpHandTransformByType: {
		"*": {
			"translation":  { "x": 0.05, "y":  -0.2, "z": 0},
			rotation: { x: 52, y: 107, z: -34 },
		}
	},
	tpHandTransformByType: {
		"*": {
			"translation":  { "x": -1.15, "y":  -1.7, "z": -1.1},
            rotation: { x: -180, y: -62, z: 7 },
			scale: 0.45
		}
	},
	groundTransformByType: {
		"*": {
			"translation":  { "x": 0, "y":  0.02, "z": 0},
            rotation: { x: 0, y: 0, z: 0 },
            origin: { x: 0, y: 0, z: 0 },
			scale: 2.5
		}
	},
}