{
	code: "wilddryfruit",
	maxstacksize: 64,
	variantgroups: [
		{ code: "type", "loadFromProperties": "wildcraft:block/fruit" },
	],
	materialDensityByType: {"*": 600},
	attributes: {
		"handbook": { "groupBy": [ "wilddryfruit-*" ] },
		nutritionPropsWhenInMeal: { 
			satietyByType:  { 
				"@*-(cloudberry|strawberry)": 120,
				"@*-(brambleberry|gooseberry|honeysuckle|raspberry|wolfberry)": 100,
				"*-dogrose": 40,
				"@*-(bunchberry|crowberry|snowberry)": 60,
				"*": 80,
			},
            "healthByType": {
				"*-cloudberry": 1,
                "*-snowberry": -2,
                "*-wolfberry": -8,
            },
            foodcategory: "Fruit" 
		},
		bakingProperties: {
			temp: 100,
			levelFrom: 0.5,
			levelTo: 1.0,
			startScaleY: 0.8,
			endScaleY: 0.8,
			initialCode: "wildcraft:fruit-{type}",
		},
    	inPieProperties: { texture: "wildcraft:block/food/pie/fill-{type}", partType: 'Filling' },
		onDisplayTransformByType: {
			"*": { 
				translation: { x: 0.0, y: -0.155, z: 0.0 },
				scale: 0.67
			},
		},
		inContainerTexture: { base: "game:block/barrel/{type}fruit" },
	},
	shapebytype: { 
		"*": { base: "item/food/dryfruit/wildcraft/{type}" }
	},
	texturesByType: {
		"*": { "fill-husktomato": { base: "item/food/dryfruit/wildcraft/fill-husktomato" }, all:  { base: "item/food/dryfruit/wildcraft/{type}"} },
	},
	creativeinventory: { "general": ["*"], "items": ["*"], "expandedfoods": ["*"] },
	nutritionPropsByType: {
		"*-cloudberry": { satiety: 105, "health":  0.5, foodcategory: "Fruit" },
		"*-strawberry": { satiety: 90, foodcategory: "Fruit" },
		"@*-(brambleberry|gooseberry|honeysuckle|raspberry)": { satiety: 70, foodcategory: "Fruit" },
		"*-wolfberry": { satiety: 50, "health":  -8, foodcategory: "Fruit" },
		"*-elderberry": { satiety: 50, health: -0.5, foodcategory: "Fruit" },
		"@*-(bunchberry|crowberry)": { satiety: 35, foodcategory: "Fruit" },
		"*-snowberry": { satiety: 35, health: -2, foodcategory: "Fruit" },
		"*-dogrose": { satiety: 18, foodcategory: "Fruit" },
		"*": { satiety: 50, foodcategory: "Fruit" }
	},
  "transitionablePropsByType": {
    "*-snowberry": [
      {
        "type": "Perish",
        "freshHours": { "avg": 720 },
        "transitionHours": { "avg": 120 },
        "transitionedStack": {
          "type": "item",
          "code": "game:rot"
        },
        "transitionRatio": 0.25
      }
    ],
    "*-cloudberry": [
      {
        "type": "Perish",
        "freshHours": { "avg": 60 },
        "transitionHours": { "avg": 20 },
        "transitionedStack": {
          "type": "item",
          "code": "game:rot"
        },
        "transitionRatio": 0.25
      }
    ],
    "*-strawberry": [
      {
        "type": "Perish",
        "freshHours": { "avg": 240 },
        "transitionHours": { "avg": 120 },
        "transitionedStack": {
          "type": "item",
          "code": "game:rot"
        },
        "transitionRatio": 0.25
      }
    ],
    "*-elderberry": [
      {
        "type": "Perish",
        "freshHours": { "avg": 680 },
        "transitionHours": { "avg": 120 },
        "transitionedStack": {
          "type": "item",
          "code": "game:rot"
        },
        "transitionRatio": 0.25
      }
    ],
    "*-huckleberry": [
      {
        "type": "Perish",
        "freshHours": { "avg": 960 },
        "transitionHours": { "avg": 120 },
        "transitionedStack": {
          "type": "item",
          "code": "game:rot"
        },
        "transitionRatio": 0.25
      }
    ],
    "*-honeysuckle": [
      {
        "type": "Perish",
        "freshHours": { "avg": 240 },
        "transitionHours": { "avg": 120 },
        "transitionedStack": {
          "type": "item",
          "code": "game:rot"
        },
        "transitionRatio": 0.25
      }
    ],
    "*-dogrose": [
      {
        "type": "Perish",
        "freshHours": { "avg": 3360 },
        "transitionHours": { "avg": 1680 },
        "transitionedStack": {
          "type": "item",
          "code": "game:rot"
        },
        "transitionRatio": 0.25
      }
    ],
    "*": [
      {
        "type": "Perish",
        "freshHours": { "avg": 480 },
        "transitionHours": { "avg": 120 },
        "transitionedStack": {
          "type": "item",
          "code": "game:rot"
        },
        "transitionRatio": 0.25
      }
    ]
  },
	guiTransformByType: {
		"@*-(strawberry|raspberry)": {
			"translation":  { "x": 6, "y":  0, "z": 0},
			rotation: { x: 134, y: -20, z: 1 },
			origin: { x: 0.5, y: 0.1, z: 0.5 },
			scale: 2.5
		},
		"*-elderberry": {
			"translation":  { "x": 3, "y":  0, "z": 0},
			rotation: { x: 143, y: 30, z: -3 },
			origin: { x: 0.5, y: 0, z: 0.5 },
			scale: 3
		},
		"@*-(dogrose|gooseberry)": {
			"translation":  { "x": 3, "y":  0, "z": 0},
			rotation: { x: 134, y: -20, z: 1 },
			origin: { x: 0.5, y: 0.1, z: 0.5 },
			scale: 2.25
		},
		"@*-(cloudberry|honeysuckle)": {
			"translation":  { "x": 3, "y":  0, "z": 0},
			rotation: { x: 134, y: -20, z: 1 },
			origin: { x: 0.5, y: 0.1, z: 0.5 },
			scale: 2.5
		},
		"*-brambleberry": {
			"translation":  { "x": 3, "y":  -0.2, "z": 0},
			rotation: { x: 142, y: 91, z: -2 },
			origin: { x: 0.5, y: 0.2, z: 0.5 },
			scale: 2.5
		},
		"@*-(huckleberry|snowberry)": {
			rotation: { x: 118, y: 13, z: -2 },
			origin: { x: 0.5, y: 0, z: 0.5 },
			scale: 2.5
		},
		"*-husktomato": {
			rotation: { x: 134, y: -20, z: 1 },
			origin: { x: 0.5, y: 0.1, z: 0.5 },
			scale: 2
		},
		"*": {
			"translation":  { "x": 3, "y":  0, "z": 0},
			rotation: { x: 134, y: -20, z: 1 },
			origin: { x: 0.5, y: 0.1, z: 0.5 },
			scale: 2.25
		},
	},
	fpHandTransformByType: {
		"*": {
			"translation":  { "x": 0.05, "y":  -0.2, "z": 0},
			rotation: { x: 52, y: 107, z: -34 },
		}
	},
	tpHandTransformByType: {
		"*": {
			"translation":  { "x": -1.15, "y":  -1.7, "z": -1.1},
            rotation: { x: -180, y: -62, z: 7 },
			scale: 0.45
		}
	},
	groundTransformByType: {
		"*": {
			"translation":  { "x": 0, "y":  0.02, "z": 0},
            rotation: { x: 0, y: 0, z: 0 },
            origin: { x: 0, y: 0, z: 0 },
			scale: 2.5
		}
	},
}