﻿[
  {
    "op": "addeach",
    "path": "/ingredients/6/validStacks/-",
    "value": [{ type: "item", code: "wildcrafttrees:treefruit-almond",  shapeElement: "bowl/fruit 1/*", textureMapping: ["fruit", "fruit-almond"] }, { type: "item", code: "wildcrafttrees:treefruit-apricot",  shapeElement: "bowl/fruit 1/*", textureMapping: ["fruit", "fruit-apricot"] }, { type: "item", code: "wildcrafttrees:treefruit-citron",  shapeElement: "bowl/fruit 1/*", textureMapping: ["fruit", "fruit-citron"] }, { type: "item", code: "wildcrafttrees:treefruit-cocoa",  shapeElement: "bowl/fruit 1/*", textureMapping: ["fruit", "fruit-cocoa"] }, { type: "item", code: "wildcrafttrees:treefruit-coconut",  shapeElement: "bowl/fruit 1/*", textureMapping: ["fruit", "fruit-coconut"] }, { type: "item", code: "wildcrafttrees:treefruit-commonhackberry",  shapeElement: "bowl/fruit 1/*", textureMapping: ["fruit", "fruit-commonhackberry"] }, { type: "item", code: "wildcrafttrees:treefruit-fig",  shapeElement: "bowl/fruit 1/*", textureMapping: ["fruit", "fruit-fig"] }, { type: "item", code: "wildcrafttrees:treefruit-hawthorn",  shapeElement: "bowl/fruit 1/*", textureMapping: ["fruit", "fruit-hawthorn"] }, { type: "item", code: "wildcrafttrees:treefruit-hazelnut",  shapeElement: "bowl/fruit 1/*", textureMapping: ["fruit", "fruit-hazelnut"] }, { type: "item", code: "wildcrafttrees:treefruit-pomelo",  shapeElement: "bowl/fruit 1/*", textureMapping: ["fruit", "fruit-pomelo"] }, { type: "item", code: "wildcrafttrees:treefruit-purpleplum",  shapeElement: "bowl/fruit 1/*", textureMapping: ["fruit", "fruit-purpleplum"] }, { type: "item", code: "wildcrafttrees:treefruit-quince",  shapeElement: "bowl/fruit 1/*", textureMapping: ["fruit", "fruit-quince"] }, { type: "item", code: "wildcrafttrees:treefruit-sugarhackberry",  shapeElement: "bowl/fruit 1/*", textureMapping: ["fruit", "fruit-sugarhackberry"] },{ type: "item", code: "expandedfoods:wildtreedryfruit-almond", shapeElement: "bowl/fruit 1/*", textureMapping: ["fruit", "fruit-almond"] }, { type: "item", code: "expandedfoods:wildtreedryfruit-apricot", shapeElement: "bowl/fruit 1/*", textureMapping: ["fruit", "fruit-apricot"] }, { type: "item", code: "expandedfoods:wildtreedryfruit-citron", shapeElement: "bowl/fruit 1/*", textureMapping: ["fruit", "fruit-citron"] }, { type: "item", code: "expandedfoods:wildtreedryfruit-cocoa", shapeElement: "bowl/fruit 1/*", textureMapping: ["fruit", "fruit-cocoa"] }, { type: "item", code: "expandedfoods:wildtreedryfruit-coconut", shapeElement: "bowl/fruit 1/*", textureMapping: ["fruit", "fruit-coconut"] }, { type: "item", code: "expandedfoods:wildtreedryfruit-commonhackberry", shapeElement: "bowl/fruit 1/*", textureMapping: ["fruit", "fruit-commonhackberry"] }, { type: "item", code: "expandedfoods:wildtreedryfruit-fig", shapeElement: "bowl/fruit 1/*", textureMapping: ["fruit", "fruit-fig"] }, { type: "item", code: "expandedfoods:wildtreedryfruit-hawthorn", shapeElement: "bowl/fruit 1/*", textureMapping: ["fruit", "fruit-hawthorn"] }, { type: "item", code: "expandedfoods:wildtreedryfruit-hazelnut", shapeElement: "bowl/fruit 1/*", textureMapping: ["fruit", "fruit-hazelnut"] }, { type: "item", code: "expandedfoods:wildtreedryfruit-pomelo", shapeElement: "bowl/fruit 1/*", textureMapping: ["fruit", "fruit-pomelo"] }, { type: "item", code: "expandedfoods:wildtreedryfruit-purpleplum", shapeElement: "bowl/fruit 1/*", textureMapping: ["fruit", "fruit-purpleplum"] }, { type: "item", code: "expandedfoods:wildtreedryfruit-quince", shapeElement: "bowl/fruit 1/*", textureMapping: ["fruit", "fruit-quince"] }, { type: "item", code: "expandedfoods:wildtreedryfruit-sugarhackberry", shapeElement: "bowl/fruit 1/*", textureMapping: ["fruit", "fruit-sugarhackberry"] },{ type: "item", code: "expandedfoods:wildtreedehydratedfruit-apricot",  shapeElement: "bowl/fruit 1/*", textureMapping: ["fruit", "fruit-apricot"] }, { type: "item", code: "expandedfoods:wildtreedehydratedfruit-citron",  shapeElement: "bowl/fruit 1/*", textureMapping: ["fruit", "fruit-citron"] }, { type: "item", code: "expandedfoods:wildtreedehydratedfruit-coconut",  shapeElement: "bowl/fruit 1/*", textureMapping: ["fruit", "fruit-coconut"] }, { type: "item", code: "expandedfoods:wildtreedehydratedfruit-fig",  shapeElement: "bowl/fruit 1/*", textureMapping: ["fruit", "fruit-fig"] }, { type: "item", code: "expandedfoods:wildtreedehydratedfruit-hawthorn",  shapeElement: "bowl/fruit 1/*", textureMapping: ["fruit", "fruit-hawthorn"] }, { type: "item", code: "expandedfoods:wildtreedehydratedfruit-pomelo",  shapeElement: "bowl/fruit 1/*", textureMapping: ["fruit", "fruit-pomelo"] }, { type: "item", code: "expandedfoods:wildtreedehydratedfruit-purpleplum",  shapeElement: "bowl/fruit 1/*", textureMapping: ["fruit", "fruit-purpleplum"] }, { type: "item", code: "expandedfoods:wildtreedehydratedfruit-quince",  shapeElement: "bowl/fruit 1/*", textureMapping: ["fruit", "fruit-quince"] }],
    "file": "recipes/mixing/salad.json",
    "side": "server",
    dependsOn: [{ "modid": "wildcrafttrees" }] 
  },
  {
    "op": "addeach",
    "path": "/ingredients/7/validStacks/-",
    "value": [{ type: "item", code: "wildcrafttrees:treefruit-almond",  shapeElement: "bowl/fruit 2/*", textureMapping: ["fruit", "fruit-almond"] }, { type: "item", code: "wildcrafttrees:treefruit-apricot",  shapeElement: "bowl/fruit 2/*", textureMapping: ["fruit", "fruit-apricot"] }, { type: "item", code: "wildcrafttrees:treefruit-citron",  shapeElement: "bowl/fruit 2/*", textureMapping: ["fruit", "fruit-citron"] }, { type: "item", code: "wildcrafttrees:treefruit-cocoa",  shapeElement: "bowl/fruit 2/*", textureMapping: ["fruit", "fruit-cocoa"] }, { type: "item", code: "wildcrafttrees:treefruit-coconut",  shapeElement: "bowl/fruit 2/*", textureMapping: ["fruit", "fruit-coconut"] }, { type: "item", code: "wildcrafttrees:treefruit-commonhackberry",  shapeElement: "bowl/fruit 2/*", textureMapping: ["fruit", "fruit-commonhackberry"] }, { type: "item", code: "wildcrafttrees:treefruit-fig",  shapeElement: "bowl/fruit 2/*", textureMapping: ["fruit", "fruit-fig"] }, { type: "item", code: "wildcrafttrees:treefruit-hawthorn",  shapeElement: "bowl/fruit 2/*", textureMapping: ["fruit", "fruit-hawthorn"] }, { type: "item", code: "wildcrafttrees:treefruit-hazelnut",  shapeElement: "bowl/fruit 2/*", textureMapping: ["fruit", "fruit-hazelnut"] }, { type: "item", code: "wildcrafttrees:treefruit-pomelo",  shapeElement: "bowl/fruit 2/*", textureMapping: ["fruit", "fruit-pomelo"] }, { type: "item", code: "wildcrafttrees:treefruit-purpleplum",  shapeElement: "bowl/fruit 2/*", textureMapping: ["fruit", "fruit-purpleplum"] }, { type: "item", code: "wildcrafttrees:treefruit-quince",  shapeElement: "bowl/fruit 2/*", textureMapping: ["fruit", "fruit-quince"] }, { type: "item", code: "wildcrafttrees:treefruit-sugarhackberry",  shapeElement: "bowl/fruit 2/*", textureMapping: ["fruit", "fruit-sugarhackberry"] },{ type: "item", code: "expandedfoods:wildtreedryfruit-almond", shapeElement: "bowl/fruit 2/*", textureMapping: ["fruit", "fruit-almond"] }, { type: "item", code: "expandedfoods:wildtreedryfruit-apricot", shapeElement: "bowl/fruit 2/*", textureMapping: ["fruit", "fruit-apricot"] }, { type: "item", code: "expandedfoods:wildtreedryfruit-citron", shapeElement: "bowl/fruit 2/*", textureMapping: ["fruit", "fruit-citron"] }, { type: "item", code: "expandedfoods:wildtreedryfruit-cocoa", shapeElement: "bowl/fruit 2/*", textureMapping: ["fruit", "fruit-cocoa"] }, { type: "item", code: "expandedfoods:wildtreedryfruit-coconut", shapeElement: "bowl/fruit 2/*", textureMapping: ["fruit", "fruit-coconut"] }, { type: "item", code: "expandedfoods:wildtreedryfruit-commonhackberry", shapeElement: "bowl/fruit 2/*", textureMapping: ["fruit", "fruit-commonhackberry"] }, { type: "item", code: "expandedfoods:wildtreedryfruit-fig", shapeElement: "bowl/fruit 2/*", textureMapping: ["fruit", "fruit-fig"] }, { type: "item", code: "expandedfoods:wildtreedryfruit-hawthorn", shapeElement: "bowl/fruit 2/*", textureMapping: ["fruit", "fruit-hawthorn"] }, { type: "item", code: "expandedfoods:wildtreedryfruit-hazelnut", shapeElement: "bowl/fruit 2/*", textureMapping: ["fruit", "fruit-hazelnut"] }, { type: "item", code: "expandedfoods:wildtreedryfruit-pomelo", shapeElement: "bowl/fruit 2/*", textureMapping: ["fruit", "fruit-pomelo"] }, { type: "item", code: "expandedfoods:wildtreedryfruit-purpleplum", shapeElement: "bowl/fruit 2/*", textureMapping: ["fruit", "fruit-purpleplum"] }, { type: "item", code: "expandedfoods:wildtreedryfruit-quince", shapeElement: "bowl/fruit 2/*", textureMapping: ["fruit", "fruit-quince"] }, { type: "item", code: "expandedfoods:wildtreedryfruit-sugarhackberry", shapeElement: "bowl/fruit 2/*", textureMapping: ["fruit", "fruit-sugarhackberry"] },{ type: "item", code: "expandedfoods:wildtreedehydratedfruit-apricot",  shapeElement: "bowl/fruit 2/*", textureMapping: ["fruit", "fruit-apricot"] }, { type: "item", code: "expandedfoods:wildtreedehydratedfruit-citron",  shapeElement: "bowl/fruit 2/*", textureMapping: ["fruit", "fruit-citron"] }, { type: "item", code: "expandedfoods:wildtreedehydratedfruit-coconut",  shapeElement: "bowl/fruit 2/*", textureMapping: ["fruit", "fruit-coconut"] }, { type: "item", code: "expandedfoods:wildtreedehydratedfruit-fig",  shapeElement: "bowl/fruit 2/*", textureMapping: ["fruit", "fruit-fig"] }, { type: "item", code: "expandedfoods:wildtreedehydratedfruit-hawthorn",  shapeElement: "bowl/fruit 2/*", textureMapping: ["fruit", "fruit-hawthorn"] }, { type: "item", code: "expandedfoods:wildtreedehydratedfruit-pomelo",  shapeElement: "bowl/fruit 2/*", textureMapping: ["fruit", "fruit-pomelo"] }, { type: "item", code: "expandedfoods:wildtreedehydratedfruit-purpleplum",  shapeElement: "bowl/fruit 2/*", textureMapping: ["fruit", "fruit-purpleplum"] }, { type: "item", code: "expandedfoods:wildtreedehydratedfruit-quince",  shapeElement: "bowl/fruit 2/*", textureMapping: ["fruit", "fruit-quince"] }],
    "file": "recipes/mixing/salad.json",
    "side": "server",
    dependsOn: [{ "modid": "wildcrafttrees" }]
  },
  {
    "op": "addeach",
    "path": "/ingredients/8/validStacks/-",
    "value": [{ type: "item", code: "expandedfoods:wildtreefruitsyrupportion-apricot",  shapeElement: "bowl/topping/*", textureMapping: ["topping", "fruit-apricot"] }, { type: "item", code: "expandedfoods:wildtreefruitsyrupportion-citron",  shapeElement: "bowl/topping/*", textureMapping: ["topping", "fruit-citron"] },{ type: "item", code: "expandedfoods:wildtreefruitsyrupportion-coconut",  shapeElement: "bowl/topping/*", textureMapping: ["topping", "fruit-coconut"] },{ type: "item", code: "expandedfoods:wildtreefruitsyrupportion-fig",  shapeElement: "bowl/topping/*", textureMapping: ["topping", "fruit-fig"] },{ type: "item", code: "expandedfoods:wildtreefruitsyrupportion-hawthorn",  shapeElement: "bowl/topping/*", textureMapping: ["topping", "fruit-hawthorn"] },{ type: "item", code: "expandedfoods:wildtreefruitsyrupportion-pomelo",  shapeElement: "bowl/topping/*", textureMapping: ["topping", "fruit-pomelo"] },{ type: "item", code: "expandedfoods:wildtreefruitsyrupportion-purpleplum",  shapeElement: "bowl/topping/*", textureMapping: ["topping", "fruit-purpleplum"] },{ type: "item", code: "expandedfoods:wildtreefruitsyrupportion-quince",  shapeElement: "bowl/topping/*", textureMapping: ["topping", "fruit-quince"] }],
    "file": "recipes/mixing/salad.json",
    "side": "server",
    dependsOn: [{ "modid": "wildcrafttrees" }]
  },
]