{
	"code": "seaweedbulb",
	"class": "BlockSeaweed",
	"variantgroups": [
		{ "code": "part", "states": ["top", "section"] }
	],
	"creativeinventory": { "general": ["*"] },
	"shape": { "base": "block/plant/seaweedbulb" },
	"drawtype": "JSONAndWater",
	"renderpass": "liquid",
	"matterstate": "liquid",
	"blockmaterial": "liquid",
	"faceCullMode": "liquid",
	"doNotRenderAtLod2": true,
	"randomDrawOffset": true,
	"liquidCode": "water",
	"randomizeAxes": "xz",
	"randomizeRotations": true,
	"textures": {
		"weed": { "base": "block/plant/seaweed/{part}*" },
		"north": { "base": "game:block/liquid/water" },
		"east": { "base": "game:block/liquid/water" },
		"south": { "base": "game:block/liquid/water" },
		"west": { "base": "game:block/liquid/water" },
		"up": { "base": "game:block/liquid/water" },
		"down": { "base": "game:block/liquid/water" },
		"specialSecondTexture": { "base": "game:block/liquid/water2" }
	},
	"liquidLevel": 7,
	"sideopaque": {
		"all": false
	},
	"vertexFlags": {
		"windMode": "Bend"
	},
	"sidesolid": {
		"all": false
	},
	"climateColorMap": "climateWaterTint",
	"replaceable": 3000,
	"lightAbsorption": 0,
	"lightHsv": [7, 7, 16],
	"resistance": 0.5,
	"collisionbox": null,
	"selectionbox": {
		"x1": 0, "y1": 0, "z1": 0,
		"x2": 1, "y2": 1, "z2": 1
	},
	"guiTransform": {
		"rotation": { "x": 0, "y": 0, "z": 0 },
		"origin": { "x": 0.5, "y": 0.68, "z": 0.5 }
	},
	"sounds": {
		"place": "game:block/plant",
		"break": "game:block/plant",
		"hit": "game:block/plant",
		"inside": "game:walk/water"
	},
	"rainPermeable": true,
	"materialDensity": 200,
	"drops": []
}
