{
	"editor": {
		"allAngles": false,
		"entityTextureMode": false
	},
	"textureWidth": 16,
	"textureHeight": 16,
	"textureSizes": {
	},
	"textures": {
		"birchbread": "item/food/grain/birchbread"
	},
	"elements": [
		{
			"name": "birchbread 1",
			"from": [ 6.0, 0.0, 5.0 ], 
			"to": [ 9.5, 1.5, 9.0 ], 
			"rotationOrigin": [ 8.0, 0.0, 8.0 ],
			"faces": {
				"north": { "texture": "#birchbread", "uv": [ 0.5, 6.0, 4.0, 7.5 ] },
				"east": { "texture": "#birchbread", "uv": [ 0.0, 6.5, 4.0, 8.0 ] },
				"south": { "texture": "#birchbread", "uv": [ 9.0, 4.0, 12.5, 5.5 ] },
				"west": { "texture": "#birchbread", "uv": [ 0.0, 6.0, 4.0, 7.5 ] },
				"up": { "texture": "#birchbread", "uv": [ 0.5, 1.5, 4.0, 5.5 ] },
				"down": { "texture": "#birchbread", "uv": [ 4.5, 0.0, 8.0, 4.0 ] }
			},
			"children": [
				{
					"name": "birchbread 1 top",
					"from": [ 0.5, 1.5, 0.5 ], 
					"to": [ 3.0, 2.0, 4.0 ], 
					"faces": {
						"north": { "texture": "#birchbread", "uv": [ 1.0, 1.5, 3.5, 2.0 ] },
						"east": { "texture": "#birchbread", "uv": [ 0.5, 2.0, 1.0, 5.5 ], "rotation": 90 },
						"south": { "texture": "#birchbread", "uv": [ 11.5, 4.5, 14.0, 5.0 ] },
						"west": { "texture": "#birchbread", "uv": [ 3.5, 2.0, 4.0, 5.5 ], "rotation": 90 },
						"up": { "texture": "#birchbread", "uv": [ 1.0, 2.0, 3.5, 5.5 ] },
						"down": { "texture": "#birchbread", "uv": [ 5.0, 2.0, 7.5, 5.5 ], "enabled": false }
					}
				}
			]
		}
	]}