{
  "code": "machineChassis",
  "class": "EntityMachineChassis",

  "variantgroups": [
    {
      "code": "type",
      "states": [ "basic" ]
    } //,
    //{
    //  "code": "panel",
    //  "loadFromProperties": "game:block/wood"
    //},
    //{
    //  "code": "metal",
    //  "loadFromProperties": "game:block/metal"
    //},
    //{
    //  "code": "cloth",
    //  "states": [ "black", "blue", "brown", "gray", "green", "orange", "pink", "purple", "red", "white", "yellow" ]
    //}
  ],

  "hitboxSize": {
    "x": 2.8,
    "y": 1,
    "z": 2.0
  },
  "client": {
    "size": 1.0,
    "renderer": "Shape",
    "shapeByType": {
      "*": { "base": "entities/machines/shapemachinechassis" }
    },
    "texturesByType": {
      "*": {
        "default": { "base": "default" },
        "frame": { "base": "entities/machines/frame" },
        "metal": { "base": "color-greylight" },
        "cloth": { "base": "color-greylight" }
      }
    },
    "behaviors": [
      {
        "code": "passivephysics",
        "groundDragFactor": 1,
        "airDragFallingFactor": 0.5,
        "gravityFactor": 1.0
      },
      { "code": "interpolateposition" },
      { "code": "floatupwhenstuck" },
      { "code": "floatupwhenstuck" }
    ]
  },
  "server": {
    "behaviors": [
      {
        "code": "passivephysics",
        "groundDragFactor": 1,
        "airDragFallingFactor": 0.5,
        "gravityFactor": 1.0
      },
      { "code": "floatupwhenstuck" }
    ]
  },
  "sounds": {
  }
}