{"GameVersion":"1.18.1","SizeX":1,"SizeY":5,"SizeZ":1,"BlockCodes":{"3153":"game:soil-high-none","9241":"game:meta-underground","3164":"game:soil-verylow-normal","8801":"game:chest-east","9234":"game:clutter"},"ItemCodes":{"349":"game:stackrandomizer-seed","350":"game:stackrandomizer-coppertool"},"Indices":[0,1048576,2097152,3145728,4194304],"BlockIds":[9241,3164,8801,9241,9234],"DecorIndices":[],"DecorIds":[],"BlockEntities":{"2097152":"!<d@[F*McQ#64c-E,TfC\"TSN&!<d@[F*cWg#64o6@VfsmCI<#NAI;p\\ATMrFARTY%\"po!]G%GQ5DfU+(#'\"^#Dfg%+!!!!'\"`nKuFE7Zf0E;+R!!$:*!!!$\"!!!!(!AXWT!!!!r$ig8<z#6?U\\!<<*\">lap*!<<*\"!!`N]!!*'\"!+#[+!!*'\"!!!6)2#mXW!!$:*!!!$\"z!!NdCDfS0\\De!QMDe*Dd@q]FpF=h'4F*%QgFEqh:$=e!jCgh:(ARmLu$#O6pBL-NKCh3SH!!!!","4194304":"!<d@[F*McQ#64c-E,TfC#64`(!<d@[F*cWg#64o6@VfsmCI<#NAHu^]F`__:EWlSfH#R='B6%F(ATMs3DIkCV\":&scFCB9&=9&=$!!EUFATMNNDJ*csz\":&scFCB9&=o\\O&!!rsADes6$@ru9m!!!"},"Entities":[],"ReplaceMode":2,"EntranceRotation":-1}