{"GameVersion":"1.18.1","SizeX":1,"SizeY":5,"SizeZ":1,"BlockCodes":{"8746":"game:barrel","8774":"game:woodbucket","9241":"game:meta-underground","3154":"game:soil-verylow-verysparse","8801":"game:chest-east","9234":"game:clutter"},"ItemCodes":{"353":"game:stackrandomizer-resource","357":"game:stackrandomizer-gear","1591":"game:stone-halite"},"Indices":[0,1048576,2097152,3145728,4194304],"BlockIds":[9241,3154,8801,9241,9234],"DecorIndices":[],"DecorIds":[],"BlockEntities":{"2097152":"!<d@[F*McQ#64c-E,TfC\"TSN&!<d@[F*cim#64o6@VfsmCI<#NAI;p\\ATMrFARTY%\"po!]G%GQ5DfU+(#'\"^#Dfg%+!!!!'\"`nKuFE7Zf0E;(Q!!\"Jm!!!$\"!!!!(!AOQT!!!\"-!<<*#z#6?R[!<<*\"@0$?.!<<*\"!!`N\\!!*'\"!+c02!!*'\"!!!6)1]ROV!!$F.!!!$\"!!!!(!AsiW!!!!g+ohTDz#6?^_!<<*\"@0$?.!<<*\"!!`N`!!*'\"!&k)^!$)%>z\"Uo!]E^FS\\@r\"GMA7Z*XBOu7,/S/@3F9MehH#R=%@rH1\"@;p:!A2+2nD.Rd%6#L=OAH2]1!!!","4194304":"!<d@[F*McQ#64c-E,TfC#64`(!<d@[F*cim#64o6@VfsmCI<#NAHu^]F`__:EWlSfH#R='B6%F(ATMs3DIkCV\":&scFCB9&=9&=$!!EUFATMNNDJ*csgCMCj\":&scFCB9&=o\\O&!!rsADes6$@ru9m!!!"},"Entities":[],"ReplaceMode":2,"EntranceRotation":-1}