{"GameVersion":"1.18.1","SizeX":1,"SizeY":5,"SizeZ":1,"BlockCodes":{"9241":"game:meta-underground","3159":"game:soil-verylow-sparse","8801":"game:chest-east","9234":"game:clutter"},"ItemCodes":{"353":"game:stackrandomizer-resource","367":"game:stackrandomizer-clayproducts"},"Indices":[0,1048576,2097152,3145728,4194304],"BlockIds":[9241,3159,8801,9241,9234],"DecorIndices":[],"DecorIds":[],"BlockEntities":{"2097152":"!<d@[F*McQ#64c-E,TfC\"TSN&!<d@[F*d]0#64o6@VfsmCI<#NAI;p\\ATMrFARTY%\"po!]G%GQ5DfU+(#'\"^#Dfg%+!!!!'\"`nKuFE7Zf0E;+R!!$F.!!!$\"!!!-0FDl80CdVlEDI[5X!.[65#6?OZ!<<*\"DZKh<!<<*\"!!`N[!!*'\"!+>m.!!*'\"!!E[ODffE(6YKnG@q>W?J3Er<!Aa]V!!!\";!<<*#z#6?X]!<<*\"DZKh<!<<*\"!!`N^!!*'\"!+>m.!!*'\"!!E[ODffE(6YKnG@q>W?J3Er<!B'oY!!!\";!<<*#z#6?a`!<<*\"@0$?.!<<*\"\":K<iFCAuQBOPdgAH2^\\4obQ_\"Uo!]E^FS\\@r\"GMA7Z*XBOu7,/S/@3F9MehH#R=%@rH1\"@;p:!A2+2nD.Rd%6#L=OAH2]1!!!","4194304":"!<d@[F*McQ#64c-E,TfC#64`(!<d@[F*d]0#64o6@VfsmCI<#NAHu^]F`__:EWlSfH#R='B6%F(ATMs3DIkCV\":&scFCB9&=9&=$!!EUFATMNNDJ*csz\":&scFCB9&=o\\O&!!rsADes6$@ru9m!!!"},"Entities":[],"ReplaceMode":2,"EntranceRotation":-1}