﻿[
	{
		"op": "add",
		"path": "/behaviorsByType",
		"value": {
			"*-raw-*": [
				{ "name": "ConvertHide" }
			]
		},
		"file": "game:itemtypes/resource/hide",
		"side": "Server"
	},
	{
		"op": "add",
		"path": "/behaviorsByType/*-raw-*/-",
		"value": {
			"name": "IC_UseOnLiquidContainer",
			"properties": {
			"outputStack": { "type": "block", "code": "ancienttools:hidewatersack-soaked-{size}", "quantity": 1 },
			"liquidStack": { "type": "item", "code": "waterportion" },
			"actionLangCode": "game:heldhelp-fill",
			"sound": "sounds/effect/water-fill",
			"consumeLiters": 10,
			"ingredientQuantity": 1,
			"spawnParticles": true
			}
		},
		"file": "game:itemtypes/resource/hide",
		"side": "Server",
		"dependsOn": [{"modid": "immersivecrafting"}]
	},
	{
		"op": "add",
		"path": "/variantgroups/0/states/-",
		"value": "brained",
		"file": "game:itemtypes/resource/hide",
		"side": "Server"
	},
	{
		"op": "add",
		"path": "/variantgroups/0/states/-",
		"value": "smoked",
		"file": "game:itemtypes/resource/hide",
		"side": "Server"
	},
	{
		"op": "add",
		"path": "/creativeinventory/ancienttools",
		"value": ["*-brained-*", "*-smoked-*"],
		"file": "game:itemtypes/resource/hide",
		"side": "Server"
	},
	{
		"op": "add",
		"path": "/attributes/stretchableByType",
		"value": {
			"@hide-(raw|soaked|scraped|prepared|oiled|pelt|smoked)-(small|medium|large|huge)": true
		},
		"file": "game:itemtypes/resource/hide",
		"side": "Server"
	},
	{
		"op": "add",
		"path": "/liquidSelectable",
		"value": 1,
		"file": "game:itemtypes/resource/hide",
		"side": "Server"
	},
	{
		"op": "add",
		"path": "/attributes/inFirePitPropsByType",
		"value": { 
			"@hide-(brained|smoked)-huge":
			{
				transform: {
					scale: 0.4,
					origin: { x: 0.5, y: 0.5, z: 0.5 },
					translation: { x: -0.05, y: -0.325, z: 0.05 },
					rotation: { x: 180, y: -52.5, z: 0 }
				  },
				  useFirepitModel: "Spit"
			},
			"@hide-(brained|smoked)-large": 
			{
				transform: {
					scale: 0.35,
					origin: { x: 0.5, y: 0.5, z: 0.5 },
					translation: { x: -0.05, y: -0.3, z: 0.05 },
					rotation: { x: 180, y: -52.5, z: 0 }
				  },
				  useFirepitModel: "Spit"
			},
			"@hide-(brained|smoked)-medium": 
			{
				transform: {
					scale: 0.3,
					origin: { x: 0.5, y: 0.5, z: 0.5 },
					translation: { x: -0.05, y: -0.275, z: 0.05 },
					rotation: { x: 180, y: -52.5, z: 0 }
				  },
				  useFirepitModel: "Spit"
			},
			"@hide-(brained|smoked)-small": 
			{
				transform: {
					scale: 0.25,
					origin: { x: 0.5, y: 0.5, z: 0.5 },
					translation: { x: -0.05, y: -0.25, z: 0.05 },
					rotation: { x: 180, y: -52.5, z: 0 }
				  },
				  useFirepitModel: "Spit"
			}
		},
		"file": "game:itemtypes/resource/hide",
		"side": "Server"
	},
	{
		"op": "add",
		"path": "/combustiblePropsByType",
		"value": {
			"*-brained-*": {
			meltingPoint: 200,
			meltingDuration: 120,
			smeltedRatio: 1,
			smeltingType: "cook",
			smeltedStack: { type: "item", code: "game:hide-smoked-{size}" },
			requiresContainer: false
			},
		},
		"file": "game:itemtypes/resource/hide",
		"side": "Server"
	}
]