﻿[
	{
		"op": "add",
		"path": "/attributes/mortarPropertiesByType",
		"value": {
			"*-sylvite": {
				shapePath: "ancienttools:shapes/block/mortar/resourceshapes/resource_game_ore_{ore}",
				texturePaths: [{ code: "{ore}", path: "game:item/resource/ungraded/{ore}" }],
				groundStack: { type: "item", code: "game:potash" },
				resultQuantity: 2
			},
			"*-borax": {
				shapePath: "ancienttools:shapes/block/mortar/resourceshapes/resource_game_ore_{ore}",
				texturePaths: [{ code: "{ore}", path: "game:item/resource/ungraded/{ore}" }],
				groundStack: { type: "item", code: "game:powderedborax" },
				resultQuantity: 2
			},
			"*-sulfur": {
				shapePath: "ancienttools:shapes/block/mortar/resourceshapes/resource_game_ore_{ore}",
				texturePaths: [{ code: "{ore}", path: "game:item/resource/ungraded/{ore}" }],
				groundStack: { type: "item", code: "game:powderedsulfer" },
				resultQuantity: 2
			}
		},
		"file": "game:itemtypes/resource/ore-ungraded",
		"side": "Server",
	},
]