[
  {
    "ingredientPattern": "H,F,T",
    "ingredients": {
      "H": { "type": "item", "code": "wildcraft:herbs-chamomile" },
      "F": { "type": "block", "code": "game:flower-lupine-blue-*" },
      "T": { "type": "item", "code": "alchemy:mortarpestle-*", "isTool": true }
    },
    "shapeless": true,
    "width": 1,
    "height": 3,
    "output": { "type": "item", "code": "alchemy:potionbase-looter-weak" }
  },
  {
    "ingredientPattern": "H,F,T",
    "ingredients": {
      "H": { "type": "item", "code": "wildcraft:herbs-chamomile" },
      "F": { "type": "block", "code": "game:flower-woad-*" },
      "T": { "type": "item", "code": "alchemy:mortarpestle-*", "isTool": true }
    },
    "shapeless": true,
    "width": 1,
    "height": 3,
    "output": { "type": "item", "code": "alchemy:potionbase-looter-weak" }
  },
  {
    "ingredientPattern": "H,F,T",
    "ingredients": {
      "H": { "type": "item", "code": "alchemy:cuttings-chamomile-cooked" },
      "F": { "type": "item", "code": "alchemy:cuttings-lupine-blue-cooked" },
      "T": { "type": "item", "code": "alchemy:mortarpestle-*", "isTool": true }
    },
    "shapeless": true,
    "width": 1,
    "height": 3,
    "output": { "type": "item", "code": "alchemy:potionbase-looter-strong" }
  },
  {
    "ingredientPattern": "H,F,T",
    "ingredients": {
      "H": { "type": "item", "code": "alchemy:cuttings-chamomile-cooked" },
      "F": { "type": "item", "code": "alchemy:cuttings-woad-cooked" },
      "T": { "type": "item", "code": "alchemy:mortarpestle-*", "isTool": true }
    },
    "shapeless": true,
    "width": 1,
    "height": 3,
    "output": { "type": "item", "code": "alchemy:potionbase-looter-strong" }
  }
]
