{"GameVersion":"1.18.6","SizeX":6,"SizeY":8,"SizeZ":7,"BlockCodes":{"9493":"game:agedstonebricks-granite","9471":"game:polishedrockold-full-granite","2966":"game:cobblestone-granite","2852":"game:cobblestoneslab-granite-down-free","5122":"game:looseboulders-granite-free","631":"game:lootvessel-seed","5535":"game:loosestones-granite-free","3042":"game:cobblestonestairs-granite-down-east-free","3023":"game:cobblestonestairs-granite-up-east-free","9472":"game:polishedrockold-cobbled-granite","8606":"game:clutter","2833":"game:cobblestoneslab-granite-up-free","2776":"game:cobblestoneslab-granite-east-free","2621":"game:bonysoil","633":"game:lootvessel-forage","2985":"game:cobblestonestairs-granite-up-north-free","3080":"game:cobblestonestairs-granite-down-south-free","3099":"game:cobblestonestairs-granite-up-west-free","9463":"game:oxidation-rust-3tall-bot","9462":"game:oxidation-rust-3tall-mid","9461":"game:oxidation-rust-3tall-top","9460":"game:oxidation-rust-dripping","9459":"game:oxidation-rust-normal"},"ItemCodes":{},"Indices":[2048,3072,4096,5120,1025,2049,3073,4097,5121,6145,1050625,1051649,1052673,1053697,2099201,2100225,2101249,3147777,3149825,4196353,5244929,6293505,1026,2050,3074,4098,5122,6146,1050626,1051650,1052674,1053698,2099202,2101250,2102274,3146754,3147778,3149826,4195330,4196354,4198402,5244930,5246978,6293506,6295554,7342082,7344130,1027,2051,3075,4099,5123,6147,1048579,1050627,1051651,1052675,1053699,1054723,2097155,2098179,2099203,2100227,2101251,2102275,3145731,3146755,3147779,3149827,4194307,4195331,4196355,4198403,5242883,5243907,5244931,5245955,5246979,5248003,6293507,6295555,2052,3076,4100,5124,1051652,1052676,3077,4101],"BlockIds":[9493,9471,2966,9493,9471,2966,9471,9493,2966,9493,9493,9493,9493,2852,9493,5122,9493,631,5535,3042,9493,3023,9493,2966,9493,2966,2966,9472,2966,2852,9472,9493,9471,9493,8606,2833,9493,9493,8606,2966,3023,8606,2776,9493,2776,2852,2776,9493,9472,2621,9472,9472,2966,8606,9493,2966,9493,9493,633,8606,8606,9493,8606,2966,2985,8606,3080,9493,9493,8606,5122,9472,9493,8606,8606,9493,8606,2966,8606,3099,3099,9471,2621,2966,9493,9493,2966,9472,9493],"DecorIndices":[2101250,3149826,1050627,1050627,2099203,2099203,2099203,2101251,2101251,3147779,3147779,3149827,3149827,3149827,4196355,4196355,4196355,4198403,4198403,4198403,5244931,5244931,5244931,5244931,5246979,5246979,5246979],"DecorIds":[33563895,33563894,9462,16786679,9461,16786678,33563895,9463,16786676,16786677,33563894,9462,16786679,33563894,9459,16786678,33563895,9463,16786678,33563893,9459,16786677,33563891,50341111,9459,16786677,33563891],"BlockEntities":{"2102274":"!<d@[F*Ncf#QOl.E,TfC\"TSN&!<d@[F*d,t#64o6@VfsmCI<#NAHu^]F`__:EWlSfH#R=#@WGn'Bk;<A\":&scFCB9&=9&=$!!EUFATMNNDJ*csgCME?\":&scFCB9&=o\\O&!!rsADes6$@ru9m!!!","4195330":"!<d@[F*Ncf#QOl.E,TfC#64`(!<d@[F*cup#64o6@VfsmCI<#NAHu^]F`__:EWlSfH#R=5@W-1#F(f-$G%G_JCh7*uF`M@OEcl)6ARkoKEc6&.FCePS!!!!%$#O6pBL-NKCh;Pl0>I\\qEc6&.FCeVU!!!!*$\"ImiCh7*uARkc@","5244930":"!<d@[F*Ncf#QOl.E,TfC#QOi)!<d@[F*d#q#64o6@VfsmCI<#NAHu^]F`__:EWlSfH#R=,D.R3j@;]dhF\"METBl7Km0a%`%DffE0AQSp4!!!-.D.Rd%6#L=OA`2r/^]Xm_DffE0AQf'6!!!<3@rH1\"ARfgnA,lT","1048579":"!<d@[F*Nfg#QOl.E,TfC\"98E%!<d@[F*cro#64o6@VfsmCI<#NAHu^]F`__:EWlSfH#R=2E+s9&/Tt]GH#e%KFCeu7FtI9BE--@.#BFa)@<?'_z\":8pVF(djWB5D/6&'7$=#BFa)@<?'az#mk*[Ci!ZmFCet_!!","2097155":"!<d@[F*Nfg#QOl.E,TfC\"TSN&!<d@[F*cro#64o6@VfsmCI<#NAHu^]F`__:EWlSfH#R=.E+s9&/Tt]GH#e%KFCeu7FtHbu#BFa)@<?'_z\":8pVF(djWB5D/6&'7$=#BFa)@<?'az#mk*[Ci!ZmFCet_!!","2098179":"!<d@[F*Nfg#QOl.E,TfC\"TSN&!<d@[F*cup#64o6@VfsmCI<#NAHu^]F`__:EWlSfH#R=/E+s9&/Tt]GH#e%KFCeu7BIuYS\":&scFCB9&=9&=$!!EUFATMNNDJ*csgCMCj\":&scFCB9&=o\\O&!!rsADes6$@ru9m!!!","2100227":"!<d@[F*Nfg#QOl.E,TfC\"TSN&!<d@[F*d&r#64o6@VfsmCI<#NAHu^]F`__:EWlSfH#R=,D.R3j@;]dhF\"METBl7Km1^\"&(DffE0AQSp4!!!-.D.Rd%6#L=OA`V%#56M43DffE0AQf'6!!!<3@rH1\"ARfgnA,lT","3145731":"!<d@[F*Nfg#QOl.E,TfC\"onW'!<d@[F*cro#64o6@VfsmCI<#NAHu^]F`__:EWlSfH#R=2E+s9&/Tt]GH#e%KFCeu7FtI9BE--@.#BFa)@<?'_z\":8pVF(djWB5D/6&'7$=#BFa)@<?'az#mk*[Ci!ZmFCet_!!","4194307":"!<d@[F*Nfg#QOl.E,TfC#64`(!<d@[F*cro#64o6@VfsmCI<#NAHu^]F`__:EWlSfH#R=2E+s9&/Tt]GH#e%KFCeu7FtI9BE--@.#BFa)@<?'_z\":8pVF(djWB5D/6&'7$=#BFa)@<?'az#mk*[Ci!ZmFCet_!!","5242883":"!<d@[F*Nfg#QOl.E,TfC#QOi)!<d@[F*cro#64o6@VfsmCI<#NAHu^]F`__:EWlSfH#R=1E+s9&/Tt]GH#e%KFCeu7FtIfSE*!/IEc6&.FCePS!!!!%$#O6pBL-NKCh;?3aZfn5Ec6&.FCeVU!!!!*$\"ImiCh7*uARkc@","5243907":"!<d@[F*Nfg#QOl.E,TfC#QOi)!<d@[F*cup#64o6@VfsmCI<#NAHu^]F`__:EWlSfH#R=/E+s9&/Tt]GH#e%KFCeu7BIuYS\":&scFCB9&=9&=$!!EUFATMNNDJ*csgCME@\":&scFCB9&=o\\O&!!rsADes6$@ru9m!!!","5245955":"!<d@[F*Nfg#QOl.E,TfC#QOi)!<d@[F*d&r#64o6@VfsmCI<#NAHu^]F`__:EWlSfH#R=6E+s9&/Tt]GH#e%KFCeu7BIuYS?Xe%oCLqAd#BFa)@<?'_z\":8pVF(djWB5D/6&';Qh#BFa)@<?'az#mk*[Ci!ZmFCet_!!","5248003":"!<d@[F*Nfg#QOl.E,TfC#QOi)!<d@[F*d,t#64o6@VfsmCI<#NAHu^]F`__:EWlSfH#R=4E+s9&/Tt]GH#e%KFCeu7BJ!\\6Deip%1'@i&DffE0AQSp4!!!-.D.Rd%6#L=OA_Ra;^B=d^DffE0AQf'6!!!<3@rH1\"ARfgnA,lT"},"Entities":[],"ReplaceMode":2,"EntranceRotation":-1}