{"GameVersion":"1.18.6","SizeX":8,"SizeY":8,"SizeZ":6,"BlockCodes":{"9472":"game:polishedrockold-cobbled-granite","9471":"game:polishedrockold-full-granite","9493":"game:agedstonebricks-granite","2966":"game:cobblestone-granite","2852":"game:cobblestoneslab-granite-down-free","3004":"game:cobblestonestairs-granite-down-north-free","2985":"game:cobblestonestairs-granite-up-north-free","2621":"game:bonysoil","8109":"game:chest-east","8606":"game:clutter","3023":"game:cobblestonestairs-granite-up-east-free","2776":"game:cobblestoneslab-granite-east-free","3099":"game:cobblestonestairs-granite-up-west-free","3118":"game:cobblestonestairs-granite-down-west-free","632":"game:lootvessel-food"},"ItemCodes":{"272":"game:stackrandomizer-seed","3638":"game:stackrandomizer-buildingblocks","269":"game:stackrandomizer-ore","3080":"game:stackrandomizer-ruinedweapon","279":"game:stackrandomizer-gear"},"Indices":[1024,2048,3072,4096,1,1025,2049,3073,4097,5121,1049601,1050625,1051649,1052673,2098177,3146753,3147777,4195329,4196353,5243905,5244929,6292481,2,1026,2050,3074,4098,5122,1049602,1050626,1051650,1052674,2098178,2101250,3146754,3149826,4198402,3,1027,2051,3075,4099,5123,1049603,1050627,1051651,1052675,2098179,2101251,3146755,3149827,4195331,4,1028,2052,3076,4100,5124,1049604,1050628,1051652,1052676,2098180,2099204,2101252,3146756,3147780,4195332,5243908,6292484,5,1029,2053,3077,4101,5125,1049605,1050629,1051653,1052677,3146757,4195333,5243909,6292485,7341061,1030,2054,3078,4102,5243910,6292486,7341062,1031,2055],"BlockIds":[9472,9471,9472,9493,9493,9493,9493,2966,2966,9493,2966,2966,9472,2852,9493,2966,3004,9493,9493,2966,2985,2852,9493,9493,2621,2966,2966,9493,9471,8109,9493,9493,2966,9493,8606,9472,2852,2966,9493,9493,9493,9493,9493,9472,9493,2852,2966,2966,9493,3023,8606,2776,9472,9493,9493,9493,9472,9472,9493,9493,9472,9493,9472,9493,3099,2966,8606,9493,9493,3023,9472,9493,2966,9493,2966,9493,9471,9471,2966,3099,3118,9472,2966,2966,632,2966,9493,2966,2966,3118,9493,8606,9493,2966],"DecorIndices":[],"DecorIds":[],"BlockEntities":{"1050626":"!<d@[F*O5s#QOl.E,TfC\"98E%!<d@[F*d#q#64o6@VfsmCI<#NAI;p\\ATMrFARTY%\"po!]G%GQ5DfU+(#'\"^#Dfg%+!!!!'\"`nKuFE7Zf0E;+R!!!Q2!!!$\"!!!-0FDl80CdVlEDI[8&bY12##6?OZ!<<*\"2@]]e!<<*\"\":K<iFCAuQBOPdgA]+2>4obfg1B7FU!!!H/!!!$\"!!!-0FDl80CdVlEDI[7qor(%S#6?[^!<<*\"#Rg\\5!<<*\"\":K<iFCAuQBOPdgA]+2>4obfg2?3aX!!!f9!!!$\"!!!-0FDl80CdVlEDI[7qor(%S!!!02AoD]VCi<g!6Z6LH$=da\\F*'!F@<6Mo\"E\\p.AI;pcCi!O!F(Jl<\":8pVF(djWB5D/6&'7!8","3146754":"!<d@[F*O5s#QOl.E,TfC\"onW'!<d@[F*cup#64o6@VfsmCI<#NAHu^]F`__:EWlSfH#R=5@W-1#F(f-$G%G_JCh7*uF`M@OEcl)6ARkoKEc6&.FCePS!!!!%$#O6pBL-NKCh3SH!!!-,Ec6&.FCeVU!!!!*$\"ImiCh7*uARkc@","3149827":"!<d@[F*O8t#QOl.E,TfC\"onW'!<d@[F*d)s#64o6@VfsmCI<#NAHu^]F`__:EWlSfH#R=,D.R3j@;]dhF\"METBl7Km0a%`%DffE0AQSp4!!!-.D.Rd%6#L=OAH2]1!!EOIDffE0AQf'6!!!<3@rH1\"ARfgnA,lT","3147780":"!<d@[F*O;u#QOl.E,TfC\"onW'!<d@[F*d#q#64o6@VfsmCI<#NAHu^]F`__:EWlSfH#R=,D.R3j@;]dhF\"METBl7Km1B[r'DffE0AQSp4!!!-.D.Rd%6#L=OA`V%#^B=d^DffE0AQf'6!!!<3@rH1\"ARfgnA,lT","7341062":"!<d@[F*OB\"#QOl.E,TfC$31&+!<d@[F*cup#64o6@VfsmCI<#NAHu^]F`__:EWlSfH#R=,D.R3j@;]dhF\"METBl7Km0a%`%DffE0AQSp4!!!-.D.Rd%6#L=OAH2]1!!EOIDffE0AQf'6!!!<3@rH1\"ARfgnA,lT"},"Entities":[],"ReplaceMode":2,"EntranceRotation":-1}