{"GameVersion":"1.18.6","SizeX":8,"SizeY":4,"SizeZ":8,"BlockCodes":{"9471":"game:polishedrockold-full-granite","2621":"game:bonysoil","8613":"game:meta-underground","9493":"game:agedstonebricks-granite","2966":"game:cobblestone-granite","3023":"game:cobblestonestairs-granite-up-east-free","9472":"game:polishedrockold-cobbled-granite","3061":"game:cobblestonestairs-granite-up-south-free","8606":"game:clutter","5122":"game:looseboulders-granite-free","2757":"game:cobblestoneslab-granite-north-free","2985":"game:cobblestonestairs-granite-up-north-free","5535":"game:loosestones-granite-free","8617":"game:spiderweb","8109":"game:chest-east","2776":"game:cobblestoneslab-granite-east-free","2814":"game:cobblestoneslab-granite-west-free"},"ItemCodes":{"275":"game:stackrandomizer-resource","3640":"game:stackrandomizer-mechanical","272":"game:stackrandomizer-seed","279":"game:stackrandomizer-gear"},"Indices":[2048,3072,4096,2049,3073,4097,5121,1050625,1052673,1053697,2099201,2,1026,2050,3074,4098,5122,1049602,1052674,1053698,2098178,1027,2051,3075,4099,5123,6147,7171,1051651,1052675,1053699,1054723,1028,2052,3076,4100,5124,6148,1049604,1050628,1051652,1052676,1053700,2098180,2102276,3150852,2053,3077,4101,5125,1050629,1051653,1052677,2099205,2100229,2101253,3149829,3078,4102,1051654,4103],"BlockIds":[9471,2621,8613,9471,2621,9493,9493,9493,2966,3023,9471,8613,2621,9493,9471,9472,2966,2966,3061,9493,9493,2621,9493,2621,2621,9493,9493,8613,8606,5122,5122,2757,9493,2966,2966,2621,9471,9471,2966,2985,5535,8617,9472,8606,9493,9493,2966,2621,9493,2966,2966,8109,2966,9472,2776,9493,5122,2621,9493,2814,8613],"DecorIndices":[],"DecorIds":[],"BlockEntities":{"1051651":"!<d@[F*R[*#QOl.E,TfC\"98E%!<d@[F*b1=#64o6@VfsmCI<#NAHu^]F`__:EWlSfH#R=,D.R3j@;]dhF\"METBl7Km1B[r'DffE0AQSp4!!!-.D.Rd%6#L=OA`2r/^]Xm_DffE0AQf'6!!!<3@rH1\"ARfgnA,lT","2098180":"!<d@[F*R^+#QOl.E,TfC\"TSN&!<d@[F*b+;#64o6@VfsmCI<#NAHu^]F`__:EWlSfH#R=,D.R3j@;]dhF\"METBl7Km0a%`%DffE0AQSp4!!!-.D.Rd%6#L=OA`2r/^]Xm_DffE0AQf'6!!!<3@rH1\"ARfgnA,lT","1051653":"!<d@[F*I[,#QOl.E,TfC\"98E%!<d@[F*b1=#64o6@VfsmCI<#NAI;p\\ATMrFARTY%\"po!]G%GQ5DfU+(#'\"^#Dfg%+!!!!'\"`nKuFE7Zf0E;+R!!!Z5!!!$\"!!!-0FDl80CdVlEDI[8&bY12##6?OZ!<<*\"3\">og!<<*\"\":K<iFCAuQBOPdgAX]#)56(oh1B7FU!!!Q2!!!$\"!!!-0FDl80CdVlEDI[8&bY12##6?[^!<<*\"&-2b2!<<*\"\":K<iFCAuQBOPdgA^/Fm4obfg2?3aX!!!Z5!!!$\"!!!-0FDl80CdVlEDI[8&bY12##6?a`!<<*\"(BFL9!<<*\"!!!!&$taEu6>URMCI<#NAI;p\\ATMrFARTY%\"U&pmE+KAdDes5uE-#T$1B\\#$ATMNNDJ*csgCME@!!"},"Entities":[],"ReplaceMode":2,"EntranceRotation":-1}