{"GameVersion":"1.17.0-pre.3","SizeX":7,"SizeY":2,"SizeZ":7,"BlockCodes":{"2061":"soil-medium-normal","5680":"woodenfence-aged-es-free","5654":"woodenfence-aged-ns-free","5641":"woodenfence-aged-ne-free","2022":"farmland-moist-compost","1014":"water-still-7","5693":"woodenfence-aged-ew-free","1481":"crop-flax-5","1483":"crop-flax-7","1479":"crop-flax-3","2024":"farmland-moist-high","1477":"crop-flax-1","2459":"stonepath-free","6028":"woodenfencegate-ebony-n-closed-left-free","1577":"crop-turnip-1","1578":"crop-turnip-2","1580":"crop-turnip-4","1579":"crop-turnip-3","5706":"woodenfence-aged-sw-free","5667":"woodenfence-aged-nw-free"},"ItemCodes":{},"Indices":[0,1024,2048,3072,4096,5120,6144,1048576,1049600,1050624,1051648,1052672,1053696,1054720,1,1025,2049,3073,4097,5121,6145,1048577,1049601,1050625,1052673,1053697,1054721,2,1026,2050,3074,4098,5122,6146,1048578,1049602,1050626,1051650,1052674,1053698,1054722,3,1027,2051,3075,4099,5123,6147,1048579,1054723,4,1028,2052,3076,4100,5124,6148,1048580,1049604,1050628,1051652,1052676,1053700,1054724,5,1029,2053,3077,4101,5125,6149,1048581,1049605,1050629,1052677,1053701,1054725,6,1030,2054,3078,4102,5126,6150,1048582,1049606,1050630,1051654,1052678,1053702,1054726],"BlockIds":[2061,2061,2061,2061,2061,2061,2061,5680,5654,5654,5654,5654,5654,5641,2061,2022,2022,1014,2022,2022,2061,5693,1481,1483,1483,1479,5693,2061,2024,2022,2022,2022,2022,2061,5693,1477,1481,1479,1481,1477,5693,2459,2459,2459,2459,2459,2459,2459,6028,6028,2061,2022,2022,2022,2022,2022,2061,5693,1577,1577,1578,1580,1579,5693,2061,2022,2022,1014,2022,2022,2061,5693,1580,1578,1579,1577,5693,2061,2061,2061,2061,2061,2061,2061,5706,5654,5654,5654,5654,5654,5667],"DecorIndices":[],"DecorIds":[],"BlockEntities":{"1025":"!<d@[F*LCZ!!!$&E,TfC&HDe2!<d@[F*[rh!!!0/@VfsmCI<#NAJSldEc#W$DIb>9DeX97/Rr^9E,Tf>\"9EB?!.mN?!H8#=JjKS@CB+?d63II5Ci=Mmz\"9ij_Dg,\"X!!!!%\"`nKuG=qo9!!!-2D/X-0FEMV89P&BYC]FHc56Dj@@<6Nl@<?($;e9BX@q]Fa<,ZkeCe/JeEcW-*puYQWN'ICVDfTQ)Bl7?q7V-U^Bl%L*GtpX*!!!$4DfTQ)Bl7?q7V-U^Bl%L*Gu-d,!!!$4DfTQ)Bl7?q7V-U^Bl%L*GtUF'!!!*:FDl80Ce/JeEcX]gE_^1jFAm9iB4Vtfpbqs]NBdR_FDl80Ce/JeEcX]]Ecc#3BlnVfBOt[h)@?3$<<8%D\"!DDgF*(,pBleB=Eb.pUG%GJiE+EC!AQ3Si@;J>?H#m9R9p7IZ6pLkeCghC,=(-2^E^XV_FCB&sAH2_M64\"EJBlIWNEc5ncG]7SBARnbY7WNEgF8uUaF`)56E+MCWDfA-iE,Tf/A5mJ:Ec6#@!!s6[DK9H1AOpB@F@9PS@:s.^!\"'*QATDWr6>pd`FE7E^!!!$*Ec5l5DImm1z\"pnd[DfA!aFE2F&!!","2049":"!<d@[F*LCZ!!!$&E,TfC&HDe2!<d@[F*[ui!!!0/@VfsmCI<#NAJSldEc#W$DIb>9DeX97/Rr^9E,Tf>\"9EB?!.mN?!H8#=JjKS@CB+?d63II5Ci=Mmz\"9ij_Dg,\"X!!!!%\"`nKuG=qo9!!!-2D/X-0FEMV89P&BYC]FHc56Dj@@<6Nl@<?($;e9BX@q]Fa<,ZkeCe/JeEcW-*puYQWN'ICVDfTQ)Bl7?q7V-U^Bl%L*GtpX*!!!$4DfTQ)Bl7?q7V-U^Bl%L*Gu-d,!!!$4DfTQ)Bl7?q7V-U^Bl%L*GtUF'!!!*:FDl80Ce/JeEcX]gE_^1jFAm9iB4Vtfpub9CN'II^FDl80Ce/JeEcX]]Ecc#3BlnVfBOt[h)@?3$<<8%D\"!DDgF*(,pBleB=Eb.pUG%GJiE+EC!AQ3Si@;J>?H#mm`B`:%:6pLkeCghC,=(-2^E^XV_FCB&sAH2_M64\"EJBlIWNEc5ncG]7SBARnbY7WNEgF8uUaF`)56E+MCWDfA-iE,Tf/A5mJ:Ec6#@!!s6[DK9H1AOpB@F@9PS@:s.^!\"'*QATDWr6>pd`FE7E^!!!$*Ec5l5DImm1z\"pnd[DfA!aFE2F&!!","4097":"!<d@[F*LCZ!!!$&E,TfC&HDe2!<d@[F*\\&k!!!0/@VfsmCI<#NAJSldEc#W$DIb>9DeX97/Rr^9E,Tf>\"9EB?!.mN?!H8#=JjKS@CB+?d63II5Ci=Mmz\"9ij_Dg,\"X!!!!%\"`nKuG=qo9!!!-2D/X-0FEMV89P&BYC]FHc56Dj@@<6Nl@<?($;e9BX@q]Fa<,ZkeCe/JeEcW-*puYQWN'ICVDfTQ)Bl7?q7V-U^Bl%L*GtpX*!!!$4DfTQ)Bl7?q7V-U^Bl%L*Gu-d,!!!$4DfTQ)Bl7?q7V-U^Bl%L*GtUF'!!!*:FDl80Ce/JeEcX]gE_^1jFAm9iB4Vtfpa^@(N'II^FDl80Ce/JeEcX]]Ecc#3BlnVfBOt[h)@?3$<<8%D\"!DDgF*(,pBleB=Eb.pUG%GJiE+EC!AQ3Si@;J>?H#s\";O!FcO6pLkeCghC,=(-2^E^XV_FCB&sAH2_M64\"EJBlIWNEc5ncG]7SBARnbY7WNEgF8uUaF`)56E+MCWDfA-iE,Tf/A5mJ:Ec6#@!!s6[DK9H1AOpB@F@9PS@:s.^!\"'*QATDWr6>pd`FE7E^!!!$*Ec5l5DImm1z\"pnd[DfA!aFE2F&!!","5121":"!<d@[F*LCZ!!!$&E,TfC&HDe2!<d@[F*\\)l!!!0/@VfsmCI<#NAJSldEc#W$DIb>9DeX97/Rr^9E,Tf>\"9EB?!.mN?!H8#=JjKS@CB+?d63II5Ci=Mmz\"9ij_Dg,\"X!!!!%\"`nKuG=qo9!!!-2D/X-0FEMV89P&BYC]FHc56Dj@@<6Nl@<?($;e9BX@q]Fa<,ZkeCe/JeEcW-*puYQWN'ICVDfTQ)Bl7?q7V-U^Bl%L*GtpX*!!!$4DfTQ)Bl7?q7V-U^Bl%L*Gu-d,!!!$4DfTQ)Bl7?q7V-U^Bl%L*GtUF'!!!*:FDl80Ce/JeEcX]gE_^1jFAm9iB4Vtfp^2p+NBdR_FDl80Ce/JeEcX]]Ecc#3BlnVfBOt[h)@?3$<<8%D\"!DDgF*(,pBleB=Eb.pUG%GJiE+EC!AQ3Si@;J>?H#l>0iCPXH6pLkeCghC,=(-2^E^XV_FCB&sAH2_M64\"EJBlIWNEc5ncG]7SBARnbY7WNEgF8uUaF`)56E+MCWDfA-iE,Tf/A5mJ:Ec6#@!!s6[DK9H1AOpB@F@9PS@:s.^!\"'*QATDWr6>pd`FE7E^!!!$*Ec5l5DImm1z\"pnd[DfA!aFE2F&!!","1026":"!<d@[F*LF[!!!$&E,TfC&HDe2!<d@[F*[rh!!!0/@VfsmCI<#NAJ8ZaEc#W$DIb>9DeX97/SJj2BES?R!!%U;\"9EHA!.mN?!G_Z8JjKSDF)5c=:&k7o!!EIHCi=Moz\"9ij_Dg+hS!,t7-%;g#tF*)PFAP?ZYAS_>HJ3O,TCghC,=(-2^E`6OXEarcoA5mJh@;JJQF`MOA$2EX_!K98E&oVf)B5)6lCdquVFD5Q*FEpVI!!!!\"&oVf)B5)6lCdquVFD5Q*FEp\\K!!!!\"&oVf)B5)6lCdquVFD5Q*FEpMU!!!!$(3FJ:@;JJQF`MOmDfSTaG]Zl+@:s-i$2Ej%o8Gp:(j'\\<@;JJQF`MOmATDm,Ch\\!:6YL%@CDmNSk#DG@5Q`-F@<6NbDeX97F`M%eAThX$<H)JWFCeEiFCAuR@<lo:=m*pp,\"+[!&StlsFB;mmATC1QF*(i.@q>W?`^0tIEbTK(6ZR*a7<iciF(Jl]DanbcF*%Bg(j0_:BlIWNEc5ncG]7SBARnbY7WNEgF8uUZF`)56E+MRO@<=nGD..'gA,lrEE+O',@7\"mNF*)I(!!!!'E,Ti,F(bR[Ec5l5DImm1z\"pnd[DfA!aFE2F&!!","2050":"!<d@[F*LF[!!!$&E,TfC&HDe2!<d@[F*[ui!!!0/@VfsmCI<#NAJSldEc#W$DIb>9DeX97/Rr^9E,Tf>\"9EB?!.mN?!H8#=JjKS@CB+?d63II5Ci=Mm!!#h]\"9ij_Dg,\"X!!!!%\"`nKuG=qo90L>mOD/X-0FEMV89P&BYC]FHc56Dj@@<6Nl@<?($;e9BX@q]Fa<,ZkeCe/JeEcW-*puYQWN'ICVDfTQ)Bl7?q7V-U^Bl%L*GtpX*!!!$4DfTQ)Bl7?q7V-U^Bl%L*Gu-d,!!!$4DfTQ)Bl7?q7V-U^Bl%L*GtUF'!!!*:FDl80Ce/JeEcX]gE_^1jFAm9iB4Vtfq!SjTN'II^FDl80Ce/JeEcX]]Ecc#3BlnVfBOt[h)@?3$<<8%D\"!DDgF*(,pBleB=Eb.pUG%GJiE+EC!AQ3Si@;J>?H#mo#Fl-XP6pLkeCghC,=(-2^E^XV_FCB&sAH2_M64\"EJBlIWNEc5ncG]7SBARnbY7WNEgF8uUaF`)56E+MCWDfA-iE,Tf/A5mJ:Ec6#@!!s6[DK9H1AOpB@F@9PS@:s.^!\"'*QATDWr6>pd`FE7E^!!!$*Ec5l5DImm1z\"pnd[DfA!aFE2F&!!","3074":"!<d@[F*LF[!!!$&E,TfC&HDe2!<d@[F*\\#j!!!0/@VfsmCI<#NAJSldEc#W$DIb>9DeX97/Rr^9E,Tf>\"9EB?!.mN?!H8#=JjKS@CB+?d63II5Ci=Mmz\"9ij_Dg,\"X!!!!%\"`nKuG=qo9!!!-2D/X-0FEMV89P&BYC]FHc56Dj@@<6Nl@<?($;e9BX@q]Fa<,ZkeCe/JeEcW-*puYQWN'ICVDfTQ)Bl7?q7V-U^Bl%L*GtpX*!!!$4DfTQ)Bl7?q7V-U^Bl%L*Gu-d,!!!$4DfTQ)Bl7?q7V-U^Bl%L*GtUF'!!!*:FDl80Ce/JeEcX]gE_^1jFAm9iB4VtfpoCC8N'II^FDl80Ce/JeEcX]]Ecc#3BlnVfBOt[h)@?3$<<8%D\"!DDgF*(,pBleB=Eb.pUG%GJiE+EC!AQ3Si@;J>?H#r?*ko4Rc6pLkeCghC,=(-2^E^XV_FCB&sAH2_M64\"EJBlIWNEc5ncG]7SBARnbY7WNEgF8uUaF`)56E+MCWDfA-iE,Tf/A5mJ:Ec6#@!!s6[DK9H1AOpB@F@9PS@:s.^!\"'*QATDWr6>pd`FE7E^!!!$*Ec5l5DImm1z\"pnd[DfA!aFE2F&!!","4098":"!<d@[F*LF[!!!$&E,TfC&HDe2!<d@[F*\\&k!!!0/@VfsmCI<#NAJSldEc#W$DIb>9DeX97/Rr^9E,Tf>\"9EB?!.mN?!H8#=JjKS@CB+?d63II5Ci=Mmz\"9ij_Dg,\"X!!!!%\"`nKuG=qo9!!!-2D/X-0FEMV89P&BYC]FHc56Dj@@<6Nl@<?($;e9BX@q]Fa<,ZkeCe/JeEcW-*puYQWN'ICVDfTQ)Bl7?q7V-U^Bl%L*GtpX*!!!$4DfTQ)Bl7?q7V-U^Bl%L*Gu-d,!!!$4DfTQ)Bl7?q7V-U^Bl%L*GtUF'!!!*:FDl80Ce/JeEcX]gE_^1jFAm9iB4Vtfph9rFN'II^FDl80Ce/JeEcX]]Ecc#3BlnVfBOt[h)@?3$<<8%D\"!DDgF*(,pBleB=Eb.pUG%GJiE+EC!AQ3Si@;J>?H#k$gXE,[46pLkeCghC,=(-2^E^XV_FCB&sAH2_M64\"EJBlIWNEc5ncG]7SBARnbY7WNEgF8uUaF`)56E+MCWDfA-iE,Tf/A5mJ:Ec6#@!!s6[DK9H1AOpB@F@9PS@:s.^!\"'*QATDWr6>pd`FE7E^!!!$*Ec5l5DImm1z\"pnd[DfA!aFE2F&!!","5122":"!<d@[F*LF[!!!$&E,TfC&HDe2!<d@[F*\\)l!!!0/@VfsmCI<#NAJSldEc#W$DIb>9DeX97/Rr^9E,Tf>\"9EB?!.mN?!H8#=JjKS@CB+?d63II5Ci=Mmz\"9ij_Dg,\"X!!!!%\"`nKuG=qo9!!!-2D/X-0FEMV89P&BYC]FHc56Dj@@<6Nl@<?($;e9BX@q]Fa<,ZkeCe/JeEcW-*puYQWN'ICVDfTQ)Bl7?q7V-U^Bl%L*GtpX*!!!$4DfTQ)Bl7?q7V-U^Bl%L*Gu-d,!!!$4DfTQ)Bl7?q7V-U^Bl%L*GtUF'!!!*:FDl80Ce/JeEcX]gE_^1jFAm9iB4Vtfpu7#aNBdR_FDl80Ce/JeEcX]]Ecc#3BlnVfBOt[h)@?3$<<8%D\"!DDgF*(,pBleB=Eb.pUG%GJiE+EC!AQ3Si@;J>?H#k$gXE,[46pLkeCghC,=(-2^E^XV_FCB&sAH2_M64\"EJBlIWNEc5ncG]7SBARnbY7WNEgF8uUaF`)56E+MCWDfA-iE,Tf/A5mJ:Ec6#@!!s6[DK9H1AOpB@F@9PS@:s.^!\"'*QATDWr6>pd`FE7E^!!!$*Ec5l5DImm1z\"pnd[DfA!aFE2F&!!","1028":"!<d@[F*LL]!!!$&E,TfC&HDe2!<d@[F*[rh!!!0/@VfsmCI<#NAJSldEc#W$DIb>9DeX97/Rr^9E,Tf>\"9EB?!.mN?!H8#=JjKS@CB+?d63II5Ci=Mmz\"9ij_Dg,\"X!!!!%\"`nKuG=qo9!!!-2D/X-0FEMV89P&BYC]FHc56Dj@@<6Nl@<?($;e9BX@q]Fa<,ZkeCe/JeEcW-*puYQWN'ICVDfTQ)Bl7?q7V-U^Bl%L*GtpX*!!!$4DfTQ)Bl7?q7V-U^Bl%L*Gu-d,!!!$4DfTQ)Bl7?q7V-U^Bl%L*GtUF'!!!*:FDl80Ce/JeEcX]gE_^1jFAm9iB4VtfpklWfNBdR_FDl80Ce/JeEcX]]Ecc#3BlnVfBOt[h)@?3$<<8%D\"!DDgF*(,pBleB=Eb.pUG%GJiE+EC!AQ3Si@;J>?H#o,-],es96pLkeCghC,=(-2^E^XV_FCB&sAH2_M64\"EJBlIWNEc5ncG]7SBARnbY7WNEgF8uUaF`)56E+MCWDfA-iE,Tf/A5mJ:Ec6#@!!s6[DK9H1AOpB@F@9PS@:s.^!\"'*QATDWr6>pd`FE7E^!!!$*Ec5l5DImm1z\"pnd[DfA!aFE2F&!!","2052":"!<d@[F*LL]!!!$&E,TfC&HDe2!<d@[F*[ui!!!0/@VfsmCI<#NAJSldEc#W$DIb>9DeX97/Rr^9E,Tf>\"9EB?!.mN?!H8#=JjKS@CB+?d63II5Ci=Mmz\"9ij_Dg,\"X!!!!%\"`nKuG=qo9!!!-2D/X-0FEMV89P&BYC]FHc56Dj@@<6Nl@<?($;e9BX@q]Fa<,ZkeCe/JeEcW-*puYQWN'ICVDfTQ)Bl7?q7V-U^Bl%L*GtpX*!!!$4DfTQ)Bl7?q7V-U^Bl%L*Gu-d,!!!$4DfTQ)Bl7?q7V-U^Bl%L*GtUF'!!!*:FDl80Ce/JeEcX]gE_^1jFAm9iB4VtfpeL`*NBdR_FDl80Ce/JeEcX]]Ecc#3BlnVfBOt[h)@?3$<<8%D\"!DDgF*(,pBleB=Eb.pUG%GJiE+EC!AQ3Si@;J>?H#oH0/s0<^6pLkeCghC,=(-2^E^XV_FCB&sAH2_M64\"EJBlIWNEc5ncG]7SBARnbY7WNEgF8uUaF`)56E+MCWDfA-iE,Tf/A5mJ:Ec6#@!!s6[DK9H1AOpB@F@9PS@:s.^!\"'*QATDWr6>pd`FE7E^!!!$*Ec5l5DImm1z\"pnd[DfA!aFE2F&!!","3076":"!<d@[F*LL]!!!$&E,TfC&HDe2!<d@[F*\\#j!!!0/@VfsmCI<#NAJSldEc#W$DIb>9DeX97/Rr^9E,Tf>\"9EB?!.mN?!H8#=JjKS@CB+?d63II5Ci=Mmz\"9ij_Dg,\"X!!!!%\"`nKuG=qo9!!!-2D/X-0FEMV89P&BYC]FHc56Dj@@<6Nl@<?($;e9BX@q]Fa<,ZkeCe/JeEcW-*puYQWN'ICVDfTQ)Bl7?q7V-U^Bl%L*GtpX*!!!$4DfTQ)Bl7?q7V-U^Bl%L*Gu-d,!!!$4DfTQ)Bl7?q7V-U^Bl%L*GtUF'!!!*:FDl80Ce/JeEcX]gE_^1jFAm9iB4VtfpcQTPNBdR_FDl80Ce/JeEcX]]Ecc#3BlnVfBOt[h)@?3$<<8%D\"!DDgF*(,pBleB=Eb.pUG%GJiE+EC!AQ3Si@;J>?H#q:P3?_EJ6pLkeCghC,=(-2^E^XV_FCB&sAH2_M64\"EJBlIWNEc5ncG]7SBARnbY7WNEgF8uUaF`)56E+MCWDfA-iE,Tf/A5mJ:Ec6#@!!s6[DK9H1AOpB@F@9PS@:s.^!\"'*QATDWr6>pd`FE7E^!!!$*Ec5l5DImm1z\"pnd[DfA!aFE2F&!!","4100":"!<d@[F*LL]!!!$&E,TfC&HDe2!<d@[F*\\&k!!!0/@VfsmCI<#NAJSldEc#W$DIb>9DeX97/Rr^9E,Tf>\"9EB?!.mN?!H8#=JjKS@CB+?d63II5Ci=Mmz\"9ij_Dg,\"X!!!!%\"`nKuG=qo9!!!-2D/X-0FEMV89P&BYC]FHc56Dj@@<6Nl@<?($;e9BX@q]Fa<,ZkeCe/JeEcW-*puYQWN'ICVDfTQ)Bl7?q7V-U^Bl%L*GtpX*!!!$4DfTQ)Bl7?q7V-U^Bl%L*Gu-d,!!!$4DfTQ)Bl7?q7V-U^Bl%L*GtUF'!!!*:FDl80Ce/JeEcX]gE_^1jFAm9iB4Vtfpu#X;NBdR_FDl80Ce/JeEcX]]Ecc#3BlnVfBOt[h)@?3$<<8%D\"!DDgF*(,pBleB=Eb.pUG%GJiE+EC!AQ3Si@;J>?H#m,M5A!;.6pLkeCghC,=(-2^E^XV_FCB&sAH2_M64\"EJBlIWNEc5ncG]7SBARnbY7WNEgF8uUaF`)56E+MCWDfA-iE,Tf/A5mJ:Ec6#@!!s6[DK9H1AOpB@F@9PS@:s.^!\"'*QATDWr6>pd`FE7E^!!!$*Ec5l5DImm1z\"pnd[DfA!aFE2F&!!","5124":"!<d@[F*LL]!!!$&E,TfC&HDe2!<d@[F*\\)l!!!0/@VfsmCI<#NAJSldEc#W$DIb>9DeX97/Rr^9E,Tf>\"9EB?!.mN?!H8#=JjKS@CB+?d63II5Ci=Mmz\"9ij_Dg,\"X!!!!%\"`nKuG=qo9!!!-2D/X-0FEMV89P&BYC]FHc56Dj@@<6Nl@<?($;e9BX@q]Fa<,ZkeCe/JeEcW-*puYQWN'ICVDfTQ)Bl7?q7V-U^Bl%L*GtpX*!!!$4DfTQ)Bl7?q7V-U^Bl%L*Gu-d,!!!$4DfTQ)Bl7?q7V-U^Bl%L*GtUF'!!!*:FDl80Ce/JeEcX]gE_^1jFAm9iB4Vtfpk!VfN'II^FDl80Ce/JeEcX]]Ecc#3BlnVfBOt[h)@?3$<<8%D\"!DDgF*(,pBleB=Eb.pUG%GJiE+EC!AQ3Si@;J>?H#m,M5A!;.6pLkeCghC,=(-2^E^XV_FCB&sAH2_M64\"EJBlIWNEc5ncG]7SBARnbY7WNEgF8uUaF`)56E+MCWDfA-iE,Tf/A5mJ:Ec6#@!!s6[DK9H1AOpB@F@9PS@:s.^!\"'*QATDWr6>pd`FE7E^!!!$*Ec5l5DImm1z\"pnd[DfA!aFE2F&!!","1029":"!<d@[F*LO^!!!$&E,TfC&HDe2!<d@[F*[rh!!!0/@VfsmCI<#NAJSldEc#W$DIb>9DeX97/Rr^9E,Tf>\"9EB?!.mN?!H8#=JjKS@CB+?d63II5Ci=Mmz\"9ij_Dg,\"X!!!!%\"`nKuG=qo9!!!-2D/X-0FEMV89P&BYC]FHc56Dj@@<6Nl@<?($;e9BX@q]Fa<,ZkeCe/JeEcW-*puYQWN'ICVDfTQ)Bl7?q7V-U^Bl%L*GtpX*!!!$4DfTQ)Bl7?q7V-U^Bl%L*Gu-d,!!!$4DfTQ)Bl7?q7V-U^Bl%L*GtUF'!!!*:FDl80Ce/JeEcX]gE_^1jFAm9iB4Vtfpgr*fN'II^FDl80Ce/JeEcX]]Ecc#3BlnVfBOt[h)@?3$<<8%D\"!DDgF*(,pBleB=Eb.pUG%GJiE+EC!AQ3Si@;J>?H#l.;ZA5P*6pLkeCghC,=(-2^E^XV_FCB&sAH2_M64\"EJBlIWNEc5ncG]7SBARnbY7WNEgF8uUaF`)56E+MCWDfA-iE,Tf/A5mJ:Ec6#@!!s6[DK9H1AOpB@F@9PS@:s.^!\"'*QATDWr6>pd`FE7E^!!!$*Ec5l5DImm1z\"pnd[DfA!aFE2F&!!","2053":"!<d@[F*LO^!!!$&E,TfC&HDe2!<d@[F*[ui!!!0/@VfsmCI<#NAJSldEc#W$DIb>9DeX97/Rr^9E,Tf>\"9EB?!.mN?!H8#=JjKS@CB+?d63II5Ci=Mmz\"9ij_Dg,\"X!!!!%\"`nKuG=qo9!!!-2D/X-0FEMV89P&BYC]FHc56Dj@@<6Nl@<?($;e9BX@q]Fa<,ZkeCe/JeEcW-*puYQWN'ICVDfTQ)Bl7?q7V-U^Bl%L*GtpX*!!!$4DfTQ)Bl7?q7V-U^Bl%L*Gu-d,!!!$4DfTQ)Bl7?q7V-U^Bl%L*GtUF'!!!*:FDl80Ce/JeEcX]gE_^1jFAm9iB4Vtfpu]OGNBdR_FDl80Ce/JeEcX]]Ecc#3BlnVfBOt[h)@?3$<<8%D\"!DDgF*(,pBleB=Eb.pUG%GJiE+EC!AQ3Si@;J>?H#kI+QlN(K6pLkeCghC,=(-2^E^XV_FCB&sAH2_M64\"EJBlIWNEc5ncG]7SBARnbY7WNEgF8uUaF`)56E+MCWDfA-iE,Tf/A5mJ:Ec6#@!!s6[DK9H1AOpB@F@9PS@:s.^!\"'*QATDWr6>pd`FE7E^!!!$*Ec5l5DImm1z\"pnd[DfA!aFE2F&!!","4101":"!<d@[F*LO^!!!$&E,TfC&HDe2!<d@[F*\\&k!!!0/@VfsmCI<#NAJSldEc#W$DIb>9DeX97/Rr^9E,Tf>\"9EB?!.mN?!H8#=JjKS@CB+?d63II5Ci=Mmz\"9ij_Dg,\"X!!!!%\"`nKuG=qo9!!!-2D/X-0FEMV89P&BYC]FHc56Dj@@<6Nl@<?($;e9BX@q]Fa<,ZkeCe/JeEcW-*puYQWN'ICVDfTQ)Bl7?q7V-U^Bl%L*GtpX*!!!$4DfTQ)Bl7?q7V-U^Bl%L*Gu-d,!!!$4DfTQ)Bl7?q7V-U^Bl%L*GtUF'!!!*:FDl80Ce/JeEcX]gE_^1jFAm9iB4VtfpnEo+N'II^FDl80Ce/JeEcX]]Ecc#3BlnVfBOt[h)@?3$<<8%D\"!DDgF*(,pBleB=Eb.pUG%GJiE+EC!AQ3Si@;J>?H#j&p7'TT66pLkeCghC,=(-2^E^XV_FCB&sAH2_M64\"EJBlIWNEc5ncG]7SBARnbY7WNEgF8uUaF`)56E+MCWDfA-iE,Tf/A5mJ:Ec6#@!!s6[DK9H1AOpB@F@9PS@:s.^!\"'*QATDWr6>pd`FE7E^!!!$*Ec5l5DImm1z\"pnd[DfA!aFE2F&!!","5125":"!<d@[F*LO^!!!$&E,TfC&HDe2!<d@[F*\\)l!!!0/@VfsmCI<#NAJSldEc#W$DIb>9DeX97/Rr^9E,Tf>\"9EB?!.mN?!H8#=JjKS@CB+?d63II5Ci=Mmz\"9ij_Dg,\"X!!!!%\"`nKuG=qo9!!!-2D/X-0FEMV89P&BYC]FHc56Dj@@<6Nl@<?($;e9BX@q]Fa<,ZkeCe/JeEcW-*puYQWN'ICVDfTQ)Bl7?q7V-U^Bl%L*GtpX*!!!$4DfTQ)Bl7?q7V-U^Bl%L*Gu-d,!!!$4DfTQ)Bl7?q7V-U^Bl%L*GtUF'!!!*:FDl80Ce/JeEcX]gE_^1jFAm9iB4VtfpnULmNBdR_FDl80Ce/JeEcX]]Ecc#3BlnVfBOt[h)@?3$<<8%D\"!DDgF*(,pBleB=Eb.pUG%GJiE+EC!AQ3Si@;J>?H#m,M5A!;.6pLkeCghC,=(-2^E^XV_FCB&sAH2_M64\"EJBlIWNEc5ncG]7SBARnbY7WNEgF8uUaF`)56E+MCWDfA-iE,Tf/A5mJ:Ec6#@!!s6[DK9H1AOpB@F@9PS@:s.^!\"'*QATDWr6>pd`FE7E^!!!$*Ec5l5DImm1z\"pnd[DfA!aFE2F&!!"},"Entities":[],"ReplaceMode":2}