{"GameVersion":"1.18.0-pre.3","SizeX":7,"SizeY":5,"SizeZ":4,"BlockCodes":{"2461":"game:stonepathslab-free","7116":"game:meta-filler","1413":"game:torchholder-aged-filled-east","6322":"game:planks-aged-ns","6400":"game:plankslab-aged-down-free","41857":"game:slantedroofing-sod-south-free","6374":"game:plankslab-aged-west-free","41855":"game:slantedroofing-sod-north-free","6478":"game:plankstairs-aged-up-north-free","6530":"game:plankstairs-aged-up-south-free","6335":"game:plankslab-aged-north-free","6361":"game:plankslab-aged-south-free","5228":"game:agedwallpaperplanks-blue-east","7119":"game:meta-spawner","42579":"game:clutter","42399":"game:clutteredbookshelf","5252":"game:bed-woodaged-head-south","5255":"game:bed-woodaged-feet-south","5539":"game:trapdoor-opened-up-east","6517":"game:plankstairs-aged-down-east-free"},"ItemCodes":{},"Indices":[1024,2048,1048576,1049600,1050624,1051648,2097152,2098176,2099200,2100224,1,1025,2049,3073,1048577,1049601,1050625,1051649,2097153,2098177,2099201,2100225,3145729,3146753,3147777,3148801,4195329,4196353,2,1026,2050,3074,1048578,1049602,1050626,1051650,2097154,2098178,2099202,2100226,3145730,3146754,3147778,3148802,4195330,4196354,3,1027,2051,3075,1048579,1049603,1050627,1051651,2097155,2098179,2099203,2100227,3145731,3146755,3147779,3148803,4195331,4196355,4,1028,2052,3076,1048580,1050628,1051652,2097156,2098180,2099204,2100228,3145732,3146756,3147780,3148804,4195332,4196356,5,1029,2053,3077,1048581,1049605,1050629,1051653,2097157,2098181,2099205,2100229,3145733,3146757,3147781,3148805,4195333,4196357,6,1030,2054,3078,1048582,1049606,1050630,1051654,2097158,2098182,2099206,2100230,3145734,3146758,3147782,3148806,4195334,4196358],"BlockIds":[2461,2461,7116,7116,7116,7116,1413,7116,7116,7116,6322,6400,6400,6322,6322,7116,7116,6322,6322,7116,7116,6322,41857,6374,6374,41855,41857,41855,6478,6400,6400,6530,6335,7116,7116,6361,6335,7116,7116,6361,41857,7116,7116,41855,41857,41855,5228,5228,5228,5228,6335,7119,42579,6361,6335,7116,7116,6361,41857,7116,42399,41855,41857,41855,6322,6322,6322,6322,6335,42579,6361,6335,7116,7116,6361,41857,7116,42579,41855,41857,41855,6322,6322,6322,6322,6335,5252,5255,6361,6335,7116,7116,6361,41857,7116,7116,41855,41857,41855,6322,6322,6322,6322,5228,5228,5228,5228,6322,5539,5539,6322,41857,6517,6517,41855,41857,41855],"DecorIndices":[],"DecorIds":[],"BlockEntities":{"2097152":"!<d@[F*MI#!!!$&E,TfC'EA+5!<d@[F*\\Du!!!0/@VfsmCI<#NAK5f1EarcrDerrqE\\1^4ARmB)Bl%TsA1_A$F*%B","1049603":"!<d@[F*MR&!!!$&E,TfC'*&\"4!<d@[F*\\H!!!!0/@VfsmCI<#NAINEeFC?bBE+*s.AT@eWD..ZVDfor>!<<*\"\":]'_FCfK9@;JJQF`MO'!!!!+$Y=3tBlnVfDe*F##ljr**+r\\sANFLID..=#Bk/f;Ea`KiE\\1^?FD5f)DAm.rD.PbAF_tQ)DeW`6FE1f#ATBA7Df90-,A1G%ANFLID..=#Bk/f;Ea`KiE\\1aCBl%<s@<?($Bjkh!*G8etANFLID..=#Bk/f;Ea`KiE\\1d;DffZ,DJ())@;TR:BQ\\0#DJs6\"/Tc#AA7]d5@rH4$De*R(Bk;?,B45Xg3bWYQ@;^!tA1_nD@:Wqi/S9-GDJ=38Eb-8(@;TR:BQ\\0#DJs6\"/Tc#AA7]d5CisuFEbT*+,%k>$ANFLID..=#Bk/f;Ea`KiE\\2?TEcu/?@;KRpDe*o6B45Xg3bWYQ@;^!tA1_nD@:Wqi/Tc#E@<6R3AS?4(FCfIn!dHI\"s8W*\"!dQL#!!!!\"!dZU$s8W*\"!dHI$!!!!\"!dQO%!!!!\"!dZU&!!!!\"%W,ot:i'QcATC[WDJ*M\\!!!!\"%W,X!:i'QcATC[WDJ*M\\!!!!\"%WcStGA^;eDJ*NTDe*DZ!!!!\"$?L/pGA]cdF`):$!!!!*'Q\\5%GA^2oCjA<YFCfJaD/aE6F9)CXBl7X,BjkgTF^]00BlnW!E+*s.ARkc@!!!$6Bl7X,BjkgVE+*s.;0?;bFD5iBz!=<CZDfp\"tBmO=k!!!!*$[6$#8SrEbEcbl'!!<mN@<6NhE+*s.<,ZkeCe/JeEcYTrluH,-N'ICTBl8$(Ec,<%6XaqB@qg%1z!tK$_FCfK1@;J;E@<-!lzz!tTE`@q]:kB4XnNE_(+kEW?(>z!!=-U@<6NXBOPpoAQ<\\[@<?'[DffE(88iWkErZ1?z!\"TT]E+*s.ARn5IFD5i2ATIhO!!!!","1050627":"!<d@[F*MR&!!!$&E,TfC'*&\"4!<d@[F*\\K\"!!!0/@VfsmCI<#NAHu^]F`__:EWlSfH#R=%@q]:bE\\1^4ARkoKEc6&.FCePS!!!!%$#O6pBL-NKCh;?38\\bH6Ec6&.FCeVU!!!!*$\"ImiCh7*uARkc@","3147779":"!<d@[F*MR&!!!$&E,TfC'`\\46!<d@[F*\\K\"!!!0/@VfsmCI<#NAI2gaDejE-ASbr_$#+:#ASuU.Ed7ZiEH>r7FE7ol!!!3,F)5c:ErZ1D\"E\\p.AK##rDejE-AScO$F\"_!@DejE-ASbs1Ap%p+\"UJsRFCfK,@;GoH$uKQsBL-NKCh6LQA,lT0!!!","1050628":"!<d@[F*MU'!!!$&E,TfC'*&\"4!<d@[F*\\K\"!!!0/@VfsmCI<#NAHu^]F`__:EWlSfH#R=9@W-1#F(f-$G%G_JCh7*uF`M@O@:s.^/S/d<FEmuoEc6&.FCePS!!!!%$#O6pBL-NKCh;?3ahIr`Ec6&.FCeVU!!!!*$\"ImiCh7*uARkc@","3147780":"!<d@[F*MU'!!!$&E,TfC'`\\46!<d@[F*\\K\"!!!0/@VfsmCI<#NAHu^]F`__:EWlSfH#R=.F(f-$Ah@h-@P)/2F_Pf3ASuSm#BFa)@<?'_z\":8pVF(djWB5D/6%nXP>#BFa)@<?'az#mk*[Ci!ZmFCet_\"VYftATDg*A7\\_OG]\\(KAOCBHAHcphF)uU,","1049605":"!<d@[F*MX(!!!$&E,TfC'*&\"4!<d@[F*\\H!!!!0/@VfsmCI<#NAJ\\feA1`\"DDe*9hARmB+ART+$F)Q2CBEAc_Dfor>ARn,Q7;d3]FEpGgzz\"VPZjF`);4A3tQ<CghU#E`Hga!!!"},"Entities":[],"ReplaceMode":2}