﻿{
	code: "cart",
	class: "EntityCart",
	attributes: {
		types: ["wood-aged", "wood-birch", "wood-oak", "wood-maple", "wood-pine", "wood-acacia", "wood-kapok", "wood-baldcypress", "wood-larch", "wood-redwood", "wood-ebony", "wood-walnut", "wood-purpleheart"],
	},
	fallDamage: false,
	SelectionBoxSize: { x: 1.5, y: 1 },
	CollisionBoxSize: { x: 1, y: 1 },
	DeadSelectionBoxSize: { x: 1, y: 1 },
	DeadCollisionBoxSize: { x: 1, y: 1 },
	eyeHeight: 0.5,
	server: {
		behaviors: [
			{ code: "HealthNoRecover", currenthealth: 100, maxhealth: 100 },
			{ code: "controlledphysics", stepHeight: 1.1251 },
			{ 
				code: "taskai", 
				aitasks: [ 
					{ code: "followattached", priority: 4 }
				]
			}
		],
	},
	client: {
		renderer: "CartRenderer",
		shape: { base: "entity/cart_lg_woodwheel" },
		size: 1,
		textures: {
			"beam": { base: "game:block/wood/debarked/{type}" },
			"boards": { base: "game:block/wood/planks/{type}1" },
			"dowel": { base:"game:block/wood/table/normal/top" },
			"beam2": { base: "game:block/wood/treetrunk/{type}" },
			"knob": { base: "game:block/linen" },
			"axle": { base: "game:block/wood/planks/generic" },
			"wheelaccent": { base: "game:block/stone/rock/basalt3" },
			"wheelwood": { base: "game:block/wood/debarked/{type}" },
		},
		behaviors: [
			{ code: "HealthNoRecover", currenthealth: 100, maxhealth: 100 },
			{ code: "interpolateposition" },
			{ code: "controlledphysics", stepHeight: 1.1251 },
		]
	},
	sounds: {
		"hurt": "game:block/planks",
		"die": "game:block/planks",
	}
}