{"GameVersion":"1.18.6","SizeX":7,"SizeY":8,"SizeZ":7,"BlockCodes":{"8613":"game:meta-underground","2966":"game:cobblestone-granite","9471":"game:polishedrockold-full-granite","2776":"game:cobblestoneslab-granite-east-free","7316":"game:plankslab-aged-east-free","8606":"game:clutter","9493":"game:agedstonebricks-granite","2757":"game:cobblestoneslab-granite-north-free","2852":"game:cobblestoneslab-granite-down-free","3023":"game:cobblestonestairs-granite-up-east-free","7277":"game:planks-aged-ns","5122":"game:looseboulders-granite-free","1221":"game:woodenaxle-ud","2985":"game:cobblestonestairs-granite-up-north-free","7303":"game:plankslab-aged-north-free","7329":"game:plankslab-aged-south-free","9472":"game:polishedrockold-cobbled-granite","3099":"game:cobblestonestairs-granite-up-west-free","2814":"game:cobblestoneslab-granite-west-free","7342":"game:plankslab-aged-west-free"},"ItemCodes":{},"Indices":[4096,2049,3073,4097,1051649,2100225,4197377,4198401,1026,2050,3074,4098,5122,1050626,1051650,1052674,1053698,2099202,2100226,2101250,2102274,3147778,3148802,3149826,4197378,4198402,4199426,5245954,5246978,6294530,6295554,7344130,1027,2051,3075,4099,5123,1050627,2099203,2100227,3148803,3149827,4196355,4198403,4199427,5243907,5244931,5246979,6293507,4,1028,2052,3076,4100,5124,6148,1051652,1052676,1053700,2100228,2101252,2102276,3148804,3149828,4196356,4197380,4198404,4199428,5244932,5245956,5246980,6293508,6294532,2053,3077,4101,1051653,4196357,4197381,4198405,3078],"BlockIds":[8613,2966,2966,9471,2776,2776,7316,8606,2966,9493,2966,9471,9493,9493,9493,9493,2757,9493,9493,9471,2757,2852,3023,2852,7277,7277,8606,7277,7277,8606,7277,7277,9493,2966,9493,9471,9493,2966,5122,1221,1221,2985,7277,7277,7303,7329,7277,8606,8606,8613,9493,9471,9471,2966,9493,8613,9471,9493,2757,9493,9472,2757,3099,2852,7277,7277,7277,8606,7277,7277,7277,7277,8606,9472,9472,9493,2814,8606,7342,8606,8613],"DecorIndices":[],"DecorIds":[],"BlockEntities":{"4198401":"!<d@[F*RL%#QOl.E,TfC#64`(!<d@[F*\\\\M#64o6@VfsmCI<#NAHu^]F`__:EWlSfH#R=+FDl)6Ea`Hn/TPuJDIm?5\":&scFCB9&=9&=$!!EUFATMNNDJ*csgCME@\":&scFCB9&=o\\O&!!rsADes6$@ru9m!!O$SG%G]7Bk1dSAU&<>Eb.UVA7Z*VB4YUmCgh3sErZ","4199426":"!<d@[F*RO&#QOl.E,TfC#64`(!<d@[F*\\_N#64o6@VfsmCI<#NAHu^]F`__:EWlSfH#R=+FDl)6Ea`Hn/TPuJDIm?6\":&scFCB9&=9&=$!!EUFATMNNDJ*csz\":&scFCB9&=o\\O&!!rsADes6$@ru9m!!O$SG%G]7Bk1dSAU&<>Eb.UVA7Z*VB4YUmCgh3sErZ","6294530":"!<d@[F*RO&#QOl.E,TfC#ljr*!<d@[F*\\YL#64o6@VfsmCI<#NAHu^]F`__:EWlSfH#R='Ecki#Ch52BDf9/A\":&scFCB9&=9&=$!!EUFATMNNDJ*cseM1OK\":&scFCB9&=o\\O&!!rsADes6$@ru9m!!O$SG%G]7Bk1dSAU&<>Eb.UVA7Z*VB4YUmCgh3sErZ","2100227":"!<d@[F*RR'#QOl.E,TfC\"TSN&!<d@[F*\\YL#64o6@VfsmCI<#NAIWj%De*Es@<cU\"/TkS*$#X<rGAhM;Bk.2Dz!!!$3FEMVA6tp[2Ec5ea@:O\"hB)ho3!!E=8!!%O6!!","3148803":"!<d@[F*RR'#QOl.E,TfC\"onW'!<d@[F*\\YL#64o6@VfsmCI<#NAIWj%De*Es@<cU\"/TkS*$#X<rGAhM;Bk.2Dz!!!$3FEMVA6tp[2Ec5ea@:O\"hB)ho3!!E=8!!%O6!!","5246979":"!<d@[F*RR'#QOl.E,TfC#QOi)!<d@[F*\\\\M#64o6@VfsmCI<#NAHu^]F`__:EWlSfH#R='Ecki#Ch52BDf9/C\":&scFCB9&=9&=$!!EUFATMNNDJ*csi9`0_\":&scFCB9&=o\\O&!!rsADes6$@ru9m!!O$SG%G]7Bk1dSAU&<>Eb.UVA7Z*VB4YUmCgh3sErZ","6293507":"!<d@[F*RR'#QOl.E,TfC#ljr*!<d@[F*\\VK#64o6@VfsmCI<#NAHu^]F`__:EWlSfH#R='Ecki#Ch52BDf9/C\":&scFCB9&=9&=$!!EUFATMNNDJ*csgCMCi\":&scFCB9&=o\\O&!!rsADes6$@ru9m!!O$SG%G]7Bk1dSAU&<>Eb.UVA7Z*VB4YUmCgh3sErZ","4199428":"!<d@[F*RU(#QOl.E,TfC#64`(!<d@[F*\\_N#64o6@VfsmCI<#NAHu^]F`__:EWlSfH#R=+FDl)6Ea`Hn/TPuJDIm?6\":&scFCB9&=9&=$!!EUFATMNNDJ*csz\":&scFCB9&=o\\O&!!rsADes6$@ru9m!!O$SG%G]7Bk1dSAU&<>Eb.UVA7Z*VB4YUmCgh3sErZ","6294532":"!<d@[F*RU(#QOl.E,TfC#ljr*!<d@[F*\\YL#64o6@VfsmCI<#NAHu^]F`__:EWlSfH#R=%FDl)6/TYlB@<)JUEc6&.FCePS!!!!%$#O6pBL-NKCh;?3aZfn5Ec6&.FCeVU!!!!*$\"ImiCh7*uARkcE'5r&*EcPl)AQ35cFEMV86Z6LH$=RRYA8l?nDJO:n","4196357":"!<d@[F*RX)#QOl.E,TfC#64`(!<d@[F*\\VK#64o6@VfsmCI<#NAHu^]F`__:EWlSfH#R=+FDl)6Ea`Hn/TPuJDIm?5\":&scFCB9&=9&=$!!EUFATMNNDJ*csgCMCj\":&scFCB9&=o\\O&!!rsADes6$@ru9m!!O$SG%G]7Bk1dSAU&<>Eb.UVA7Z*VB4YUmCgh3sErZ","4198405":"!<d@[F*RX)#QOl.E,TfC#64`(!<d@[F*\\\\M#64o6@VfsmCI<#NAHu^]F`__:EWlSfH#R=+FDl)6Ea`Hn/TPuJDIm?6\":&scFCB9&=9&=$!!EUFATMNNDJ*csgCMCj\":&scFCB9&=o\\O&!!rsADes6$@ru9m!!O$SG%G]7Bk1dSAU&<>Eb.UVA7Z*VB4YUmCgh3sErZ"},"Entities":[],"ReplaceMode":2,"EntranceRotation":-1}