{"GameVersion":"1.18.6","SizeX":8,"SizeY":7,"SizeZ":9,"BlockCodes":{"8613":"game:meta-underground","2966":"game:cobblestone-granite","9493":"game:agedstonebricks-granite","9471":"game:polishedrockold-full-granite","9472":"game:polishedrockold-cobbled-granite","2852":"game:cobblestoneslab-granite-down-free","5122":"game:looseboulders-granite-free","8606":"game:clutter","768":"game:storagevessel-ashforest","4174":"game:drystonefence-granite-empty-free","5535":"game:loosestones-granite-free","9459":"game:oxidation-rust-normal","9463":"game:oxidation-rust-3tall-bot","9460":"game:oxidation-rust-dripping"},"ItemCodes":{"269":"game:stackrandomizer-ore","272":"game:stackrandomizer-seed","3638":"game:stackrandomizer-buildingblocks","262":"game:stackrandomizer-accessory-mediumstatus","275":"game:stackrandomizer-resource","279":"game:stackrandomizer-gear"},"Indices":[3072,3073,1051649,1026,2050,5122,6146,1049602,1050626,1053698,1054722,2098178,2099202,2103298,3,1027,2051,3075,4099,5123,7171,8195,1049603,1050627,1051651,1052675,1055747,2104323,4199427,3076,4100,5124,6148,1051652,1052676,1053700,1054724,2100228,2102276,3148804,3149828,3150852,4197380,4199428,5245956,5248004,6296580,2053,3077,4101,5125,1050629,1052677,2101253,1030,2054,3078,4102,6150,7174,1049606,1050630,1051654,1052678,1054726,2098182,2099206,2100230,2103302,3079],"BlockIds":[8613,2966,9493,9493,9493,9471,9493,9472,9472,2852,9493,9493,5122,5122,8613,2966,9493,2966,2966,9493,9493,8613,2852,2852,8606,9493,2966,2852,8606,2966,2966,9472,2966,9471,768,9471,2852,2966,2966,2966,8606,2966,9493,8606,4174,8606,8606,9493,9493,2966,2966,8606,9471,5122,9471,9472,9493,9493,9493,8613,9471,9493,9471,2852,9493,5535,2852,2852,5535,8613],"DecorIndices":[5123,3148804,3150852,3150852,3150852,3150852,3150852],"DecorIds":[67118323,33563891,9459,16786679,33563895,50341108,67118323],"BlockEntities":{"1051651":"!<d@[F*R^+#QOl.E,TfC\"98E%!<d@[F*bRI#64o6@VfsmCI<#NAHu^]F`__:EWlSfH#R=6E+s9&/Tt]GH#e%KFCeu7BJ!.a?Xe%oCLqAd#BFa)@<?'_gCME@\":8pVF(djWB5D/5%nXP>#BFa)@<?'az#mk*[Ci!ZmFCet_!!","4199427":"!<d@[F*R^+#QOl.E,TfC#64`(!<d@[F*bXK#64o6@VfsmCI<#NAHu^]F`__:EWlSfH#R=4E+s9&/Tt]GH#e%KFCeu7BJ!\\6Deip%1'@i&DffE0AQSp4!!!-.D.Rd%6#L=OA_IYd^]Xm_DffE0AQf'6!!!<3@rH1\"ARfgnA,lT","1052676":"!<d@[F*I[,#QOl.E,TfC\"98E%!<d@[F*bUJ#64o6@VfsmCI<#NAJ]E0DfT9!AThX+F(K/>@<6*oDfTE1F9W%cDK]T/FDl2F!=!ObCi=E:$ig8-\"pK'aDfg%*!AFKS!!!!.!<<*#!!!!%$Zp</@;J;E@;]RdR[KR-!!`N\\!!*'\"!\"]/2!!*'\"!!E[ODffE(6YKnG@qEp/9KiF]!AjcW!!!!W%KHJ0!!!!%$Zp</@;J;E@;]Rd_tBrl!!`N_!!*'\"!!WH(!!*'\"!!E[ODffE(6YKnG@q?a9CH__'!B:&[!!!!4!<<*#!!!!%$Zp</@;J;E@;]Rdc-/jF!!`Nb!!*'\"!#GY9!!*'\"!!E[ODffE(6YKnG@q>W?!'^Gg!\\lA/!<<*\"&-2b2!<<*\"\":K<iFCAuQBOPdgA^/Fm4obfh0eiY/!!!!4!<<*#!!!!%$Zp</@;J;E@;]Rdc-/jF!!!!&$taEu6>URMCI<#NAJ]E0DfT9!AThX+F(K/>@<6*oDfTE1F9MehH#R=!DJsQ4@;H&QD.Rd%6#L=OA_Ra;^An","3149828":"!<d@[F*I[,#QOl.E,TfC\"onW'!<d@[F*bUJ#64o6@VfsmCI<#NAHu^]F`__:EWlSfH#R=6E+s9&/Tt]GH#e%KFCeu7BIuYS?Xe%oCLqAd#BFa)@<?'_z\":8pVF(djWB5D/6&';Qh#BFa)@<?'az#mk*[Ci!ZmFCet_!!","4199428":"!<d@[F*I[,#QOl.E,TfC#64`(!<d@[F*bXK#64o6@VfsmCI<#NAHu^]F`__:EWlSfH#R=0E+s9&/Tt]GH#e%KFCeu7BIutX<s/bKDffE0AQ[[tahIrbD.Rd%6#L=OA_Ra;56M43DffE0AQf'6!!!<3@rH1\"ARfgnA,lT","5248004":"!<d@[F*I[,#QOl.E,TfC#QOi)!<d@[F*bXK#64o6@VfsmCI<#NAHu^]F`__:EWlSfH#R=/E+s9&/Tt]GH#e%KFCeu7BIuYS\":&scFCB9&=9&=$!!EUFATMNNDJ*csz\":&scFCB9&>2'S0^Bk3VDes6$@ru9m!!!","6296580":"!<d@[F*I[,#QOl.E,TfC#ljr*!<d@[F*bXK#64o6@VfsmCI<#NAHu^]F`__:EWlSfH#R=4E+s9&/Tt]GH#e%KFCeu7FtI0DDeip%0a%`%DffE0AQSp4!!!-.D.Rd%6#L=OAH2]1!!EOIDffE0AQf'6!!!<3@rH1\"ARfgnA,lT","1050629":"!<d@[F*I^-#QOl.E,TfC\"98E%!<d@[F*bOH#64o6@VfsmCI<#NAHu^]F`__:EWlSfH#R=$@V'@l/SJ^(A-<-XDffE0AQSp4!!!-.D.Rd%6#L=OA`V#M^]Xm_DffE0AQf'6!!!<3@rH1\"ARfgnA,lT"},"Entities":[],"ReplaceMode":2,"EntranceRotation":-1}