{"GameVersion":"1.18.6","SizeX":9,"SizeY":5,"SizeZ":7,"BlockCodes":{"8613":"game:meta-underground","9472":"game:polishedrockold-cobbled-granite","9493":"game:agedstonebricks-granite","2966":"game:cobblestone-granite","3023":"game:cobblestonestairs-granite-up-east-free","9471":"game:polishedrockold-full-granite","5535":"game:loosestones-granite-free","2852":"game:cobblestoneslab-granite-down-free","7277":"game:planks-aged-ns","5122":"game:looseboulders-granite-free","8606":"game:clutter","3099":"game:cobblestonestairs-granite-up-west-free","8109":"game:chest-east","3061":"game:cobblestonestairs-granite-up-south-free","3080":"game:cobblestonestairs-granite-down-south-free","2985":"game:cobblestonestairs-granite-up-north-free","9450":"game:overlay-damagedstone"},"ItemCodes":{"269":"game:stackrandomizer-ore","275":"game:stackrandomizer-resource","272":"game:stackrandomizer-seed","279":"game:stackrandomizer-gear","3641":"game:stackrandomizer-newlore"},"Indices":[4096,1025,2049,3073,4097,5121,1049601,1050625,1051649,1052673,1053697,2099201,2100225,2101249,2102273,1026,2050,3074,4098,5122,1050626,1052674,1053698,2102274,3,1027,2051,3075,4099,5123,6147,1049603,1051651,1052675,2098179,1028,2052,3076,4100,5124,1049604,1050628,1051652,1052676,1053700,2102276,1029,2053,3077,4101,5125,1051653,1053701,2102277,1030,2054,3078,4102,5126,1049606,1051654,1052678,1053702,2102278,1031,2055,3079,4103,5127,1049607,1050631,1051655,1052679,1053703,2098183,2099207,2100231,2101255,2102279,3146759,3147783,3148807,4195335,4196359,3080],"BlockIds":[8613,9472,9493,9493,9493,2966,3023,9471,9472,9493,2966,5535,2852,2966,2966,2966,9493,7277,9493,9472,5122,8606,9472,3099,8613,9471,2966,7277,9472,9472,8613,9471,8606,8606,5535,9493,9493,2966,9493,9493,3099,8606,2852,8606,9471,5122,9472,9471,7277,2966,9493,8606,9493,2852,9471,9493,7277,2966,9493,5122,8109,8606,9472,5535,2966,9472,2966,9472,9493,9472,3061,9472,9493,9493,3080,2966,9493,2985,5122,9493,9472,2852,3061,2966,8613],"DecorIndices":[2099207,2099207,3146759,3146759,3146759,3147783,3147783,3147783],"DecorIds":[16786666,50341098,9450,16786666,50341098,16786666,33563882,50341098],"BlockEntities":{"1052674":"!<d@[F*R[*#QOl.E,TfC\"98E%!<d@[F*cQe#64o6@VfsmCI<#NAHu^]F`__:EWlSfH#R=(FCAWpAM%qFBl7Km2$=/)DffE0AQSp4!!!-.D.Rd%6#L=OA_Ra;^B=d^DffE0AQf'6!!!<3@rH1\"ARfgnA,lT","1051651":"!<d@[F*R^+#QOl.E,TfC\"98E%!<d@[F*cNd#64o6@VfsmCI<#NAHu^]F`__:EWlSfH#R='Ecki#Ch52BDf9/C\":&scFCB9&=9&=$!!EUFATMNNDJ*csgCHk?\":&scFCB9&=o\\O&!!rsADes6$@ru9m!!O$SG%G]7Bk1dSAU&<>Eb.UVA7Z*VB4YUmCgh3sErZ","1052675":"!<d@[F*R^+#QOl.E,TfC\"98E%!<d@[F*cQe#64o6@VfsmCI<#NAHu^]F`__:EWlSfH#R=(@q]:bE\\2<SBl7Km0a%`%DffE0AQSp4!!!-.D.Rd%6#L=OA_Ra;56M43DffE0AQf'6!!!<3@rH1\"ARfgnA,lT","1050628":"!<d@[F*I[,#QOl.E,TfC\"98E%!<d@[F*cKc#64o6@VfsmCI<#NAHu^]F`__:EWlSfH#R=*@V'('@V'(%Ecl)6ARmLu#BFa)@<?'_z\":8pVF(djWB5D/6&';Qh#BFa)@<?'az#mk*[Ci!ZmFCet_\"VYftATDg*A7\\_OG]\\(KAOCBHAI;jYARoar@;]k%!!","1052676":"!<d@[F*I[,#QOl.E,TfC\"98E%!<d@[F*cQe#64o6@VfsmCI<#NAHu^]F`__:EWlSfH#R=0E+s-\"/U),OA9Vs4CM@[!FDl)6Es)_gDffE0AQSp4!!!-.D.Rd%6#L=OA_R_e5Qh=4DffE0AQf'6!!!<3@rH1\"ARfgnA,lT","1051653":"!<d@[F*I^-#QOl.E,TfC\"98E%!<d@[F*cNd#64o6@VfsmCI<#NAHu^]F`__:EWlSfH#R='Ecki#Ch52BDf9/A\":&scFCB9&=9&=$!!EUFATMNNDJ*csjNEk(\":&scFCB9&=o\\O&!!rsADes6$@ru9m!!O$SG%G]7Bk1dSAU&<>Eb.UVA7Z*VB4YUmCgh3sErZ","1051654":"!<d@[F*Ia.#QOl.E,TfC\"98E%!<d@[F*cNd#64o6@VfsmCI<#NAI;p\\ATMrFARTY%\"po!]G%GQ5DfU+(#'\"^#Dfg%+!!!!'\"`nKuFE7Zf0E;+R!!!H/!!!$\"!!!-0FDl80CdVlEDI[7HR@-5=#6?OZ!<<*\"'*/(5!<<*\"\":K<iFCAuQBOPdgA^/Fm4obfg1&q=T!!!H/!!!$\"!!!-0FDl80CdVlEDI[7HR@-5=#6?U\\!<<*\"&-2b2!<<*\"\":K<iFCAuQBOPdgA^/Fm4obfg1]ROV!!!f9!!!$\"!!!-0FDl80CdVlEDI[5X!!#4`#6?[^!<<*\"&-2b2!<<*\"\":K<iFCAuQBOPdgA^/Fm4obfg2?3aX!!!Z5!!!$\"!!!-0FDl80CdVlEDI[8&bY12##6?a`!<<*\"3=Z#h!<<*\"\":K<iFCAuQBOPdgAH2]156(Z`\"Uo!]E^FS\\@r\"GMA7Z*XBOu7,/S/@3F9MehH#R=%@rH1\"@;p:!A2+2nD.Rd%6#L=OA_Ra;^An","1052678":"!<d@[F*Ia.#QOl.E,TfC\"98E%!<d@[F*cQe#64o6@VfsmCI<#NAHu^]F`__:EWlSfH#R=0@rc\"\"AM7P6@<?'4Cgh?sAM%q@F9DhhDffE0AQSp4!!!-.D.Rd%6#L=OA_R_e^]Xm_DffE0AQf'6!!!<3@rH1\"ARfgnA,lT"},"Entities":[],"ReplaceMode":2,"EntranceRotation":-1}