{"GameVersion":"1.18.6","SizeX":13,"SizeY":6,"SizeZ":9,"BlockCodes":{"8613":"game:meta-underground","9472":"game:polishedrockold-cobbled-granite","3023":"game:cobblestonestairs-granite-up-east-free","9493":"game:agedstonebricks-granite","5122":"game:looseboulders-granite-free","2621":"game:bonysoil","2966":"game:cobblestone-granite","2985":"game:cobblestonestairs-granite-up-north-free","3240":"game:stonepath-free","9471":"game:polishedrockold-full-granite","3099":"game:cobblestonestairs-granite-up-west-free","633":"game:lootvessel-forage","8606":"game:clutter","5535":"game:loosestones-granite-free","3042":"game:cobblestonestairs-granite-down-east-free","1184":"game:locustnest-metalspike-small","2776":"game:cobblestoneslab-granite-east-free","2757":"game:cobblestoneslab-granite-north-free","3004":"game:cobblestonestairs-granite-down-north-free","8109":"game:chest-east","2852":"game:cobblestoneslab-granite-down-free","9450":"game:overlay-damagedstone"},"ItemCodes":{"272":"game:stackrandomizer-seed","275":"game:stackrandomizer-resource","3641":"game:stackrandomizer-newlore","279":"game:stackrandomizer-gear"},"Indices":[4096,4097,1052673,4098,5122,6146,1052674,1053698,2101250,4099,5123,1052675,1053699,2101251,3149827,2052,3076,4100,5124,6148,7172,1052676,1053700,1054724,2101252,2102276,3149828,3150852,5,2053,3077,4101,5125,6149,7173,8197,1052677,1053701,1054725,6,1030,2054,3078,4102,5126,6150,7174,8198,1052678,1031,2055,3079,4103,5127,6151,7175,8199,1053703,5248007,2056,3080,4104,5128,6152,1050632,1051656,1052680,1053704,2101256,2102280,3149832,3150856,4198408,4199432,5248008,1033,2057,3081,4105,5129,1051657,1052681,1053705,2100233,2101257,2058,3082,4106,5130,1051658,1052682,1053706,2101258,3083,4107,5131,1051659,1052683,1053707,4108,5132],"BlockIds":[8613,9472,3023,9493,9472,8613,9493,5122,3023,2621,2966,9493,2985,2966,3023,8613,2621,2621,9493,2966,3240,9493,2966,2985,2966,9471,3099,2985,8613,3240,9493,9471,9472,3240,3240,8613,633,3099,8606,3240,3240,3240,3240,9472,3240,3240,3240,3240,5535,3240,3240,3240,2966,3240,3240,3240,8613,8606,3042,3240,2621,2621,9471,3240,8606,1184,2776,9493,3042,2985,9472,2757,3099,3004,3099,8613,3240,2621,2621,9471,2966,8109,3099,5535,9472,8613,9472,9493,9493,5535,2966,5122,3099,9471,2966,9493,2852,2852,2852,9472,8613],"DecorIndices":[2101251,2101251,3149832,3149832,3149832],"DecorIds":[9450,33563882,9450,16786666,50341098],"BlockEntities":{"1054725":"!<d@[F*JlN#QOl.E,TfC\"98E%!<d@[F*\\_N#64o6@VfsmCI<#NAHu^]F`__:EWlSfH#R=*Ecki#Ch52.Ea`HnARmP!#BFa)@<?'_z\":8pVF(djWB5D/4&'7!<#BFa)@<?'az#mk*[Ci!ZmFCet_\"VYftATDg*A7\\_OG]\\(KAOCBHAJ8TgEccS>Eaa-&Cb9jBFC\\g#CB+","1053703":"!<d@[F*JrP#QOl.E,TfC\"98E%!<d@[F*\\\\M#64o6@VfsmCI<#NAHu^]F`__:EWlSfH#R=*Ecki#Ch52.Ea`HnARmP!#BFa)@<?'_z\":8pVF(djWB5D/=>bf(;#BFa)@<?'az#mk*[Ci!ZmFCet_\"VYftATDg*A7\\_OG]\\(KAOCBHAJ8TgEccS>Eaa-&Cb9jBFC\\g#CB+","1050632":"!<d@[F*JuQ#QOl.E,TfC\"98E%!<d@[F*\\SJ#64o6@VfsmCI<#NAHu^]F`__:EWlSfH#R=*Ecki#Ch52.Ea`HnARmP!#BFa)@<?'_z\":8pVF(djWB5D/?b8.kr#BFa)@<?'az#mk*[Ci!ZmFCet_\"VYftATDg*A7\\_OG]\\(KAOCBHAJ8TgEccS>Eaa-&Cb9jBFC\\g#CB+","1052681":"!<d@[F*K#R#QOl.E,TfC\"98E%!<d@[F*\\YL#64o6@VfsmCI<#NAI;p\\ATMrFARTY%\"po!]G%GQ5DfU+(#'\"^#Dfg%+!!!!'\"`nKuFE7Zf0E;+R!!!Q2!!!$\"!!!-0FDl80CdVlEDI[8&bY12##6?OZ!<<*\"'*/(5!<<*\"\":K<iFCAuQBOPdgA^/Fm4obfg1&q=T!!!Z5!!!$\"!!!-0FDl80CdVlEDI[8&bY12##6?X]!<<*\"3=Z#h!<<*\"!!`N^!!*'\"!##A5!!*'\"!!E[ODffE(6YKnG@qEp/9KiF]!B'oY!!!!8!<<*#z!!!02AoD]VCi<g!6Z6LH$=da\\F*'!F@<6Mo\"E\\p.AI;pcCi!O!F(Jl:\":8pVF(djWB5D/6%nXP:"},"Entities":[],"ReplaceMode":2,"EntranceRotation":-1}