{"GameVersion":"1.18.6","SizeX":11,"SizeY":7,"SizeZ":11,"BlockCodes":{"8613":"game:meta-underground","9493":"game:agedstonebricks-granite","3240":"game:stonepath-free","9471":"game:polishedrockold-full-granite","2966":"game:cobblestone-granite","3023":"game:cobblestonestairs-granite-up-east-free","9472":"game:polishedrockold-cobbled-granite","8606":"game:clutter","3061":"game:cobblestonestairs-granite-up-south-free","5122":"game:looseboulders-granite-free","5535":"game:loosestones-granite-free","3118":"game:cobblestonestairs-granite-down-west-free","2833":"game:cobblestoneslab-granite-up-free","2852":"game:cobblestoneslab-granite-down-free","3042":"game:cobblestonestairs-granite-down-east-free","3099":"game:cobblestonestairs-granite-up-west-free","2621":"game:bonysoil","2985":"game:cobblestonestairs-granite-up-north-free","9450":"game:overlay-damagedstone"},"ItemCodes":{},"Indices":[3072,1025,3073,5121,7169,8193,1050625,1051649,1055745,2100225,1026,2050,3074,4098,5122,6146,7170,8194,1049602,1050626,1051650,1052674,1055746,1056770,2098178,2099202,2100226,2104322,2105346,3147778,3148802,3152898,4197378,3,1027,2051,3075,4099,5123,6147,1049603,1050627,1051651,1052675,2098179,2100227,3148803,4197379,5245955,1028,2052,3076,4100,5124,6148,7172,8196,1049604,1051652,1052676,1053700,2098180,4197380,5245956,1029,2053,3077,4101,5125,6149,7173,8197,9221,10245,1049605,1050629,1051653,5245957,6294533,2054,3078,4102,5126,6150,7174,1050630,1051654,1052678,1054726,4197382,5245958,1031,2055,3079,4103,5127,6151,1050631,1051655,1052679,1053703,2100231,3148807,4197383,1032,2056,3080,4104,5128,6152,1051656,1052680,1053704,1054728,2100232,2101256,2102280,2103304,3148808,3149832,3150856,3151880,4197384,4198408,4199432,5245960,5246984,5248008,6296584,3081,4105,5129,1051657,1052681,1053705,2101257,2102281,3149833,5130,1052682],"BlockIds":[8613,9493,9493,3240,9471,8613,2966,9493,9493,3023,2966,2966,9493,3240,3240,3240,2966,2966,9471,9472,9471,8606,9493,9493,3061,2966,2966,9493,5122,3061,2966,5535,5122,8613,2966,3240,2966,3240,3240,3240,9493,8606,9493,8606,5122,9493,2966,9493,5122,2966,3240,3240,3240,3240,3240,3240,9472,9471,8606,8606,8606,5122,3118,3023,9493,3240,3240,3240,3240,3240,3240,3240,3240,8613,9472,8606,8606,2833,2852,3240,3240,3240,3240,3240,3240,8606,8606,8606,8606,3042,3099,3240,3240,9472,2621,2621,2621,8606,2966,2621,8606,9493,9472,9493,3240,8613,9471,9493,9472,2966,9472,9471,9493,9472,9493,9493,9493,9493,9471,9493,9493,2985,9493,9493,9493,5535,3061,9493,5122,9493,2966,9493,2966,9472,9493,9493,5122,5122,8613,9472],"DecorIndices":[2099202,2099202,4197379,4197379,4197379,1049605,1049605,1049605,1049605,2100231,2100231,2100231,2101256,3149832,3149832,4198408,4198408],"DecorIds":[16786666,50341098,9450,33563882,50341098,9450,16786666,33563882,67118314,9450,33563882,50341098,50341098,16786666,50341098,16786666,50341098],"BlockEntities":{"1052674":"!<d@[F*JcK#QOl.E,TfC\"98E%!<d@[F*^1\"#64o6@VfsmCI<#NAHu^]F`__:EWlSfH#R=,D.R3j@;]dhF\"METBl7Km1B[r'DffE0AQSp4!!!-.D.Rd%6#L=OA_R_e56M43DffE0AQf'6!!!<3@rH1\"ARfgnA,lcHDg#]4EbT&q<+U;rF`M%\\De*D_D/XK:GlR","1050627":"!<d@[F*JfL#QOl.E,TfC\"98E%!<d@[F*^*u#64o6@VfsmCI<#NAHu^]F`__:EWlSfH#R=,D.R3j@;]dhF\"METBl7Km1'@i&DffE0AQSp4!!!-.D.Rd%6#L=OA^XNS56M43DffE0AQf'6!!!<3@rH1\"ARfgnA,lcHDg#]4EbT&q<+U;rF`M%\\De*D_D/XK:GlR","1052675":"!<d@[F*JfL#QOl.E,TfC\"98E%!<d@[F*^1\"#64o6@VfsmCI<#NAHu^]F`__:EWlSfH#R=*Ecki#Ch52.Ea`HnARmLu#BFa)@<?'_z\":8pVF(djWB5D/6&'7!<#BFa)@<?'az#mk*[Ci!ZmFCet_\"VYftATDg*A7\\_OG]\\(KAOCBHAJ8TgEccS>Eaa-&Cb9jBFC\\g#CB+","1051652":"!<d@[F*JiM#QOl.E,TfC\"98E%!<d@[F*^.!#64o6@VfsmCI<#NAHu^]F`__:EWlSfH#R=%@UX:tBk(R^AMaMpEc6&.FCePS!!!!%$#O6pBL-NKCh3SH!!!-,Ec6&.FCeVU!!!!*$\"ImiCh7*uARkcE'5r&*EcPl)AQ35cFEMV86Z6LH\"`81!F*R`","1052676":"!<d@[F*JiM#QOl.E,TfC\"98E%!<d@[F*^1\"#64o6@VfsmCI<#NAHu^]F`__:EWlSfH#R=,D.R3j@;]dhF\"METBl7Km1'@i&DffE0AQSp4!!!-.D.Rd%6#L=OA_Ra;4p2+2DffE0AQf'6!!!<3@rH1\"ARfgnA,lcHDg#]4EbT&q<+U;rF`M%\\De*D_D/XK:GlR","1053700":"!<d@[F*JiM#QOl.E,TfC\"98E%!<d@[F*^4##64o6@VfsmCI<#NAHu^]F`__:EWlSfH#R=,D.R3j@;]dhF\"METBl7Km0a%`%DffE0AQSp4!!!-.D.Rd%6#L=OA_R_e56M43DffE0AQf'6!!!<3@rH1\"ARfgnA,lcHDg#]4EbT&q<+U;rF`M%\\De*D_D/XK:GlR","1050629":"!<d@[F*JlN#QOl.E,TfC\"98E%!<d@[F*^*u#64o6@VfsmCI<#NAHu^]F`__:EWlSfH#R=,D.R3j@;]dhF\"METBl7Km0a%`%DffE0AQSp4!!!-.D.Rd%6#L=OA`2r/5Qh=4DffE0AQf'6!!!<3@rH1\"ARfgnA,lcHDg#]4EbT&q<+U;rF`M%\\De*D_D/XK:GlR","1051653":"!<d@[F*JlN#QOl.E,TfC\"98E%!<d@[F*^.!#64o6@VfsmCI<#NAHu^]F`__:EWlSfH#R=%@UX:tBk(R^AMjSqEc6&.FCePS!!!!%$#O6pBL-NKCh3SH!!!-,Ec6&.FCeVU!!!!*$\"ImiCh7*uARkcE'5r&*EcPl)AQ35cFEMV86Z6LH\"`81!F*R`","1050630":"!<d@[F*JoO#QOl.E,TfC\"98E%!<d@[F*^*u#64o6@VfsmCI<#NAHu^]F`__:EWlSfH#R=*Ecki#Ch52.Ea`HnARmS\"#BFa)@<?'_z\":8pVF(djWB5D/;m4Z6X#BFa)@<?'az#mk*[Ci!ZmFCet_\"VYftATDg*A7\\_OG]\\(KAOCBHAJ8TgEccS>Eaa-&Cb9jBFC\\g#CB+","1051654":"!<d@[F*JoO#QOl.E,TfC\"98E%!<d@[F*^.!#64o6@VfsmCI<#NAHu^]F`__:EWlSfH#R=%@UX:tBk(R^AMF;mEc6&.FCePS!!!!%$#O6pBL-NKCh3SH!!!-,Ec6&.FCeVU!!!!*$\"ImiCh7*uARkcE'5r&*EcPl)AQ35cFEMV86Z6LH\"`81!F*R`","1052678":"!<d@[F*JoO#QOl.E,TfC\"98E%!<d@[F*^1\"#64o6@VfsmCI<#NAHu^]F`__:EWlSfH#R=,D.R3j@;]dhF\"METBl7Km1^\"&(DffE0AQSp4!!!-.D.Rd%6#L=OA_Ra;4p2+2DffE0AQf'6!!!<3@rH1\"ARfgnA,lcHDg#]4EbT&q<+U;rF`M%\\De*D_D/XK:GlR","1054726":"!<d@[F*JoO#QOl.E,TfC\"98E%!<d@[F*^7$#64o6@VfsmCI<#NAHu^]F`__:EWlSfH#R=*Ecki#Ch52.Ea`HnARmP!#BFa)@<?'_z\":8pVF(djWB5D/?bEfmG#BFa)@<?'az#mk*[Ci!ZmFCet_\"VYftATDg*A7\\_OG]\\(KAOCBHAJ8TgEccS>Eaa-&Cb9jBFC\\g#CB+","1050631":"!<d@[F*JrP#QOl.E,TfC\"98E%!<d@[F*^*u#64o6@VfsmCI<#NAHu^]F`__:EWlSfH#R=,D.R3j@;]dhF\"METBl7Km1B[r'DffE0AQSp4!!!-.D.Rd%6#L=OA`V#M^]Xm_DffE0AQf'6!!!<3@rH1\"ARfgnA,lcHDg#]4EbT&q<+U;rF`M%\\De*D_D/XK:GlR","1053703":"!<d@[F*JrP#QOl.E,TfC\"98E%!<d@[F*^4##64o6@VfsmCI<#NAHu^]F`__:EWlSfH#R=*Ecki#Ch52.Ea`HnARmS\"#BFa)@<?'_z\":8pVF(djWB5D/6&';Ng#BFa)@<?'az#mk*[Ci!ZmFCet_\"VYftATDg*A7\\_OG]\\(KAOCBHAJ8TgEccS>Eaa-&Cb9jBFC\\g#CB+"},"Entities":[],"ReplaceMode":2,"EntranceRotation":-1}