{"GameVersion":"1.18.6","SizeX":9,"SizeY":6,"SizeZ":9,"BlockCodes":{"8613":"game:meta-underground","9493":"game:agedstonebricks-granite","2621":"game:bonysoil","8606":"game:clutter","2966":"game:cobblestone-granite","9472":"game:polishedrockold-cobbled-granite","7277":"game:planks-aged-ns","3023":"game:cobblestonestairs-granite-up-east-free","2814":"game:cobblestoneslab-granite-west-free","5122":"game:looseboulders-granite-free","8109":"game:chest-east","3061":"game:cobblestonestairs-granite-up-south-free","9471":"game:polishedrockold-full-granite","8617":"game:spiderweb","5535":"game:loosestones-granite-free","2757":"game:cobblestoneslab-granite-north-free","2985":"game:cobblestonestairs-granite-up-north-free","2776":"game:cobblestoneslab-granite-east-free"},"ItemCodes":{"272":"game:stackrandomizer-seed","275":"game:stackrandomizer-resource","3640":"game:stackrandomizer-mechanical"},"Indices":[4096,3073,4097,5121,1053697,2050,3074,4098,5122,6146,1051650,1052674,1053698,1054722,2100226,2101250,3148802,3149826,4197378,1027,2051,3075,4099,5123,6147,7171,1050627,1051651,1052675,1053699,1054723,2099203,2103299,3147779,3148803,4196355,4,1028,2052,3076,4100,5124,6148,7172,8196,1050628,1051652,1054724,1055748,3147780,4196356,1029,2053,3077,4101,5125,6149,7173,1050629,1051653,1052677,1053701,1054725,2099205,2103301,3147781,3148805,3151877,4196357,4197381,5244933,2054,3078,4102,5126,6150,1051654,1052678,1053702,2100230,2101254,2102278,3148806,3149830,3150854,4197382,4198406,4199430,3079,4103,5127,1052679,4104],"BlockIds":[8613,9493,9493,2621,8606,2966,9472,7277,2621,2621,9493,8606,9493,3023,9493,8606,2966,2814,5122,2966,9493,7277,7277,9472,2621,9493,2966,8109,8606,3061,9471,2966,5122,9493,8617,3023,8613,2621,7277,7277,7277,9472,9493,2966,8613,8606,5535,8606,2757,2757,2757,2621,9493,7277,7277,7277,2621,2621,2966,2985,5122,5122,9493,9471,9493,9471,8617,9471,9493,8617,5122,2621,9493,7277,2621,2621,9493,8606,9472,9472,2776,9472,2966,2776,9493,9493,2985,5122,2966,9493,2621,2814,8613],"DecorIndices":[],"DecorIds":[],"BlockEntities":{"1053697":"!<d@[F*RL%#QOl.E,TfC\"98E%!<d@[F*]=_#64o6@VfsmCI<#NAHu^]F`__:EWlSfH#R=*Ecki#Ch52.Ea`HnARmV##BFa)@<?'_z\":8pVF(djWB5D/6&';Qh#BFa)@<?'az#mk*[Ci!ZmFCet_\"VYftATDg*A7\\_OG]\\(KAOCBHAJ8TgEccS>Eaa-&Cb9jBFC\\g#CB+","1052674":"!<d@[F*RO&#QOl.E,TfC\"98E%!<d@[F*]:^#64o6@VfsmCI<#NAHu^]F`__:EWlSfH#R=(@UX:tAS`r8ATV?s1'@i&DffE0AQSp4!!!-.D.Rd%6#L=OAH2]1!!EOIDffE0AQf'6!!!<3@rH1\"ARfgnA,lT","2101250":"!<d@[F*RO&#QOl.E,TfC\"TSN&!<d@[F*]:^#64o6@VfsmCI<#NAHu^]F`__:EWlSfH#R=4@rc\"\"AM7P6@<?'4F)>?%Cb9[MBl7Km1B[r'DffE0AQSp4!!!-.D.Rd%6#L=OAH2]1!!EOIDffE0AQf'6!!!<3@rH1\"ARfgnA,lcHDg#]4EbT&q<+U;rF`M%\\De*Dd@:s.^E,8s#CNBI","1051651":"!<d@[F*RR'#QOl.E,TfC\"98E%!<d@[F*]7]#64o6@VfsmCI<#NAI;p\\ATMrFARTY%\"po!]G%GQ5DfU+(#'\"^#Dfg%+!!!!'\"`nKuFE7Zf0E;+R!!!Q2!!!$\"!!!-0FDl80CdVlEDI[8&bY12##6?R[!<<*\"&-2b2!<<*\"\":K<iFCAuQBOPdgA^/Fm4obfg1B7FU!!!Z5!!!$\"!!!!(!AsiX!!!!1!<<*#!!!!%$Zp</@;J;E@;]Rdc-/jF!!`N_!!*'\"!&tGg!!*'\"!!E[ODffE(6YKnG@qD*s)*\\*$!!NdCDfS0\\De!QMDe*Dd@q]FpF=h'4F*%QgFEqh:$=e!jCgh:(ARmS\"$#O6pBL-NKCh;?3aZfb","1052675":"!<d@[F*RR'#QOl.E,TfC\"98E%!<d@[F*]:^#64o6@VfsmCI<#NAHu^]F`__:EWlSfH#R='Ecki#Ch52BDf9/C\":&scFCB9&=9&=$!!EUFATMNNDJ*csgCME?\":&scFCB9&=o\\O&!!rsADes6$@ru9m!!O$SG%G]7Bk1dSAU&<>Eb.UVA7Z*VB4YUmCgh3sErZ","1050628":"!<d@[F*RU(#QOl.E,TfC\"98E%!<d@[F*]4\\#64o6@VfsmCI<#NAHu^]F`__:EWlSfH#R=(FCAWpAM%qFBl7Km0a%`%DffE0AQSp4!!!-.D.Rd%6#L=OA_Ra;^'\"[]DffE0AQf'6!!!<3@rH1\"ARfgnA,lcHDg#]4EbT&q<+U;rF`M%\\De*Dd@:s.^E,8s#CNBI","1054724":"!<d@[F*RU(#QOl.E,TfC\"98E%!<d@[F*]@`#64o6@VfsmCI<#NAHu^]F`__:EWlSfH#R=4@rc\"\"AM7P6@<?'4Cgh?sAM%k>FED)7Gm\"@mDffE0AQSp4!!!-.D.Rd%6#L=OA_R_e5Qh=4DffE0AQf'6!!!<3@rH1\"ARfgnA,lT","1052678":"!<d@[F*R[*#QOl.E,TfC\"98E%!<d@[F*]:^#64o6@VfsmCI<#NAHu^]F`__:EWlSfH#R='Ecki#Ch52BDf9/@\":&scFCB9&=9&=$!!EUFATMNNDJ*csjNEk(\":&scFCB9&=o\\O&!!rsADes6$@ru9m!!O$SG%G]7Bk1dSAU&<>Eb.UVA7Z*VB4YUmCgh3sErZ"},"Entities":[],"ReplaceMode":2,"EntranceRotation":-1}