{"GameVersion":"1.18.6","SizeX":14,"SizeY":6,"SizeZ":11,"BlockCodes":{"8613":"game:meta-underground","9493":"game:agedstonebricks-granite","3023":"game:cobblestonestairs-granite-up-east-free","9472":"game:polishedrockold-cobbled-granite","9471":"game:polishedrockold-full-granite","5122":"game:looseboulders-granite-free","2621":"game:bonysoil","2985":"game:cobblestonestairs-granite-up-north-free","2966":"game:cobblestone-granite","3240":"game:stonepath-free","3099":"game:cobblestonestairs-granite-up-west-free","8606":"game:clutter","3118":"game:cobblestonestairs-granite-down-west-free","3004":"game:cobblestonestairs-granite-down-north-free","2757":"game:cobblestoneslab-granite-north-free","5535":"game:loosestones-granite-free","2833":"game:cobblestoneslab-granite-up-free","3061":"game:cobblestonestairs-granite-up-south-free","3042":"game:cobblestonestairs-granite-down-east-free","2852":"game:cobblestoneslab-granite-down-free","1184":"game:locustnest-metalspike-small","2776":"game:cobblestoneslab-granite-east-free","8109":"game:chest-east"},"ItemCodes":{"279":"game:stackrandomizer-gear","275":"game:stackrandomizer-resource","271":"game:stackrandomizer-ingot","3638":"game:stackrandomizer-buildingblocks"},"Indices":[5120,5121,1053697,5122,6146,1053698,1054722,2102274,5123,6147,7171,1053699,1054723,2102275,3150851,4100,5124,6148,7172,8196,1053700,1054724,1055748,2102276,2103300,3150852,3151876,4199428,4200452,2053,3077,4101,5125,6149,7173,8197,1053701,1054725,1056773,4199429,4200453,5248005,5249029,6,1030,2054,3078,4102,5126,6150,7174,8198,9222,10246,1053702,1054726,4200454,5248006,5249030,2055,3079,4103,5127,6151,7175,8199,1053703,4199431,4200455,5248007,5249031,2056,3080,4104,5128,6152,7176,1052680,1053704,1054728,2102280,2103304,3150856,3151880,4199432,4200456,3081,4105,5129,6153,7177,1051657,1052681,1053705,1054729,2101257,2102281,3150857,4106,5130,6154,1052682,1053706,1054730,2102282,4107,5131,6155,1052683,1053707,1054731,5132,5133],"BlockIds":[8613,9493,3023,9472,9493,9471,5122,3023,2621,9493,8613,9472,2985,9471,3023,2621,2621,9493,2966,3240,2966,9472,2985,2966,9471,9493,9493,3023,3023,8613,3240,9471,9472,2966,3240,3240,5122,3099,8606,3118,3004,9493,2757,8613,3240,3240,3240,3240,9471,3240,3240,3240,3240,8613,5535,8606,2833,3061,2985,3240,3240,3240,9472,3240,3240,3240,8606,3042,2833,3099,2852,8613,3240,2621,2621,9493,3240,1184,2776,2966,3042,2985,2966,2757,3099,3004,3240,2621,2621,9472,8613,8606,2966,8109,3099,5535,9493,5122,2966,2966,9493,5535,9493,5122,3099,9472,9493,2966,2852,2852,2852,2966,8613],"DecorIndices":[],"DecorIds":[],"BlockEntities":{"1056773":"!<d@[F*JiM#QOl.E,TfC\"98E%!<d@[F*]@`#64o6@VfsmCI<#NAHu^]F`__:EWlSfH#R=*Ecki#Ch52.Ea`HnARmP!#BFa)@<?'_z\":8pVF(djWB5D/6&'7!<#BFa)@<?'az#mk*[Ci!ZmFCet_\"VYftATDg*A7\\_OG]\\(KAOCBHAJ8TgEccS>Eaa-&Cb9jBFC\\g#CB+","1054726":"!<d@[F*JlN#QOl.E,TfC\"98E%!<d@[F*]:^#64o6@VfsmCI<#NAHu^]F`__:EWlSfH#R=*Ecki#Ch52.Ea`HnARmP!#BFa)@<?'_z\":8pVF(djWB5D/6%nT\"h#BFa)@<?'az#mk*[Ci!ZmFCet_\"VYftATDg*A7\\_OG]\\(KAOCBHAJ8TgEccS>Eaa-&Cb9jBFC\\g#CB+","1053703":"!<d@[F*JoO#QOl.E,TfC\"98E%!<d@[F*]7]#64o6@VfsmCI<#NAHu^]F`__:EWlSfH#R=%D09o6@kD/.GVTC,Ec6&.FCePS!!!!%$#O6pBL-NKCh;$nqnE7=Ec6&.FCeVU!!!!*$\"ImiCh7*uARkc@","1051657":"!<d@[F*JuQ#QOl.E,TfC\"98E%!<d@[F*]1[#64o6@VfsmCI<#NAHu^]F`__:EWlSfH#R=*Ecki#Ch52.Ea`HnARmP!#BFa)@<?'_z\":8pVF(djWB5D/;m4Z6X#BFa)@<?'az#mk*[Ci!ZmFCet_\"VYftATDg*A7\\_OG]\\(KAOCBHAJ8TgEccS>Eaa-&Cb9jBFC\\g#CB+","1053705":"!<d@[F*JuQ#QOl.E,TfC\"98E%!<d@[F*]7]#64o6@VfsmCI<#NAI;p\\ATMrFARTY%\"po!]G%GQ5DfU+(#'\"^#Dfg%+!!!!'\"`nKuFE7Zf0E;+R!!!f9!!!$\"!!!-0FDl80CdVlEDI[5X!!#4`#6?R[!<<*\"'*/(5!<<*\"\":K<iFCAuQBOPdgA^/Fm4obfg1]ROV!!!N1!!!$\"!!!!(!AsiX!!!!4!<<*#!!!!%$Zp</@;J;E@;]Rdc-/jF!!`N_!!*'\"!#GY9!!*'\"!!E[ODffE(6YKnG@q>W?!'^Gg!B0uZ!!!!W%KHJ0!!!!%$Zp</@;J;E@;]Rdc-/jF!!!!&$taEu6>URMCI<#NAI;p\\ATMrFARTY%\"U&pmE+KAdDes5uE-#T$0a%f\"ATMNNDJ*csgCHlk!!"},"Entities":[],"ReplaceMode":2,"EntranceRotation":-1}