{"GameVersion":"1.18.6","SizeX":8,"SizeY":5,"SizeZ":12,"BlockCodes":{"8613":"game:meta-underground","9493":"game:agedstonebricks-granite","2966":"game:cobblestone-granite","9472":"game:polishedrockold-cobbled-granite","9471":"game:polishedrockold-full-granite","3023":"game:cobblestonestairs-granite-up-east-free","2852":"game:cobblestoneslab-granite-down-free","5535":"game:loosestones-granite-free","3061":"game:cobblestonestairs-granite-up-south-free","7277":"game:planks-aged-ns","8109":"game:chest-east","8606":"game:clutter","5122":"game:looseboulders-granite-free","2985":"game:cobblestonestairs-granite-up-north-free"},"ItemCodes":{"277":"game:stackrandomizer-lantern","275":"game:stackrandomizer-resource","278":"game:stackrandomizer-painting"},"Indices":[4096,10240,1025,2049,3073,4097,5121,6145,7169,8193,9217,10241,1049601,1050625,1051649,1052673,1053697,1054721,1056769,1057793,1058817,2100225,2105345,2106369,2107393,3154945,3155969,1026,3074,5122,6146,8194,9218,10242,1049602,1051650,1053698,1056770,1058818,2098178,2107394,3155970,3,1027,3075,4099,5123,6147,8195,10243,11267,1049603,1054723,1056771,1058819,2098179,2107395,3146755,3155971,1028,2052,3076,5124,6148,7172,8196,10244,1049604,1050628,1051652,1053700,1054724,1058820,2098180,3146756,1029,3077,4101,5125,6149,8197,9221,10245,1049605,1051653,1052677,1053701,1057797,1058821,2098181,2104325,3146757,4195333,1030,2054,3078,4102,5126,6150,7174,8198,9222,10246,1049606,1050630,1051654,1052678,1053702,1054726,1055750,1056774,1057798,1058822,2098182,2099206,2100230,2101254,2104326,2105350,2106374,3146758,3152902,3153926,4195334,4201478,4103,8199],"BlockIds":[8613,8613,9493,2966,9493,9472,9471,9472,9472,2966,2966,9493,3023,2966,9471,2852,2852,5535,2966,9493,2966,5535,3061,2966,3023,5535,2852,9493,7277,7277,7277,7277,9471,9472,9493,8109,8606,8606,2966,5535,9493,2852,8613,9493,7277,2966,7277,7277,7277,9472,8613,9472,8606,5122,9472,3023,9493,2852,5122,2966,9471,7277,7277,7277,2966,7277,2966,9493,5122,8606,5122,5535,9493,9471,9471,9493,7277,2966,7277,7277,7277,9493,9471,9493,5122,8606,8606,8606,9493,3023,8606,9472,2852,2966,9493,9471,9493,9493,9493,9472,9471,2966,9493,2966,9493,2966,9472,2985,9493,9493,9493,9471,2966,2966,9493,8606,5122,9493,3061,9493,9471,9471,2852,2852,5122,8613,8613],"DecorIndices":[],"DecorIds":[],"BlockEntities":{"1051650":"!<d@[F*R[*#QOl.E,TfC\"98E%!<d@[F*\\bP#64o6@VfsmCI<#NAI;p\\ATMrFARTY%\"po!]G%GQ5DfU+(#'\"^#Dfg%+!!!!'\"`nKuFE7Zf0E;+R!!!`7!!!$\"!!!-0FDl80CdVlEDI[5X!.[65#6?U\\!<<*\"'*/(5!<<*\"!!`N_!!*'\"!#>S8!!*'\"!!E[ODffE(6YKnG@qEp/bWZ\",!!NdCDfS0\\De!QMDe*Dd@q]FpF=h'4F*%QgFEqh:$=e!jCgh:(ARmLu$#O6pBL-NKCh;?3aZfb","1053698":"!<d@[F*R[*#QOl.E,TfC\"98E%!<d@[F*\\hR#64o6@VfsmCI<#NAHu^]F`__:EWlSfH#R='Ecki#Ch52BDf9/B\":&scFCB9&=9&=$!!EUFATMNNDJ*csdSp$-\":&scFCB9&=o\\O&!!rsADes6$@ru9m!!O$SG%G]7Bk1dSAU&<>Eb.UVA7Yp]Df]uF!!","1056770":"!<d@[F*R[*#QOl.E,TfC\"98E%!<d@[F*\\qU#64o6@VfsmCI<#NAHu^]F`__:EWlSfH#R='Ecki#Ch52BDf9/A\":&scFCB9&=9&=$!!EUFATMNNDJ*csi9`0_\":&scFCB9&=o\\O&!!rsADes6$@ru9m!!O$SG%G]7Bk1dSAU&<>Eb.UVA7Yp]Df]uF!!","1054723":"!<d@[F*R^+#QOl.E,TfC\"98E%!<d@[F*\\kS#64o6@VfsmCI<#NAHu^]F`__:EWlSfH#R=*Ecki#Ch52.Ea`HnARmP!#BFa)@<?'_z\":8pVF(djWB5D/?b8.kr#BFa)@<?'az#mk*[Ci!ZmFCet_\"VYftATDg*A7\\_OG]\\(KAOCBHAJ8TgEccS>Eaa-&Cb9jBFC\\g#CB+","1051652":"!<d@[F*I[,#QOl.E,TfC\"98E%!<d@[F*\\bP#64o6@VfsmCI<#NAHu^]F`__:EWlSfH#R='Ecki#Ch52BDf9/C\":&scFCB9&=9&=$!!EUFATMNNDJ*csgCHlj\":&scFCB9&=o\\O&!!rsADes6$@ru9m!!O$SG%G]7Bk1dSAU&<>Eb.UVA7Yp]Df]uF!!","1052677":"!<d@[F*I^-#QOl.E,TfC\"98E%!<d@[F*\\eQ#64o6@VfsmCI<#NAHu^]F`__:EWlSfH#R=)Ch7*uF`M@OEcl)6ARkoKEc6&.FCePS!!!!%$#O6pBL-NKCh;?3ahIr`Ec6&.FCeVU!!!!*$\"ImiCh7*uARkc@","1053701":"!<d@[F*I^-#QOl.E,TfC\"98E%!<d@[F*\\hR#64o6@VfsmCI<#NAHu^]F`__:EWlSfH#R='Ecki#Ch52BDf9/@\":&scFCB9&=9&=$!!EUFATMNNDJ*csjNEk(\":&scFCB9&=o\\O&!!rsADes6$@ru9m!!O$SG%G]7Bk1dSAU&<>Eb.UVA7Yp]Df]uF!!","1057797":"!<d@[F*I^-#QOl.E,TfC\"98E%!<d@[F*\\tV#64o6@VfsmCI<#NAHu^]F`__:EWlSfH#R=0@V'('@V'(%AmoReGqF&ZBl7Km2$=/)DffE0AQSp4!!!-.D.Rd%6#L=OA_Ra;^B=d^DffE0AQf'6!!!<3@rH1\"ARfgnA,lcHDg#]4EbT&q<+U;rF`M%\\De*D_D/XK:GlR","2104325":"!<d@[F*I^-#QOl.E,TfC\"TSN&!<d@[F*\\nT#64o6@VfsmCI<#NAHu^]F`__:EWlSfH#R=+FDl)6Ea`Hn/TPuJDIm?5\":&scFCB9&=9&=$!!EUFATMNNDJ*csgCME@\":&scFCB9&=o\\O&!!rsADes6$@ru9m!!O$SG%G]7Bk1dSAU&<>Eb.UVA7Yp]Df]uF!!","2100230":"!<d@[F*Ia.#QOl.E,TfC\"TSN&!<d@[F*\\bP#64o6@VfsmCI<#NAHu^]F`__:EWlSfH#R=#FDl)6/TY?E\":&scFCB9&=9&=$!!EUFATMNNDJ*csgCHlj\":&scFCB9&=o\\O&!!rsADes6$@ru9m!!!"},"Entities":[],"ReplaceMode":2,"EntranceRotation":-1}