{
	code: "club",
	damagedby: ["attacking"],
	tool: "sword",
	class: "SlowSwordChargeFast",
	attributes: {
		handbook: { groupBy: ["metalclub-*"] },
		groundStorageTransformByType: {
			"*": {
				translation: { x: 0.2, y: 0.8, z: 0 },
				scale: 1.5
			}
		},
		toolrackTransform: {
			translation: { x: 0, y: 0.8, z: 0 },
			scale: 1.5
		}
	},
	behaviors: [{ 
		name: "GroundStorable",
		properties: {
			layout: 'WallHalves',
			wallOffYByType: {
				"*": 2
			},
			sprintKey: true,
			selectionBox: { x1: 0, y1: 0, z1: 0, x2: 1, y2: 0.1, z2: 1 },
			collisionBox: { x1: 0, y1: 0, z1: 0, x2: 0, y2: 0, z2: 0 },
		}
	}],
	variantgroups: [
		{ code: "metal", states: ["bone"] },
	],
	shape: { base: "item/weapon/boneclub" },
	heldTpHitAnimation: "smithing",
	heldTpUseAnimation: "interactstatic",
	attackRange: 2.2,
	tooltierbytype: {
		"*-bone": 1
	},
	attackpowerbytype: {
		"*-bone": 3.2
	},
	durabilitybytype: {
		"*-bone": 135
	},
	damageTypeByType: {
		"*": "BluntAttack",
	},
	creativeinventory: { "general": ["*"], "items": ["*"], "tools": ["*"], "alphaweaponpack": ["*"] },
	guiTransform: {
		translation: { x: 0, y: 0, z: 0 },
		rotation: { x: -68, y: 50, z: 15 },
		origin: { x: 0.04, y: -0.25, z: 0.55 },
		scale: 2.25
	},
	fpHandTransform: {
		translation: { x: -0.4, y: 0, z: 0 },
		rotation: { x: 15, y: 10, z: 90 },
		scale: 3.25
	},
	tpHandTransform: {
		translation: { x: -1.1, y: -0.55, z: -0.08 },
		rotation: { x: 90, y: 0, z: 0 },
		scale: 0.9
	},
	groundTransform: {
		translation: { x: 0, y: 0.4, z: 0 },
		rotation: { x: 0, y: 0, z: 0 },
		origin: { x: 0.5, y: 0.5, z: 0.5299 },
		scale: 4
	}
}