{
	code: "khopesh",
	damagedby: ["blockbreaking", "attacking"],
	tool: "sword",
	class: "SlowSwordChargeFast",
	attributes: {
		handbook: {
			createdBy: "metalmolding"
		},
		toolrackTransform: {
			translation: { x: -1, y: 0.8, z: 0 },
			rotation: { x: 0, y: -180, z: 0 },
			scale: 1.7
		},
		groundStorageTransform: {
			translation: { x: 0, y: 0.2, z: -0.08 },
			rotation: { x: -65, y: -90, z: 0 }
		}
	},
	behaviors: [{ 
		name: "GroundStorable",
		properties: {
			layout: 'WallHalves',
			wallOffY: 1,
			sprintKey: true,
			selectionBox: { x1: 0, y1: 0, z1: 0, x2: 1, y2: 0.1, z2: 1 },
			collisionBox: { x1: 0, y1: 0, z1: 0, x2: 0, y2: 0, z2: 0 },
		}
	}],
	variantgroups: [
		{ code: "metal", states: ["copper", "tinbronze", "bismuthbronze", "blackbronze"] },
	],
	shape: { base: "item/weapon/khopesh" },
	heldTpHitAnimation: "falx",
	heldTpUseAnimation: "interactstatic",
	textures: { "tinbronze": { base: "game:block/metal/anvil/{metal}" } },
	attackRange: 2.5,
	tooltierbytype: {
		"*-copper": 2,
		"*-bismuthbronze": 3,
		"*-tinbronze": 3,
		"*-blackbronze": 3
	},
	attackpowerbytype: {
		"*-copper": 4.5,
		"*-bismuthbronze": 5.5,
		"*-tinbronze": 5.5,
		"*-blackbronze": 5.5
	},
	durabilitybytype: {
		"*-copper": 500,
		"*-tinbronze": 680,
		"*-bismuthbronze": 685,
		"*-blackbronze": 690
	},
	damageTypeByType: {
		"*": "SlashingAttack",
	},
	creativeinventory: { "general": ["*"], "items": ["*"], "tools": ["*"], "alphaweaponpack": ["*"] },
	guiTransform: {
		translation: { x: 0, y: 0, z: 0 },
		rotation: { x: -60, y: 55, z: 15 },
		origin: { x: 0.6, y: 0.32, z: 0.36 },
		scale: 2
	},
	fpHandTransform: {
		translation: { x: -0.45, y: -0.1, z: 0 },
		rotation: { x: -167, y: 174, z: -92 },
		origin: { x: 0.5, y: 0.6, z: 0.5 },
		scale: 3.15
	},
	tpHandTransform: {
		translation: { x: -1.1, y: -0.5, z: -0.025 },
		rotation: { x: 90, y: 0, z: 0 },
		scale: 1
	},
	groundTransform: {
		translation: { x: 0, y: 0.5, z: 0 },
		rotation: { x: 0, y: 0, z: 0 },
		origin: { x: 0.5, y: 0.5, z: 0.5299 },
		scale: 5.25
	}
}