{
	"code": "robotarm",
	"class": "ItemWire",
	"creativeinventory": {
		"qptech": [ "*-steel" ]
	},
	"variantgroups": [
		{
			"code": "material",
			"states": [ "steel" ]
		}
	],
	"attributes": {
		"groundStorageTransform": {
			"translation": {
				"x": -0.01,
				"y": 0,
				"z": 0.02
			},
			"rotation": {
				"x": 0,
				"y": 45,
				"z": 0
			},
			"origin": {
				"x": 0.5,
				"y": 0,
				"z": 0.5
			},
			"scale": 0.65
		}
	},
	"behaviors": [
		{
			"name": "GroundStorable",
			"properties": {
				"layout": "Quadrants",
				"collisionBox": {
					"x1": 0,
					"y1": 0,
					"z1": 0,
					"x2": 1,
					"y2": 0.0625,
					"z2": 1
				}
			}
		}
	],
	"maxstacksize": 16,
	"drawtype": "json",
	"shape": { "base": "item/part/robotarm" },
	
		guiTransform: {
		translation: { x: 4, y: 0, z: 0 },
		rotation: { x: -26, y: -88, z: -106 },
		origin: { x: 0.5, y: 0.3, z: 0.5 },
		scale: 2.43
	},
	fpHandTransform: {
		translation: { x: -0.1, y: 0.5, z: 0 },
		rotation: { x: 90, y: 99, z: -42 },
		origin: { x: 0.5, y: 0, z: 0.5 },
		scale: 2.15
	},
	tpHandTransform: {
		translation: { x: -0.45, y: 0, z: 0 },
		rotation: { x: 0, y: 0, z: -90 },
		origin: { x: 0.1, y: 0.07, z: 0.15 },
		scale: 0.56
	},
	"groundTransform": {
		"translation": {
			"x": 0,
			"y": 0,
			"z": 0
		},
		"rotation": {
			"x": 0,
			"y": 0,
			"z": 0
		},
		"origin": {
			"x": 0.5,
			"y": 0,
			"z": 0.5
		},
		"scale": 2.15
	}
}