{
	code: "bulletmold",
	classByType: {
		"bulletmold-raw": "Block",
		"bulletmold-burned": "BlockToolMold",
	},
	behaviorsByType: {
		"bulletmold-raw": [
			{ name: "GroundStorable", properties: { layout: 'SingleCenter' } },
			{ name: "Unplaceable", "__comment": "The ground storable obsoletes this being a block. Should be an item, but is kept a block for backwards compatibility" }, 
			{ name: "RightClickPickup"} 
		],
		"*": [{name: "UnstableFalling"}],
	},
	variantgroups: [
		{ code:"materialtype", states: ["raw", "burned"] },
	],
	attributes: {
		"requiredUnits": 100,
		"fillHeight": 1,
		"moldrackable": true,
		"onmoldrackTransform": { rotation: { z: 90 } },
		"drop": { type: "item", code: "bullet-{metal}", quantity: 36 }
	},
	entityClassByType: {
		"bulletmold-burned": "ToolMold",
	},
	combustiblePropsByType: {
		"bulletmold-raw": {
			meltingPoint: 650,
			meltingDuration: 45,
			smeltedRatio: 1,
			smeltingType: "fire",
			smeltedStack: { type: "block", code: "bulletmold-burned" },
			requiresContainer: false
		}
	},
	blockmaterial: "Ceramic",
	creativeinventory: { "general": ["*"], "construction": ["*"] },
	replaceable: 700,
	resistance: 1.5,
	maxStackSize: 8,
	lightAbsorption: 0,
	texturesByType: {
		"bulletmold-raw": {  floor: { base: "game:block/clay/blueclay" }, ceramic: { base: "game:block/clay/blueclay" } },
	},
	shape: { base: "bulletmold", rotateY: 90 },
	sounds: {
		walk: "game:walk/stone",
	},
	collisionboxByType: {
		"*": { x1: 0, y1: 0, z1: 0, x2: 1, y2: 0.1875, z2: 1 },
	},
	selectionboxByType: {
		"*": { x1: 0, y1: 0, z1: 0, x2: 1, y2: 0.1875, z2: 1 },
	},
	sideopaque: {
		all: false
	},
	sidesolid: {
		all: false
	},
	guiTransformByType: {
		"*": {
			translation: { x: 0, y: 3, z: 0 },
			origin: { x: 0.5, y: 0.0625, z: 0.5 },
			scale: 1.33
		}
	},
	groundTransform: {
		translation: { x: 0, y: 0, z: 0 },
		rotation: { x: 0, y: -45, z: 0 },
		origin: { x: 0.5, y: 0, z: 0.5 },
		scale: 2.2
	}
}
