{
	"editor": {
		"allAngles": false,
		"entityTextureMode": false
	},
	"textureWidth": 16,
	"textureHeight": 16,
	"textureSizes": {
	},
	"textures": {
		"darkwood": "block/machine/statictranslocator/base_darkwood",
		"rusty": "block/machine/statictranslocator/rusty",
		"statictranslocator_glass": "block/machine/statictranslocator/statictranslocator_glass",
		"statictranslocator_structure": "block/machine/statictranslocator/statictranslocator_structure",
		"lead": "block/metal/ingot/lead",
		"empty": "D:/Dev/VintageStory/mods/TeleportationNetwork/resources/assets/tpnet/textures/empty"
	},
	"elements": [
		{
			"name": "base123",
			"from": [ 0.0, 13.5, 0.0 ],
			"to": [ 0.0, 13.5, 0.0 ],
			"rotationOrigin": [ 0.0, 13.5, 0.0 ],
			"faces": {
				"north": { "texture": "#statictranslocator_structure", "uv": [ 0.0, 1.5, 0.5, 2.0 ] },
				"east": { "texture": "#statictranslocator_structure", "uv": [ 0.0, 1.5, 0.5, 2.0 ] },
				"south": { "texture": "#statictranslocator_structure", "uv": [ 0.0, 1.5, 0.5, 2.0 ] },
				"west": { "texture": "#statictranslocator_structure", "uv": [ 0.0, 1.5, 0.5, 2.0 ] },
				"up": { "texture": "#darkwood", "uv": [ 0.0, 0.0, 0.5, 0.5 ] },
				"down": { "texture": "#darkwood", "uv": [ 0.0, 0.0, 0.5, 0.5 ] }
			},
			"children": [
				{
					"name": "sm_gear_W",
					"from": [ 5.0, 1.7, 7.0 ],
					"to": [ 5.0, 1.7, 7.0 ],
					"rotationOrigin": [ 5.0, 1.7, 7.0 ],
					"faces": {
						"north": { "texture": "#parts", "uv": [ 2.0, 3.0, 2.5, 3.5 ], "enabled": false },
						"east": { "texture": "#parts", "uv": [ 10.0, 1.0, 10.5, 1.5 ], "enabled": false },
						"south": { "texture": "#parts", "uv": [ 6.0, 6.0, 6.5, 6.5 ], "enabled": false },
						"west": { "texture": "#parts", "uv": [ 0.0, 0.0, 0.5, 0.5 ], "enabled": false },
						"up": { "texture": "#parts", "uv": [ 3.0, 3.0, 3.5, 3.5 ], "enabled": false },
						"down": { "texture": "#parts", "uv": [ 0.0, 0.0, 0.5, 0.5 ], "enabled": false }
					},
					"children": [
						{
							"name": "W vertical 2",
							"from": [ -0.8, 0.1, -1.3 ],
							"to": [ -0.3, 0.6, 1.2 ],
							"faces": {
								"north": { "texture": "#rusty", "uv": [ 2.0, 0.0, 2.5, 0.5 ] },
								"east": { "texture": "#rusty", "uv": [ 0.0, 0.0, 2.5, 0.5 ] },
								"south": { "texture": "#rusty", "uv": [ 4.0, 5.0, 4.5, 5.5 ] },
								"west": { "texture": "#rusty", "uv": [ 3.0, 2.5, 5.5, 3.0 ] },
								"up": { "texture": "#rusty", "uv": [ 2.0, 3.0, 2.5, 5.5 ] },
								"down": { "texture": "#rusty", "uv": [ 1.0, 0.0, 1.5, 2.5 ] }
							}
						},
						{
							"name": "E vertical 2",
							"from": [ 0.2, 0.1, -1.3 ],
							"to": [ 0.7, 0.6, 1.2 ],
							"faces": {
								"north": { "texture": "#rusty", "uv": [ 0.0, 7.0, 0.5, 7.5 ] },
								"east": { "texture": "#rusty", "uv": [ 9.5, 5.5, 12.0, 6.0 ] },
								"south": { "texture": "#rusty", "uv": [ 8.0, 1.0, 8.5, 1.5 ] },
								"west": { "texture": "#rusty", "uv": [ 0.0, 0.0, 2.5, 0.5 ] },
								"up": { "texture": "#rusty", "uv": [ 5.0, 6.0, 5.5, 8.5 ] },
								"down": { "texture": "#rusty", "uv": [ 0.0, 0.0, 0.5, 2.5 ] }
							}
						},
						{
							"name": "N horizontal 2",
							"from": [ -1.3, 0.0, -0.8 ],
							"to": [ 1.2, 0.7, -0.3 ],
							"faces": {
								"north": { "texture": "#rusty", "uv": [ 10.5, 3.0, 13.0, 3.5 ] },
								"east": { "texture": "#rusty", "uv": [ 7.5, 2.0, 8.0, 2.5 ] },
								"south": { "texture": "#rusty", "uv": [ 2.5, 6.0, 5.0, 6.5 ] },
								"west": { "texture": "#rusty", "uv": [ 2.0, 3.0, 2.5, 3.5 ] },
								"up": { "texture": "#rusty", "uv": [ 3.0, 1.0, 5.5, 1.5 ] },
								"down": { "texture": "#rusty", "uv": [ 2.0, 3.0, 4.5, 3.5 ] }
							}
						},
						{
							"name": "S horizontal 2",
							"from": [ -1.3, 0.0, 0.2 ],
							"to": [ 1.2, 0.7, 0.7 ],
							"faces": {
								"north": { "texture": "#rusty", "uv": [ 10.0, 2.0, 12.5, 2.5 ] },
								"east": { "texture": "#rusty", "uv": [ 7.0, 6.0, 7.5, 6.5 ] },
								"south": { "texture": "#rusty", "uv": [ 4.0, 2.5, 6.5, 3.0 ] },
								"west": { "texture": "#rusty", "uv": [ 0.0, 3.0, 0.5, 3.5 ] },
								"up": { "texture": "#rusty", "uv": [ 1.0, 6.0, 3.5, 6.5 ] },
								"down": { "texture": "#rusty", "uv": [ 1.0, 5.0, 3.5, 5.5 ] }
							}
						},
						{
							"name": "small_pivot_2",
							"from": [ -0.25, -1.5, -0.25 ],
							"to": [ 0.25, 0.5, 0.25 ],
							"rotationOrigin": [ -0.3, -1.5, -0.3 ],
							"faces": {
								"north": { "texture": "#statictranslocator_structure", "uv": [ 2.0, 6.0, 4.0, 6.5 ], "rotation": 90 },
								"east": { "texture": "#statictranslocator_structure", "uv": [ 2.0, 6.5, 4.0, 7.0 ], "rotation": 90 },
								"south": { "texture": "#statictranslocator_structure", "uv": [ 2.0, 7.0, 4.0, 7.5 ], "rotation": 90 },
								"west": { "texture": "#statictranslocator_structure", "uv": [ 2.0, 7.5, 4.0, 8.0 ], "rotation": 90 },
								"up": { "texture": "#statictranslocator_structure", "uv": [ 1.5, 7.0, 2.0, 7.5 ] },
								"down": { "texture": "#statictranslocator_structure", "uv": [ 7.0, 7.0, 7.5, 7.5 ] }
							}
						}
					]
				},
				{
					"name": "bg_gear_NE",
					"from": [ 11.0, 0.1, 6.0 ],
					"to": [ 12.0, 2.35, 7.0 ],
					"rotationOrigin": [ 11.5, 0.1, 6.5 ],
					"faces": {
						"north": { "texture": "#statictranslocator_structure", "uv": [ 2.0, 7.0, 4.0, 8.0 ], "rotation": 90 },
						"east": { "texture": "#statictranslocator_structure", "uv": [ 2.0, 6.0, 4.0, 7.0 ], "rotation": 90 },
						"south": { "texture": "#statictranslocator_structure", "uv": [ 2.0, 7.0, 4.0, 8.0 ], "rotation": 90 },
						"west": { "texture": "#statictranslocator_structure", "uv": [ 2.0, 6.0, 4.0, 7.0 ], "rotation": 90 },
						"up": { "texture": "#statictranslocator_structure", "uv": [ 1.0, 7.0, 2.0, 8.0 ] },
						"down": { "texture": "#statictranslocator_structure", "uv": [ 7.0, 7.0, 8.0, 8.0 ] }
					},
					"children": [
						{
							"name": "gear_NE_lge",
							"from": [ 0.5, 1.6, 0.5 ],
							"to": [ 0.5, 1.6, 0.5 ],
							"rotationOrigin": [ 0.5, 1.6, 0.5 ],
							"faces": {
								"north": { "texture": "#parts", "uv": [ 2.0, 3.0, 2.5, 3.5 ], "enabled": false },
								"east": { "texture": "#parts", "uv": [ 10.0, 1.0, 10.5, 1.5 ], "enabled": false },
								"south": { "texture": "#parts", "uv": [ 6.0, 6.0, 6.5, 6.5 ], "enabled": false },
								"west": { "texture": "#parts", "uv": [ 0.0, 0.0, 0.5, 0.5 ], "enabled": false },
								"up": { "texture": "#parts", "uv": [ 3.0, 3.0, 3.5, 3.5 ], "enabled": false },
								"down": { "texture": "#parts", "uv": [ 0.0, 0.0, 0.5, 0.5 ], "enabled": false }
							},
							"children": [
								{
									"name": "W vertical 93",
									"from": [ -1.3, 0.1, -1.8 ],
									"to": [ -0.8, 0.6, 1.7 ],
									"faces": {
										"north": { "texture": "#rusty", "uv": [ 7.5, 5.0, 8.0, 5.5 ] },
										"east": { "texture": "#rusty", "uv": [ 7.5, 6.5, 11.0, 7.0 ] },
										"south": { "texture": "#rusty", "uv": [ 6.0, 7.5, 6.5, 8.0 ] },
										"west": { "texture": "#rusty", "uv": [ 6.0, 7.5, 9.5, 8.0 ] },
										"up": { "texture": "#rusty", "uv": [ 7.0, 5.5, 7.5, 9.0 ] },
										"down": { "texture": "#rusty", "uv": [ 9.5, 2.5, 10.0, 6.0 ] }
									}
								},
								{
									"name": "E vertical 94",
									"from": [ 0.7, 0.1, -1.8 ],
									"to": [ 1.2, 0.6, 1.7 ],
									"faces": {
										"north": { "texture": "#rusty", "uv": [ 6.0, 7.5, 6.5, 8.0 ] },
										"east": { "texture": "#rusty", "uv": [ 7.5, 9.5, 11.0, 10.0 ] },
										"south": { "texture": "#rusty", "uv": [ 7.5, 6.0, 8.0, 6.5 ] },
										"west": { "texture": "#rusty", "uv": [ 5.5, 7.0, 9.0, 7.5 ] },
										"up": { "texture": "#rusty", "uv": [ 9.5, 3.0, 10.0, 6.5 ] },
										"down": { "texture": "#rusty", "uv": [ 9.0, 4.5, 9.5, 8.0 ] }
									}
								},
								{
									"name": "N horizontal 95",
									"from": [ -1.8, 0.0, -1.3 ],
									"to": [ 1.7, 0.7, -0.8 ],
									"faces": {
										"north": { "texture": "#rusty", "uv": [ 7.5, 8.5, 11.0, 9.0 ] },
										"east": { "texture": "#rusty", "uv": [ 8.0, 3.5, 8.5, 4.0 ] },
										"south": { "texture": "#rusty", "uv": [ 6.5, 6.0, 10.0, 6.5 ] },
										"west": { "texture": "#rusty", "uv": [ 8.0, 5.5, 8.5, 6.0 ] },
										"up": { "texture": "#rusty", "uv": [ 3.0, 8.0, 6.5, 8.5 ] },
										"down": { "texture": "#rusty", "uv": [ 5.5, 5.5, 9.0, 6.0 ] }
									}
								},
								{
									"name": "S horizontal 96",
									"from": [ -1.8, 0.0, 0.7 ],
									"to": [ 1.7, 0.7, 1.2 ],
									"faces": {
										"north": { "texture": "#rusty", "uv": [ 10.0, 2.0, 13.5, 2.5 ] },
										"east": { "texture": "#rusty", "uv": [ 10.0, 9.5, 10.5, 10.0 ] },
										"south": { "texture": "#rusty", "uv": [ 7.0, 3.0, 10.5, 3.5 ] },
										"west": { "texture": "#rusty", "uv": [ 5.5, 5.5, 6.0, 6.0 ] },
										"up": { "texture": "#rusty", "uv": [ 8.0, 11.0, 11.5, 11.5 ] },
										"down": { "texture": "#rusty", "uv": [ 5.0, 5.0, 8.5, 5.5 ] }
									}
								},
								{
									"name": "Middle vertical97",
									"from": [ -0.3, 0.1, -2.3 ],
									"to": [ 0.2, 0.6, 2.2 ],
									"faces": {
										"north": { "texture": "#rusty", "uv": [ 10.0, 3.5, 10.5, 4.0 ] },
										"east": { "texture": "#rusty", "uv": [ 6.0, 3.0, 10.5, 3.5 ] },
										"south": { "texture": "#rusty", "uv": [ 10.0, 6.5, 10.5, 7.0 ] },
										"west": { "texture": "#rusty", "uv": [ 6.5, 3.5, 11.0, 4.0 ] },
										"up": { "texture": "#rusty", "uv": [ 8.5, 0.5, 9.0, 5.0 ] },
										"down": { "texture": "#rusty", "uv": [ 8.0, 2.0, 8.5, 6.5 ] }
									}
								},
								{
									"name": "Middle horizontal98",
									"from": [ -2.3, 0.0, -0.3 ],
									"to": [ 2.2, 0.7, 0.2 ],
									"faces": {
										"north": { "texture": "#rusty", "uv": [ 8.5, 3.5, 13.0, 4.0 ] },
										"east": { "texture": "#rusty", "uv": [ 8.0, 2.5, 8.5, 3.0 ] },
										"south": { "texture": "#rusty", "uv": [ 6.5, 8.0, 11.0, 8.5 ] },
										"west": { "texture": "#rusty", "uv": [ 9.0, 2.0, 9.5, 2.5 ] },
										"up": { "texture": "#rusty", "uv": [ 5.5, 3.0, 10.0, 3.5 ] },
										"down": { "texture": "#rusty", "uv": [ 6.5, 4.0, 11.0, 4.5 ] }
									}
								}
							]
						}
					]
				},
				{
					"name": "bg_gear_S",
					"from": [ 9.0, 0.19, 11.0 ],
					"to": [ 10.0, 2.44, 12.0 ],
					"rotationOrigin": [ 9.5, 0.2, 11.5 ],
					"faces": {
						"north": { "texture": "#statictranslocator_structure", "uv": [ 1.5, 7.5, 3.5, 8.5 ], "rotation": 90 },
						"east": { "texture": "#statictranslocator_structure", "uv": [ 1.5, 6.0, 3.5, 7.0 ], "rotation": 90 },
						"south": { "texture": "#statictranslocator_structure", "uv": [ 1.5, 7.5, 3.5, 8.5 ], "rotation": 90 },
						"west": { "texture": "#statictranslocator_structure", "uv": [ 1.5, 6.0, 3.5, 7.0 ], "rotation": 90 },
						"up": { "texture": "#statictranslocator_structure", "uv": [ 1.5, 7.5, 2.5, 8.5 ] },
						"down": { "texture": "#statictranslocator_structure", "uv": [ 7.5, 7.5, 8.5, 8.5 ] }
					},
					"children": [
						{
							"name": "gear_NE_lge44",
							"from": [ 0.5, 1.6, 0.5 ],
							"to": [ 0.5, 1.6, 0.5 ],
							"rotationOrigin": [ 0.5, 1.6, 0.5 ],
							"faces": {
								"north": { "texture": "#parts", "uv": [ 2.0, 3.0, 2.5, 3.5 ], "enabled": false },
								"east": { "texture": "#parts", "uv": [ 10.0, 1.0, 10.5, 1.5 ], "enabled": false },
								"south": { "texture": "#parts", "uv": [ 6.0, 6.0, 6.5, 6.5 ], "enabled": false },
								"west": { "texture": "#parts", "uv": [ 0.0, 0.0, 0.5, 0.5 ], "enabled": false },
								"up": { "texture": "#parts", "uv": [ 3.0, 3.0, 3.5, 3.5 ], "enabled": false },
								"down": { "texture": "#parts", "uv": [ 0.0, 0.0, 0.5, 0.5 ], "enabled": false }
							},
							"children": [
								{
									"name": "W vertical 45",
									"from": [ -1.3, 0.1, -1.8 ],
									"to": [ -0.8, 0.6, 1.7 ],
									"faces": {
										"north": { "texture": "#rusty", "uv": [ 7.5, 4.5, 9.0, 6.0 ] },
										"east": { "texture": "#rusty", "uv": [ 7.5, 6.0, 10.5, 7.5 ] },
										"south": { "texture": "#rusty", "uv": [ 6.0, 7.5, 7.5, 9.0 ] },
										"west": { "texture": "#rusty", "uv": [ 6.0, 7.5, 9.0, 9.0 ] },
										"up": { "texture": "#rusty", "uv": [ 7.5, 6.0, 9.0, 9.0 ] },
										"down": { "texture": "#rusty", "uv": [ 9.0, 3.0, 10.5, 6.0 ] }
									}
								},
								{
									"name": "E vertical 46",
									"from": [ 0.7, 0.1, -1.8 ],
									"to": [ 1.2, 0.6, 1.7 ],
									"faces": {
										"north": { "texture": "#rusty", "uv": [ 6.0, 7.5, 7.5, 9.0 ] },
										"east": { "texture": "#rusty", "uv": [ 7.5, 9.0, 10.5, 10.5 ] },
										"south": { "texture": "#rusty", "uv": [ 7.5, 6.0, 9.0, 7.5 ] },
										"west": { "texture": "#rusty", "uv": [ 6.0, 7.5, 9.0, 9.0 ] },
										"up": { "texture": "#rusty", "uv": [ 9.0, 3.0, 10.5, 6.0 ] },
										"down": { "texture": "#rusty", "uv": [ 9.0, 4.5, 10.5, 7.5 ] }
									}
								},
								{
									"name": "N horizontal 47",
									"from": [ -1.8, 0.0, -1.3 ],
									"to": [ 1.7, 0.7, -0.8 ],
									"faces": {
										"north": { "texture": "#rusty", "uv": [ 7.5, 9.0, 10.5, 10.5 ] },
										"east": { "texture": "#rusty", "uv": [ 7.5, 3.0, 9.0, 4.5 ] },
										"south": { "texture": "#rusty", "uv": [ 6.0, 6.0, 9.0, 7.5 ] },
										"west": { "texture": "#rusty", "uv": [ 7.5, 6.0, 9.0, 7.5 ] },
										"up": { "texture": "#rusty", "uv": [ 3.0, 7.5, 6.0, 9.0 ] },
										"down": { "texture": "#rusty", "uv": [ 6.0, 6.0, 9.0, 7.5 ] }
									}
								},
								{
									"name": "S horizontal 48",
									"from": [ -1.8, 0.0, 0.7 ],
									"to": [ 1.7, 0.7, 1.2 ],
									"faces": {
										"north": { "texture": "#rusty", "uv": [ 10.5, 1.5, 13.5, 3.0 ] },
										"east": { "texture": "#rusty", "uv": [ 10.5, 9.0, 12.0, 10.5 ] },
										"south": { "texture": "#rusty", "uv": [ 7.5, 3.0, 10.5, 4.5 ] },
										"west": { "texture": "#rusty", "uv": [ 6.0, 6.0, 7.5, 7.5 ] },
										"up": { "texture": "#rusty", "uv": [ 7.5, 10.5, 10.5, 12.0 ] },
										"down": { "texture": "#rusty", "uv": [ 4.5, 4.5, 7.5, 6.0 ] }
									}
								},
								{
									"name": "Middle vertical49",
									"from": [ -0.3, 0.1, -2.3 ],
									"to": [ 0.2, 0.6, 2.2 ],
									"faces": {
										"north": { "texture": "#rusty", "uv": [ 10.5, 3.0, 12.0, 4.5 ] },
										"east": { "texture": "#rusty", "uv": [ 6.0, 3.0, 10.5, 4.5 ] },
										"south": { "texture": "#rusty", "uv": [ 10.5, 6.0, 12.0, 7.5 ] },
										"west": { "texture": "#rusty", "uv": [ 6.0, 3.0, 10.5, 4.5 ] },
										"up": { "texture": "#rusty", "uv": [ 9.0, 0.0, 10.5, 4.5 ] },
										"down": { "texture": "#rusty", "uv": [ 7.5, 1.5, 9.0, 6.0 ] }
									}
								},
								{
									"name": "Middle horizontal50",
									"from": [ -2.3, 0.0, -0.3 ],
									"to": [ 2.2, 0.7, 0.2 ],
									"faces": {
										"north": { "texture": "#rusty", "uv": [ 9.0, 3.0, 13.5, 4.5 ] },
										"east": { "texture": "#rusty", "uv": [ 7.5, 3.0, 9.0, 4.5 ] },
										"south": { "texture": "#rusty", "uv": [ 6.0, 7.5, 10.5, 9.0 ] },
										"west": { "texture": "#rusty", "uv": [ 9.0, 1.5, 10.5, 3.0 ] },
										"up": { "texture": "#rusty", "uv": [ 6.0, 3.0, 10.5, 4.5 ] },
										"down": { "texture": "#rusty", "uv": [ 6.0, 4.5, 10.5, 6.0 ] }
									}
								}
							]
						}
					]
				},
				{
					"name": "inner_frame",
					"from": [ 4.0, 0.0, 4.0 ],
					"to": [ 4.0, 0.0, 4.0 ],
					"rotationOrigin": [ 4.0, 0.0, 4.0 ],
					"faces": {
						"north": { "texture": "#darkwood", "uv": [ 0.0, 0.0, 0.5, 0.5 ] },
						"east": { "texture": "#darkwood", "uv": [ 0.0, 0.0, 0.5, 0.5 ] },
						"south": { "texture": "#darkwood", "uv": [ 0.0, 0.0, 0.5, 0.5 ] },
						"west": { "texture": "#darkwood", "uv": [ 0.0, 0.0, 0.5, 0.5 ] },
						"up": { "texture": "#darkwood", "uv": [ 0.0, 0.0, 0.5, 0.5 ] },
						"down": { "texture": "#darkwood", "uv": [ 0.0, 0.0, 0.5, 0.5 ] }
					},
					"children": [
						{
							"name": "b1",
							"from": [ 0.05, 0.25, 0.05 ],
							"to": [ 0.05, 2.5, 7.95 ],
							"rotationOrigin": [ 0.05, 0.25, 0.05 ],
							"faces": {
								"north": { "texture": "#statictranslocator_structure", "uv": [ 0.0, 6.0, 0.5, 8.0 ], "enabled": false },
								"east": { "texture": "#statictranslocator_structure", "uv": [ 0.0, 4.0, 7.5, 6.0 ] },
								"south": { "texture": "#statictranslocator_structure", "uv": [ 0.0, 7.0, 0.5, 9.0 ], "enabled": false },
								"west": { "texture": "#statictranslocator_structure", "uv": [ 0.0, 4.0, 7.5, 6.0 ] },
								"up": { "texture": "#statictranslocator_structure", "uv": [ 0.0, 3.0, 7.5, 3.5 ],  "enabled": false },
								"down": { "texture": "#statictranslocator_structure", "uv": [ 0.0, 0.0, 7.5, 0.5 ], "enabled": false }
							}
						},
						{
							"name": "b2",
							"from": [ 7.95, 0.25, 0.05 ],
							"to": [ 7.95, 2.5, 7.95 ],
							"rotationOrigin": [ 7.95, 0.25, 0.05 ],
							"faces": {
								"north": { "texture": "#statictranslocator_structure", "uv": [ 0.0, 6.0, 0.5, 8.0 ], "enabled": false },
								"east": { "texture": "#statictranslocator_structure", "uv": [ 0.0, 4.0, 7.5, 6.0 ] },
								"south": { "texture": "#statictranslocator_structure", "uv": [ 0.0, 7.0, 0.5, 9.0 ], "enabled": false },
								"west": { "texture": "#statictranslocator_structure", "uv": [ 0.0, 4.0, 7.5, 6.0 ] },
								"up": { "texture": "#statictranslocator_structure", "uv": [ 0.0, 3.0, 7.5, 3.5 ], "enabled": false },
								"down": { "texture": "#statictranslocator_structure", "uv": [ 0.0, 0.0, 7.5, 0.5 ], "enabled": false }
							}
						},
						{
							"name": "b3",
							"from": [ 0.05, 0.25, 0.05 ],
							"to": [ 7.95, 2.5, 0.05 ],
							"rotationOrigin": [ 0.05, 0.25, 0.05 ],
							"faces": {
								"north": { "texture": "#statictranslocator_structure", "uv": [ 0.0, 4.0, 7.5, 6.0 ] },
								"east": { "texture": "#statictranslocator_structure", "uv": [ 0.0, 6.0, 0.5, 8.0 ], "enabled": false },
								"south": { "texture": "#statictranslocator_structure", "uv": [ 0.0, 4.0, 7.5, 6.0 ] },
								"west": { "texture": "#statictranslocator_structure", "uv": [ 0.0, 7.0, 0.5, 9.0 ], "enabled": false },
								"up": { "texture": "#statictranslocator_structure", "uv": [ 1.0, 3.0, 8.5, 3.5 ], "enabled": false },
								"down": { "texture": "#statictranslocator_structure", "uv": [ 1.0, 0.0, 8.5, 0.5 ], "enabled": false }
							}
						},
						{
							"name": "b4",
							"from": [ 0.05, 0.25, 7.95 ],
							"to": [ 7.95, 2.5, 7.95 ],
							"rotationOrigin": [ 0.05, 0.25, 7.95 ],
							"faces": {
								"north": { "texture": "#statictranslocator_structure", "uv": [ 0.0, 4.0, 7.5, 6.0 ] },
								"east": { "texture": "#statictranslocator_structure", "uv": [ 0.0, 6.0, 0.5, 8.0 ], "enabled": false },
								"south": { "texture": "#statictranslocator_structure", "uv": [ 0.0, 4.0, 7.5, 6.0 ] },
								"west": { "texture": "#statictranslocator_structure", "uv": [ 0.0, 7.0, 0.5, 9.0 ], "enabled": false },
								"up": { "texture": "#statictranslocator_structure", "uv": [ 1.0, 3.0, 8.5, 3.5 ], "enabled": false },
								"down": { "texture": "#statictranslocator_structure", "uv": [ 1.0, 0.0, 8.5, 0.5 ], "enabled": false }
							}
						},
						{
							"name": "down",
							"from": [ 0.05, 0.25, 0.05 ],
							"to": [ 7.95, 0.25, 7.95 ],
							"rotationOrigin": [ 0.05, 0.25, 0.05 ],
							"faces": {
								"north": { "texture": "#statictranslocator_structure", "uv": [ 0.0, 1.5, 7.75, 1.75 ], "enabled": false },
								"east": { "texture": "#statictranslocator_structure", "uv": [ 0.0, 1.5, 7.75, 1.75 ], "enabled": false },
								"south": { "texture": "#statictranslocator_structure", "uv": [ 0.0, 1.5, 7.75, 1.75 ], "enabled": false },
								"west": { "texture": "#statictranslocator_structure", "uv": [ 0.0, 1.5, 7.75, 1.75 ], "enabled": false },
								"up": { "texture": "#darkwood", "uv": [ 0.0, 0.0, 7.75, 7.75 ] },
								"down": { "texture": "#darkwood", "uv": [ 0.0, 0.0, 7.75, 7.75 ], "enabled": false }
							}
						}
					]
				},
				{
					"name": "sm_gear_NE",
					"from": [ 11.4, 1.6, 3.5 ],
					"to": [ 11.4, 1.6, 3.5 ],
					"rotationOrigin": [ 11.4, 1.6, 3.5 ],
					"faces": {
						"north": { "texture": "#parts", "uv": [ 2.0, 3.0, 2.5, 3.5 ], "enabled": false },
						"east": { "texture": "#parts", "uv": [ 10.0, 1.0, 10.5, 1.5 ], "enabled": false },
						"south": { "texture": "#parts", "uv": [ 6.0, 6.0, 6.5, 6.5 ], "enabled": false },
						"west": { "texture": "#parts", "uv": [ 0.0, 0.0, 0.5, 0.5 ], "enabled": false },
						"up": { "texture": "#parts", "uv": [ 3.0, 3.0, 3.5, 3.5 ], "enabled": false },
						"down": { "texture": "#parts", "uv": [ 0.0, 0.0, 0.5, 0.5 ], "enabled": false }
					},
					"children": [
						{
							"name": "W vertical 100",
							"from": [ -0.8, 0.1, -1.3 ],
							"to": [ -0.3, 0.6, 1.2 ],
							"faces": {
								"north": { "texture": "#rusty", "uv": [ 2.0, 0.0, 2.5, 0.5 ] },
								"east": { "texture": "#rusty", "uv": [ 0.0, 0.0, 2.5, 0.5 ] },
								"south": { "texture": "#rusty", "uv": [ 4.0, 5.0, 4.5, 5.5 ] },
								"west": { "texture": "#rusty", "uv": [ 3.0, 2.5, 5.5, 3.0 ] },
								"up": { "texture": "#rusty", "uv": [ 2.0, 3.0, 2.5, 5.5 ] },
								"down": { "texture": "#rusty", "uv": [ 1.0, 0.0, 1.5, 2.5 ] }
							}
						},
						{
							"name": "E vertical 101",
							"from": [ 0.2, 0.1, -1.3 ],
							"to": [ 0.7, 0.6, 1.2 ],
							"faces": {
								"north": { "texture": "#rusty", "uv": [ 0.0, 7.0, 0.5, 7.5 ] },
								"east": { "texture": "#rusty", "uv": [ 9.5, 5.5, 12.0, 6.0 ] },
								"south": { "texture": "#rusty", "uv": [ 8.0, 1.0, 8.5, 1.5 ] },
								"west": { "texture": "#rusty", "uv": [ 0.0, 0.0, 2.5, 0.5 ] },
								"up": { "texture": "#rusty", "uv": [ 5.0, 6.0, 5.5, 8.5 ] },
								"down": { "texture": "#rusty", "uv": [ 0.0, 0.0, 0.5, 2.5 ] }
							}
						},
						{
							"name": "N horizontal 102",
							"from": [ -1.3, 0.0, -0.8 ],
							"to": [ 1.2, 0.7, -0.3 ],
							"faces": {
								"north": { "texture": "#rusty", "uv": [ 10.5, 3.0, 13.0, 3.5 ] },
								"east": { "texture": "#rusty", "uv": [ 7.5, 2.0, 8.0, 2.5 ] },
								"south": { "texture": "#rusty", "uv": [ 2.5, 6.0, 5.0, 6.5 ] },
								"west": { "texture": "#rusty", "uv": [ 2.0, 3.0, 2.5, 3.5 ] },
								"up": { "texture": "#rusty", "uv": [ 3.0, 1.0, 5.5, 1.5 ] },
								"down": { "texture": "#rusty", "uv": [ 2.0, 3.0, 4.5, 3.5 ] }
							}
						},
						{
							"name": "S horizontal 103",
							"from": [ -1.3, 0.0, 0.2 ],
							"to": [ 1.2, 0.7, 0.7 ],
							"faces": {
								"north": { "texture": "#rusty", "uv": [ 10.0, 2.0, 12.5, 2.5 ] },
								"east": { "texture": "#rusty", "uv": [ 7.0, 6.0, 7.5, 6.5 ] },
								"south": { "texture": "#rusty", "uv": [ 4.0, 2.5, 6.5, 3.0 ] },
								"west": { "texture": "#rusty", "uv": [ 0.0, 3.0, 0.5, 3.5 ] },
								"up": { "texture": "#rusty", "uv": [ 1.0, 6.0, 3.5, 6.5 ] },
								"down": { "texture": "#rusty", "uv": [ 1.0, 5.0, 3.5, 5.5 ] }
							}
						},
						{
							"name": "small_pivot_1",
							"from": [ -0.25, -1.5, -0.25 ],
							"to": [ 0.25, 0.5, 0.25 ],
							"rotationOrigin": [ -0.3, -1.5, -0.3 ],
							"faces": {
								"north": { "texture": "#statictranslocator_structure", "uv": [ 2.0, 6.0, 4.0, 6.5 ], "rotation": 90 },
								"east": { "texture": "#statictranslocator_structure", "uv": [ 2.0, 6.5, 4.0, 7.0 ], "rotation": 90 },
								"south": { "texture": "#statictranslocator_structure", "uv": [ 2.0, 7.0, 4.0, 7.5 ], "rotation": 90 },
								"west": { "texture": "#statictranslocator_structure", "uv": [ 2.0, 7.5, 4.0, 8.0 ], "rotation": 90 },
								"up": { "texture": "#statictranslocator_structure", "uv": [ 1.5, 7.0, 2.0, 7.5 ] },
								"down": { "texture": "#statictranslocator_structure", "uv": [ 7.0, 7.0, 7.5, 7.5 ] }
							}
						}
					]
				},
				{
					"name": "cut",
					"from": [ 4.1, 2.43, 4.1 ],
					"to": [ 11.9, 2.51, 11.9 ],
					"renderPass": 3,
					"rotationOrigin": [ 4.6, 2.4, 4.6 ],
					"rotationY": -5.0089554488415E-6,
					"faces": {
						"north": { "texture": "#empty", "uv": [ 0.0, 0.0, 7.5, 0.5 ], "enabled": false },
						"east": { "texture": "#empty", "uv": [ 0.0, 0.0, 7.5, 0.5 ], "enabled": false },
						"south": { "texture": "#empty", "uv": [ 0.0, 0.0, 7.5, 0.5 ], "enabled": false },
						"west": { "texture": "#empty", "uv": [ 0.0, 0.0, 7.5, 0.5 ], "enabled": false },
						"up": { "texture": "#empty", "uv": [ 0.0, 0.0, 7.5, 7.5 ] },
						"down": { "texture": "#empty", "uv": [ 0.0, 0.0, 7.5, 7.5 ], "enabled": false }
					}
				}
			]
		},
		{
			"name": "top",
			"from": [ 0.0, 13.6, 0.0 ],
			"to": [ 0.0, 13.6, 0.0 ],
			"rotationOrigin": [ 3.0, 16.1, 3.0 ],
			"rotationY": -22.5,
			"faces": {
				"north": { "texture": "#darkwood", "uv": [ 0.0, 0.0, 0.5, 0.5 ], "enabled": false },
				"east": { "texture": "#darkwood", "uv": [ 0.0, 0.0, 0.5, 0.5 ], "enabled": false },
				"south": { "texture": "#darkwood", "uv": [ 0.0, 0.0, 0.5, 0.5 ], "enabled": false },
				"west": { "texture": "#darkwood", "uv": [ 0.0, 0.0, 0.5, 0.5 ], "enabled": false },
				"up": { "texture": "#darkwood", "uv": [ 0.0, 0.0, 0.5, 0.5 ], "enabled": false },
				"down": { "texture": "#darkwood", "uv": [ 0.0, 0.0, 0.5, 0.5 ], "enabled": false }
			},
			"children": [
				{
					"name": "frame_top47",
					"from": [ 3.1, 2.43, 4.1 ],
					"to": [ 4.1, 2.71, 12.9 ],
					"renderPass": 3,
					"rotationOrigin": [ 3.6, 2.4, 4.6 ],
					"rotationY": -5.0089554488415E-6,
					"faces": {
						"north": { "texture": "#lead", "uv": [ 0.0, 0.0, 1.0, 0.5 ] },
						"east": { "texture": "#lead", "uv": [ 0.0, 0.0, 8.5, 0.5 ] },
						"south": { "texture": "#lead", "uv": [ 0.0, 0.0, 1.0, 0.5 ] },
						"west": { "texture": "#lead", "uv": [ 0.0, 0.0, 8.5, 0.5 ] },
						"up": { "texture": "#lead", "uv": [ 0.0, 0.0, 1.0, 8.5 ] },
						"down": { "texture": "#lead", "uv": [ 0.0, 0.0, 1.0, 8.5 ], "enabled": false }
					}
				},
				{
					"name": "frame_top48",
					"from": [ 11.9, 2.43, 3.1 ],
					"to": [ 12.9, 2.71, 11.9 ],
					"renderPass": 3,
					"rotationOrigin": [ 12.4, 2.4, 3.6 ],
					"rotationY": -5.0089554488415E-6,
					"faces": {
						"north": { "texture": "#lead", "uv": [ 0.0, 0.0, 1.0, 0.5 ] },
						"east": { "texture": "#lead", "uv": [ 0.0, 0.0, 8.5, 0.5 ] },
						"south": { "texture": "#lead", "uv": [ 0.0, 0.0, 1.0, 0.5 ] },
						"west": { "texture": "#lead", "uv": [ 0.0, 0.0, 8.5, 0.5 ] },
						"up": { "texture": "#lead", "uv": [ 0.0, 0.0, 1.0, 8.5 ] },
						"down": { "texture": "#lead", "uv": [ 0.0, 0.0, 1.0, 8.5 ], "enabled": false }
					}
				},
				{
					"name": "frame_top49",
					"from": [ 3.1, 2.43, 3.1 ],
					"to": [ 11.9, 2.71, 4.1 ],
					"renderPass": 3,
					"rotationOrigin": [ 3.6, 2.4, 3.6 ],
					"rotationY": -5.0089554488415E-6,
					"faces": {
						"north": { "texture": "#lead", "uv": [ 0.0, 0.0, 8.5, 0.5 ] },
						"east": { "texture": "#lead", "uv": [ 0.0, 0.0, 1.0, 0.5 ] },
						"south": { "texture": "#lead", "uv": [ 0.0, 0.0, 8.5, 0.5 ] },
						"west": { "texture": "#lead", "uv": [ 0.0, 0.0, 1.0, 0.5 ] },
						"up": { "texture": "#lead", "uv": [ 0.0, 0.0, 8.5, 1.0 ] },
						"down": { "texture": "#lead", "uv": [ 0.0, 0.0, 8.5, 1.0 ], "enabled": false }
					}
				},
				{
					"name": "frame_top50",
					"from": [ 4.1, 2.43, 11.9 ],
					"to": [ 12.9, 2.71, 12.9 ],
					"renderPass": 3,
					"rotationOrigin": [ 4.6, 2.4, 12.4 ],
					"rotationY": -5.0089554488415E-6,
					"faces": {
						"north": { "texture": "#lead", "uv": [ 0.0, 0.0, 8.5, 0.5 ] },
						"east": { "texture": "#lead", "uv": [ 0.0, 0.0, 1.0, 0.5 ] },
						"south": { "texture": "#lead", "uv": [ 0.0, 0.0, 8.5, 0.5 ] },
						"west": { "texture": "#lead", "uv": [ 0.0, 0.0, 1.0, 0.5 ] },
						"up": { "texture": "#lead", "uv": [ 0.0, 0.0, 8.5, 1.0 ] },
						"down": { "texture": "#lead", "uv": [ 0.0, 0.0, 8.5, 1.0 ], "enabled": false }
					}
				},
				{
					"name": "glass_top",
					"from": [ 4.1, 2.43, 4.1 ],
					"to": [ 11.9, 2.51, 11.9 ],
					"renderPass": 3,
					"rotationOrigin": [ 4.6, 2.4, 4.6 ],
					"rotationY": -5.0089554488415E-6,
					"faces": {
						"north": { "texture": "#empty", "uv": [ 0.0, 0.0, 7.5, 0.5 ], "enabled": false },
						"east": { "texture": "#empty", "uv": [ 0.0, 0.0, 7.5, 0.5 ], "enabled": false },
						"south": { "texture": "#empty", "uv": [ 0.0, 0.0, 7.5, 0.5 ], "enabled": false },
						"west": { "texture": "#empty", "uv": [ 0.0, 0.0, 7.5, 0.5 ], "enabled": false },
						"up": { "texture": "#statictranslocator_glass", "uv": [ 0.0, 0.0, 7.5, 7.5 ] },
						"down": { "texture": "#empty", "uv": [ 0.0, 0.0, 7.5, 7.5 ], "enabled": false }
					}
				}
			]
		}
	]}
