{
	"editor": {
		"allAngles": false,
		"entityTextureMode": false
	},
	"textureWidth": 16,
	"textureHeight": 16,
	"textureSizes": {
	},
	"textures": {
		"east": "block/stone/polishedrock/granite",
		"south": "block/stone/polishedrock/granite",
		"north": "block/stone/polishedrock/granite",
		"west": "block/stone/polishedrock/granite",
		"up": "block/stone/polishedrock/granite",
		"down": "block/stone/polishedrock/granite"
	},
	"elements": [
		{
			"name": "base",
			"from": [ 0.0, 0.0, 0.0 ],
			"to": [ 16.0, 16.0, 16.0 ],
			"faces": {
				"north": { "texture": "#north", "uv": [ 0.0, 0.0, 16.0, 16.0 ] },
				"east": { "texture": "#east", "uv": [ 0.0, 0.0, 16.0, 16.0 ] },
				"south": { "texture": "#south", "uv": [ 0.0, 0.0, 16.0, 16.0 ] },
				"west": { "texture": "#west", "uv": [ 0.0, 0.0, 16.0, 16.0 ] },
				"up": { "texture": "#up", "uv": [ 0.0, 0.0, 16.0, 16.0 ], "enabled": false },
				"down": { "texture": "#down", "uv": [ 0.0, 0.0, 16.0, 16.0 ] }
			},
			"children": [
				{
					"name": "top1",
					"from": [ 0.0, 16.0, 0.0 ],
					"to": [ 12.0, 16.0, 4.0 ],
					"rotationOrigin": [ 0.0, 16.0, 0.0 ],
					"faces": {
						"north": { "texture": "#north", "uv": [ 0.0, 0.0, 12.0, 0.5 ], "enabled": false },
						"east": { "texture": "#east", "uv": [ 0.0, 0.0, 4.0, 0.5 ], "enabled": false },
						"south": { "texture": "#south", "uv": [ 0.0, 0.0, 12.0, 0.5 ], "enabled": false },
						"west": { "texture": "#west", "uv": [ 0.0, 0.0, 4.0, 0.5 ], "enabled": false },
						"up": { "texture": "#up", "uv": [ 4.0, 12.0, 16.0, 16.0 ], "rotation": 180 },
						"down": { "texture": "#down", "uv": [ 0.0, 0.0, 12.0, 4.0 ], "enabled": false }
					}
				},
				{
					"name": "top2",
					"from": [ 0.0, 16.0, 4.0 ],
					"to": [ 4.0, 16.0, 16.0 ],
					"rotationOrigin": [ 0.0, 16.0, 4.0 ],
					"faces": {
						"north": { "texture": "#north", "uv": [ 0.0, 0.0, 4.0, 0.5 ], "enabled": false },
						"east": { "texture": "#east", "uv": [ 0.0, 0.0, 12.0, 0.5 ], "enabled": false },
						"south": { "texture": "#south", "uv": [ 0.0, 0.0, 4.0, 0.5 ], "enabled": false },
						"west": { "texture": "#west", "uv": [ 0.0, 0.0, 12.0, 0.5 ], "enabled": false },
						"up": { "texture": "#up", "uv": [ 12.0, 0.0, 16.0, 12.0 ], "rotation": 180 },
						"down": { "texture": "#down", "uv": [ 0.0, 0.0, 4.0, 12.0 ], "enabled": false }
					}
				},
				{
					"name": "top3",
					"from": [ 4.0, 16.0, 12.0 ],
					"to": [ 16.0, 16.0, 16.0 ],
					"rotationOrigin": [ 4.0, 16.0, 12.0 ],
					"faces": {
						"north": { "texture": "#north", "uv": [ 0.0, 0.0, 12.0, 0.5 ], "enabled": false },
						"east": { "texture": "#east", "uv": [ 0.0, 0.0, 4.0, 0.5 ], "enabled": false },
						"south": { "texture": "#south", "uv": [ 0.0, 0.0, 12.0, 0.5 ], "enabled": false },
						"west": { "texture": "#west", "uv": [ 0.0, 0.0, 4.0, 0.5 ], "enabled": false },
						"up": { "texture": "#up", "uv": [ 0.0, 0.0, 12.0, 4.0 ], "rotation": 180 },
						"down": { "texture": "#down", "uv": [ 0.0, 0.0, 12.0, 4.0 ], "enabled": false }
					}
				},
				{
					"name": "top4",
					"from": [ 12.0, 16.0, 0.0 ],
					"to": [ 16.0, 16.0, 12.0 ],
					"rotationOrigin": [ 12.0, 16.0, 0.0 ],
					"faces": {
						"north": { "texture": "#north", "uv": [ 0.0, 0.0, 4.0, 0.5 ], "enabled": false },
						"east": { "texture": "#east", "uv": [ 0.0, 0.0, 12.0, 0.5 ], "enabled": false },
						"south": { "texture": "#south", "uv": [ 0.0, 0.0, 4.0, 0.5 ], "enabled": false },
						"west": { "texture": "#west", "uv": [ 0.0, 0.0, 12.0, 0.5 ], "enabled": false },
						"up": { "texture": "#up", "uv": [ 0.0, 4.0, 4.0, 16.0 ], "rotation": 180 },
						"down": { "texture": "#down", "uv": [ 0.0, 0.0, 4.0, 12.0 ], "enabled": false }
					}
				}
			]
		}
	]}
