﻿[
 {
   file: "expandedfoods:recipes/kneading/acorns/acornstuffedpepper.json",
    "side": "server",
    op: "addeach", 
    path: "/0/ingredients/1/inputs/-", 
    value: [{ type: "item", code: "expandedfoods:wildtreedryfruit-*",  quantity: 1 }, { type: "item", code: "expandedfoods:wildtreedehydratedfruit-*",  quantity: 1 },],
    dependsOn: [{ "modid": "acorns" }, { "modid": "wildcrafttrees" }]
 },
 {
   file: "expandedfoods:recipes/kneading/acorns/acornstuffedpepper.json",
    "side": "server",
    op: "addeach", 
    path: "/1/ingredients/1/inputs/-", 
    value: [{ type: "item", code: "expandedfoods:wildtreedryfruit-*",  quantity: 1 }, { type: "item", code: "expandedfoods:wildtreedehydratedfruit-*",  quantity: 1 },],
    dependsOn: [{ "modid": "acorns" }, { "modid": "wildcrafttrees" }]
 },
 {
   file: "expandedfoods:recipes/kneading/acorns/acornstuffedpepper.json",
    "side": "server",
    op: "addeach", 
    path: "/1/ingredients/2/inputs/-", 
    value: [{ type: "item", code: "expandedfoods:wildtreedryfruit-*",  quantity: 1 }, { type: "item", code: "expandedfoods:wildtreedehydratedfruit-*",  quantity: 1 },],
    dependsOn: [{ "modid": "acorns" }, { "modid": "wildcrafttrees" }]
 },
 {
   file: "expandedfoods:recipes/kneading/acorns/acornstuffedpepper.json",
    "side": "server",
    op: "addeach", 
    path: "/2/ingredients/1/inputs/-", 
    value: [{ type: "item", code: "expandedfoods:wildtreedryfruit-*",  quantity: 1 }, { type: "item", code: "expandedfoods:wildtreedehydratedfruit-*",  quantity: 1 },],
    dependsOn: [{ "modid": "acorns" }, { "modid": "wildcrafttrees" }]
 },
 {
   file: "expandedfoods:recipes/kneading/acorns/acornstuffedpepper.json",
    "side": "server",
    op: "add", 
    path: "/0/ingredients/2/inputs/-", 
    value: { type: "item", code: "expandedfoods:wildtreefruitsyrupportion-*",  quantity: 10 },
    dependsOn: [{ "modid": "acorns" }, { "modid": "wildcrafttrees" }]
 },
 {
   file: "expandedfoods:recipes/kneading/acorns/acornstuffedpepper.json",
    "side": "server",
    op: "add", 
    path: "/1/ingredients/3/inputs/-", 
    value: { type: "item", code: "expandedfoods:wildtreefruitsyrupportion-*",  quantity: 10 },
    dependsOn: [{ "modid": "acorns" }, { "modid": "wildcrafttrees" }]
 },
 {
   file: "expandedfoods:recipes/kneading/acorns/acornstuffedpepper.json",
    "side": "server",
    op: "add", 
    path: "/2/ingredients/2/inputs/-", 
    value: { type: "item", code: "expandedfoods:wildtreefruitsyrupportion-*",  quantity: 10 },
    dependsOn: [{ "modid": "acorns" }, { "modid": "wildcrafttrees" }]
 },
]