﻿[
 {
   file: "expandedfoods:recipes/kneading/acorns/acornbreadedmushroom.json",
    "side": "server",
    op: "add", 
    path: "/0/ingredients/0/inputs/-", 
    value: { type: "item", code: "expandedfoods:wildtreefruitsyrupportion-*",  quantity: 10 },
    dependsOn: [{ "modid": "acorns" }, { "modid": "wildcrafttrees" }]
 },
 {
   file: "expandedfoods:recipes/kneading/acorns/acornbreadedmushroom.json",
    "side": "server",
    op: "add", 
    path: "/1/ingredients/0/inputs/-", 
    value: { type: "item", code: "expandedfoods:wildtreefruitsyrupportion-*",  quantity: 10 },
    dependsOn: [{ "modid": "acorns" }, { "modid": "wildcrafttrees" }]
 },
 {
   file: "expandedfoods:recipes/kneading/acorns/acornbreadedmushroom.json",
    "side": "server",
    op: "add", 
    path: "/2/ingredients/0/inputs/-", 
    value: { type: "item", code: "expandedfoods:wildtreefruitsyrupportion-*",  quantity: 10 },
    dependsOn: [{ "modid": "acorns" }, { "modid": "wildcrafttrees" }]
 },
 {
   file: "expandedfoods:recipes/kneading/acorns/acornbreadedmushroom.json",
    "side": "server",
    op: "add", 
    path: "/3/ingredients/0/inputs/-", 
    value: { type: "item", code: "expandedfoods:wildtreefruitsyrupportion-*",  quantity: 10 },
    dependsOn: [{ "modid": "acorns" }, { "modid": "wildcrafttrees" }]
 },
]