﻿[
 {
   file: "expandedfoods:recipes/kneading/acorns/acornmuffindough.json",
    "side": "server",
    op: "addeach", 
    path: "/0/ingredients/1/inputs/-", 
    value: [{ type: "item", code: "wildcrafttrees:treefruit-*",  quantity: 1 }, { type: "item", code: "expandedfoods:wildtreedryfruit-*",  quantity: 1 }, { type: "item", code: "expandedfoods:wildtreedehydratedfruit-*",  quantity: 1 }, { type: "item", code: "expandedfoods:wildtreecandiedfruit-*",  quantity: 1 }, { type: "item", code: "expandedfoods:gelatin-*", allowedVariants: ["apricot", "citron", "fig", "hawthorn", "coconut", "pomelo", "purpleplum", "quince"], quantity: 1 },],
    dependsOn: [{ "modid": "acorns" }, { "modid": "wildcrafttrees" }]
 },
 {
   file: "expandedfoods:recipes/kneading/acorns/acornmuffindough.json",
    "side": "server",
    op: "addeach", 
    path: "/0/ingredients/2/inputs/-", 
    value: [{ type: "item", code: "wildcrafttrees:treefruit-*",  quantity: 1 }, { type: "item", code: "expandedfoods:wildtreedryfruit-*",  quantity: 1 }, { type: "item", code: "expandedfoods:wildtreedehydratedfruit-*",  quantity: 1 }, { type: "item", code: "expandedfoods:wildtreecandiedfruit-*",  quantity: 1 },],
    dependsOn: [{ "modid": "acorns" }, { "modid": "wildcrafttrees" }]
 },
 {
   file: "expandedfoods:recipes/kneading/acorns/acornmuffindough.json",
    "side": "server",
    op: "addeach", 
    path: "/0/ingredients/3/inputs/-", 
    value: [{ type: "item", code: "wildcrafttrees:treefruit-*",  quantity: 1 }, { type: "item", code: "expandedfoods:wildtreedryfruit-*",  quantity: 1 }, { type: "item", code: "expandedfoods:wildtreedehydratedfruit-*",  quantity: 1 }, { type: "item", code: "expandedfoods:wildtreecandiedfruit-*",  quantity: 1 },],
    dependsOn: [{ "modid": "acorns" }, { "modid": "wildcrafttrees" }]
 },
 {
   file: "expandedfoods:recipes/kneading/acorns/acornmuffindough.json",
    "side": "server",
    op: "addeach", 
    path: "/0/ingredients/4/inputs/-", 
    value: [{ type: "item", code: "wildcrafttrees:treefruit-*",  quantity: 1 }, { type: "item", code: "expandedfoods:wildtreedryfruit-*",  quantity: 1 }, { type: "item", code: "expandedfoods:wildtreedehydratedfruit-*",  quantity: 1 }, { type: "item", code: "expandedfoods:wildtreecandiedfruit-*",  quantity: 1 },],
    dependsOn: [{ "modid": "acorns" }, { "modid": "wildcrafttrees" }]
 },
 {
   file: "expandedfoods:recipes/kneading/acorns/acornmuffindough.json",
    "side": "server",
    op: "addeach", 
    path: "/0/ingredients/5/inputs/-", 
    value: [{ type: "item", code: "wildcrafttrees:treefruit-*",  quantity: 1 }, { type: "item", code: "expandedfoods:wildtreedryfruit-*",  quantity: 1 }, { type: "item", code: "expandedfoods:wildtreedehydratedfruit-*",  quantity: 1 }, { type: "item", code: "expandedfoods:wildtreecandiedfruit-*",  quantity: 1 },],
    dependsOn: [{ "modid": "acorns" }, { "modid": "wildcrafttrees" }]
 },
 {
   file: "expandedfoods:recipes/kneading/acorns/acornmuffindough.json",
    "side": "server",
    op: "addeach", 
    path: "/1/ingredients/1/inputs/-", 
    value: [{ type: "item", code: "wildcrafttrees:treefruit-*",  quantity: 1 }, { type: "item", code: "expandedfoods:wildtreedryfruit-*",  quantity: 1 }, { type: "item", code: "expandedfoods:wildtreedehydratedfruit-*",  quantity: 1 }, { type: "item", code: "expandedfoods:wildtreecandiedfruit-*",  quantity: 1 }, { type: "item", code: "expandedfoods:gelatin-*", allowedVariants: ["apricot", "citron", "fig", "hawthorn", "coconut", "pomelo", "purpleplum", "quince"], quantity: 1 },],
    dependsOn: [{ "modid": "acorns" }, { "modid": "wildcrafttrees" }]
 },
 {
   file: "expandedfoods:recipes/kneading/acorns/acornmuffindough.json",
    "side": "server",
    op: "addeach", 
    path: "/1/ingredients/2/inputs/-", 
    value: [{ type: "item", code: "wildcrafttrees:treefruit-*",  quantity: 1 }, { type: "item", code: "expandedfoods:wildtreedryfruit-*",  quantity: 1 }, { type: "item", code: "expandedfoods:wildtreedehydratedfruit-*",  quantity: 1 }, { type: "item", code: "expandedfoods:wildtreecandiedfruit-*",  quantity: 1 },],
    dependsOn: [{ "modid": "acorns" }, { "modid": "wildcrafttrees" }]
 },
 {
   file: "expandedfoods:recipes/kneading/acorns/acornmuffindough.json",
    "side": "server",
    op: "addeach", 
    path: "/1/ingredients/3/inputs/-", 
    value: [{ type: "item", code: "wildcrafttrees:treefruit-*",  quantity: 1 }, { type: "item", code: "expandedfoods:wildtreedryfruit-*",  quantity: 1 }, { type: "item", code: "expandedfoods:wildtreedehydratedfruit-*",  quantity: 1 }, { type: "item", code: "expandedfoods:wildtreecandiedfruit-*",  quantity: 1 },],
    dependsOn: [{ "modid": "acorns" }, { "modid": "wildcrafttrees" }]
 },
 {
   file: "expandedfoods:recipes/kneading/acorns/acornmuffindough.json",
    "side": "server",
    op: "addeach", 
    path: "/1/ingredients/4/inputs/-", 
    value: [{ type: "item", code: "wildcrafttrees:treefruit-*",  quantity: 1 }, { type: "item", code: "expandedfoods:wildtreedryfruit-*",  quantity: 1 }, { type: "item", code: "expandedfoods:wildtreedehydratedfruit-*",  quantity: 1 }, { type: "item", code: "expandedfoods:wildtreecandiedfruit-*",  quantity: 1 },],
    dependsOn: [{ "modid": "acorns" }, { "modid": "wildcrafttrees" }]
 },
 {
   file: "expandedfoods:recipes/kneading/acorns/acornmuffindough.json",
    "side": "server",
    op: "addeach", 
    path: "/2/ingredients/1/inputs/-", 
    value: [{ type: "item", code: "wildcrafttrees:treefruit-*",  quantity: 1 }, { type: "item", code: "expandedfoods:wildtreedryfruit-*",  quantity: 1 }, { type: "item", code: "expandedfoods:wildtreedehydratedfruit-*",  quantity: 1 }, { type: "item", code: "expandedfoods:wildtreecandiedfruit-*",  quantity: 1 }, { type: "item", code: "expandedfoods:gelatin-*", allowedVariants: ["apricot", "citron", "fig", "hawthorn", "coconut", "pomelo", "purpleplum", "quince"], quantity: 1 },],
    dependsOn: [{ "modid": "acorns" }, { "modid": "wildcrafttrees" }]
 },
 {
   file: "expandedfoods:recipes/kneading/acorns/acornmuffindough.json",
    "side": "server",
    op: "addeach", 
    path: "/2/ingredients/2/inputs/-", 
    value: [{ type: "item", code: "wildcrafttrees:treefruit-*",  quantity: 1 }, { type: "item", code: "expandedfoods:wildtreedryfruit-*",  quantity: 1 }, { type: "item", code: "expandedfoods:wildtreedehydratedfruit-*",  quantity: 1 }, { type: "item", code: "expandedfoods:wildtreecandiedfruit-*",  quantity: 1 },],
    dependsOn: [{ "modid": "acorns" }, { "modid": "wildcrafttrees" }]
 },
 {
   file: "expandedfoods:recipes/kneading/acorns/acornmuffindough.json",
    "side": "server",
    op: "addeach", 
    path: "/2/ingredients/3/inputs/-", 
    value: [{ type: "item", code: "wildcrafttrees:treefruit-*",  quantity: 1 }, { type: "item", code: "expandedfoods:wildtreedryfruit-*",  quantity: 1 }, { type: "item", code: "expandedfoods:wildtreedehydratedfruit-*",  quantity: 1 }, { type: "item", code: "expandedfoods:wildtreecandiedfruit-*",  quantity: 1 },],
    dependsOn: [{ "modid": "acorns" }, { "modid": "wildcrafttrees" }]
 },
 {
   file: "expandedfoods:recipes/kneading/acorns/acornmuffindough.json",
    "side": "server",
    op: "addeach", 
    path: "/3/ingredients/1/inputs/-", 
    value: [{ type: "item", code: "wildcrafttrees:treefruit-*",  quantity: 1 }, { type: "item", code: "expandedfoods:wildtreedryfruit-*",  quantity: 1 }, { type: "item", code: "expandedfoods:wildtreedehydratedfruit-*",  quantity: 1 }, { type: "item", code: "expandedfoods:wildtreecandiedfruit-*",  quantity: 1 }, { type: "item", code: "expandedfoods:gelatin-*", allowedVariants: ["apricot", "citron", "fig", "hawthorn", "coconut", "pomelo", "purpleplum", "quince"], quantity: 1 },],
    dependsOn: [{ "modid": "acorns" }, { "modid": "wildcrafttrees" }]
 },
 {
   file: "expandedfoods:recipes/kneading/acorns/acornmuffindough.json",
    "side": "server",
    op: "addeach", 
    path: "/3/ingredients/2/inputs/-", 
    value: [{ type: "item", code: "wildcrafttrees:treefruit-*",  quantity: 1 }, { type: "item", code: "expandedfoods:wildtreedryfruit-*",  quantity: 1 }, { type: "item", code: "expandedfoods:wildtreedehydratedfruit-*",  quantity: 1 }, { type: "item", code: "expandedfoods:wildtreecandiedfruit-*",  quantity: 1 },],
    dependsOn: [{ "modid": "acorns" }, { "modid": "wildcrafttrees" }]
 },
 {
   file: "expandedfoods:recipes/kneading/acorns/acornmuffindough.json",
    "side": "server",
    op: "addeach", 
    path: "/4/ingredients/1/inputs/-", 
    value: [{ type: "item", code: "wildcrafttrees:treefruit-*",  quantity: 1 }, { type: "item", code: "expandedfoods:wildtreedryfruit-*",  quantity: 1 }, { type: "item", code: "expandedfoods:wildtreedehydratedfruit-*",  quantity: 1 }, { type: "item", code: "expandedfoods:wildtreecandiedfruit-*",  quantity: 1 }, { type: "item", code: "expandedfoods:gelatin-*", allowedVariants: ["apricot", "citron", "fig", "hawthorn", "coconut", "pomelo", "purpleplum", "quince"], quantity: 1 },],
    dependsOn: [{ "modid": "acorns" }, { "modid": "wildcrafttrees" }]
 },
]