﻿[
 {
   file: "expandedfoods:recipes/kneading/wildcraft/wildmuffindough.json",
    op: "add", 
    path: "/0/enabled", 
    value: "false",
    "side": "server",
    dependsOn: [{ "modid": "wildcraft", "invert": true }]
 },
 {
   file: "expandedfoods:recipes/kneading/wildcraft/wildmuffindough.json",
    op: "add", 
    path: "/1/enabled", 
    value: "false",
    "side": "server",
    dependsOn: [{ "modid": "wildcraft", "invert": true }]
 },
 {
   file: "expandedfoods:recipes/kneading/wildcraft/wildmuffindough.json",
    op: "add", 
    path: "/2/enabled", 
    value: "false",
    "side": "server",
    dependsOn: [{ "modid": "wildcraft", "invert": true }]
 },
 {
   file: "expandedfoods:recipes/kneading/wildcraft/wildmuffindough.json",
    op: "add", 
    path: "/3/enabled", 
    value: "false",
    "side": "server",
    dependsOn: [{ "modid": "wildcraft", "invert": true }]
 },
 {
   file: "expandedfoods:recipes/kneading/wildcraft/wildmuffindough.json",
    op: "add", 
    path: "/4/enabled", 
    value: "false",
    "side": "server",
    dependsOn: [{ "modid": "wildcraft", "invert": true }]
 },
 {
   file: "expandedfoods:recipes/kneading/wildcraft/wildmuffindough.json",
    op: "add", 
    path: "/5/enabled", 
    value: "false",
    "side": "server",
    dependsOn: [{ "modid": "wildcraft", "invert": true }]
 },
 {
   file: "expandedfoods:recipes/kneading/wildcraft/wildmuffindough.json",
    op: "add", 
    path: "/6/enabled", 
    value: "false",
    "side": "server",
    dependsOn: [{ "modid": "wildcraft", "invert": true }]
 },
 {
   file: "expandedfoods:recipes/kneading/wildcraft/wildmuffindough.json",
    op: "add", 
    path: "/7/enabled", 
    value: "false",
    "side": "server",
    dependsOn: [{ "modid": "wildcraft", "invert": true }]
 },
 {
   file: "expandedfoods:recipes/kneading/wildcraft/wildmuffindough.json",
    op: "add", 
    path: "/8/enabled", 
    value: "false",
    "side": "server",
    dependsOn: [{ "modid": "wildcraft", "invert": true }]
 },
 {
   file: "expandedfoods:recipes/kneading/wildcraft/wildmuffindough.json",
    op: "add", 
    path: "/9/enabled", 
    value: "false",
    "side": "server",
    dependsOn: [{ "modid": "wildcraft", "invert": true }]
 },
 {
   file: "expandedfoods:recipes/kneading/wildcraft/wildmuffinsyrup.json",
    op: "add", 
    path: "/0/enabled", 
    value: "false",
    "side": "server",
    dependsOn: [{ "modid": "wildcraft", "invert": true }]
 },
 {
   file: "expandedfoods:recipes/kneading/wildcraft/wildbmuffinsyrup.json",
    op: "add", 
    path: "/1/enabled", 
    value: "false",
    "side": "server",
    dependsOn: [{ "modid": "wildcraft", "invert": true }]
 },
 {
   file: "expandedfoods:recipes/kneading/wildcraft/wildmuffinsyrup.json",
    op: "add", 
    path: "/2/enabled", 
    value: "false",
    "side": "server",
    dependsOn: [{ "modid": "wildcraft", "invert": true }]
 },
 {
   file: "expandedfoods:itemtypes/food/mixing/muffin.json",
    op: "add", 
    path: "/textures/fill-huckleberry",
    value: { base: "wildcraft:block/food/pie/fill-huckleberry" },
    "side": "server",
    dependsOn: [{ "modid": "wildcraft" }]
 },
 {
   file: "expandedfoods:itemtypes/food/mixing/muffin.json",
    op: "add", 
    path: "/textures/fill-snowberry",
    value: { base: "wildcraft:block/food/pie/fill-snowberry" },
    "side": "server",
    dependsOn: [{ "modid": "wildcraft" }]
 },
 {
   file: "expandedfoods:itemtypes/food/mixing/muffin.json",
    op: "add", 
    path: "/textures/fill-brambleberry",
    value: { base: "wildcraft:block/food/pie/fill-brambleberry" },
    "side": "server",
    dependsOn: [{ "modid": "wildcraft" }]
 },
 {
   file: "expandedfoods:itemtypes/food/mixing/muffin.json",
    op: "add", 
    path: "/textures/fill-cloudberry",
    value: { base: "wildcraft:block/food/pie/fill-cloudberry" },
    "side": "server",
    dependsOn: [{ "modid": "wildcraft" }]
 },
 {
   file: "expandedfoods:itemtypes/food/mixing/muffin.json",
    op: "add", 
    path: "/textures/fill-dogrose",
    value: { base: "wildcraft:block/food/pie/fill-dogrose" },
    "side": "server",
    dependsOn: [{ "modid": "wildcraft" }]
 },
 {
   file: "expandedfoods:itemtypes/food/mixing/muffin.json",
    op: "add", 
    path: "/textures/fill-elderberry",
    value: { base: "wildcraft:block/food/pie/fill-elderberry" },
    "side": "server",
    dependsOn: [{ "modid": "wildcraft" }]
 },
 {
   file: "expandedfoods:itemtypes/food/mixing/muffin.json",
    op: "add", 
    path: "/textures/fill-gooseberry",
    value: { base: "wildcraft:block/food/pie/fill-gooseberry" },
    "side": "server",
    dependsOn: [{ "modid": "wildcraft" }]
 },
 {
   file: "expandedfoods:itemtypes/food/mixing/muffin.json",
    op: "add", 
    path: "/textures/fill-honeysuckle",
    value: { base: "wildcraft:block/food/pie/fill-honeysuckle" },
    "side": "server",
    dependsOn: [{ "modid": "wildcraft" }]
 },
 {
   file: "expandedfoods:itemtypes/food/mixing/muffin.json",
    op: "add", 
    path: "/textures/fill-strawberry",
    value: { base: "wildcraft:block/food/pie/fill-strawberry" },
    "side": "server",
    dependsOn: [{ "modid": "wildcraft" }]
 },
 {
   file: "expandedfoods:itemtypes/food/mixing/muffin.json",
    op: "add", 
    path: "/textures/fill-raspberry",
    value: { base: "wildcraft:block/food/pie/fill-raspberry" },
    "side": "server",
    dependsOn: [{ "modid": "wildcraft" }]
 },
 {
   file: "expandedfoods:itemtypes/food/mixing/muffin.json",
    op: "add", 
    path: "/textures/fill-blueraspberry",
    value: { base: "wildcraft:block/food/pie/fill-blueraspberry" },
    "side": "server",
    dependsOn: [{ "modid": "wildcraft" }]
 },
 {
   file: "expandedfoods:itemtypes/food/mixing/muffin.json",
    op: "add", 
    path: "/textures/fill-bunchberry",
    value: { base: "wildcraft:block/food/pie/fill-bunchberry" },
    "side": "server",
    dependsOn: [{ "modid": "wildcraft" }]
 },
 {
   file: "expandedfoods:itemtypes/food/mixing/muffin.json",
    op: "add", 
    path: "/textures/fill-crowberry",
    value: { base: "wildcraft:block/food/pie/fill-crowberry" },
    "side": "server",
    dependsOn: [{ "modid": "wildcraft" }]
 },
 {
   file: "expandedfoods:itemtypes/food/mixing/muffin.json",
    op: "add", 
    path: "/textures/fill-husktomato",
    value: { base: "wildcraft:block/food/pie/fill-husktomato" },
    "side": "server",
    dependsOn: [{ "modid": "wildcraft" }]
 },
 {
   file: "expandedfoods:itemtypes/food/mixing/muffin.json",
    op: "add", 
    path: "/textures/fill-wolfberry",
    value: { base: "wildcraft:block/food/pie/fill-wolfberry" },
    "side": "server",
    dependsOn: [{ "modid": "wildcraft" }]
 },
]