{
	code: "stuffedpepper",
  	class: "ExpandedFood",
	maxstacksize: 64,
	variantgroups: [
		{
			code: "type",
			states: [ "bare", "flax", "rice", "rye", "spelt", "cassava", "amaranth", "sunflower", 
				"birch", "pine" ]},
		{ code: "state", states: ["raw", "partbaked", "cooked", "charred", "syruppartbaked", "syrupcooked", "syrupcharred", "oiled"] },
	],
	skipVariants: [
		"stuffedpepper-bare-syruppartbaked",
		"stuffedpepper-bare-syrupcooked",
		"stuffedpepper-bare-syrupcharred",
	],
	attributes: {
  		"expandedNutritionProps": {
			"game:egg-chicken-raw": { saturation: 150, foodcategory: "Protein"},
			"game:salt": {saturation: 10, health: 0.5, foodcategory: "Protein"},
			"game:flour-flax": {saturation: 80, foodcategory: "Grain"},
			"game:flour-rye": {saturation: 150, foodcategory: "Grain"},
			"game:flour-spelt": {saturation: 150, foodcategory: "Grain"},
			"game:flour-cassava": {saturation: 150, foodcategory: "Grain"},
			"game:flour-amaranth": {saturation: 150, foodcategory: "Grain"},
			"game:flour-sunflower": {saturation: 150, foodcategory: "Grain"},
			"game:flour-rice": {saturation: 165, foodcategory: "Grain"},
			"game:flour-pine": {saturation: 150, foodcategory: "Grain"},
			"game:flour-birch": {saturation: 150, foodcategory: "Grain"},
			"acorns:flour-acorn": {saturation: 150, foodcategory: "Grain"},
			"expandedfoods:breadcrumbs-flax": {saturation: 80, foodcategory: "Grain"},
			"expandedfoods:breadcrumbs-rice": {saturation: 160, foodcategory: "Grain"},
			"expandedfoods:breadcrumbs-spelt": {saturation: 150, foodcategory: "Grain"},
			"expandedfoods:breadcrumbs-rye": {saturation: 150, foodcategory: "Grain"},
			"expandedfoods:breadcrumbs-cassava": {saturation: 150, foodcategory: "Grain"},
			"expandedfoods:breadcrumbs-amaranth": {saturation: 150, foodcategory: "Grain"},
			"expandedfoods:breadcrumbs-sunflower": {saturation: 150, foodcategory: "Grain"},
			"expandedfoods:breadcrumbs-birch": {saturation: 150, foodcategory: "Grain"},
			"expandedfoods:breadcrumbs-pine": {saturation: 150, foodcategory: "Grain"},
    		"expandedfoods:foodoilportion-*" : { saturation: 6.4, "health": 0.1, foodcategory: "Fruit" },
    		"expandedfoods:treesyrupportion-*" : { saturation: 9.6, "health": 0.1, foodcategory: "Fruit" },
    		"expandedfoods:fruitsyrupportion-saguaro" : { saturation: 12, "health": 0.2, foodcategory: "Fruit" }, 
      		"expandedfoods:fruitsyrupportion-*" : { saturation: 12, "health": 0.1, foodcategory: "Fruit" },
      		"expandedfoods:wildfruitsyrupportion-*" : { saturation: 12, "health": 0.1, foodcategory: "Fruit" },
      		"expandedfoods:wildtreefruitsyrupportion-*" : { saturation: 12, "health": 0.1, foodcategory: "Fruit" },
    		"expandedfoods:lard" : { saturation: 16, "health": 0.1, foodcategory: "Protein" },
    		"expandedfoods:fishsauce" : { saturation: 5, foodcategory: "Protein" },
    		"expandedfoods:soysauce" : { saturation: 6.4, "health": 0.1, foodcategory: "Protein" },
    		"game:honeyportion" : { saturation: 4, foodcategory: "Fruit" },
			"aculinaryartillery:eggwhiteportion": { saturation: 3, foodcategory: "Protein"},
			"aculinaryartillery:eggyolkportion-chicken": { saturation: 17, foodcategory: "Protein"},
			"aculinaryartillery:eggyolkportion-pheasant": { saturation: 25, foodcategory: "Protein"},
			"aculinaryartillery:eggyolkportion-goldenpheasant": { saturation: 25, foodcategory: "Protein"},
			"aculinaryartillery:eggyolkportion-capercaillie": { saturation: 25, foodcategory: "Protein"},
			"aculinaryartillery:eggyolkfullportion-chicken": { saturation: 20, foodcategory: "Protein"},
			"aculinaryartillery:eggyolkfullportion-pheasant": { saturation: 28, foodcategory: "Protein"},
			"aculinaryartillery:eggyolkfullportion-goldenpheasant": { saturation: 28, foodcategory: "Protein"},
			"aculinaryartillery:eggyolkfullportion-capercaillie": { saturation: 28, foodcategory: "Protein"},
		},
		bakingPropertiesByType: {
			"*-raw": {
				temp: 100,
				levelFrom: 0.0,
				levelTo: 0.25,
				startScaleY: 1.0,
				endScaleY: 1.0,
				resultCode: "expandedfoods:stuffedpepper-{type}-partbaked"
			},
			"*-oiled": {
				temp: 100,
				levelFrom: 0.0,
				levelTo: 0.25,
				startScaleY: 1.0,
				endScaleY: 1.0,
				resultCode: "expandedfoods:stuffedpepper-{type}-partbaked"
			},
			"*-partbaked": {
				temp: 100,
				levelFrom: 0.25,
				levelTo: 0.5,
				startScaleY: 1.0,
				endScaleY: 0.9,
				resultCode: "expandedfoods:stuffedpepper-{type}-cooked",
			},
			"*-cooked": {
				temp: 100,
				levelFrom: 0.5,
				levelTo: 0.75,
				startScaleY: 0.9,
				endScaleY: 0.8,
				resultCode: "expandedfoods:stuffedpepper-{type}-charred",
				initialCode: "expandedfoods:stuffedpepper-{type}-partbaked"
			},
			"*-charred": {
				temp: 100,
				levelFrom: 0.85,
				levelTo: 1.0,
				startScaleY: 0.8,
				endScaleY: 0.7,
				initialCode: "expandedfoods:stuffedpepper-{type}-cooked"
			},
			"*-syruppartbaked": {
				temp: 100,
				levelFrom: 0.25,
				levelTo: 0.5,
				startScaleY: 1.0,
				endScaleY: 0.9,
				resultCode: "expandedfoods:stuffedpepper-{type}-syrupcooked"
			},
			"*-syrupcooked": {
				temp: 100,
				levelFrom: 0.5,
				levelTo: 0.75,
				startScaleY: 0.9,
				endScaleY: 0.8,
				resultCode: "expandedfoods:stuffedpepper-{type}-syrupcharred",
				initialCode: "expandedfoods:stuffedpepper-{type}-syruppartbaked"
			},
			"*-syrupcharred": {
				temp: 100,
				levelFrom: 0.85,
				levelTo: 1.0,
				startScaleY: 0.8,
				endScaleY: 0.7,
				initialCode: "expandedfoods:stuffedpepper-{type}-syrupcooked"
			}
		},
		onDisplayTransformByType: {
			"*": {
				translation: { x: 0, y: 0, z: 0 },
				scale: 1 
			},
		},
		renderIngredientsByType: {
			"*-raw": {
				"game:vegetable-bellpepper": "expandedfoods:shapes/item/food/stuffedbellpepper/stuffedbellpepper.json",
				"game:grain-amaranth": "expandedfoods:shapes/item/food/stuffedbellpepper/amaranth.json",
				"game:grain-cassava": "expandedfoods:shapes/item/food/stuffedbellpepper/cassavagrain.json",
				"game:grain-flax": "expandedfoods:shapes/item/food/stuffedbellpepper/flax.json",
				"game:grain-rice": "expandedfoods:shapes/item/food/stuffedbellpepper/rice.json",
				"game:grain-rye": "expandedfoods:shapes/item/food/stuffedbellpepper/rye.json",
				"game:grain-spelt": "expandedfoods:shapes/item/food/stuffedbellpepper/spelt.json",
				"game:grain-sunflower": "expandedfoods:shapes/item/food/stuffedbellpepper/sunflower.json",
				"game:pickledvegetable-bellpepper": "expandedfoods:shapes/item/food/stuffedbellpepper/bellpepper.json",
				"game:pickledvegetable-cabbage": "expandedfoods:shapes/item/food/stuffedbellpepper/bellpepper.json",
				"expandedfoods:choppedvegetable-bellpepper": "expandedfoods:shapes/item/food/stuffedbellpepper/bellpepper.json",
				"expandedfoods:choppedvegetable-cabbage": "expandedfoods:shapes/item/food/stuffedbellpepper/cabbage.json",
				"expandedfoods:choppedvegetable-carrot": "expandedfoods:shapes/item/food/stuffedbellpepper/carrot.json",
				"expandedfoods:choppedvegetable-onion": "expandedfoods:shapes/item/food/stuffedbellpepper/onion.json",
				"expandedfoods:choppedvegetable-parsnip": "expandedfoods:shapes/item/food/stuffedbellpepper/parsnip.json",
				"expandedfoods:choppedvegetable-pumpkin": "expandedfoods:shapes/item/food/stuffedbellpepper/pumpkin.json",
				"expandedfoods:choppedvegetable-turnip": "expandedfoods:shapes/item/food/stuffedbellpepper/turnip.json",
				"expandedfoods:choppedvegetable-cassava": "expandedfoods:shapes/item/food/stuffedbellpepper/cassava.json",
				"expandedfoods:choppedmushroom-blacktrumpet": "expandedfoods:shapes/item/food/stuffedbellpepper/mushroomblack.json",
				"expandedfoods:choppedmushroom-chanterelle": "expandedfoods:shapes/item/food/stuffedbellpepper/mushroomyellow.json",
				"expandedfoods:choppedmushroom-chickenofthewoods": "expandedfoods:shapes/item/food/stuffedbellpepper/mushroomyellow.json",
				"expandedfoods:choppedmushroom-golddropmilkcap": "expandedfoods:shapes/item/food/stuffedbellpepper/mushroomyellow.json",
				"expandedfoods:choppedmushroom-jackolantern": "expandedfoods:shapes/item/food/stuffedbellpepper/mushroomyellow.json",
				"expandedfoods:choppedmushroom-saffronmilkcap": "expandedfoods:shapes/item/food/stuffedbellpepper/mushroomyellow.json",
				"expandedfoods:choppedmushroom-beardedtooth": "expandedfoods:shapes/item/food/stuffedbellpepper/mushroomoffwhite.json",
				"expandedfoods:choppedmushroom-deathcap": "expandedfoods:shapes/item/food/stuffedbellpepper/mushroomoffwhite.json",
				"expandedfoods:choppedmushroom-livermushroom": "expandedfoods:shapes/item/food/stuffedbellpepper/mushroomoffwhite.json",
				"expandedfoods:choppedmushroom-puffball": "expandedfoods:shapes/item/food/stuffedbellpepper/mushroomoffwhite.json",
				"expandedfoods:choppedmushroom-whiteoyster": "expandedfoods:shapes/item/food/stuffedbellpepper/mushroomoffwhite.json",
				"expandedfoods:choppedmushroom-deerear": "expandedfoods:shapes/item/food/stuffedbellpepper/mushroomorange.json",
				"expandedfoods:choppedmushroom-devilbolete": "expandedfoods:shapes/item/food/stuffedbellpepper/mushroomorange.json",
				"expandedfoods:choppedmushroom-funeralbell": "expandedfoods:shapes/item/food/stuffedbellpepper/mushroomorange.json",
				"expandedfoods:choppedmushroom-orangeoakbolete": "expandedfoods:shapes/item/food/stuffedbellpepper/mushroomorange.json",
				"expandedfoods:choppedmushroom-devilstooth": "expandedfoods:shapes/item/food/stuffedbellpepper/mushroomdevilstooth.json",
				"expandedfoods:choppedmushroom-elfinsaddle": "expandedfoods:shapes/item/food/stuffedbellpepper/mushroomred.json",
				"expandedfoods:choppedmushroom-redwinecap": "expandedfoods:shapes/item/food/stuffedbellpepper/mushroomred.json",
				"expandedfoods:choppedmushroom-witchhat": "expandedfoods:shapes/item/food/stuffedbellpepper/mushroomred.json",
				"expandedfoods:choppedmushroom-greencrackedrussula": "expandedfoods:shapes/item/food/stuffedbellpepper/mushroomgreen.json",
				"expandedfoods:choppedmushroom-indigomilkcap": "expandedfoods:shapes/item/food/stuffedbellpepper/mushroomblue.json",
				"expandedfoods:choppedmushroom-tinderhoof": "expandedfoods:shapes/item/food/stuffedbellpepper/mushroomblue.json",
				"expandedfoods:choppedmushroom-lobster": "expandedfoods:shapes/item/food/stuffedbellpepper/mushroomlobster.json",
				"expandedfoods:choppedmushroom-pinkbonnet": "expandedfoods:shapes/item/food/stuffedbellpepper/mushroompink.json",
				"expandedfoods:choppedmushroom-pinkoyster": "expandedfoods:shapes/item/food/stuffedbellpepper/mushroompink.json",
				"expandedfoods:choppedmushroom-bitterbolete": "expandedfoods:shapes/item/food/stuffedbellpepper/mushroombrown.json",
				"expandedfoods:choppedmushroom-blackmushroom": "expandedfoods:shapes/item/food/stuffedbellpepper/mushroombrown.json",
				"expandedfoods:choppedmushroom-bolete": "expandedfoods:shapes/item/food/stuffedbellpepper/mushroombrown.json",
				"expandedfoods:choppedmushroom-commonmorel": "expandedfoods:shapes/item/food/stuffedbellpepper/mushroombrown.json",
				"expandedfoods:choppedmushroom-dryadsaddle": "expandedfoods:shapes/item/food/stuffedbellpepper/mushroombrown.json",
				"expandedfoods:choppedmushroom-earthball": "expandedfoods:shapes/item/food/stuffedbellpepper/mushroombrown.json",
				"expandedfoods:choppedmushroom-kingbolete": "expandedfoods:shapes/item/food/stuffedbellpepper/mushroombrown.json",
				"expandedfoods:choppedmushroom-reishi": "expandedfoods:shapes/item/food/stuffedbellpepper/mushroombrown.json",
				"expandedfoods:choppedmushroom-sagemushroom": "expandedfoods:shapes/item/food/stuffedbellpepper/mushroombrown.json",
				"expandedfoods:choppedmushroom-shiitake": "expandedfoods:shapes/item/food/stuffedbellpepper/mushroombrown.json",
				"expandedfoods:choppedmushroom-almondmushroom": "expandedfoods:shapes/item/food/stuffedbellpepper/mushroomwhite.json",
				"expandedfoods:choppedmushroom-paddystraw": "expandedfoods:shapes/item/food/stuffedbellpepper/mushroomwhite.json",
				"expandedfoods:choppedmushroom-violetwebcap": "expandedfoods:shapes/item/food/stuffedbellpepper/mushroompurple.json",
				"expandedfoods:choppedmushroom-fieldmushroom": "expandedfoods:shapes/item/food/stuffedbellpepper/fieldmushroom.json",
				"expandedfoods:choppedmushroom-flyagaric": "expandedfoods:shapes/item/food/stuffedbellpepper/flyagaric.json",
				"expandedfoods:dryfruit-blackcurrant": "expandedfoods:shapes/item/food/stuffedbellpepper/blackcurrant.json",
				"expandedfoods:dryfruit-blueberry": "expandedfoods:shapes/item/food/stuffedbellpepper/blueberry.json",
				"expandedfoods:dryfruit-cranberry": "expandedfoods:shapes/item/food/stuffedbellpepper/cranberry.json",
				"expandedfoods:dryfruit-redcurrant": "expandedfoods:shapes/item/food/stuffedbellpepper/redcurrant.json",
				"expandedfoods:dryfruit-saguaro": "expandedfoods:shapes/item/food/stuffedbellpepper/cactifruit.json",
				"expandedfoods:dryfruit-whitecurrant": "expandedfoods:shapes/item/food/stuffedbellpepper/whitecurrant.json",
				"expandedfoods:dryfruit-pineapple": "expandedfoods:shapes/item/food/stuffedbellpepper/pineapple.json",
				"expandedfoods:dryfruit-redapple": "expandedfoods:shapes/item/food/stuffedbellpepper/apple.json",
				"expandedfoods:dryfruit-pinkapple": "expandedfoods:shapes/item/food/stuffedbellpepper/apple.json",
				"expandedfoods:dryfruit-yellowapple": "expandedfoods:shapes/item/food/stuffedbellpepper/apple.json",
				"expandedfoods:dryfruit-breadfruit": "expandedfoods:shapes/item/food/stuffedbellpepper/breadfruit.json",
				"expandedfoods:dryfruit-cherry": "expandedfoods:shapes/item/food/stuffedbellpepper/cherry.json",
				"expandedfoods:dryfruit-lychee": "expandedfoods:shapes/item/food/stuffedbellpepper/lychee.json",
				"expandedfoods:dryfruit-mango": "expandedfoods:shapes/item/food/stuffedbellpepper/mango.json",
				"expandedfoods:dryfruit-orange": "expandedfoods:shapes/item/food/stuffedbellpepper/orange.json",
				"expandedfoods:dryfruit-peach": "expandedfoods:shapes/item/food/stuffedbellpepper/peach.json",
				"expandedfoods:dryfruit-pear": "expandedfoods:shapes/item/food/stuffedbellpepper/pear.json",
				"expandedfoods:dryfruit-pomegranate": "expandedfoods:shapes/item/food/stuffedbellpepper/pomegranate.json",
				"expandedfoods:dehydratedfruit-blackcurrant": "expandedfoods:shapes/item/food/stuffedbellpepper/blackcurrant.json",
				"expandedfoods:dehydratedfruit-blueberry": "expandedfoods:shapes/item/food/stuffedbellpepper/blueberry.json",
				"expandedfoods:dehydratedfruit-cranberry": "expandedfoods:shapes/item/food/stuffedbellpepper/cranberry.json",
				"expandedfoods:dehydratedfruit-redcurrant": "expandedfoods:shapes/item/food/stuffedbellpepper/redcurrant.json",
				"expandedfoods:dehydratedfruit-saguaro": "expandedfoods:shapes/item/food/stuffedbellpepper/cactifruit.json",
				"expandedfoods:dehydratedfruit-whitecurrant": "expandedfoods:shapes/item/food/stuffedbellpepper/whitecurrant.json",
				"expandedfoods:dehydratedfruit-pineapple": "expandedfoods:shapes/item/food/stuffedbellpepper/pineapple.json",
				"expandedfoods:dehydratedfruit-redapple": "expandedfoods:shapes/item/food/stuffedbellpepper/apple.json",
				"expandedfoods:dehydratedfruit-pinkapple": "expandedfoods:shapes/item/food/stuffedbellpepper/apple.json",
				"expandedfoods:dehydratedfruit-yellowapple": "expandedfoods:shapes/item/food/stuffedbellpepper/apple.json",
				"expandedfoods:dehydratedfruit-breadfruit": "expandedfoods:shapes/item/food/stuffedbellpepper/breadfruit.json",
				"expandedfoods:dehydratedfruit-cherry": "expandedfoods:shapes/item/food/stuffedbellpepper/cherry.json",
				"expandedfoods:dehydratedfruit-lychee": "expandedfoods:shapes/item/food/stuffedbellpepper/lychee.json",
				"expandedfoods:dehydratedfruit-mango": "expandedfoods:shapes/item/food/stuffedbellpepper/mango.json",
				"expandedfoods:dehydratedfruit-orange": "expandedfoods:shapes/item/food/stuffedbellpepper/orange.json",
				"expandedfoods:dehydratedfruit-peach": "expandedfoods:shapes/item/food/stuffedbellpepper/peach.json",
				"expandedfoods:dehydratedfruit-pear": "expandedfoods:shapes/item/food/stuffedbellpepper/pear.json",
				"expandedfoods:dehydratedfruit-pomegranate": "expandedfoods:shapes/item/food/stuffedbellpepper/pomegranate.json",
				"game:fruit-pineapple": "expandedfoods:shapes/item/food/stuffedbellpepper/pineapple.json",
				"game:cheese-cheddar-1slice": "expandedfoods:shapes/item/food/stuffedbellpepper/cheddar.json",
				"game:cheese-blue-1slice": "expandedfoods:shapes/item/food/stuffedbellpepper/bluecheese.json",
				"game:cottagecheeseportion": "expandedfoods:shapes/item/food/stuffedbellpepper/cottagecheese.json",
				"expandedfoods:meatnugget-bushmeat-raw": "expandedfoods:shapes/item/food/stuffedbellpepper/bushmeat.json",
				"expandedfoods:meatnugget-poultry-raw": "expandedfoods:shapes/item/food/stuffedbellpepper/poultry.json",
				"expandedfoods:meatnugget-redmeat-raw": "expandedfoods:shapes/item/food/stuffedbellpepper/redmeat.json",
				"expandedfoods:meatnugget-bushmeat-cured": "expandedfoods:shapes/item/food/stuffedbellpepper/bushmeat.json",
				"expandedfoods:meatnugget-poultry-cured": "expandedfoods:shapes/item/food/stuffedbellpepper/poultry.json",
				"expandedfoods:meatnugget-redmeat-cured": "expandedfoods:shapes/item/food/stuffedbellpepper/redmeat.json",
				"expandedfoods:agedmeat-bushmeat-raw": "expandedfoods:shapes/item/food/stuffedbellpepper/bushmeat.json",
				"expandedfoods:agedmeat-poultry-raw": "expandedfoods:shapes/item/food/stuffedbellpepper/poultry.json",
				"expandedfoods:agedmeat-redmeat-raw": "expandedfoods:shapes/item/food/stuffedbellpepper/redmeat.json",
				"expandedfoods:fishnugget-raw": "expandedfoods:shapes/item/food/stuffedbellpepper/fish.json",
				"expandedfoods:wilddryfruit-elderberry": "expandedfoods:shapes/item/food/stuffedbellpepper/elderberry.json",
				"expandedfoods:wilddryfruit-snowberry": "expandedfoods:shapes/item/food/stuffedbellpepper/snowberry.json",
				"expandedfoods:wilddryfruit-cloudberry": "expandedfoods:shapes/item/food/stuffedbellpepper/cloudberry.json",
				"expandedfoods:wilddryfruit-raspberry": "expandedfoods:shapes/item/food/stuffedbellpepper/raspberry.json",
				"expandedfoods:wilddryfruit-dogrose": "expandedfoods:shapes/item/food/stuffedbellpepper/dogrose.json",
				"expandedfoods:wilddryfruit-brambleberry": "expandedfoods:shapes/item/food/stuffedbellpepper/brambleberry.json",
				"expandedfoods:wilddryfruit-honeysuckle": "expandedfoods:shapes/item/food/stuffedbellpepper/honeysuckle.json",
				"expandedfoods:wilddryfruit-gooseberry": "expandedfoods:shapes/item/food/stuffedbellpepper/gooseberry.json",
				"expandedfoods:wilddryfruit-huckleberry": "expandedfoods:shapes/item/food/stuffedbellpepper/huckleberry.json",
				"expandedfoods:wilddryfruit-strawberry": "expandedfoods:shapes/item/food/stuffedbellpepper/strawberry.json",
				"expandedfoods:wilddryfruit-blueraspberry": "expandedfoods:shapes/item/food/stuffedbellpepper/blueraspberry.json",
				"expandedfoods:wilddryfruit-bunchberry": "expandedfoods:shapes/item/food/stuffedbellpepper/bunchberry.json",
				"expandedfoods:wilddryfruit-crowberry": "expandedfoods:shapes/item/food/stuffedbellpepper/crowberry.json",
				"expandedfoods:wilddryfruit-husktomato": "expandedfoods:shapes/item/food/stuffedbellpepper/husktomato.json",
				"expandedfoods:wilddryfruit-wolfberry": "expandedfoods:shapes/item/food/stuffedbellpepper/wolfberry.json",
				"expandedfoods:wilddehydratedfruit-elderberry": "expandedfoods:shapes/item/food/stuffedbellpepper/elderberry.json",
				"expandedfoods:wilddehydratedfruit-snowberry": "expandedfoods:shapes/item/food/stuffedbellpepper/snowberry.json",
				"expandedfoods:wilddehydratedfruit-cloudberry": "expandedfoods:shapes/item/food/stuffedbellpepper/cloudberry.json",
				"expandedfoods:wilddehydratedfruit-raspberry": "expandedfoods:shapes/item/food/stuffedbellpepper/raspberry.json",
				"expandedfoods:wilddehydratedfruit-dogrose": "expandedfoods:shapes/item/food/stuffedbellpepper/dogrose.json",
				"expandedfoods:wilddehydratedfruit-brambleberry": "expandedfoods:shapes/item/food/stuffedbellpepper/brambleberry.json",
				"expandedfoods:wilddehydratedfruit-honeysuckle": "expandedfoods:shapes/item/food/stuffedbellpepper/honeysuckle.json",
				"expandedfoods:wilddehydratedfruit-gooseberry": "expandedfoods:shapes/item/food/stuffedbellpepper/gooseberry.json",
				"expandedfoods:wilddehydratedfruit-huckleberry": "expandedfoods:shapes/item/food/stuffedbellpepper/huckleberry.json",
				"expandedfoods:wilddehydratedfruit-strawberry": "expandedfoods:shapes/item/food/stuffedbellpepper/strawberry.json",
				"expandedfoods:wilddehydratedfruit-blueraspberry": "expandedfoods:shapes/item/food/stuffedbellpepper/blueraspberry.json",
				"expandedfoods:wilddehydratedfruit-bunchberry": "expandedfoods:shapes/item/food/stuffedbellpepper/bunchberry.json",
				"expandedfoods:wilddehydratedfruit-crowberry": "expandedfoods:shapes/item/food/stuffedbellpepper/crowberry.json",
				"expandedfoods:wilddehydratedfruit-husktomato": "expandedfoods:shapes/item/food/stuffedbellpepper/husktomato.json",
				"expandedfoods:wilddehydratedfruit-wolfberry": "expandedfoods:shapes/item/food/stuffedbellpepper/wolfberry.json",
				"expandedfoods:wildtreedryfruit-almond": "expandedfoods:shapes/item/food/stuffedbellpepper/almond.json",
				"expandedfoods:wildtreedryfruit-apricot": "expandedfoods:shapes/item/food/stuffedbellpepper/apricot.json",
				"expandedfoods:wildtreedryfruit-citron": "expandedfoods:shapes/item/food/stuffedbellpepper/citron.json",
				"expandedfoods:wildtreedryfruit-cocoa": "expandedfoods:shapes/item/food/stuffedbellpepper/cocoa.json",
				"expandedfoods:wildtreedryfruit-coconut": "expandedfoods:shapes/item/food/stuffedbellpepper/coconut.json",
				"expandedfoods:wildtreedryfruit-commonhackberry": "expandedfoods:shapes/item/food/stuffedbellpepper/commonhackberry.json",
				"expandedfoods:wildtreedryfruit-fig": "expandedfoods:shapes/item/food/stuffedbellpepper/fig.json",
				"expandedfoods:wildtreedryfruit-hawthorn": "expandedfoods:shapes/item/food/stuffedbellpepper/hawthorn.json",
				"expandedfoods:wildtreedryfruit-hazelnut": "expandedfoods:shapes/item/food/stuffedbellpepper/hazelnut.json",
				"expandedfoods:wildtreedryfruit-pomelo": "expandedfoods:shapes/item/food/stuffedbellpepper/pomelo.json",
				"expandedfoods:wildtreedryfruit-purpleplum": "expandedfoods:shapes/item/food/stuffedbellpepper/purpleplum.json",
				"expandedfoods:wildtreedryfruit-quince": "expandedfoods:shapes/item/food/stuffedbellpepper/quince.json",
				"expandedfoods:wildtreedryfruit-sugarhackberry": "expandedfoods:shapes/item/food/stuffedbellpepper/sugarhackberry.json",
				"expandedfoods:wildtreedehydratedfruit-apricot": "expandedfoods:shapes/item/food/stuffedbellpepper/apricot.json",
				"expandedfoods:wildtreedehydratedfruit-citron": "expandedfoods:shapes/item/food/stuffedbellpepper/citron.json",
				"expandedfoods:wildtreedehydratedfruit-coconut": "expandedfoods:shapes/item/food/stuffedbellpepper/coconut.json",
				"expandedfoods:wildtreedehydratedfruit-fig": "expandedfoods:shapes/item/food/stuffedbellpepper/fig.json",
				"expandedfoods:wildtreedehydratedfruit-hawthorn": "expandedfoods:shapes/item/food/stuffedbellpepper/hawthorn.json",
				"expandedfoods:wildtreedehydratedfruit-pomelo": "expandedfoods:shapes/item/food/stuffedbellpepper/pomelo.json",
				"expandedfoods:wildtreedehydratedfruit-purpleplum": "expandedfoods:shapes/item/food/stuffedbellpepper/purpleplum.json",
				"expandedfoods:wildtreedehydratedfruit-quince": "expandedfoods:shapes/item/food/stuffedbellpepper/quince.json",
				"wildcraft:minerslettuce": "expandedfoods:shapes/item/food/stuffedbellpepper/cabbage.json",
			},
			"*": {
				"game:vegetable-bellpepper": "expandedfoods:shapes/item/food/stuffedbellpepper/stuffedbellpepper.json",
				"game:grain-amaranth": "expandedfoods:shapes/item/food/stuffedbellpepper/amaranth.json",
				"game:grain-cassava": "expandedfoods:shapes/item/food/stuffedbellpepper/cassavagrain.json",
				"game:grain-flax": "expandedfoods:shapes/item/food/stuffedbellpepper/flax.json",
				"game:grain-rice": "expandedfoods:shapes/item/food/stuffedbellpepper/rice.json",
				"game:grain-rye": "expandedfoods:shapes/item/food/stuffedbellpepper/rye.json",
				"game:grain-spelt": "expandedfoods:shapes/item/food/stuffedbellpepper/spelt.json",
				"game:grain-sunflower": "expandedfoods:shapes/item/food/stuffedbellpepper/sunflower.json",
				"game:pickledvegetable-bellpepper": "expandedfoods:shapes/item/food/stuffedbellpepper/bellpepper.json",
				"game:pickledvegetable-cabbage": "expandedfoods:shapes/item/food/stuffedbellpepper/bellpepper.json",
				"expandedfoods:choppedvegetable-bellpepper": "expandedfoods:shapes/item/food/stuffedbellpepper/bellpepper.json",
				"expandedfoods:choppedvegetable-cabbage": "expandedfoods:shapes/item/food/stuffedbellpepper/cabbage.json",
				"expandedfoods:choppedvegetable-carrot": "expandedfoods:shapes/item/food/stuffedbellpepper/carrot.json",
				"expandedfoods:choppedvegetable-onion": "expandedfoods:shapes/item/food/stuffedbellpepper/onion.json",
				"expandedfoods:choppedvegetable-parsnip": "expandedfoods:shapes/item/food/stuffedbellpepper/parsnip.json",
				"expandedfoods:choppedvegetable-pumpkin": "expandedfoods:shapes/item/food/stuffedbellpepper/pumpkin.json",
				"expandedfoods:choppedvegetable-turnip": "expandedfoods:shapes/item/food/stuffedbellpepper/turnip.json",
				"expandedfoods:choppedvegetable-cassava": "expandedfoods:shapes/item/food/stuffedbellpepper/cassava.json",
				"expandedfoods:choppedmushroom-blacktrumpet": "expandedfoods:shapes/item/food/stuffedbellpepper/mushroomblack.json",
				"expandedfoods:choppedmushroom-chanterelle": "expandedfoods:shapes/item/food/stuffedbellpepper/mushroomyellow.json",
				"expandedfoods:choppedmushroom-chickenofthewoods": "expandedfoods:shapes/item/food/stuffedbellpepper/mushroomyellow.json",
				"expandedfoods:choppedmushroom-golddropmilkcap": "expandedfoods:shapes/item/food/stuffedbellpepper/mushroomyellow.json",
				"expandedfoods:choppedmushroom-jackolantern": "expandedfoods:shapes/item/food/stuffedbellpepper/mushroomyellow.json",
				"expandedfoods:choppedmushroom-saffronmilkcap": "expandedfoods:shapes/item/food/stuffedbellpepper/mushroomyellow.json",
				"expandedfoods:choppedmushroom-beardedtooth": "expandedfoods:shapes/item/food/stuffedbellpepper/mushroomoffwhite.json",
				"expandedfoods:choppedmushroom-deathcap": "expandedfoods:shapes/item/food/stuffedbellpepper/mushroomoffwhite.json",
				"expandedfoods:choppedmushroom-livermushroom": "expandedfoods:shapes/item/food/stuffedbellpepper/mushroomoffwhite.json",
				"expandedfoods:choppedmushroom-puffball": "expandedfoods:shapes/item/food/stuffedbellpepper/mushroomoffwhite.json",
				"expandedfoods:choppedmushroom-whiteoyster": "expandedfoods:shapes/item/food/stuffedbellpepper/mushroomoffwhite.json",
				"expandedfoods:choppedmushroom-deerear": "expandedfoods:shapes/item/food/stuffedbellpepper/mushroomorange.json",
				"expandedfoods:choppedmushroom-devilbolete": "expandedfoods:shapes/item/food/stuffedbellpepper/mushroomorange.json",
				"expandedfoods:choppedmushroom-funeralbell": "expandedfoods:shapes/item/food/stuffedbellpepper/mushroomorange.json",
				"expandedfoods:choppedmushroom-orangeoakbolete": "expandedfoods:shapes/item/food/stuffedbellpepper/mushroomorange.json",
				"expandedfoods:choppedmushroom-devilstooth": "expandedfoods:shapes/item/food/stuffedbellpepper/mushroomdevilstooth.json",
				"expandedfoods:choppedmushroom-elfinsaddle": "expandedfoods:shapes/item/food/stuffedbellpepper/mushroomred.json",
				"expandedfoods:choppedmushroom-redwinecap": "expandedfoods:shapes/item/food/stuffedbellpepper/mushroomred.json",
				"expandedfoods:choppedmushroom-witchhat": "expandedfoods:shapes/item/food/stuffedbellpepper/mushroomred.json",
				"expandedfoods:choppedmushroom-greencrackedrussula": "expandedfoods:shapes/item/food/stuffedbellpepper/mushroomgreen.json",
				"expandedfoods:choppedmushroom-indigomilkcap": "expandedfoods:shapes/item/food/stuffedbellpepper/mushroomblue.json",
				"expandedfoods:choppedmushroom-tinderhoof": "expandedfoods:shapes/item/food/stuffedbellpepper/mushroomblue.json",
				"expandedfoods:choppedmushroom-lobster": "expandedfoods:shapes/item/food/stuffedbellpepper/mushroomlobster.json",
				"expandedfoods:choppedmushroom-pinkbonnet": "expandedfoods:shapes/item/food/stuffedbellpepper/mushroompink.json",
				"expandedfoods:choppedmushroom-pinkoyster": "expandedfoods:shapes/item/food/stuffedbellpepper/mushroompink.json",
				"expandedfoods:choppedmushroom-bitterbolete": "expandedfoods:shapes/item/food/stuffedbellpepper/mushroombrown.json",
				"expandedfoods:choppedmushroom-blackmushroom": "expandedfoods:shapes/item/food/stuffedbellpepper/mushroombrown.json",
				"expandedfoods:choppedmushroom-bolete": "expandedfoods:shapes/item/food/stuffedbellpepper/mushroombrown.json",
				"expandedfoods:choppedmushroom-commonmorel": "expandedfoods:shapes/item/food/stuffedbellpepper/mushroombrown.json",
				"expandedfoods:choppedmushroom-dryadsaddle": "expandedfoods:shapes/item/food/stuffedbellpepper/mushroombrown.json",
				"expandedfoods:choppedmushroom-earthball": "expandedfoods:shapes/item/food/stuffedbellpepper/mushroombrown.json",
				"expandedfoods:choppedmushroom-kingbolete": "expandedfoods:shapes/item/food/stuffedbellpepper/mushroombrown.json",
				"expandedfoods:choppedmushroom-reishi": "expandedfoods:shapes/item/food/stuffedbellpepper/mushroombrown.json",
				"expandedfoods:choppedmushroom-sagemushroom": "expandedfoods:shapes/item/food/stuffedbellpepper/mushroombrown.json",
				"expandedfoods:choppedmushroom-shiitake": "expandedfoods:shapes/item/food/stuffedbellpepper/mushroombrown.json",
				"expandedfoods:choppedmushroom-almondmushroom": "expandedfoods:shapes/item/food/stuffedbellpepper/mushroomwhite.json",
				"expandedfoods:choppedmushroom-paddystraw": "expandedfoods:shapes/item/food/stuffedbellpepper/mushroomwhite.json",
				"expandedfoods:choppedmushroom-violetwebcap": "expandedfoods:shapes/item/food/stuffedbellpepper/mushroompurple.json",
				"expandedfoods:choppedmushroom-fieldmushroom": "expandedfoods:shapes/item/food/stuffedbellpepper/fieldmushroom.json",
				"expandedfoods:choppedmushroom-flyagaric": "expandedfoods:shapes/item/food/stuffedbellpepper/flyagaric.json",
				"expandedfoods:dryfruit-blackcurrant": "expandedfoods:shapes/item/food/stuffedbellpepper/blackcurrant.json",
				"expandedfoods:dryfruit-blueberry": "expandedfoods:shapes/item/food/stuffedbellpepper/blueberry.json",
				"expandedfoods:dryfruit-cranberry": "expandedfoods:shapes/item/food/stuffedbellpepper/cranberry.json",
				"expandedfoods:dryfruit-redcurrant": "expandedfoods:shapes/item/food/stuffedbellpepper/redcurrant.json",
				"expandedfoods:dryfruit-saguaro": "expandedfoods:shapes/item/food/stuffedbellpepper/cactifruit.json",
				"expandedfoods:dryfruit-whitecurrant": "expandedfoods:shapes/item/food/stuffedbellpepper/whitecurrant.json",
				"expandedfoods:dryfruit-pineapple": "expandedfoods:shapes/item/food/stuffedbellpepper/pineapple.json",
				"expandedfoods:dryfruit-redapple": "expandedfoods:shapes/item/food/stuffedbellpepper/apple.json",
				"expandedfoods:dryfruit-pinkapple": "expandedfoods:shapes/item/food/stuffedbellpepper/apple.json",
				"expandedfoods:dryfruit-yellowapple": "expandedfoods:shapes/item/food/stuffedbellpepper/apple.json",
				"expandedfoods:dryfruit-breadfruit": "expandedfoods:shapes/item/food/stuffedbellpepper/breadfruit.json",
				"expandedfoods:dryfruit-cherry": "expandedfoods:shapes/item/food/stuffedbellpepper/cherry.json",
				"expandedfoods:dryfruit-lychee": "expandedfoods:shapes/item/food/stuffedbellpepper/lychee.json",
				"expandedfoods:dryfruit-mango": "expandedfoods:shapes/item/food/stuffedbellpepper/mango.json",
				"expandedfoods:dryfruit-orange": "expandedfoods:shapes/item/food/stuffedbellpepper/orange.json",
				"expandedfoods:dryfruit-peach": "expandedfoods:shapes/item/food/stuffedbellpepper/peach.json",
				"expandedfoods:dryfruit-pear": "expandedfoods:shapes/item/food/stuffedbellpepper/pear.json",
				"expandedfoods:dryfruit-pomegranate": "expandedfoods:shapes/item/food/stuffedbellpepper/pomegranate.json",
				"expandedfoods:dehydratedfruit-blackcurrant": "expandedfoods:shapes/item/food/stuffedbellpepper/blackcurrant.json",
				"expandedfoods:dehydratedfruit-blueberry": "expandedfoods:shapes/item/food/stuffedbellpepper/blueberry.json",
				"expandedfoods:dehydratedfruit-cranberry": "expandedfoods:shapes/item/food/stuffedbellpepper/cranberry.json",
				"expandedfoods:dehydratedfruit-redcurrant": "expandedfoods:shapes/item/food/stuffedbellpepper/redcurrant.json",
				"expandedfoods:dehydratedfruit-saguaro": "expandedfoods:shapes/item/food/stuffedbellpepper/cactifruit.json",
				"expandedfoods:dehydratedfruit-whitecurrant": "expandedfoods:shapes/item/food/stuffedbellpepper/whitecurrant.json",
				"expandedfoods:dehydratedfruit-pineapple": "expandedfoods:shapes/item/food/stuffedbellpepper/pineapple.json",
				"expandedfoods:dehydratedfruit-redapple": "expandedfoods:shapes/item/food/stuffedbellpepper/apple.json",
				"expandedfoods:dehydratedfruit-pinkapple": "expandedfoods:shapes/item/food/stuffedbellpepper/apple.json",
				"expandedfoods:dehydratedfruit-yellowapple": "expandedfoods:shapes/item/food/stuffedbellpepper/apple.json",
				"expandedfoods:dehydratedfruit-breadfruit": "expandedfoods:shapes/item/food/stuffedbellpepper/breadfruit.json",
				"expandedfoods:dehydratedfruit-cherry": "expandedfoods:shapes/item/food/stuffedbellpepper/cherry.json",
				"expandedfoods:dehydratedfruit-lychee": "expandedfoods:shapes/item/food/stuffedbellpepper/lychee.json",
				"expandedfoods:dehydratedfruit-mango": "expandedfoods:shapes/item/food/stuffedbellpepper/mango.json",
				"expandedfoods:dehydratedfruit-orange": "expandedfoods:shapes/item/food/stuffedbellpepper/orange.json",
				"expandedfoods:dehydratedfruit-peach": "expandedfoods:shapes/item/food/stuffedbellpepper/peach.json",
				"expandedfoods:dehydratedfruit-pear": "expandedfoods:shapes/item/food/stuffedbellpepper/pear.json",
				"expandedfoods:dehydratedfruit-pomegranate": "expandedfoods:shapes/item/food/stuffedbellpepper/pomegranate.json",
				"game:fruit-pineapple": "expandedfoods:shapes/item/food/stuffedbellpepper/pineapple.json",
				"game:cheese-cheddar-1slice": "expandedfoods:shapes/item/food/stuffedbellpepper/cheddarmelt.json",
				"game:cheese-blue-1slice": "expandedfoods:shapes/item/food/stuffedbellpepper/bluespread.json",
				"game:cottagecheeseportion": "expandedfoods:shapes/item/food/stuffedbellpepper/cottagespread.json",
				"expandedfoods:meatnugget-bushmeat-raw": "expandedfoods:shapes/item/food/stuffedbellpepper/bushmeat.json",
				"expandedfoods:meatnugget-poultry-raw": "expandedfoods:shapes/item/food/stuffedbellpepper/poultry.json",
				"expandedfoods:meatnugget-redmeat-raw": "expandedfoods:shapes/item/food/stuffedbellpepper/redmeat.json",
				"expandedfoods:meatnugget-bushmeat-cured": "expandedfoods:shapes/item/food/stuffedbellpepper/bushmeat.json",
				"expandedfoods:meatnugget-poultry-cured": "expandedfoods:shapes/item/food/stuffedbellpepper/poultry.json",
				"expandedfoods:meatnugget-redmeat-cured": "expandedfoods:shapes/item/food/stuffedbellpepper/redmeat.json",
				"expandedfoods:agedmeat-bushmeat-raw": "expandedfoods:shapes/item/food/stuffedbellpepper/bushmeat.json",
				"expandedfoods:agedmeat-poultry-raw": "expandedfoods:shapes/item/food/stuffedbellpepper/poultry.json",
				"expandedfoods:agedmeat-redmeat-raw": "expandedfoods:shapes/item/food/stuffedbellpepper/redmeat.json",
				"expandedfoods:fishnugget-raw": "expandedfoods:shapes/item/food/stuffedbellpepper/fish.json",
				"expandedfoods:wilddryfruit-elderberry": "expandedfoods:shapes/item/food/stuffedbellpepper/elderberry.json",
				"expandedfoods:wilddryfruit-snowberry": "expandedfoods:shapes/item/food/stuffedbellpepper/snowberry.json",
				"expandedfoods:wilddryfruit-cloudberry": "expandedfoods:shapes/item/food/stuffedbellpepper/cloudberry.json",
				"expandedfoods:wilddryfruit-raspberry": "expandedfoods:shapes/item/food/stuffedbellpepper/raspberry.json",
				"expandedfoods:wilddryfruit-dogrose": "expandedfoods:shapes/item/food/stuffedbellpepper/dogrose.json",
				"expandedfoods:wilddryfruit-brambleberry": "expandedfoods:shapes/item/food/stuffedbellpepper/brambleberry.json",
				"expandedfoods:wilddryfruit-honeysuckle": "expandedfoods:shapes/item/food/stuffedbellpepper/honeysuckle.json",
				"expandedfoods:wilddryfruit-gooseberry": "expandedfoods:shapes/item/food/stuffedbellpepper/gooseberry.json",
				"expandedfoods:wilddryfruit-huckleberry": "expandedfoods:shapes/item/food/stuffedbellpepper/huckleberry.json",
				"expandedfoods:wilddryfruit-strawberry": "expandedfoods:shapes/item/food/stuffedbellpepper/strawberry.json",
				"expandedfoods:wilddryfruit-blueraspberry": "expandedfoods:shapes/item/food/stuffedbellpepper/blueraspberry.json",
				"expandedfoods:wilddryfruit-bunchberry": "expandedfoods:shapes/item/food/stuffedbellpepper/bunchberry.json",
				"expandedfoods:wilddryfruit-crowberry": "expandedfoods:shapes/item/food/stuffedbellpepper/crowberry.json",
				"expandedfoods:wilddryfruit-husktomato": "expandedfoods:shapes/item/food/stuffedbellpepper/husktomato.json",
				"expandedfoods:wilddryfruit-wolfberry": "expandedfoods:shapes/item/food/stuffedbellpepper/wolfberry.json",
				"expandedfoods:wilddehydratedfruit-elderberry": "expandedfoods:shapes/item/food/stuffedbellpepper/elderberry.json",
				"expandedfoods:wilddehydratedfruit-snowberry": "expandedfoods:shapes/item/food/stuffedbellpepper/snowberry.json",
				"expandedfoods:wilddehydratedfruit-cloudberry": "expandedfoods:shapes/item/food/stuffedbellpepper/cloudberry.json",
				"expandedfoods:wilddehydratedfruit-raspberry": "expandedfoods:shapes/item/food/stuffedbellpepper/raspberry.json",
				"expandedfoods:wilddehydratedfruit-dogrose": "expandedfoods:shapes/item/food/stuffedbellpepper/dogrose.json",
				"expandedfoods:wilddehydratedfruit-brambleberry": "expandedfoods:shapes/item/food/stuffedbellpepper/brambleberry.json",
				"expandedfoods:wilddehydratedfruit-honeysuckle": "expandedfoods:shapes/item/food/stuffedbellpepper/honeysuckle.json",
				"expandedfoods:wilddehydratedfruit-gooseberry": "expandedfoods:shapes/item/food/stuffedbellpepper/gooseberry.json",
				"expandedfoods:wilddehydratedfruit-huckleberry": "expandedfoods:shapes/item/food/stuffedbellpepper/huckleberry.json",
				"expandedfoods:wilddehydratedfruit-strawberry": "expandedfoods:shapes/item/food/stuffedbellpepper/strawberry.json",
				"expandedfoods:wilddehydratedfruit-blueraspberry": "expandedfoods:shapes/item/food/stuffedbellpepper/blueraspberry.json",
				"expandedfoods:wilddehydratedfruit-bunchberry": "expandedfoods:shapes/item/food/stuffedbellpepper/bunchberry.json",
				"expandedfoods:wilddehydratedfruit-crowberry": "expandedfoods:shapes/item/food/stuffedbellpepper/crowberry.json",
				"expandedfoods:wilddehydratedfruit-husktomato": "expandedfoods:shapes/item/food/stuffedbellpepper/husktomato.json",
				"expandedfoods:wilddehydratedfruit-wolfberry": "expandedfoods:shapes/item/food/stuffedbellpepper/wolfberry.json",
				"expandedfoods:wildtreedryfruit-almond": "expandedfoods:shapes/item/food/stuffedbellpepper/almond.json",
				"expandedfoods:wildtreedryfruit-apricot": "expandedfoods:shapes/item/food/stuffedbellpepper/apricot.json",
				"expandedfoods:wildtreedryfruit-citron": "expandedfoods:shapes/item/food/stuffedbellpepper/citron.json",
				"expandedfoods:wildtreedryfruit-cocoa": "expandedfoods:shapes/item/food/stuffedbellpepper/cocoa.json",
				"expandedfoods:wildtreedryfruit-coconut": "expandedfoods:shapes/item/food/stuffedbellpepper/coconut.json",
				"expandedfoods:wildtreedryfruit-commonhackberry": "expandedfoods:shapes/item/food/stuffedbellpepper/commonhackberry.json",
				"expandedfoods:wildtreedryfruit-fig": "expandedfoods:shapes/item/food/stuffedbellpepper/fig.json",
				"expandedfoods:wildtreedryfruit-hawthorn": "expandedfoods:shapes/item/food/stuffedbellpepper/hawthorn.json",
				"expandedfoods:wildtreedryfruit-hazelnut": "expandedfoods:shapes/item/food/stuffedbellpepper/hazelnut.json",
				"expandedfoods:wildtreedryfruit-pomelo": "expandedfoods:shapes/item/food/stuffedbellpepper/pomelo.json",
				"expandedfoods:wildtreedryfruit-purpleplum": "expandedfoods:shapes/item/food/stuffedbellpepper/purpleplum.json",
				"expandedfoods:wildtreedryfruit-quince": "expandedfoods:shapes/item/food/stuffedbellpepper/quince.json",
				"expandedfoods:wildtreedryfruit-sugarhackberry": "expandedfoods:shapes/item/food/stuffedbellpepper/sugarhackberry.json",
				"expandedfoods:wildtreedehydratedfruit-apricot": "expandedfoods:shapes/item/food/stuffedbellpepper/apricot.json",
				"expandedfoods:wildtreedehydratedfruit-citron": "expandedfoods:shapes/item/food/stuffedbellpepper/citron.json",
				"expandedfoods:wildtreedehydratedfruit-coconut": "expandedfoods:shapes/item/food/stuffedbellpepper/coconut.json",
				"expandedfoods:wildtreedehydratedfruit-fig": "expandedfoods:shapes/item/food/stuffedbellpepper/fig.json",
				"expandedfoods:wildtreedehydratedfruit-hawthorn": "expandedfoods:shapes/item/food/stuffedbellpepper/hawthorn.json",
				"expandedfoods:wildtreedehydratedfruit-pomelo": "expandedfoods:shapes/item/food/stuffedbellpepper/pomelo.json",
				"expandedfoods:wildtreedehydratedfruit-purpleplum": "expandedfoods:shapes/item/food/stuffedbellpepper/purpleplum.json",
				"expandedfoods:wildtreedehydratedfruit-quince": "expandedfoods:shapes/item/food/stuffedbellpepper/quince.json",
				"wildcraft:minerslettuce": "expandedfoods:shapes/item/food/stuffedbellpepper/cabbage.json",
			}
		},
		satMultByType: {
			"*-partbaked": 0.5,
			"*-cooked": 1,
			"*-charred": 0.75,
			"*-syruppartbaked": 0.5,
			"*-syrupcooked": 1,
			"*-syrupcharred": 0.75
		},
	},
	shape: { base: "item/food/stuffedbellpepper/stuffedbellpepper" },
	texturesByType: {
		"*-bare-*": {
			"turnip": { "base": "item/food/veggie/perfect/turnip" },
			"bluespread": { "base": "item/food/stuffedpepper/bluespread" },
			"waxedblue": { "base": "game:block/food/dairy/waxedblue" },
			"cheddarjack": { "base": "game:block/food/dairy/cheddarjack" },
			"cheddarspread": { "base": "item/food/stuffedpepper/cheddarspread" },
			"cottagecheese": { "base": "game:block/food/dairy/cottagecheese" },
			"cottagespread": { "base": "item/food/stuffedpepper/cottagespread" },
			"group1-flax-carrot-blueberry-cottagecheese-fish": { "base": "game:block/food/meal/group1-flax-carrot-blueberry-cottagecheese-fish" },
			"group2-soup-flyagaric-cactifruit-redmeat": { "base": "game:block/food/meal/group2-soup-flyagaric-cactifruit-redmeat" },
			"group3-millet-bolete-cranberry-poultry": { "base": "game:block/food/meal/group3-millet-bolete-cranberry-poultry" },
			"group4-rice-parsnip-whitecurrant-bluecheese-fishstew": { "base": "game:block/food/meal/group4-rice-parsnip-whitecurrant-bluecheese-fishstew" },
			"group5-rye-turnip-blackcurrant-cheddarcheese-poultrystew": { "base": "game:block/food/meal/group5-rye-turnip-blackcurrant-cheddarcheese-poultrystew" },
			"group6-spelt-onion-redcurrant-egg-redmeatstew": { "base": "game:block/food/meal/group6-spelt-onion-redcurrant-egg-redmeatstew" },
			"group7-honey-fieldmushroom-pineapple-scrambledegg-bushmeat": { "base": "game:block/food/meal/group7-honey-fieldmushroom-pineapple-scrambledegg-bushmeat" },
			"group8-amaranth-pumpkin-bellpepper-bushmeatstew": { "base": "game:block/food/meal/group8-amaranth-pumpkin-bellpepper-bushmeatstew" },
			"group9-sunflower-soya": { "base": "game:block/food/meal/group9-sunflower-soya" },
			"group10-cabbage": { "base": "game:block/food/meal/group10-cabbage" },
			"group11-cassava": { "base": "game:block/food/meal/group11-cassava" },
			"fill-apple": { "base": "game:block/food/pie/fill-apple" },
			"fill-breadfruit": { "base": "game:block/food/pie/fill-breadfruit" },
			"fill-cherry": { "base": "game:block/food/pie/fill-cherry" },
			"fill-lychee": { "base": "game:block/food/pie/fill-lychee" },
			"fill-mango": { "base": "game:block/food/pie/fill-mango" },
			"fill-orange": { "base": "game:block/food/pie/fill-orange" },
			"fill-peach": { "base": "game:block/food/pie/fill-peach" },
			"fill-pear": { "base": "game:block/food/pie/fill-pear" },
			"fill-pomegranate": { "base": "game:block/food/pie/fill-pomegranate" },
			"fill-mushroomblack": { "base": "game:block/food/pie/fill-mushroomblack" },
			"fill-mushroomblue": { "base": "game:block/food/pie/fill-mushroomblue" },
			"fill-mushroombrown": { "base": "game:block/food/pie/fill-mushroombrown" },
			"fill-mushroomdevilstooth": { "base": "game:block/food/pie/fill-mushroomdevilstooth" },
			"fill-mushroomgreen": { "base": "game:block/food/pie/fill-mushroomgreen" },
			"fill-mushroomlobster": { "base": "game:block/food/pie/fill-mushroomlobster" },
			"fill-mushroomoffwhite": { "base": "game:block/food/pie/fill-mushroomoffwhite" },
			"fill-mushroomorange": { "base": "game:block/food/pie/fill-mushroomorange" },
			"fill-mushroompink": { "base": "game:block/food/pie/fill-mushroompink" },
			"fill-mushroompurple": { "base": "game:block/food/pie/fill-mushroompurple" },
			"fill-mushroomred": { "base": "game:block/food/pie/fill-mushroomred" },
			"fill-mushroomwhite": { "base": "game:block/food/pie/fill-mushroomwhite" },
			"fill-mushroomyellow": { "base": "game:block/food/pie/fill-mushroomyellow" },
			"bellpepper": { "base": "game:item/food/vegetable/bellpepper" },
			"fill-almond": { "base": "wildcrafttrees:block/food/pie/fill-almond" },
			"fill-apricot": { "base": "wildcrafttrees:block/food/pie/fill-apricot" },
			"fill-citron": { "base": "wildcrafttrees:block/food/pie/fill-citron" },
			"fill-cocoa": { "base": "wildcrafttrees:block/food/pie/fill-cocoa" },
			"fill-coconut": { "base": "wildcrafttrees:block/food/pie/fill-coconut" },
			"fill-commonhackberry": { "base": "wildcrafttrees:block/food/pie/fill-commonhackberry" },
			"fill-fig": { "base": "wildcrafttrees:block/food/pie/fill-fig" },
			"fill-hawthorn": { "base": "wildcrafttrees:block/food/pie/fill-hawthorn" },
			"fill-hazelnut": { "base": "wildcrafttrees:block/food/pie/fill-hazelnut" },
			"fill-pomelo": { "base": "wildcrafttrees:block/food/pie/fill-pomelo" },
			"fill-purpleplum": { "base": "wildcrafttrees:block/food/pie/fill-purpleplum" },
			"fill-quince": { "base": "wildcrafttrees:block/food/pie/fill-quince" },
			"fill-sugarhackberry": { "base": "wildcrafttrees:block/food/pie/fill-sugarhackberry" },
		},
		"*-syruppartbaked": {
			"turnip": { "base": "item/food/veggie/perfect/turnip" },
			"bluespread": { "base": "item/food/stuffedpepper/bluespread" },
			"waxedblue": { "base": "game:block/food/dairy/waxedblue" },
			"cheddarjack": { "base": "game:block/food/dairy/cheddarjack" },
			"cheddarspread": { "base": "item/food/stuffedpepper/cheddarspread" },
			"cottagecheese": { "base": "game:block/food/dairy/cottagecheese" },
			"cottagespread": { "base": "item/food/stuffedpepper/cottagespread" },
			"group1-flax-carrot-blueberry-cottagecheese-fish": { "base": "game:block/food/meal/group1-flax-carrot-blueberry-cottagecheese-fish" },
			"group2-soup-flyagaric-cactifruit-redmeat": { "base": "game:block/food/meal/group2-soup-flyagaric-cactifruit-redmeat" },
			"group3-millet-bolete-cranberry-poultry": { "base": "game:block/food/meal/group3-millet-bolete-cranberry-poultry" },
			"group4-rice-parsnip-whitecurrant-bluecheese-fishstew": { "base": "game:block/food/meal/group4-rice-parsnip-whitecurrant-bluecheese-fishstew" },
			"group5-rye-turnip-blackcurrant-cheddarcheese-poultrystew": { "base": "game:block/food/meal/group5-rye-turnip-blackcurrant-cheddarcheese-poultrystew" },
			"group6-spelt-onion-redcurrant-egg-redmeatstew": { "base": "game:block/food/meal/group6-spelt-onion-redcurrant-egg-redmeatstew" },
			"group7-honey-fieldmushroom-pineapple-scrambledegg-bushmeat": { "base": "game:block/food/meal/group7-honey-fieldmushroom-pineapple-scrambledegg-bushmeat" },
			"group8-amaranth-pumpkin-bellpepper-bushmeatstew": { "base": "game:block/food/meal/group8-amaranth-pumpkin-bellpepper-bushmeatstew" },
			"group9-sunflower-soya": { "base": "game:block/food/meal/group9-sunflower-soya" },
			"group10-cabbage": { "base": "game:block/food/meal/group10-cabbage" },
			"group11-cassava": { "base": "game:block/food/meal/group11-cassava" },
			"fill-apple": { "base": "game:block/food/pie/fill-apple" },
			"fill-breadfruit": { "base": "game:block/food/pie/fill-breadfruit" },
			"fill-cherry": { "base": "game:block/food/pie/fill-cherry" },
			"fill-lychee": { "base": "game:block/food/pie/fill-lychee" },
			"fill-mango": { "base": "game:block/food/pie/fill-mango" },
			"fill-orange": { "base": "game:block/food/pie/fill-orange" },
			"fill-peach": { "base": "game:block/food/pie/fill-peach" },
			"fill-pear": { "base": "game:block/food/pie/fill-pear" },
			"fill-pomegranate": { "base": "game:block/food/pie/fill-pomegranate" },
			"fill-mushroomblack": { "base": "game:block/food/pie/fill-mushroomblack" },
			"fill-mushroomblue": { "base": "game:block/food/pie/fill-mushroomblue" },
			"fill-mushroombrown": { "base": "game:block/food/pie/fill-mushroombrown" },
			"fill-mushroomdevilstooth": { "base": "game:block/food/pie/fill-mushroomdevilstooth" },
			"fill-mushroomgreen": { "base": "game:block/food/pie/fill-mushroomgreen" },
			"fill-mushroomlobster": { "base": "game:block/food/pie/fill-mushroomlobster" },
			"fill-mushroomoffwhite": { "base": "game:block/food/pie/fill-mushroomoffwhite" },
			"fill-mushroomorange": { "base": "game:block/food/pie/fill-mushroomorange" },
			"fill-mushroompink": { "base": "game:block/food/pie/fill-mushroompink" },
			"fill-mushroompurple": { "base": "game:block/food/pie/fill-mushroompurple" },
			"fill-mushroomred": { "base": "game:block/food/pie/fill-mushroomred" },
			"fill-mushroomwhite": { "base": "game:block/food/pie/fill-mushroomwhite" },
			"fill-mushroomyellow": { "base": "game:block/food/pie/fill-mushroomyellow" },
			"bellpepper": { "base": "expandedfoods:item/food/grain/breading/{type}-fish" },
			"fill-almond": { "base": "wildcrafttrees:block/food/pie/fill-almond" },
			"fill-apricot": { "base": "wildcrafttrees:block/food/pie/fill-apricot" },
			"fill-citron": { "base": "wildcrafttrees:block/food/pie/fill-citron" },
			"fill-cocoa": { "base": "wildcrafttrees:block/food/pie/fill-cocoa" },
			"fill-coconut": { "base": "wildcrafttrees:block/food/pie/fill-coconut" },
			"fill-commonhackberry": { "base": "wildcrafttrees:block/food/pie/fill-commonhackberry" },
			"fill-fig": { "base": "wildcrafttrees:block/food/pie/fill-fig" },
			"fill-hawthorn": { "base": "wildcrafttrees:block/food/pie/fill-hawthorn" },
			"fill-hazelnut": { "base": "wildcrafttrees:block/food/pie/fill-hazelnut" },
			"fill-pomelo": { "base": "wildcrafttrees:block/food/pie/fill-pomelo" },
			"fill-purpleplum": { "base": "wildcrafttrees:block/food/pie/fill-purpleplum" },
			"fill-quince": { "base": "wildcrafttrees:block/food/pie/fill-quince" },
			"fill-sugarhackberry": { "base": "wildcrafttrees:block/food/pie/fill-sugarhackberry" },
		},
		"*-syrupcooked": {
			"turnip": { "base": "item/food/veggie/perfect/turnip" },
			"bluespread": { "base": "item/food/stuffedpepper/bluespread" },
			"waxedblue": { "base": "game:block/food/dairy/waxedblue" },
			"cheddarjack": { "base": "game:block/food/dairy/cheddarjack" },
			"cheddarspread": { "base": "item/food/stuffedpepper/cheddarspread" },
			"cottagecheese": { "base": "game:block/food/dairy/cottagecheese" },
			"cottagespread": { "base": "item/food/stuffedpepper/cottagespread" },
			"group1-flax-carrot-blueberry-cottagecheese-fish": { "base": "game:block/food/meal/group1-flax-carrot-blueberry-cottagecheese-fish" },
			"group2-soup-flyagaric-cactifruit-redmeat": { "base": "game:block/food/meal/group2-soup-flyagaric-cactifruit-redmeat" },
			"group3-millet-bolete-cranberry-poultry": { "base": "game:block/food/meal/group3-millet-bolete-cranberry-poultry" },
			"group4-rice-parsnip-whitecurrant-bluecheese-fishstew": { "base": "game:block/food/meal/group4-rice-parsnip-whitecurrant-bluecheese-fishstew" },
			"group5-rye-turnip-blackcurrant-cheddarcheese-poultrystew": { "base": "game:block/food/meal/group5-rye-turnip-blackcurrant-cheddarcheese-poultrystew" },
			"group6-spelt-onion-redcurrant-egg-redmeatstew": { "base": "game:block/food/meal/group6-spelt-onion-redcurrant-egg-redmeatstew" },
			"group7-honey-fieldmushroom-pineapple-scrambledegg-bushmeat": { "base": "game:block/food/meal/group7-honey-fieldmushroom-pineapple-scrambledegg-bushmeat" },
			"group8-amaranth-pumpkin-bellpepper-bushmeatstew": { "base": "game:block/food/meal/group8-amaranth-pumpkin-bellpepper-bushmeatstew" },
			"group9-sunflower-soya": { "base": "game:block/food/meal/group9-sunflower-soya" },
			"group10-cabbage": { "base": "game:block/food/meal/group10-cabbage" },
			"group11-cassava": { "base": "game:block/food/meal/group11-cassava" },
			"fill-apple": { "base": "game:block/food/pie/fill-apple" },
			"fill-breadfruit": { "base": "game:block/food/pie/fill-breadfruit" },
			"fill-cherry": { "base": "game:block/food/pie/fill-cherry" },
			"fill-lychee": { "base": "game:block/food/pie/fill-lychee" },
			"fill-mango": { "base": "game:block/food/pie/fill-mango" },
			"fill-orange": { "base": "game:block/food/pie/fill-orange" },
			"fill-peach": { "base": "game:block/food/pie/fill-peach" },
			"fill-pear": { "base": "game:block/food/pie/fill-pear" },
			"fill-pomegranate": { "base": "game:block/food/pie/fill-pomegranate" },
			"fill-mushroomblack": { "base": "game:block/food/pie/fill-mushroomblack" },
			"fill-mushroomblue": { "base": "game:block/food/pie/fill-mushroomblue" },
			"fill-mushroombrown": { "base": "game:block/food/pie/fill-mushroombrown" },
			"fill-mushroomdevilstooth": { "base": "game:block/food/pie/fill-mushroomdevilstooth" },
			"fill-mushroomgreen": { "base": "game:block/food/pie/fill-mushroomgreen" },
			"fill-mushroomlobster": { "base": "game:block/food/pie/fill-mushroomlobster" },
			"fill-mushroomoffwhite": { "base": "game:block/food/pie/fill-mushroomoffwhite" },
			"fill-mushroomorange": { "base": "game:block/food/pie/fill-mushroomorange" },
			"fill-mushroompink": { "base": "game:block/food/pie/fill-mushroompink" },
			"fill-mushroompurple": { "base": "game:block/food/pie/fill-mushroompurple" },
			"fill-mushroomred": { "base": "game:block/food/pie/fill-mushroomred" },
			"fill-mushroomwhite": { "base": "game:block/food/pie/fill-mushroomwhite" },
			"fill-mushroomyellow": { "base": "game:block/food/pie/fill-mushroomyellow" },
			"bellpepper": { "base": "expandedfoods:item/food/grain/breading/{type}-fish" },
			"fill-almond": { "base": "wildcrafttrees:block/food/pie/fill-almond" },
			"fill-apricot": { "base": "wildcrafttrees:block/food/pie/fill-apricot" },
			"fill-citron": { "base": "wildcrafttrees:block/food/pie/fill-citron" },
			"fill-cocoa": { "base": "wildcrafttrees:block/food/pie/fill-cocoa" },
			"fill-coconut": { "base": "wildcrafttrees:block/food/pie/fill-coconut" },
			"fill-commonhackberry": { "base": "wildcrafttrees:block/food/pie/fill-commonhackberry" },
			"fill-fig": { "base": "wildcrafttrees:block/food/pie/fill-fig" },
			"fill-hawthorn": { "base": "wildcrafttrees:block/food/pie/fill-hawthorn" },
			"fill-hazelnut": { "base": "wildcrafttrees:block/food/pie/fill-hazelnut" },
			"fill-pomelo": { "base": "wildcrafttrees:block/food/pie/fill-pomelo" },
			"fill-purpleplum": { "base": "wildcrafttrees:block/food/pie/fill-purpleplum" },
			"fill-quince": { "base": "wildcrafttrees:block/food/pie/fill-quince" },
			"fill-sugarhackberry": { "base": "wildcrafttrees:block/food/pie/fill-sugarhackberry" },
		},
		"*-syrupcharred": {
			"turnip": { "base": "item/food/veggie/perfect/turnip" },
			"bluespread": { "base": "item/food/stuffedpepper/bluespread" },
			"waxedblue": { "base": "game:block/food/dairy/waxedblue" },
			"cheddarjack": { "base": "game:block/food/dairy/cheddarjack" },
			"cheddarspread": { "base": "item/food/stuffedpepper/cheddarspread" },
			"cottagecheese": { "base": "game:block/food/dairy/cottagecheese" },
			"cottagespread": { "base": "item/food/stuffedpepper/cottagespread" },
			"group1-flax-carrot-blueberry-cottagecheese-fish": { "base": "game:block/food/meal/group1-flax-carrot-blueberry-cottagecheese-fish" },
			"group2-soup-flyagaric-cactifruit-redmeat": { "base": "game:block/food/meal/group2-soup-flyagaric-cactifruit-redmeat" },
			"group3-millet-bolete-cranberry-poultry": { "base": "game:block/food/meal/group3-millet-bolete-cranberry-poultry" },
			"group4-rice-parsnip-whitecurrant-bluecheese-fishstew": { "base": "game:block/food/meal/group4-rice-parsnip-whitecurrant-bluecheese-fishstew" },
			"group5-rye-turnip-blackcurrant-cheddarcheese-poultrystew": { "base": "game:block/food/meal/group5-rye-turnip-blackcurrant-cheddarcheese-poultrystew" },
			"group6-spelt-onion-redcurrant-egg-redmeatstew": { "base": "game:block/food/meal/group6-spelt-onion-redcurrant-egg-redmeatstew" },
			"group7-honey-fieldmushroom-pineapple-scrambledegg-bushmeat": { "base": "game:block/food/meal/group7-honey-fieldmushroom-pineapple-scrambledegg-bushmeat" },
			"group8-amaranth-pumpkin-bellpepper-bushmeatstew": { "base": "game:block/food/meal/group8-amaranth-pumpkin-bellpepper-bushmeatstew" },
			"group9-sunflower-soya": { "base": "game:block/food/meal/group9-sunflower-soya" },
			"group10-cabbage": { "base": "game:block/food/meal/group10-cabbage" },
			"group11-cassava": { "base": "game:block/food/meal/group11-cassava" },
			"fill-apple": { "base": "game:block/food/pie/fill-apple" },
			"fill-breadfruit": { "base": "game:block/food/pie/fill-breadfruit" },
			"fill-cherry": { "base": "game:block/food/pie/fill-cherry" },
			"fill-lychee": { "base": "game:block/food/pie/fill-lychee" },
			"fill-mango": { "base": "game:block/food/pie/fill-mango" },
			"fill-orange": { "base": "game:block/food/pie/fill-orange" },
			"fill-peach": { "base": "game:block/food/pie/fill-peach" },
			"fill-pear": { "base": "game:block/food/pie/fill-pear" },
			"fill-pomegranate": { "base": "game:block/food/pie/fill-pomegranate" },
			"fill-mushroomblack": { "base": "game:block/food/pie/fill-mushroomblack" },
			"fill-mushroomblue": { "base": "game:block/food/pie/fill-mushroomblue" },
			"fill-mushroombrown": { "base": "game:block/food/pie/fill-mushroombrown" },
			"fill-mushroomdevilstooth": { "base": "game:block/food/pie/fill-mushroomdevilstooth" },
			"fill-mushroomgreen": { "base": "game:block/food/pie/fill-mushroomgreen" },
			"fill-mushroomlobster": { "base": "game:block/food/pie/fill-mushroomlobster" },
			"fill-mushroomoffwhite": { "base": "game:block/food/pie/fill-mushroomoffwhite" },
			"fill-mushroomorange": { "base": "game:block/food/pie/fill-mushroomorange" },
			"fill-mushroompink": { "base": "game:block/food/pie/fill-mushroompink" },
			"fill-mushroompurple": { "base": "game:block/food/pie/fill-mushroompurple" },
			"fill-mushroomred": { "base": "game:block/food/pie/fill-mushroomred" },
			"fill-mushroomwhite": { "base": "game:block/food/pie/fill-mushroomwhite" },
			"fill-mushroomyellow": { "base": "game:block/food/pie/fill-mushroomyellow" },
			"bellpepper": { "base": "expandedfoods:item/food/grain/breading/{type}-fish" },
			"fill-almond": { "base": "wildcrafttrees:block/food/pie/fill-almond" },
			"fill-apricot": { "base": "wildcrafttrees:block/food/pie/fill-apricot" },
			"fill-citron": { "base": "wildcrafttrees:block/food/pie/fill-citron" },
			"fill-cocoa": { "base": "wildcrafttrees:block/food/pie/fill-cocoa" },
			"fill-coconut": { "base": "wildcrafttrees:block/food/pie/fill-coconut" },
			"fill-commonhackberry": { "base": "wildcrafttrees:block/food/pie/fill-commonhackberry" },
			"fill-fig": { "base": "wildcrafttrees:block/food/pie/fill-fig" },
			"fill-hawthorn": { "base": "wildcrafttrees:block/food/pie/fill-hawthorn" },
			"fill-hazelnut": { "base": "wildcrafttrees:block/food/pie/fill-hazelnut" },
			"fill-pomelo": { "base": "wildcrafttrees:block/food/pie/fill-pomelo" },
			"fill-purpleplum": { "base": "wildcrafttrees:block/food/pie/fill-purpleplum" },
			"fill-quince": { "base": "wildcrafttrees:block/food/pie/fill-quince" },
			"fill-sugarhackberry": { "base": "wildcrafttrees:block/food/pie/fill-sugarhackberry" },
		},
		"*-partbaked": {
			"turnip": { "base": "item/food/veggie/perfect/turnip" },
			"bluespread": { "base": "item/food/stuffedpepper/bluespread" },
			"waxedblue": { "base": "game:block/food/dairy/waxedblue" },
			"cheddarjack": { "base": "game:block/food/dairy/cheddarjack" },
			"cheddarspread": { "base": "item/food/stuffedpepper/cheddarspread" },
			"cottagecheese": { "base": "game:block/food/dairy/cottagecheese" },
			"cottagespread": { "base": "item/food/stuffedpepper/cottagespread" },
			"group1-flax-carrot-blueberry-cottagecheese-fish": { "base": "game:block/food/meal/group1-flax-carrot-blueberry-cottagecheese-fish" },
			"group2-soup-flyagaric-cactifruit-redmeat": { "base": "game:block/food/meal/group2-soup-flyagaric-cactifruit-redmeat" },
			"group3-millet-bolete-cranberry-poultry": { "base": "game:block/food/meal/group3-millet-bolete-cranberry-poultry" },
			"group4-rice-parsnip-whitecurrant-bluecheese-fishstew": { "base": "game:block/food/meal/group4-rice-parsnip-whitecurrant-bluecheese-fishstew" },
			"group5-rye-turnip-blackcurrant-cheddarcheese-poultrystew": { "base": "game:block/food/meal/group5-rye-turnip-blackcurrant-cheddarcheese-poultrystew" },
			"group6-spelt-onion-redcurrant-egg-redmeatstew": { "base": "game:block/food/meal/group6-spelt-onion-redcurrant-egg-redmeatstew" },
			"group7-honey-fieldmushroom-pineapple-scrambledegg-bushmeat": { "base": "game:block/food/meal/group7-honey-fieldmushroom-pineapple-scrambledegg-bushmeat" },
			"group8-amaranth-pumpkin-bellpepper-bushmeatstew": { "base": "game:block/food/meal/group8-amaranth-pumpkin-bellpepper-bushmeatstew" },
			"group9-sunflower-soya": { "base": "game:block/food/meal/group9-sunflower-soya" },
			"group10-cabbage": { "base": "game:block/food/meal/group10-cabbage" },
			"group11-cassava": { "base": "game:block/food/meal/group11-cassava" },
			"fill-apple": { "base": "game:block/food/pie/fill-apple" },
			"fill-breadfruit": { "base": "game:block/food/pie/fill-breadfruit" },
			"fill-cherry": { "base": "game:block/food/pie/fill-cherry" },
			"fill-lychee": { "base": "game:block/food/pie/fill-lychee" },
			"fill-mango": { "base": "game:block/food/pie/fill-mango" },
			"fill-orange": { "base": "game:block/food/pie/fill-orange" },
			"fill-peach": { "base": "game:block/food/pie/fill-peach" },
			"fill-pear": { "base": "game:block/food/pie/fill-pear" },
			"fill-pomegranate": { "base": "game:block/food/pie/fill-pomegranate" },
			"fill-mushroomblack": { "base": "game:block/food/pie/fill-mushroomblack" },
			"fill-mushroomblue": { "base": "game:block/food/pie/fill-mushroomblue" },
			"fill-mushroombrown": { "base": "game:block/food/pie/fill-mushroombrown" },
			"fill-mushroomdevilstooth": { "base": "game:block/food/pie/fill-mushroomdevilstooth" },
			"fill-mushroomgreen": { "base": "game:block/food/pie/fill-mushroomgreen" },
			"fill-mushroomlobster": { "base": "game:block/food/pie/fill-mushroomlobster" },
			"fill-mushroomoffwhite": { "base": "game:block/food/pie/fill-mushroomoffwhite" },
			"fill-mushroomorange": { "base": "game:block/food/pie/fill-mushroomorange" },
			"fill-mushroompink": { "base": "game:block/food/pie/fill-mushroompink" },
			"fill-mushroompurple": { "base": "game:block/food/pie/fill-mushroompurple" },
			"fill-mushroomred": { "base": "game:block/food/pie/fill-mushroomred" },
			"fill-mushroomwhite": { "base": "game:block/food/pie/fill-mushroomwhite" },
			"fill-mushroomyellow": { "base": "game:block/food/pie/fill-mushroomyellow" },
			"bellpepper": { "base": "expandedfoods:item/food/grain/breading/{type}-partbaked" },
			"fill-almond": { "base": "wildcrafttrees:block/food/pie/fill-almond" },
			"fill-apricot": { "base": "wildcrafttrees:block/food/pie/fill-apricot" },
			"fill-citron": { "base": "wildcrafttrees:block/food/pie/fill-citron" },
			"fill-cocoa": { "base": "wildcrafttrees:block/food/pie/fill-cocoa" },
			"fill-coconut": { "base": "wildcrafttrees:block/food/pie/fill-coconut" },
			"fill-commonhackberry": { "base": "wildcrafttrees:block/food/pie/fill-commonhackberry" },
			"fill-fig": { "base": "wildcrafttrees:block/food/pie/fill-fig" },
			"fill-hawthorn": { "base": "wildcrafttrees:block/food/pie/fill-hawthorn" },
			"fill-hazelnut": { "base": "wildcrafttrees:block/food/pie/fill-hazelnut" },
			"fill-pomelo": { "base": "wildcrafttrees:block/food/pie/fill-pomelo" },
			"fill-purpleplum": { "base": "wildcrafttrees:block/food/pie/fill-purpleplum" },
			"fill-quince": { "base": "wildcrafttrees:block/food/pie/fill-quince" },
			"fill-sugarhackberry": { "base": "wildcrafttrees:block/food/pie/fill-sugarhackberry" },
		},
		"*-cooked": {
			"turnip": { "base": "item/food/veggie/perfect/turnip" },
			"bluespread": { "base": "item/food/stuffedpepper/bluespread" },
			"waxedblue": { "base": "game:block/food/dairy/waxedblue" },
			"cheddarjack": { "base": "game:block/food/dairy/cheddarjack" },
			"cheddarspread": { "base": "item/food/stuffedpepper/cheddarspread" },
			"cottagecheese": { "base": "game:block/food/dairy/cottagecheese" },
			"cottagespread": { "base": "item/food/stuffedpepper/cottagespread" },
			"group1-flax-carrot-blueberry-cottagecheese-fish": { "base": "game:block/food/meal/group1-flax-carrot-blueberry-cottagecheese-fish" },
			"group2-soup-flyagaric-cactifruit-redmeat": { "base": "game:block/food/meal/group2-soup-flyagaric-cactifruit-redmeat" },
			"group3-millet-bolete-cranberry-poultry": { "base": "game:block/food/meal/group3-millet-bolete-cranberry-poultry" },
			"group4-rice-parsnip-whitecurrant-bluecheese-fishstew": { "base": "game:block/food/meal/group4-rice-parsnip-whitecurrant-bluecheese-fishstew" },
			"group5-rye-turnip-blackcurrant-cheddarcheese-poultrystew": { "base": "game:block/food/meal/group5-rye-turnip-blackcurrant-cheddarcheese-poultrystew" },
			"group6-spelt-onion-redcurrant-egg-redmeatstew": { "base": "game:block/food/meal/group6-spelt-onion-redcurrant-egg-redmeatstew" },
			"group7-honey-fieldmushroom-pineapple-scrambledegg-bushmeat": { "base": "game:block/food/meal/group7-honey-fieldmushroom-pineapple-scrambledegg-bushmeat" },
			"group8-amaranth-pumpkin-bellpepper-bushmeatstew": { "base": "game:block/food/meal/group8-amaranth-pumpkin-bellpepper-bushmeatstew" },
			"group9-sunflower-soya": { "base": "game:block/food/meal/group9-sunflower-soya" },
			"group10-cabbage": { "base": "game:block/food/meal/group10-cabbage" },
			"group11-cassava": { "base": "game:block/food/meal/group11-cassava" },
			"fill-apple": { "base": "game:block/food/pie/fill-apple" },
			"fill-breadfruit": { "base": "game:block/food/pie/fill-breadfruit" },
			"fill-cherry": { "base": "game:block/food/pie/fill-cherry" },
			"fill-lychee": { "base": "game:block/food/pie/fill-lychee" },
			"fill-mango": { "base": "game:block/food/pie/fill-mango" },
			"fill-orange": { "base": "game:block/food/pie/fill-orange" },
			"fill-peach": { "base": "game:block/food/pie/fill-peach" },
			"fill-pear": { "base": "game:block/food/pie/fill-pear" },
			"fill-pomegranate": { "base": "game:block/food/pie/fill-pomegranate" },
			"fill-mushroomblack": { "base": "game:block/food/pie/fill-mushroomblack" },
			"fill-mushroomblue": { "base": "game:block/food/pie/fill-mushroomblue" },
			"fill-mushroombrown": { "base": "game:block/food/pie/fill-mushroombrown" },
			"fill-mushroomdevilstooth": { "base": "game:block/food/pie/fill-mushroomdevilstooth" },
			"fill-mushroomgreen": { "base": "game:block/food/pie/fill-mushroomgreen" },
			"fill-mushroomlobster": { "base": "game:block/food/pie/fill-mushroomlobster" },
			"fill-mushroomoffwhite": { "base": "game:block/food/pie/fill-mushroomoffwhite" },
			"fill-mushroomorange": { "base": "game:block/food/pie/fill-mushroomorange" },
			"fill-mushroompink": { "base": "game:block/food/pie/fill-mushroompink" },
			"fill-mushroompurple": { "base": "game:block/food/pie/fill-mushroompurple" },
			"fill-mushroomred": { "base": "game:block/food/pie/fill-mushroomred" },
			"fill-mushroomwhite": { "base": "game:block/food/pie/fill-mushroomwhite" },
			"fill-mushroomyellow": { "base": "game:block/food/pie/fill-mushroomyellow" },
			"bellpepper": { "base": "expandedfoods:item/food/grain/breading/{type}-cooked" },
			"fill-almond": { "base": "wildcrafttrees:block/food/pie/fill-almond" },
			"fill-apricot": { "base": "wildcrafttrees:block/food/pie/fill-apricot" },
			"fill-citron": { "base": "wildcrafttrees:block/food/pie/fill-citron" },
			"fill-cocoa": { "base": "wildcrafttrees:block/food/pie/fill-cocoa" },
			"fill-coconut": { "base": "wildcrafttrees:block/food/pie/fill-coconut" },
			"fill-commonhackberry": { "base": "wildcrafttrees:block/food/pie/fill-commonhackberry" },
			"fill-fig": { "base": "wildcrafttrees:block/food/pie/fill-fig" },
			"fill-hawthorn": { "base": "wildcrafttrees:block/food/pie/fill-hawthorn" },
			"fill-hazelnut": { "base": "wildcrafttrees:block/food/pie/fill-hazelnut" },
			"fill-pomelo": { "base": "wildcrafttrees:block/food/pie/fill-pomelo" },
			"fill-purpleplum": { "base": "wildcrafttrees:block/food/pie/fill-purpleplum" },
			"fill-quince": { "base": "wildcrafttrees:block/food/pie/fill-quince" },
			"fill-sugarhackberry": { "base": "wildcrafttrees:block/food/pie/fill-sugarhackberry" },
		},
		"*-charred": {
			"turnip": { "base": "item/food/veggie/perfect/turnip" },
			"bluespread": { "base": "item/food/stuffedpepper/bluespread" },
			"waxedblue": { "base": "game:block/food/dairy/waxedblue" },
			"cheddarjack": { "base": "game:block/food/dairy/cheddarjack" },
			"cheddarspread": { "base": "item/food/stuffedpepper/cheddarspread" },
			"cottagecheese": { "base": "game:block/food/dairy/cottagecheese" },
			"cottagespread": { "base": "item/food/stuffedpepper/cottagespread" },
			"group1-flax-carrot-blueberry-cottagecheese-fish": { "base": "game:block/food/meal/group1-flax-carrot-blueberry-cottagecheese-fish" },
			"group2-soup-flyagaric-cactifruit-redmeat": { "base": "game:block/food/meal/group2-soup-flyagaric-cactifruit-redmeat" },
			"group3-millet-bolete-cranberry-poultry": { "base": "game:block/food/meal/group3-millet-bolete-cranberry-poultry" },
			"group4-rice-parsnip-whitecurrant-bluecheese-fishstew": { "base": "game:block/food/meal/group4-rice-parsnip-whitecurrant-bluecheese-fishstew" },
			"group5-rye-turnip-blackcurrant-cheddarcheese-poultrystew": { "base": "game:block/food/meal/group5-rye-turnip-blackcurrant-cheddarcheese-poultrystew" },
			"group6-spelt-onion-redcurrant-egg-redmeatstew": { "base": "game:block/food/meal/group6-spelt-onion-redcurrant-egg-redmeatstew" },
			"group7-honey-fieldmushroom-pineapple-scrambledegg-bushmeat": { "base": "game:block/food/meal/group7-honey-fieldmushroom-pineapple-scrambledegg-bushmeat" },
			"group8-amaranth-pumpkin-bellpepper-bushmeatstew": { "base": "game:block/food/meal/group8-amaranth-pumpkin-bellpepper-bushmeatstew" },
			"group9-sunflower-soya": { "base": "game:block/food/meal/group9-sunflower-soya" },
			"group10-cabbage": { "base": "game:block/food/meal/group10-cabbage" },
			"group11-cassava": { "base": "game:block/food/meal/group11-cassava" },
			"fill-apple": { "base": "game:block/food/pie/fill-apple" },
			"fill-breadfruit": { "base": "game:block/food/pie/fill-breadfruit" },
			"fill-cherry": { "base": "game:block/food/pie/fill-cherry" },
			"fill-lychee": { "base": "game:block/food/pie/fill-lychee" },
			"fill-mango": { "base": "game:block/food/pie/fill-mango" },
			"fill-orange": { "base": "game:block/food/pie/fill-orange" },
			"fill-peach": { "base": "game:block/food/pie/fill-peach" },
			"fill-pear": { "base": "game:block/food/pie/fill-pear" },
			"fill-pomegranate": { "base": "game:block/food/pie/fill-pomegranate" },
			"fill-mushroomblack": { "base": "game:block/food/pie/fill-mushroomblack" },
			"fill-mushroomblue": { "base": "game:block/food/pie/fill-mushroomblue" },
			"fill-mushroombrown": { "base": "game:block/food/pie/fill-mushroombrown" },
			"fill-mushroomdevilstooth": { "base": "game:block/food/pie/fill-mushroomdevilstooth" },
			"fill-mushroomgreen": { "base": "game:block/food/pie/fill-mushroomgreen" },
			"fill-mushroomlobster": { "base": "game:block/food/pie/fill-mushroomlobster" },
			"fill-mushroomoffwhite": { "base": "game:block/food/pie/fill-mushroomoffwhite" },
			"fill-mushroomorange": { "base": "game:block/food/pie/fill-mushroomorange" },
			"fill-mushroompink": { "base": "game:block/food/pie/fill-mushroompink" },
			"fill-mushroompurple": { "base": "game:block/food/pie/fill-mushroompurple" },
			"fill-mushroomred": { "base": "game:block/food/pie/fill-mushroomred" },
			"fill-mushroomwhite": { "base": "game:block/food/pie/fill-mushroomwhite" },
			"fill-mushroomyellow": { "base": "game:block/food/pie/fill-mushroomyellow" },
			"bellpepper": { "base": "expandedfoods:item/food/grain/breading/{type}-charred" },
			"fill-almond": { "base": "wildcrafttrees:block/food/pie/fill-almond" },
			"fill-apricot": { "base": "wildcrafttrees:block/food/pie/fill-apricot" },
			"fill-citron": { "base": "wildcrafttrees:block/food/pie/fill-citron" },
			"fill-cocoa": { "base": "wildcrafttrees:block/food/pie/fill-cocoa" },
			"fill-coconut": { "base": "wildcrafttrees:block/food/pie/fill-coconut" },
			"fill-commonhackberry": { "base": "wildcrafttrees:block/food/pie/fill-commonhackberry" },
			"fill-fig": { "base": "wildcrafttrees:block/food/pie/fill-fig" },
			"fill-hawthorn": { "base": "wildcrafttrees:block/food/pie/fill-hawthorn" },
			"fill-hazelnut": { "base": "wildcrafttrees:block/food/pie/fill-hazelnut" },
			"fill-pomelo": { "base": "wildcrafttrees:block/food/pie/fill-pomelo" },
			"fill-purpleplum": { "base": "wildcrafttrees:block/food/pie/fill-purpleplum" },
			"fill-quince": { "base": "wildcrafttrees:block/food/pie/fill-quince" },
			"fill-sugarhackberry": { "base": "wildcrafttrees:block/food/pie/fill-sugarhackberry" },
		},
		"*-oiled": {
			"turnip": { "base": "item/food/veggie/perfect/turnip" },
			"bluespread": { "base": "item/food/stuffedpepper/bluespread" },
			"waxedblue": { "base": "game:block/food/dairy/waxedblue" },
			"cheddarjack": { "base": "game:block/food/dairy/cheddarjack" },
			"cheddarspread": { "base": "item/food/stuffedpepper/cheddarspread" },
			"cottagecheese": { "base": "game:block/food/dairy/cottagecheese" },
			"cottagespread": { "base": "item/food/stuffedpepper/cottagespread" },
			"group1-flax-carrot-blueberry-cottagecheese-fish": { "base": "game:block/food/meal/group1-flax-carrot-blueberry-cottagecheese-fish" },
			"group2-soup-flyagaric-cactifruit-redmeat": { "base": "game:block/food/meal/group2-soup-flyagaric-cactifruit-redmeat" },
			"group3-millet-bolete-cranberry-poultry": { "base": "game:block/food/meal/group3-millet-bolete-cranberry-poultry" },
			"group4-rice-parsnip-whitecurrant-bluecheese-fishstew": { "base": "game:block/food/meal/group4-rice-parsnip-whitecurrant-bluecheese-fishstew" },
			"group5-rye-turnip-blackcurrant-cheddarcheese-poultrystew": { "base": "game:block/food/meal/group5-rye-turnip-blackcurrant-cheddarcheese-poultrystew" },
			"group6-spelt-onion-redcurrant-egg-redmeatstew": { "base": "game:block/food/meal/group6-spelt-onion-redcurrant-egg-redmeatstew" },
			"group7-honey-fieldmushroom-pineapple-scrambledegg-bushmeat": { "base": "game:block/food/meal/group7-honey-fieldmushroom-pineapple-scrambledegg-bushmeat" },
			"group8-amaranth-pumpkin-bellpepper-bushmeatstew": { "base": "game:block/food/meal/group8-amaranth-pumpkin-bellpepper-bushmeatstew" },
			"group9-sunflower-soya": { "base": "game:block/food/meal/group9-sunflower-soya" },
			"group10-cabbage": { "base": "game:block/food/meal/group10-cabbage" },
			"group11-cassava": { "base": "game:block/food/meal/group11-cassava" },
			"fill-apple": { "base": "game:block/food/pie/fill-apple" },
			"fill-breadfruit": { "base": "game:block/food/pie/fill-breadfruit" },
			"fill-cherry": { "base": "game:block/food/pie/fill-cherry" },
			"fill-lychee": { "base": "game:block/food/pie/fill-lychee" },
			"fill-mango": { "base": "game:block/food/pie/fill-mango" },
			"fill-orange": { "base": "game:block/food/pie/fill-orange" },
			"fill-peach": { "base": "game:block/food/pie/fill-peach" },
			"fill-pear": { "base": "game:block/food/pie/fill-pear" },
			"fill-pomegranate": { "base": "game:block/food/pie/fill-pomegranate" },
			"fill-mushroomblack": { "base": "game:block/food/pie/fill-mushroomblack" },
			"fill-mushroomblue": { "base": "game:block/food/pie/fill-mushroomblue" },
			"fill-mushroombrown": { "base": "game:block/food/pie/fill-mushroombrown" },
			"fill-mushroomdevilstooth": { "base": "game:block/food/pie/fill-mushroomdevilstooth" },
			"fill-mushroomgreen": { "base": "game:block/food/pie/fill-mushroomgreen" },
			"fill-mushroomlobster": { "base": "game:block/food/pie/fill-mushroomlobster" },
			"fill-mushroomoffwhite": { "base": "game:block/food/pie/fill-mushroomoffwhite" },
			"fill-mushroomorange": { "base": "game:block/food/pie/fill-mushroomorange" },
			"fill-mushroompink": { "base": "game:block/food/pie/fill-mushroompink" },
			"fill-mushroompurple": { "base": "game:block/food/pie/fill-mushroompurple" },
			"fill-mushroomred": { "base": "game:block/food/pie/fill-mushroomred" },
			"fill-mushroomwhite": { "base": "game:block/food/pie/fill-mushroomwhite" },
			"fill-mushroomyellow": { "base": "game:block/food/pie/fill-mushroomyellow" },
			"bellpepper": { "base": "expandedfoods:item/food/grain/breading/{type}-oiled" },
			"fill-almond": { "base": "wildcrafttrees:block/food/pie/fill-almond" },
			"fill-apricot": { "base": "wildcrafttrees:block/food/pie/fill-apricot" },
			"fill-citron": { "base": "wildcrafttrees:block/food/pie/fill-citron" },
			"fill-cocoa": { "base": "wildcrafttrees:block/food/pie/fill-cocoa" },
			"fill-coconut": { "base": "wildcrafttrees:block/food/pie/fill-coconut" },
			"fill-commonhackberry": { "base": "wildcrafttrees:block/food/pie/fill-commonhackberry" },
			"fill-fig": { "base": "wildcrafttrees:block/food/pie/fill-fig" },
			"fill-hawthorn": { "base": "wildcrafttrees:block/food/pie/fill-hawthorn" },
			"fill-hazelnut": { "base": "wildcrafttrees:block/food/pie/fill-hazelnut" },
			"fill-pomelo": { "base": "wildcrafttrees:block/food/pie/fill-pomelo" },
			"fill-purpleplum": { "base": "wildcrafttrees:block/food/pie/fill-purpleplum" },
			"fill-quince": { "base": "wildcrafttrees:block/food/pie/fill-quince" },
			"fill-sugarhackberry": { "base": "wildcrafttrees:block/food/pie/fill-sugarhackberry" },
		},
		"*-raw": {
			"turnip": { "base": "item/food/veggie/perfect/turnip" },
			"bluespread": { "base": "item/food/stuffedpepper/bluespread" },
			"waxedblue": { "base": "game:block/food/dairy/waxedblue" },
			"cheddarjack": { "base": "game:block/food/dairy/cheddarjack" },
			"cheddarspread": { "base": "item/food/stuffedpepper/cheddarspread" },
			"cottagecheese": { "base": "game:block/food/dairy/cottagecheese" },
			"cottagespread": { "base": "item/food/stuffedpepper/cottagespread" },
			"group1-flax-carrot-blueberry-cottagecheese-fish": { "base": "game:block/food/meal/group1-flax-carrot-blueberry-cottagecheese-fish" },
			"group2-soup-flyagaric-cactifruit-redmeat": { "base": "game:block/food/meal/group2-soup-flyagaric-cactifruit-redmeat" },
			"group3-millet-bolete-cranberry-poultry": { "base": "game:block/food/meal/group3-millet-bolete-cranberry-poultry" },
			"group4-rice-parsnip-whitecurrant-bluecheese-fishstew": { "base": "game:block/food/meal/group4-rice-parsnip-whitecurrant-bluecheese-fishstew" },
			"group5-rye-turnip-blackcurrant-cheddarcheese-poultrystew": { "base": "game:block/food/meal/group5-rye-turnip-blackcurrant-cheddarcheese-poultrystew" },
			"group6-spelt-onion-redcurrant-egg-redmeatstew": { "base": "game:block/food/meal/group6-spelt-onion-redcurrant-egg-redmeatstew" },
			"group7-honey-fieldmushroom-pineapple-scrambledegg-bushmeat": { "base": "game:block/food/meal/group7-honey-fieldmushroom-pineapple-scrambledegg-bushmeat" },
			"group8-amaranth-pumpkin-bellpepper-bushmeatstew": { "base": "game:block/food/meal/group8-amaranth-pumpkin-bellpepper-bushmeatstew" },
			"group9-sunflower-soya": { "base": "game:block/food/meal/group9-sunflower-soya" },
			"group10-cabbage": { "base": "game:block/food/meal/group10-cabbage" },
			"group11-cassava": { "base": "game:block/food/meal/group11-cassava" },
			"fill-apple": { "base": "game:block/food/pie/fill-apple" },
			"fill-breadfruit": { "base": "game:block/food/pie/fill-breadfruit" },
			"fill-cherry": { "base": "game:block/food/pie/fill-cherry" },
			"fill-lychee": { "base": "game:block/food/pie/fill-lychee" },
			"fill-mango": { "base": "game:block/food/pie/fill-mango" },
			"fill-orange": { "base": "game:block/food/pie/fill-orange" },
			"fill-peach": { "base": "game:block/food/pie/fill-peach" },
			"fill-pear": { "base": "game:block/food/pie/fill-pear" },
			"fill-pomegranate": { "base": "game:block/food/pie/fill-pomegranate" },
			"fill-mushroomblack": { "base": "game:block/food/pie/fill-mushroomblack" },
			"fill-mushroomblue": { "base": "game:block/food/pie/fill-mushroomblue" },
			"fill-mushroombrown": { "base": "game:block/food/pie/fill-mushroombrown" },
			"fill-mushroomdevilstooth": { "base": "game:block/food/pie/fill-mushroomdevilstooth" },
			"fill-mushroomgreen": { "base": "game:block/food/pie/fill-mushroomgreen" },
			"fill-mushroomlobster": { "base": "game:block/food/pie/fill-mushroomlobster" },
			"fill-mushroomoffwhite": { "base": "game:block/food/pie/fill-mushroomoffwhite" },
			"fill-mushroomorange": { "base": "game:block/food/pie/fill-mushroomorange" },
			"fill-mushroompink": { "base": "game:block/food/pie/fill-mushroompink" },
			"fill-mushroompurple": { "base": "game:block/food/pie/fill-mushroompurple" },
			"fill-mushroomred": { "base": "game:block/food/pie/fill-mushroomred" },
			"fill-mushroomwhite": { "base": "game:block/food/pie/fill-mushroomwhite" },
			"fill-mushroomyellow": { "base": "game:block/food/pie/fill-mushroomyellow" },
			"bellpepper": { "base": "expandedfoods:item/food/grain/breading/{type}-raw" },
			"fill-almond": { "base": "wildcrafttrees:block/food/pie/fill-almond" },
			"fill-apricot": { "base": "wildcrafttrees:block/food/pie/fill-apricot" },
			"fill-citron": { "base": "wildcrafttrees:block/food/pie/fill-citron" },
			"fill-cocoa": { "base": "wildcrafttrees:block/food/pie/fill-cocoa" },
			"fill-coconut": { "base": "wildcrafttrees:block/food/pie/fill-coconut" },
			"fill-commonhackberry": { "base": "wildcrafttrees:block/food/pie/fill-commonhackberry" },
			"fill-fig": { "base": "wildcrafttrees:block/food/pie/fill-fig" },
			"fill-hawthorn": { "base": "wildcrafttrees:block/food/pie/fill-hawthorn" },
			"fill-hazelnut": { "base": "wildcrafttrees:block/food/pie/fill-hazelnut" },
			"fill-pomelo": { "base": "wildcrafttrees:block/food/pie/fill-pomelo" },
			"fill-purpleplum": { "base": "wildcrafttrees:block/food/pie/fill-purpleplum" },
			"fill-quince": { "base": "wildcrafttrees:block/food/pie/fill-quince" },
			"fill-sugarhackberry": { "base": "wildcrafttrees:block/food/pie/fill-sugarhackberry" },
		},
	},
	nutritionPropsByType: {
		"*-partbaked": { satiety: 80, foodcategory: "Vegetable" },
		"*-syruppartbaked": { satiety: 80, foodcategory: "Vegetable" },

		"*-cooked": { satiety: 90, foodcategory: "Vegetable" },
		"*-syrupcooked": { satiety: 90, foodcategory: "Vegetable" },

		"*-charred": { satiety: 70, foodcategory: "Vegetable" },
		"*-syrupcharred": { satiety: 70, foodcategory: "Vegetable" },

	},
	creativeinventory: { "general": ["*"], "items": ["*"], "expandedfoods": ["*"] },
	materialDensity: 600,
	transitionablePropsByType: {
		"*-oiled": [{
			type: "Perish",
			freshHours: { avg: 18 },
			transitionHours: { avg: 72 },
			transitionedStack: { type: "item", code: "game:rot" },
			transitionRatio: 1
			}

		],
		"*-raw": [{
			type: "Perish",
			freshHours: { avg: 18 },
			transitionHours: { avg: 72 },
			transitionedStack: { type: "item", code: "game:rot" },
			transitionRatio: 1
			}
		],
		"*-partbaked": [{
			type: "Perish",
			freshHours: { avg: 60 },
			transitionHours: { avg: 96 },
			transitionedStack: { type: "item", code: "game:rot" },
			transitionRatio: 1
		}],
		"*-cooked": [{
			type: "Perish",
			freshHours: { avg: 60 },
			transitionHours: { avg: 96 },
			transitionedStack: { type: "item", code: "game:rot" },
			transitionRatio: 1
		
		}],
		"*-charred": [{
			type: "Perish",
			freshHours: { avg: 120 },
			transitionHours: { avg: 192 },
			transitionedStack: { type: "item", code: "game:rot" },
			transitionRatio: 1
		}],
		"*-syruppartbaked": [{
			type: "Perish",
			freshHours: { avg: 60 },
			transitionHours: { avg: 96 },
			transitionedStack: { type: "item", code: "game:rot" },
			transitionRatio: 1
		}],
		"*-syrupcooked": [{
			type: "Perish",
			freshHours: { avg: 60 },
			transitionHours: { avg: 96 },
			transitionedStack: { type: "item", code: "game:rot" },
			transitionRatio: 1
		}],
		"*-syrupcharred": [{
			type: "Perish",
			freshHours: { avg: 120 },
			transitionHours: { avg: 192 },
			transitionedStack: { type: "item", code: "game:rot" },
			transitionRatio: 1
		}],
	},
	materialDensity: 600,
	guiTransformByType: {
		"*": {
			translation: { x: 3, y: 6, z: 0 },
			rotation: { x: -37, y: 135, z: -155 },
			origin: { x: 0.5, y: 0.15, z: 0.5 },
			scale: 3
		},
	},
	fpHandTransformByType: {
		"*": {
			translation: { x: 0, y: 0, z: 0 },
			rotation: { x: 45, y: 47, z: -30 },
			origin: { x: 0.5, y: 0.3, z: 0.5 },
			scale: 1.9
		},
	},
	tpHandTransformByType: {
		"*": {
			translation: { x: -0.6, y: -0.18, z: -0.6 },
			rotation: { x: 0, y: 0, z: -42 },
			origin: { x: 0.5, y: 0.1, z: 0.5 },
			scale: 0.8
		},
	},
	groundTransformByType: {
		"*": {
			translation: { x: 0, y: 0, z: 0 },
			rotation: { x: 0, y: 0, z: 83 },
			origin: { x: 0.47, y: 0, z: 0.5 },
			scale: 3
		},
	},
	combustiblePropsByType: {
		"stuffedpepper-*-raw": {
			meltingPoint: 150,
			meltingDuration: 30,
			smeltedRatio: 1,
			smeltingType: "cook",
			smeltedStack: { type: "item", code: "stuffedpepper-{type}-charred" },
			requiresContainer: false
		},
		"stuffedpepper-*-partbaked": {
			meltingPoint: 150,
			meltingDuration: 30,
			smeltedRatio: 1,
			smeltingType: "cook",
			smeltedStack: { type: "item", code: "stuffedpepper-{type}-charred" },
			requiresContainer: false
		},
		"stuffedpepper-*-cooked": {
			meltingPoint: 150,
			meltingDuration: 30,
			smeltedRatio: 1,
			smeltingType: "cook",
			smeltedStack: { type: "item", code: "stuffedpepper-{type}-charred" },
			requiresContainer: false
		},
		"stuffedpepper-*-oiled": {
			meltingPoint: 150,
			meltingDuration: 30,
			smeltedRatio: 1,
			smeltingType: "cook",
			smeltedStack: { type: "item", code: "stuffedpepper-{type}-charred" },
			requiresContainer: false
		},
		"stuffedpepper-*-syruppartbaked": {
			meltingPoint: 150,
			meltingDuration: 30,
			smeltedRatio: 1,
			smeltingType: "cook",
			smeltedStack: { type: "item", code: "stuffedpepper-{type}-syrupcharred" },
			requiresContainer: false
		},
		"stuffedpepper-*-syrupcooked": {
			meltingPoint: 150,
			meltingDuration: 30,
			smeltedRatio: 1,
			smeltingType: "cook",
			smeltedStack: { type: "item", code: "stuffedpepper-{type}-syrupcharred" },
			requiresContainer: false

		},
	}
}