{"GameVersion":"1.18.1","SizeX":1,"SizeY":5,"SizeZ":1,"BlockCodes":{"301":"game:bonyremains-ribcage","9241":"game:meta-underground","3100":"game:bonysoil","8801":"game:chest-east","9234":"game:clutter"},"ItemCodes":{"2533":"game:clothes-upperbody-prince-tunic","434":"game:bone","2585":"game:clothes-waist-prince-waistband","2491":"game:clothes-shoulder-royal-fur","2448":"game:clothes-lowerbody-prince-breeches","2352":"game:clothes-foot-prince-boots","352":"game:stackrandomizer-ruinedweapon"},"Indices":[0,1048576,2097152,3145728,4194304],"BlockIds":[9241,3100,8801,9241,9234],"DecorIndices":[],"DecorIds":[],"BlockEntities":{"2097152":"!<d@[F*P.?#64c-E,TfC\"TSN&!<d@[F*^g5#64o6@VfsmCI<#NAI;p\\ATMrFARTY%\"po!]G%GQ5DfU+(#'\"^#Dfg%+!!!!'\"`nKuFE7Zf0E;+R!!)*e!!!$\"!!!-.@rH6qBln'-D?'Ze56(oh0`V4S!!';*!!!*$!!!!(!AXWU!!!!:$31&,!!!!%$\"ImkA8-.\"Df,OTJ3O#=!Aa]V!!!#2#ljr+!!!!%$\"ImkA8-.\"Df,OTJ3O#=!AjcW!!!\"\\#ljr+!!!!%$\"ImkA8-.\"Df,OTJ3O#=!AsiX!!!!Q#ljr+!!!!%$\"ImkA8-.\"Df,OTJ3O#=!B'oY!!!\",!<<*#z#6?a`z/HGhO!<<*\"!!!!&$taEu6>URMCI<#NAI;p\\ATMrFARTY%\"U&pmE+KAdDes5uE-#T$0a%f\"ATMNNDJ*csz!!","4194304":"!<d@[F*P.?#64c-E,TfC#64`(!<d@[F*^g5#64o6@VfsmCI<#NAHu^]F`__:EWlSfH#R='B6%F(ATMs3DIkCU\":&scFCB9&=9&=$!!EUFATMNNDJ*csz\":&scFCB9&=o\\O&!!rsADes6$@ru9m!!!"},"Entities":[],"ReplaceMode":2,"EntranceRotation":-1}