{"GameVersion":"1.18.1","SizeX":1,"SizeY":5,"SizeZ":1,"BlockCodes":{"301":"game:bonyremains-ribcage","9241":"game:meta-underground","3100":"game:bonysoil","8801":"game:chest-east","9234":"game:clutter"},"ItemCodes":{"2394":"game:clothes-head-glasses","2547":"game:clothes-upperbody-aristocrat-shirt","356":"game:stackrandomizer-painting","434":"game:bone","369":"game:stackrandomizer-newlore"},"Indices":[0,1048576,2097152,3145728,4194304],"BlockIds":[9241,3100,8801,9241,9234],"DecorIndices":[],"DecorIds":[],"BlockEntities":{"2097152":"!<d@[F*P.?#64c-E,TfC\"TSN&!<d@[F*^C)#64o6@VfsmCI<#NAI;p\\ATMrFARTY%\"po!]G%GQ5DfU+(#'\"^#Dfg%+!!!!'\"`nKuFE7Zf0E;+R!!$1/!!!$\"!!!!(!AOQT!!!#j#ljr+!!!!%$\"ImkA8-.\"Df,OTJ3O#=!AXWT!!!!N!<<*#z#6?U\\!<<*\"A,uZ1!<<*\"!!`N]!!*'\"!3uV*!!<3$!!!6)2#mXW!!%!>!!!$\"!!!!(!B'oY!!!\"=!<<*#z#6?a`!<<*\"E<-%>!<<*\"!!!!&$taEu6>URMCI<#NAI;p\\ATMrFARTY%\"U&pmE+KAdDes5uE-#T$0a%f\"ATMNNDJ*csz!!","4194304":"!<d@[F*P.?#64c-E,TfC#64`(!<d@[F*^C)#64o6@VfsmCI<#NAHu^]F`__:EWlSfH#R='B6%F(ATMs3DIkCU\":&scFCB9&=9&=$!!EUFATMNNDJ*csz\":&scFCB9&=o\\O&!!rsADes6$@ru9m!!!"},"Entities":[],"ReplaceMode":2,"EntranceRotation":-1}