{
	code: "eggyolkportion",
	class: "ItemLiquidPortion",
	matterState: "liquid",
	variantgroups: [
		{ code: "type", states: ["chicken", "pheasant", "goldenpheasant", "capercaillie"] },
	],
	attributes: {
		handbook: {
			ignoreCreativeInvStacks: true
		},
		"inBowlShape": { "base": "game:block/food/meal/liquid" },
		"nutritionPropsWhenInMealByType": {
			"@*-(pheasant|goldenpheasant|capercaillie)": {
				saturation: 250,
				foodcategory: "Protein"
			},
			"*-chicken": {
				saturation: 170,
				foodcategory: "Protein"
			},
		},
		waterTightContainerProps: {
			containable: true,
			itemsPerLitre: 100,
			texture: { base: "game:item/liquid/eggyolk/{type}" },
			allowSpill: true,
			whenSpilled: {
				action: "DropContents",
				stack: { type: "item", code: "aculinaryartillery:eggyolkportion-{type}" }
			}
		}
	},
	transitionableProps: [{
    		type: "Perish",
    		freshHours: { avg: 48 },
    		transitionHours: { avg: 12 },
    		transitionedStack: { type: "item", code: "game:rot" },
			transitionRatio: 0.005
  	}],
	shape: { base: "game:item/liquid" },
	texture: { base: "game:item/liquid/eggyolk/{type}" },
	creativeinventoryStacks: [ { tabs: ["general", "liquids", "aculinaryartillery"], stacks: [ { type: "block", code: "game:woodbucket", attributes: { ucontents: [ { type:"item", code: "aculinaryartillery:eggyolkportion-{type}", makefull: true } ] } } ] } ],
	maxstacksize: 5000,
	materialDensity: 200,
	guiTransform: {
		rotation: { x: 128, y: 40, z: 7 },
		origin: { x: 0.5, y: 0, z: 0.5 },
		scale: 1.4
	},
	fpHandTransform: {
		translation: { x: 0, y: 0, z: 0 },
		rotation: { x: 42, y: 129, z: -30 }
	},
	tpHandTransform: {
		translation: { x: -1.5, y: -1, z: -1.4 },
	},
}