[
    {
        "op": "addeach",
        "path": "/server/behaviors/9/aitasks/0/entityCodes/-",
        "value": [
            "dog-wolf-male",
            "dog-wolf-female",
            "dog-hunting-male",
            "dog-hunting-female",
            "dog-shepherd-male",
            "dog-shepherd-female"
        ],
        "file": "game:entities/land/fox-male.json"
    },
    {
        "op": "addeach",
        "path": "/server/behaviors/9/aitasks/1/entityCodes/-",
        "value": [
            "dog-wolf-male",
            "dog-wolf-female",
            "dog-hunting-male",
            "dog-hunting-female",
            "dog-shepherd-male",
            "dog-shepherd-female"
        ],
        "file": "game:entities/land/fox-male.json"
    },
    {
        "op": "addeach",
        "path": "/server/behaviors/9/aitasks/2/entityCodes/-",
        "value": [
            "dog-wolf-male",
            "dog-wolf-female",
            "dog-hunting-male",
            "dog-hunting-female",
            "dog-shepherd-male",
            "dog-shepherd-female"
        ],
        "file": "game:entities/land/fox-male.json"
    }
]