{"GameVersion":"1.18.1","SizeX":1,"SizeY":5,"SizeZ":1,"BlockCodes":{"301":"game:bonyremains-ribcage","9241":"game:meta-underground","3100":"game:bonysoil","8801":"game:chest-east","9234":"game:clutter"},"ItemCodes":{"937":"game:leather-plain","434":"game:bone","336":"game:stackrandomizer-cloth-mediumstatus","5":"game:hunterbackpack","1844":"game:shears-copper","338":"game:stackrandomizer-accessory-lowstatus"},"Indices":[0,1048576,2097152,3145728,4194304],"BlockIds":[9241,3100,8801,9241,9234],"DecorIndices":[],"DecorIds":[],"BlockEntities":{"2097152":"!<d@[F*Nqr#64c-E,TfC\"TSN&!<d@[F*^p8#64o6@VfsmCI<#NAI;p\\ATMrFARTY%\"po!]G%GQ5DfU+(#'\"^#Dfg%+!!!!'\"`nKuFE7Zf0E;+R!!&u#!!!0&!!!!(!AOQT!!!#)!<<*#z#6?R[!<<*\":]UOr!<<*\"!!`N\\!!*'\"!!N?&!!*'\"!!!6)1]ROV!!';*!!!'#!!!!(!AsiW!!!!N!<<*#z#6?^_!<<*\"1^=!\\!<<*\"!!`N`!!*'\"!)`gt!!*'\"z\"Uo!]E^FS\\@r\"GMA7Z*XBOu7,/S/@3F9MehH#R=%@rH1\"@;p:!A2+2nD.Rd%6#L=OAH2]1!!!","4194304":"!<d@[F*Nqr#64c-E,TfC#64`(!<d@[F*^p8#64o6@VfsmCI<#NAHu^]F`__:EWlSfH#R='B6%F(ATMs3DIkCU\":&scFCB9&=9&=$!!EUFATMNNDJ*csz\":&scFCB9&=o\\O&!!rsADes6$@ru9m!!!"},"Entities":[],"ReplaceMode":2,"EntranceRotation":-1}