{"GameVersion":"1.18.1","SizeX":1,"SizeY":5,"SizeZ":1,"BlockCodes":{"301":"game:bonyremains-ribcage","9241":"game:meta-underground","3100":"game:bonysoil","8801":"game:chest-east","9234":"game:clutter"},"ItemCodes":{"2436":"game:clothes-lowerbody-clockmaker-pants","434":"game:bone","1661":"game:axe-felling-copper","865":"game:firewood","2523":"game:clothes-upperbody-clockmaker-shirt","1826":"game:saw-copper"},"Indices":[0,1048576,2097152,3145728,4194304],"BlockIds":[9241,3100,8801,9241,9234],"DecorIndices":[],"DecorIds":[],"BlockEntities":{"2097152":"!<d@[F*Nqr#64c-E,TfC\"TSN&!<d@[F*_6A#64o6@VfsmCI<#NAI;p\\ATMrFARTY%\"po!]G%GQ5DfU+(#'\"^#Dfg%+!!!!'\"`nKuFE7Zf0E;+R!!%ZY!!!$\"!!!-.@rH6qBln'-DM/:t4obfg0`V1R!!\"SO!!!$\"!!!!(!Aa]V!!!#)!<<*%z#6?X]!<<*\"I0KZO!<<*\"!!`N^!!*'\"!+>s0!$)%>!!!6)2?3aX!!(a[!!!$\"!!!-.@rH6qBln'-DT@G34obfg2ZNjY!!\"2J!!!$\"z!!NdCDfS0\\De!QMDe*Dd@q]FpF=h'4F*%QgFEqh:$=e!jCgh:(ARmLu$#O6pBL-NKCh3SH!!!!","4194304":"!<d@[F*Nqr#64c-E,TfC#64`(!<d@[F*_6A#64o6@VfsmCI<#NAHu^]F`__:EWlSfH#R='B6%F(ATMs3DIkCU\":&scFCB9&=9&=$!!EUFATMNNDJ*csz\":&scFCB9&=o\\O&!!rsADes6$@ru9m!!!"},"Entities":[],"ReplaceMode":2,"EntranceRotation":-1}