{"GameVersion":"1.18.1","SizeX":1,"SizeY":5,"SizeZ":1,"BlockCodes":{"510":"game:crucible-burned","301":"game:bonyremains-ribcage","9241":"game:meta-underground","3100":"game:bonysoil","8801":"game:chest-east","9234":"game:clutter"},"ItemCodes":{"434":"game:bone","2502":"game:clothes-shoulder-blacksmith-apron","1735":"game:hammer-copper","348":"game:stackrandomizer-ingot","346":"game:stackrandomizer-ore"},"Indices":[0,1048576,2097152,3145728,4194304],"BlockIds":[9241,3100,8801,9241,9234],"DecorIndices":[],"DecorIds":[],"BlockEntities":{"2097152":"!<d@[F*Nqr#64c-E,TfC\"TSN&!<d@[F*^a3#64o6@VfsmCI<#NAI;p\\ATMrFARTY%\"po!]G%GQ5DfU+(#'\"^#Dfg%+!!!!'\"`nKuFE7Zf0E;(Q!!*!!!!!'#!!!!(!AOQT!!!#)!<<*$z#6?R[!<<*\"`X)VF!<<*\"\":8RVDIdI'Bl@m%?`uWn#6?U\\!<<*\"`s)MD!<<*\"!!`N]!!*'\"!*fO)!!*'\"!!!6)2#mXW!!$1'!!!$\"!!!!(!B'oX!!!!N!<<*#z#6?a`!<<*\"Z2jq*!<<*\"!!!!&$taEu6>URMCI<#NAI;p\\ATMrFARTY%\"U&pmE+KAdDes5uE-#T$0a%f\"ATMNNDJ*csz!!","4194304":"!<d@[F*Nqr#64c-E,TfC#64`(!<d@[F*^a3#64o6@VfsmCI<#NAHu^]F`__:EWlSfH#R='B6%F(ATMs3DIkCS\":&scFCB9&=9&=$!!EUFATMNNDJ*csz\":&scFCB9&=o\\O&!!rsADes6$@ru9m!!!"},"Entities":[],"ReplaceMode":2,"EntranceRotation":-1}