{"GameVersion":"1.18.1","SizeX":1,"SizeY":5,"SizeZ":1,"BlockCodes":{"301":"game:bonyremains-ribcage","9241":"game:meta-underground","3100":"game:bonysoil","8801":"game:chest-east","9234":"game:clutter"},"ItemCodes":{"351":"game:stackrandomizer-copperweapon","2077":"game:armor-body-lamellar-wood","434":"game:bone","3037":"game:poultice-reed-honey-sulfur","335":"game:stackrandomizer-cloth-lowstatus"},"Indices":[0,1048576,2097152,3145728,4194304],"BlockIds":[9241,3100,8801,9241,9234],"DecorIndices":[],"DecorIds":[],"BlockEntities":{"2097152":"!<d@[F*Nqr#64c-E,TfC\"TSN&!<d@[F*^$t#64o6@VfsmCI<#NAI;p\\ATMrFARTY%\"po!]G%GQ5DfU+(#'\"^#Dfg%+!!!!'\"`nKuFE7Zf0E;+R!!$@,!!!$\"!!!!(!AOQT!!!!>#QOi*z#6?R[z/HGhO!<<*\"!!`N\\!!*'\"!3uV*!!*'\"!!!6)1]ROV!!(g_!!!'#!!!!(!AsiX!!!#)!<<*$z#6?a`!<<*\":B:Fq!<<*\"!!!!&$taEu6>URMCI<#NAI;p\\ATMrFARTY%\"U&pmE+KAdDes5uE-#T$0a%f\"ATMNNDJ*csz!!","4194304":"!<d@[F*Nqr#64c-E,TfC#64`(!<d@[F*^$t#64o6@VfsmCI<#NAHu^]F`__:EWlSfH#R='B6%F(ATMs3DIkCS\":&scFCB9&=9&=$!!EUFATMNNDJ*csz\":&scFCB9&=o\\O&!!rsADes6$@ru9m!!!"},"Entities":[],"ReplaceMode":2,"EntranceRotation":-1}