{"GameVersion":"1.18.1","SizeX":1,"SizeY":5,"SizeZ":1,"BlockCodes":{"301":"game:bonyremains-ribcage","9241":"game:meta-underground","3100":"game:bonysoil","8801":"game:chest-east","9234":"game:clutter"},"ItemCodes":{"1707":"game:bow-long","1651":"game:arrow-copper","337":"game:stackrandomizer-cloth-highstatus","353":"game:stackrandomizer-resource","434":"game:bone","2077":"game:armor-body-lamellar-wood"},"Indices":[0,1048576,2097152,3145728,4194304],"BlockIds":[9241,3100,8801,9241,9234],"DecorIndices":[],"DecorIds":[],"BlockEntities":{"2097152":"!<d@[F*Nqr#64c-E,TfC\"TSN&!<d@[F*^7%#64o6@VfsmCI<#NAI;p\\ATMrFARTY%\"po!]G%GQ5DfU+(#'\"^#Dfg%+!!!!'\"`nKuFE7Zf0E;+R!!'&(!!!$\"!!!!(!AOQT!!!\"?\"onWCz#6?R[!<<*\";#pXs!<<*\"!!`N\\!!*'\"!+>m.!!*'\"!!E[ODffE(6YKnG@q>W?J3Er<!AjcW!!!#)!<<*#z#6?[^!<<*\"*=)WF!<<*\"!!`N`z!%e3O!!*'\"z\"Uo!]E^FS\\@r\"GMA7Z*XBOu7,/S/@3F9MehH#R=%@rH1\"@;p:!A2+2nD.Rd%6#L=OAH2]1!!!","4194304":"!<d@[F*Nqr#64c-E,TfC#64`(!<d@[F*^7%#64o6@VfsmCI<#NAHu^]F`__:EWlSfH#R='B6%F(ATMs3DIkCS\":&scFCB9&=9&=$!!EUFATMNNDJ*csz\":&scFCB9&=o\\O&!!rsADes6$@ru9m!!!"},"Entities":[],"ReplaceMode":2,"EntranceRotation":-1}