{"GameVersion":"1.18.1","SizeX":1,"SizeY":5,"SizeZ":1,"BlockCodes":{"301":"game:bonyremains-ribcage","9241":"game:meta-underground","3100":"game:bonysoil","8801":"game:chest-east","9234":"game:clutter"},"ItemCodes":{"154":"game:redmeat-vintage","7":"game:miningbag","353":"game:stackrandomizer-resource","337":"game:stackrandomizer-cloth-highstatus","350":"game:stackrandomizer-coppertool","2077":"game:armor-body-lamellar-wood"},"Indices":[0,1048576,2097152,3145728,4194304],"BlockIds":[9241,3100,8801,9241,9234],"DecorIndices":[],"DecorIds":[],"BlockEntities":{"2097152":"!<d@[F*Nqr#64c-E,TfC\"TSN&!<d@[F*^L,#64o6@VfsmCI<#NAI;p\\ATMrFARTY%\"po!]G%GQ5DfU+(#'\"^#Dfg%+!!!!'\"`nKuFE7Zf0E;+R!!&Gf!!!-%!!!!(!AOQT!!!!(!!!!\"z#6?R[!<<*\"@0$?.!<<*\"\":K<iFCAuQBOPdgAH2^\\4obfg1B7FU!!#js!!!$\"!!!!(!AjcW!!!\"*!<<*#z#6?[^!<<*\"*=)WF!<<*\"!!`N_z!%e3O!!*'\"!!!6)2ZNjY!!$F.!!!$\"!!!-0FDl80CdVlEDI[5X!.[65!!!02AoD]VCi<g!6Z6LH$=da\\F*'!F@<6Mo\"E\\p.AI;pcCi!O!F(Jl:\":8pVF(djWB5D,Zz","4194304":"!<d@[F*Nqr#64c-E,TfC#64`(!<d@[F*^L,#64o6@VfsmCI<#NAHu^]F`__:EWlSfH#R='B6%F(ATMs3DIkCS\":&scFCB9&=9&=$!!EUFATMNNDJ*csz\":&scFCB9&=o\\O&!!rsADes6$@ru9m!!!"},"Entities":[],"ReplaceMode":2,"EntranceRotation":-1}