{
  "code": "machinecomplete",
  "class": "ItemMachineComplete",
  "enabled": true,

  "variantgroups": [
    {
      "code": "type",
      "states": [ "basic" ]
      //"states": [ "basic", "flyingdarter", "flyingcarrier", "flyinghauler", "grounddarter", "groundcarrier", "groundhauler", "seadarter", "seacarrier", "seahauler", "underwaterdarter", "underwatercarrier", "underwaterhauler" ]
    }
    //{
    //  "code": "panel",
    //  "loadFromProperties": "game:block/wood"
    //},
    //{
    //  "code": "metal",
    //  "loadFromProperties": "game:block/metal"
    //},
    //{
    //  "code": "cloth",
    //  "states": [ "black", "blue", "brown", "gray", "green", "orange", "pink", "purple", "red", "white", "yellow" ]
    //}
  ],

  "behaviors": [
    {
      "name": "GroundStorable",
      "properties": {
        "layout": "Quadrants",
        "collisionBox": {
          "x1": 0,
          "y1": 0,
          "z1": 0,
          "x2": 1,
          "y2": 0.125,
          "z2": 1
        }
      }
    }
  ],

  "maxstacksize": 1,

  "creativeinventory": {
    "general": [ "*-basic", "*-flying*", "*-ground*", "*-sea*" ],
    "items": [ "*-basic", "*-flying*", "*-ground*", "*-sea*" ],
    "viescraftmachines": [ "*-basic", "*-flying*", "*-ground*", "*-sea*" ]
  },

  "shapeByType": {
    "*": { "base": "entities/machines/shapemachinethrown" }
  },
  "texturesByType": {
    "*-flying*": {
      "default": { "base": "default" },
      "frame": { "base": "entities/machines/frame" },
      "metal": { "base": "game:block/metal/ingot/iron" },
      "cloth": { "base": "entities/machines/color-purple" }
    },
    "*-ground*": {
      "default": { "base": "default" },
      "frame": { "base": "entities/machines/frame" },
      "metal": { "base": "game:block/metal/ingot/iron" },
      "cloth": { "base": "entities/machines/color-green" }
    },
    "*-sea*": {
      "default": { "base": "default" },
      "frame": { "base": "entities/machines/frame" },
      "metal": { "base": "game:block/metal/ingot/iron" },
      "cloth": { "base": "entities/machines/color-cyan" }
    },
    "*-underwater*": {
      "default": { "base": "default" },
      "frame": { "base": "entities/machines/frame" },
      "metal": { "base": "game:block/metal/ingot/iron" },
      "cloth": { "base": "entities/machines/color-blue" }
    },
    "*-digging*": {
      "default": { "base": "default" },
      "frame": { "base": "entities/machines/frame" },
      "metal": { "base": "game:block/metal/ingot/iron" },
      "cloth": { "base": "entities/machines/color-yellow" }
    },
    "*-basic": {
      "default": { "base": "default" },
      "frame": { "base": "entities/machines/frame" },
      "metal": { "base": "game:block/metal/ingot/iron" },
      "cloth": { "base": "color-greylight" }
    },
    "*": {
      "default": { "base": "default" },
      "frame": { "base": "entities/machines/frame" },
      "metal": { "base": "game:block/metal/ingot/iron" },
      "cloth": { "base": "entities/machines/color-red" }
    }
  },

  "materialDensity": 600,

  "attributesByType": {
    "*": {
      "displaycaseable": true,
      "shelvable": true,
      "onDisplayTransform": {
        "translation": {
          "x": 0,
          "y": -0.3,
          "z": 0
        },
        "scale": 0.5
      },
      "groundStorageTransform": {
        "rotation": {
          "x": 0,
          "y": 45,
          "z": 0
        },
        "translation": {
          "x": 0,
          "y": -0.145,
          "z": 0
        },
        "scale": 0.75
      }
    }

  },

  "guiTransform": {
    "translation": {
      "x": 2,
      "y": -2,
      "z": 0
    },
    "rotation": {
      "x": -25,
      "y": 25,
      "z": 0
    },
    "origin": {
      "x": 0.5,
      "y": 0.25,
      "z": 0.42
    },
    "scale": 1.76
  },
  "fpHandTransform": {
    "translation": {
      "x": 0,
      "y": -0.25,
      "z": 0
    },
    "rotation": {
      "x": 59,
      "y": -103,
      "z": 81
    },
    "origin": {
      "x": 0.8,
      "y": 1.3,
      "z": 0.5
    },
    "scale": 1.5
  },
  "groundTransform": {
    "translation": {
      "x": 0,
      "y": -0.05,
      "z": 0
    },
    "rotation": {
      "x": 180,
      "y": 33,
      "z": -180
    },
    "origin": {
      "x": 0.5,
      "y": 0,
      "z": 0.5
    },
    "scale": 3
  },
  "tpHandTransform": {
    "translation": {
      "x": 1.2,
      "y": 0.75,
      "z": -0.85
    },
    "rotation": {
      "x": 99,
      "y": 163,
      "z": 91
    },
    "origin": {
      "x": -0.5,
      "y": 0,
      "z": 0
    },
    "scale": 0.5
  }
}