{
  "code": "toolnamechanger",
  "class": "ItemNameChanger",
  "enabled": false,

  "behaviors": [
    {
      "name": "GroundStorable",
      "properties": {
        "layout": "Quadrants",
        "collisionBox": {
          "x1": 0,
          "y1": 0,
          "z1": 0,
          "x2": 1,
          "y2": 0.125,
          "z2": 1
        }
      }
    }
  ],

  //"damagedby": [ "blockbreaking", "attacking" ],

  "heldTpHitAnimation": "breaktool",

  "durabilitybytype": {
    "*": 5
  },

  "attackpowerbytype": {
    "*": 0
  },

  "tooltierbytype": {
    "*": 0
  },
  "shape": { "base": "items/shapenamechanger" },

  "textures": {
    "default": { "base": "default" },
    "obsidian": { "base": "game:block/stone/rock/obsidian1" },
    "frame": { "base": "entities/machines/frame" },
    "connector": { "base": "items/parts/connector" },
    "color-black": { "base": "entities/machines/color-black" },
    "color-white": { "base": "entities/machines/color-white" }
  },

  "creativeinventory": {
    "general": [ "*" ],
    "items": [ "*" ],
    "tools": [ "*" ],
    "viescraftmachines": [ "*" ]
  },

  "attributes": {
    "handbook": {
      "groupBy": [ "toolnamechanger-*" ]
    },
    "rackable": true,
    "toolrackTransform": {
      "translation": {
        "x": 0,
        "y": 0.05,
        "z": 0.5
      },
      "rotation": {
        "x": 90,
        "y": 0,
        "z": 0
      },
      "scale": 1.25
    },
    "groundStorageTransform": {
      "rotation": {
        "x": 0,
        "y": 45,
        "z": 0
      },
      "translation": {
        "x": 0,
        "y": -0.125,
        "z": 0
      },
      "scale": 0.75
    }
  },


  "maxstacksize": 1,

  "materialDensity": 900,

  "guiTransform": {
    "translation": {
      "x": 2.5,
      "y": 0,
      "z": 0
    },
    "rotation": {
      "x": 90,
      "y": 0,
      "z": 0
    },
    "origin": {
      "x": 0.5,
      "y": 0.6,
      "z": 0.5
    },
    "scale": 1.88
  },
  "fpHandTransform": {
    "rotation": {
      "x": 81,
      "y": 109,
      "z": -35
    },
    "scale": 1.75
  },
  "tpHandTransform": {
    "translation": {
      "x": -1.2,
      "y": -1.4,
      "z": -0.75
    },
    "rotation": {
      "x": 12,
      "y": -74,
      "z": 88
    },
    "scale": 0.44
  },
  "groundTransform": {
    "translation": {
      "x": 0,
      "y": 0.2,
      "z": 0
    },
    "rotation": {
      "x": 0,
      "y": 0,
      "z": 0
    },
    "origin": {
      "x": 0.5,
      "y": 0.5,
      "z": 0.5299
    },
    "scale": 2.00
  }
}