﻿[
	//-- Allows oak bark to be used to create tannin, alongside vanilla oak logs --//
	{
		"op": "replace",
		"path": "/0/ingredients/0/quantity",
		"value": 4,
		"file": "recipes/barrel/tannin",
		"side": "Server",
		"condition": { "when": "BarkPerLog", "useValue": true }
	},
	{
		"op": "replace",
		"path": "/1/ingredients/0/quantity",
		"value": 4,
		"file": "recipes/barrel/tannin",
		"side": "Server",
		"condition": { "when": "BarkPerLog", "useValue": true }
	},
	//-- Removes vanilla tannin recipes --//
	{
		"op": "add",
		"path": "/0/enabled",
		"value": "false",
		"file": "game:recipes/barrel/weaktannin",
		"side": "Server",
		"condition": { "when": "DisableVanillaHideCrafting", "isValue": "true" }
	},
	{
		"op": "add",
		"path": "/1/enabled",
		"value": "false",
		"file": "game:recipes/barrel/weaktannin",
		"side": "Server",
		"condition": { "when": "DisableVanillaHideCrafting", "isValue": "true" }
	},
	{
		"op": "add",
		"path": "/0/enabled",
		"value": "false",
		"file": "game:recipes/barrel/strongtannin",
		"side": "Server",
		"condition": { "when": "DisableVanillaHideCrafting", "isValue": "true" }
	},
	{
		"op": "add",
		"path": "/1/enabled",
		"value": "false",
		"file": "game:recipes/barrel/strongtannin",
		"side": "Server",
		"condition": { "when": "DisableVanillaHideCrafting", "isValue": "true" }
	},
]