{"GameVersion":"1.17.0-pre.1","SizeX":4,"SizeY":3,"SizeZ":4,"BlockCodes":{"2005":"bonysoil","2253":"cobblestone-basalt","2169":"cobblestoneslab-basalt-down-free","2323":"cobblestonestairs-basalt-up-south-free","2085":"cobbleskull-basalt","327":"lootvessel-tool","42579":"clutter"},"ItemCodes":{},"Indices":[0,1024,2048,3072,1,1025,2049,3073,1048577,1049601,2097153,2,1026,2050,3074,1048578,1050626,1051650,3,1027,2051,3075,1048579,1049603,1050627,2097155],"BlockIds":[2005,2005,2253,2253,2253,2005,2169,2323,2085,327,2085,2253,2169,2253,2253,2085,42579,42579,2085,2253,2253,2253,2085,2169,42579,2085],"DecorIndices":[],"DecorIds":[],"BlockEntities":{"1050626":"\"U&pmE+KK#@:F%a/TPuJDIm?6\":8pVF(djWB5D/6&';Nd\"E8:#GbY6=!!*4ADf^1+!!!!\"\"E8:#H7/an!!N[<Ci<g!6Z6LH#@hRmFED)7!!","1051650":"\"U&pmE+KGuF^efrAM&+EDe(R*$#O6pBL-NKCh;?3ah@cYE,TfBUAt8o!<d@[F*Rif!!!$&E,TfD.0'>J\"USXSDe!QMDe*Da@r-:0FCfIm","1050627":"\"U&pmE+KK!F^efrAM%tFDf0,@\":8pVF(djWB5D/6&';Nd\"E8:#Gbb<>!!*4ADf^1+!!!!\"\"E8:#H7/an!!N[<Ci<g!6Z6LH#@hRmFED)7!!"},"Entities":[],"ReplaceMode":2}