{"GameVersion":"1.18.0-pre.7","SizeX":5,"SizeY":5,"SizeZ":5,"BlockCodes":{"180":"game:bowl-fired","1391":"game:metalsheet-gold-down","2257":"game:cobblestone-bauxite","2005":"game:bonysoil","5680":"game:woodenfence-aged-es-free","5654":"game:woodenfence-aged-ns-free","6083":"game:woodenfencegate-aged-w-closed-right-free","5589":"game:woodenfence-aged-n-free","2061":"game:soil-medium-normal","5693":"game:woodenfence-aged-ew-free","324":"game:lootvessel-food","5576":"game:woodenfence-aged-empty-free","7115":"game:groundstorage","5280":"game:chest-east","331":"game:oillamp-east","5706":"game:woodenfence-aged-sw-free","5615":"game:woodenfence-aged-s-free"},"ItemCodes":{"170":"game:waterportion","190":"game:stackrandomizer-ingot","176":"game:lootrandomizer","1530":"game:blade-forlorn-iron","2098":"game:clothes-waist-forlorn-belt","725":"game:ingot-gold","268":"game:cloth-brown","816":"game:metalplate-iron","726":"game:ingot-iron","773":"game:metalchain-gold","774":"game:metalchain-iron","1906":"game:armor-head-antique-forlorn-broken","1907":"game:armor-body-antique-forlorn-broken","1908":"game:armor-legs-antique-forlorn-broken","1919":"game:clothes-face-forlorn-veil","1925":"game:clothes-foot-forlorn-shoes","1955":"game:clothes-hand-forlorn-bracer","1989":"game:clothes-lowerbody-forlorn-pants","2020":"game:clothes-neck-forlorn-talisman","2029":"game:clothes-shoulder-forlorn-sash","2055":"game:clothes-upperbody-forlorn-tunic"},"Indices":[0,1024,2048,3072,4096,1048576,1049600,1050624,1051648,1052672,1,1025,2049,3073,4097,1048577,1049601,2,1026,2050,3074,4098,1048578,1050626,1052674,2099202,3147778,4196354,3,1027,2051,3075,4099,1048579,1050627,3147779,4,1028,2052,3076,4100,1048580,1049604,1051652,1052676],"BlockIds":[2257,2257,2005,2257,2005,5680,5654,6083,5654,5589,2257,2257,2005,2257,2061,5693,324,2257,2257,2257,2005,2005,5693,2257,5576,2257,2257,7115,2061,2005,2257,2061,2257,5693,5280,331,2257,2257,2257,2257,2005,5706,5589,5615,5589],"DecorIndices":[],"DecorIds":[],"BlockEntities":{"4196354":"!<d@[F*P_*!!!$&E,TfC'`\\46!<d@[F*\\K\"!!!0/@VfsmCI<#NAIW9mDfor.F*)>@@:s-U$#+:#ASuU.Ed7ZiEH>r7FE7Qb!!!3,F)5c:EsD_\"z!42_+!!*'\"!!W^=Df0Z.DKKq)!AFKS!!!#!!!!\"0zz#n^cfEarZZFDl2.B4Xn[DfBat!=j$kATDg*A7\\GCH#IhIz\":8pVF(djWB5D,Z!!!!\"$=S$u@:Nt?@:NjKz","1050627":"!<d@[F*Pb+!!!$&E,TfC&c_n3!<d@[F*\\K\"!!!0/@VfsmCI<#NAI;p\\ATMrFARTY%\"po!]G%GQ5DfU+(#'\"^#Dfg%+!!!!'\"`nKuFE7Zf0`V4S!!'_5!!!$\"!!!!(!Aa]V!!!#'!!!!\"!!!!\"\"ES!pAH;c2!!WXKFCAZp0F%c&FCAZp!!*'\"!;Zj!!!*'\"!!!-+@q]:g@q>W?a?]e1#'4lp@r!e(\"`nco@qu&F!!!!S#QOi*!!!!%$\"ImkA8-.\"Df1>[G!5m/#%M=TDI[5X!2)RW\"pT-j@:O(.#6f0j@:O'QzDZp+@!<<*\"!!EL9BOPdgAH2_g5QCumF*(i#CGQ2!F*(i#CB+A8!!(ON!!!*$!!!!%#%M=TDI[5X!5Li\"\"pT-j@:O(0#6f0j@:O'Q!<<*\"$ip>.\"onW'!!EL9BOPdgAH2]a5l_)nF*(i#CGc>#F*(i#CB+A8!!\"\\T!!!$\"!!!!%#%M=TDI[5X!5Li\"\"pT-j@:O(2#6f0j@:O'Q!<<*\"ecGgO!<<*\"!!EL9BOPdgAH2_g5QCumF*(i#CGuJ%F*(i#CB+A8!!!0)!!!$\"!!!!%#%M=TDI[5X!.[<7\"pT-j@:O(4#6f0j@:O'Q!<<*\"\"p4i*!<<*\"!!EL9BOPdgAH2^\\5QCch!AsiX!!!#'!!!!\"!!!!\"\"ES!pAH;c2!!WXKFCAZp0F%c&FCAZp!!*'\"!-/;E!!*'\"!!!-+@q]:g@q>W?E'XI.#'4lp@r!e(\"`nco@qu&F!!!\"?#64`)z\"9r@L@;]Rd!!$t(!!WXKFCAZp1'[u(FCAZp!!*'\"!-AGG!!*'\"!!!-+@q]:g@q>W?E'XI.#'4lp@r!k*\"`nco@qu&F!!!\"K#64`)!!!!%$\"ImkA8-.\"Df.XSR6:NQ#%M=TDI[5X!2)RW\"pT-j@:O(0#6f0j@:O'Q!<<*\"Ka.SX!<<*\"\":8RVDIdI'Bl@ln;$&o]\"9r@L@;]Rd!!&ZW!!WXKFCAZp2$X;+FCAZp!!*'\"!2Bc!!!*'\"!!EU<Df0*\"FD5Z2-o%,R!!EL9BOPdgAH2_'5QCumF*(i#CGlD$F*(i#CB+A8!!'tC!!!$\"!!!-.@rH6qBln'-DB#kj3rfBf@q]:g@q>W?TKiJ]#'4lp@r\"\".\"`nco@qu&F!!!#[#64`)z\"9r@L@;]Rd!!&ZW!!WXKFCAZp3!TV.FCAZp!!*'\"!::!k!!*'\"!!EU<Df0*\"FD5Z2j(cY!!!EL9BOPdgAH2_'5QCumF*(i#CH2V'F*(i#CB+A8!!!60!!!$\"!!!-.@rH6qBln'-D@-]q4TGTh@q]:g@q>W?TKiJW#6?a`!<<*\"YQ+Y'!<<*\"!<dIPG%C[S!!!3-F*(i#CG5tsF*(i#CB+A8!!)j!!!!$\"!!!!%#%M=TDI[5X!6@G+\"pT-j@:O(-#6f0j@:O'Q!<<*\"1'dj[!<<*\"\":8RVDIdI'Bl@mEIs+!U\"9r@L@;]Rd!!&ZW!!WXKFCAZp1'[u(FCAZpz!,i#@!!*'\"!!!-+@q]:g@q>W?i'78H#'4lp@r!k*\"`nco@qu&F!!!#L!WW3&z\"9r@L@;]Rd!!'f\"!!WXKFCAZp1^=2*FCAZp!!*'\"!\"8l.!!WE'!!!-+@q]:g@q>W?0L5[C#'4lp@r!q,\"`nco@qu&F!!!!Q!rr<%z\"9r@L@;]Rd!!'f\"!!WXKFCAZp2?sD,FCAZp!!*'\"!7h2O!!*'\"!!!-+@q]:g@q>W?i'78H#'4lp@r\"\".\"`nco@qu&F!!!!&!rr<%z\"9r@L@;]Rd!!%O7!!WXKFCAZp3!TV.FCAZp!!*'\"!!WN*!!*'\"!!!-+@q]:g@q>W?J3X)7!!!02AoD]VCi<g!6Z6LH$=da\\F*'!F@<6Mo\"E\\p.AI;pcCi!O!F(Jl<\":8pVF(djWB5D/6&'7$9"},"Entities":[],"ReplaceMode":2}