{"GameVersion":"1.18.0-pre.3","SizeX":5,"SizeY":4,"SizeZ":5,"BlockCodes":{"180":"game:bowl-fired","144":"game:seashell-conch-turquoise","141":"game:seashell-sundial-turquoise","134":"game:seashell-sundial-cinnamon","129":"game:seashell-clam-darkpurple","124":"game:seashell-seastar-seafoam","118":"game:seashell-volute-plain","105":"game:seashell-scallop-latte","5398":"game:painting-fishandtherain-north","5395":"game:painting-underwater-north","42579":"game:clutter","5396":"game:painting-prey-north","5393":"game:painting-howl-north","5404":"game:painting-sleepingwolf-north","348":"game:clayplanter-seasalt","349":"game:clayplanter-tenmoku","2061":"game:soil-medium-normal","2046":"game:soil-medium-none","5641":"game:woodenfence-aged-ne-free","7116":"game:meta-filler","7115":"game:groundstorage","5693":"game:woodenfence-aged-ew-free","7119":"game:meta-spawner","104":"game:drycarcass-humanoid2","471":"game:storagevessel-beehive"},"ItemCodes":{"165":"game:honeyportion","715":"game:honeycomb","176":"game:lootrandomizer","232":"game:lime","721":"game:ingot-blackbronze","748":"game:metalbit-blackbronze","1430":"game:axe-felling-blackbronze","1540":"game:pickaxe-blackbronze","1550":"game:prospectingpick-blackbronze","1474":"game:hammer-blackbronze","1611":"game:spear-generic-blackbronze","1828":"game:armor-head-lamellar-blackbronze","1829":"game:armor-body-lamellar-blackbronze","1830":"game:armor-legs-lamellar-blackbronze","1831":"game:armor-head-brigandine-blackbronze","1832":"game:armor-body-brigandine-blackbronze","1833":"game:armor-legs-brigandine-blackbronze","752":"game:metalbit-gold","759":"game:metalbit-silver","198":"game:stackrandomizer-gear","197":"game:stackrandomizer-painting","194":"game:stackrandomizer-resource","195":"game:stackrandomizer-tuningcylinder","191":"game:stackrandomizer-seed","1310":"game:rot","271":"game:compost"},"Indices":[0,1024,2048,3072,4096,1048576,1049600,1050624,1051648,2098176,2099200,3146752,3147776,1,1025,2049,3073,4097,1048577,1049601,1050625,1051649,1052673,2097153,2098177,2099201,2100225,3146753,3147777,2,1026,2050,3074,4098,1048578,1049602,1050626,1051650,2097154,2098178,2099202,2100226,3146754,3147778,3,1027,2051,3075,4099,1048579,1049603,1050627,1051651,1052675,2097155,2098179,2099203,2100227,3147779,4,1028,2052,3076,4100,1048580,1050628,1051652,2097156,2098180,2100228,3147780,3148804],"BlockIds":[2061,2061,2061,2061,2061,2046,2046,2046,5641,2046,2046,2046,2046,2061,2061,2061,2061,2061,2046,7116,7115,5693,7119,2046,7116,7116,7116,2046,2046,2061,2061,2061,2061,2061,2046,7116,104,5693,2046,7116,7116,7116,2046,2046,2061,2061,2061,2061,2061,2046,471,7116,5693,7119,2046,7116,7116,7116,2046,2061,2061,2061,2061,2061,2046,2046,2046,2046,2046,2046,2046,2046],"DecorIndices":[],"DecorIds":[],"BlockEntities":{"1050625":"!<d@[F*L(Q!!!$&E,TfC&c_n3!<d@[F*^R]!!!0/@VfsmCI<#NAIW9mDfor.F*)>@@:s-U$#+:#ASuU.Ed7ZiEH>r7FE7Qb!!!3,F)5c:EsD_\"z!42_+!!*'\"!!W^=Df0Z.DKKq)!AFKS!!!\"q!!!\"0zz#n^cfEarZZFDl2.B4Xn[DfBat!=j$kATDg*A7\\GCH#IhIz\":8pVF(djWB5D,Z!!!!\"$=S$u@:Nt?@:NjKz","1052673":"!<d@[F*L(Q!!!$&E,TfC&c_n3!<d@[F*^X_!!!0/@VfsmCI<#NAINEeFC?bBE+*s.AT@eWD..ZVDfor>!<<*\"\":]'_FCfK9@;JJQF`MO'!!!!+$Y=3tBlnVfDe*F#!<<*\"'PCikANF:3@<*r:@;KL,@WHC2D?0f`1&_.PrrE1H0`V1R!!*.I1&_.PrrE1G1'7LV!!*.H1'7LV!!*.I1'7LV!!*RHBl6a`@<lF);IOHUAH2]1!!*RH@<bUb@<lF);IOHUAH2]1!!*RNE+*s.;IOHUAPI)RAH2]1!!*FJE+*s.6Z7*bF9)@A!!s?\\E+*s.:Msuo6\"Y4ME_1+eDfTq#!>]BeBln&tCf,=`DKKT7GuJZjGA^u&z!>K6cBln&tCf>:]GA^9#@;^1$FEmid!!!$+B6%p5E)UIsAH;c2!!s$W@<5\"WE,Tc=ARkcC'5V)uFAm-eGA^AuFCAuVDfp)AhVI#D*C,]O!>&s_FCfK1@;J;>E+*6jFEmid!!!*2Bl8$(Ec,<%6YKnKB4V&Cz!!!*3Eb/`o@<-!l:h=Z<Dfp(#z!!!!$)Jii'F@0_MEbAr`E+EC!AQ3Si@;JJQF`MO'z!!!!0%s)\\uGA^u&7;d3]FD5<-z!!","1050626":"!<d@[F*L+R!!!$&E,TfC&c_n3!<d@[F*^R]!!!0/@VfsmCI<#NAJAZqH\"19'@psG\"/SK9D@;^!tA246#FE1f-F(o`1Df/*aF`MOsAS-#az!:[`*'Pq3!F@0_Q@r\"AP<,ZkeCd_]WF+)IaIF>,a5QC","1049603":"!<d@[F*L.S!!!$&E,TfC&c_n3!<d@[F*^O\\!!!0/@VfsmCI<#NAJK9.DfT9!AThX+F(K/>@V'+aBm+%l$#+:#ASuU.Ed7ZiEH>r7FE7ij!!!3,F)5c:EsD_\"!!*'\"!6YED!!iQ)!!!6)1&q=T!!'5'!!!$\"!!!$&F('6'!<<*\"\"pT-j@:O(,#6f0j@:O'Q!<<*\"kPtS_&c_n3!!EL9BOPdgAH2_'5QCumF*(i#CG?%tF*(i#CB+>7!!&)\\!!!$\"!!!!%#%M=TDI[5X!$FQ-\"pT-j@:O(.#6f0j@:O'QzN;rqY!WW3#!!EL9BOPdgAH2]15l_)nF*(i#CGQ2!F*(i#CB+>7!!%`R!!!$\"!!!!%#%M=TDI[5X!$FQ-\"pT-j@:O(0#6f0j@:O'QzJH,ZM!<<*\"!!EL9BOPdgAH2]Q5l_)nF*(i#CGc>#F*(i#CB+>7!!%BH!!!'#!!!!%#%M=TDI[5X!!#:b\"pT-j@:O(2#6f0j@:O'QzFoVLB!WW3#!!EL9BOPdgAH2]15l_)nF*(i#CGuJ%F*(i#CB+>7!!$^5!!!$\"!!!!%#%M=TDI[5X!$FQ-\"pT-j@:O(4#6f0j@:O'Qz()6fL!<<*\"!!EL9BOPdgAH2]q5QCumF*(i#CH2V'F*(i#CB+>7!!!ZI!!!$\"!!!!%#%M=TDI[5X!'idL!!`N]!!*'\"!3cG'!!*'\"!!*4D@<Q2_!!!!'#'4lp@r!b'\"`nco@qu&F!!!#H!WW3$z\"9r@L@;]Rd!!&ZW!!WXKFCAZp0a@l'FCAZp!!*'\"!:0ae!\"T&0!!!-+@q]:g@q>W?5X5;R#'4lp@r!h)\"`nco@qu&F!!!\"b\"TSN'!!!!\"$=n:\"@:EqeBlnWjz\"9r@L@;]Rd!!(qB!!WXKFCAZp1C\"))FCAZp!!*'\"!!EK+!!*'\"!!*F;F`Lo\"Bl%L*H0G;/!!!-+@q]:g@q>W?!'pSh#'4lp@r!n+\"`nco@qu&F!!!!/\"onW(!!!!\"$=n:\"@:EqeBlnVT!<<*\"\"9r@L@;]Rd!!%O7!!WXKFCAZp2$X;+FCAZp!!*'\"!5\\m>!!*'\"!!*F;F`Lo\"Bl%L*H-$*f!!!-+@q]:g@q>W?^d%l(#'4lp@r!t-\"`nco@qu&F!!!!l\"onW(!!!!\"$=n:\"@:EqeBlnWCz\"9r@L@;]Rd!!(qB!!WXKFCAZp2[9M-FCAZp!!*'\"!$hdL!!*'\"!!*F;F`Lo\"Bl%L*H(\"d7!!!-+@q]:g@q>W?TKiJ]#'4lp@r\"%/\"`nco@qu&F!!!!F#64`)!!!!\"$=n:\"@:EqeBlnXU!<<*\"\"9r@L@;]Rd!!&ZW!!WXKFCAZp3<o_/FCAZp!!*'\"!%%pN!!*'\"!!*F;F`Lo\"Bl%L*H-60f!!!-+@q]:g@q>W?TKiJW#6?[^!<<*\"YQ+Y'!<<*\"!<dIPG%C[S!!!3-F*(i#CG5tsF*(i#CB+>7!!#rp!!!$\"!!!0*FEqh:$ZofpCFsC7FCAuA!!EL9BOPdgAH2_'5QCumF*(i#CG?%tF*(i#CB+>7!!#rp!!!$\"!!!0*FEqh:$ZofpCFs18@<6KI!!EL9BOPdgAH2_'5QCumF*(i#CGH+uF*(i#CB+>7!!#rp!!!$\"!!!0*FEqh:$YOBoASj#?CNXH0!!EL9BOPdgAH2_'5QCumF*(i#CGQ2!F*(i#CB+>7!!#rp!!!$\"!!!0*FEqh:$>49nASj#4ART*L\"9r@L@;]Rd!!&ZW!!WXKFCAZp1^=2*FCAZpz!)o`p!!*'\"!!NLIH#R=&FCB'&/T#'@@;IXu\"9r@L@;]Rd!!&ZW!!WXKFCAZp2$X;+FCAZpz!)o`p!!*'\"!!NLIH#R=&FCB'&/T#'@@;I\\!\"9r@L@;]Rd!!&ZW!!WXKFCAZp2?sD,FCAZpz!)o`p!!*'\"!!NLIH#R=8@W-1#F(f-$G%G_JCh7*uF`M@O@W-1#/T5T>D?'eD@q]:g@q>W?TKiJ]#'4lp@r\"\".\"`nco@qu&E!!!!tV>pSs!!!!&\"E\\p.AKPB\"DejE-AScO$F\"_!@DejE9@;]U-@W-1#/T5T>D?'eD@q]:g@q>W?TKiJ]#'4lp@r\"%/\"`nco@qu&E!!!!tV>pSs!!!!&\"E\\p.AIETgDJLh:CghC+0`V=\\@q]:g@q>W?TKiJ]#'4lp@r\"(0\"`nco@qu&E!!!!tV>pSs!!!!&\"E\\p.AIETgDJLh:CghC+1&qF]@q]:g@q>W?TKiJW#6?^_!<<*\"YQ+Y'!<<*\"!<dIPG%C[S!!!3-F*(i#CG5tsF*(i#CB+A8!!\"AO!!!$\"!!!$,A9Dp$@VKXmFEni.!!!!%#%M=TDI[5X!2)RW\"pT-j@:O(-#6f0j@:O'Q!<<*\"-jK_P!<<*\"!=E@[Ea`EkCh\\!:.K]YN!!EL9BOPdgAH2_'5QCumF*(i#CGH+uF*(i#CB+A8!!\"GQ!!!$\"!!!$,A9Dp$@VKXmFEs_c!!!!%#%M=TDI[5X!2)RW\"pT-j@:O(/#6f0j@:O'Q!<<*\"n,`Ri$31&+!!EL9BOPdgAH2_'5QCumF*(i#CGZ8\"F*(i#CB+A8!!)`p!!!N0!!!!%#%M=TDI[5X!2)RW\"pT-j@:O(1#6f0j@:O'Qz'GUTJ!<<*\"!!EL9BOPdgAH2_G5QCumF*(i#CGlD$F*(i#CB+>7!!!TG!!!$\"!!!!%#%M=TDI[5X!5Li\"\"pT-j@:O(3#6f0j@:O'Qz*#/GR!<<*\"!!EL9BOPdgAH2_G5QCumF*(i#CH)P&F*(i#CB+>7!!$7)!!!$\"!!!!%#%M=TDI[5X!5Li\"\"pT-j@:O(5#6f0j@:O'Qz>lap*!<<*\"!!EL9BOPdgAH2_G5QCch!B:&[!!!#'!!!!\"!!!!\"\"ES!pAH;c2!!WXKFCAZp0F%c&FCAZp!!*'\"!7:iJ!!*'\"!!!-+@q]:g@q>W?TKiJ]#'4lp@r!e(\"`nco@qu&F!!!#c!WW32z\"9r@L@;]Rd!!#8L!!WXKFCAZp1'[u(FCAZp!!*'\"!1!cg!!*'\"!!*F;F`Lo\"Bl%L*H(4j7!!!-+@q]:g@q>W?i'78H#'4lp@r!k*\"`nco@qu&F!!!!%\"onW(!!!!\"$=n:\"@:EqeBlnXbz\"9r@L@;]Rd!!!!b!!WXKFCAZp1^=2*FCAZp!!*'\"!\"K25!!*'\"!!*F;F`Lo\"Bl%L*Gqf=\"!!!-+@q]:g@q>W?J3X)=#'4lp@r!q,\"`nco@qu&F!!!#9\"TSN'!!!!\"$=n:\"@:EqeBlnXB!WW3#\"9r@L@;]Rd!!'f\"!!WXKFCAZp2?sD,FCAZp!!*'\"!)!Lr!!*'\"!!*F;F`Lo\"Bl%L*H$')e!!!-+@q]:g@q>W?i'78H#'4lp@r\"\".\"`nco@qu&F!!!!E#64`)!!!!\"$=n:\"@:EqeBlnWh!WW3#\"9r@L@;]Rd!!&ZW!!WXKFCAZp3!TV.FCAZp!!*'\"!$qjM!!*'\"!!*F;F`Lo\"Bl%L*H/&E#!!!-+@q]:g@q>W?TKiJ]#'4lp@r\"(0\"`nco@qu&F!!!!G#64`)!!!!\"$=n:\"@:EqeBlnXDz\"9r@L@;]Rd!!&ZW!!!6)3<0'[!!'5'!!!$\"!!!$&F('6'!<<*\"\"pT-j@:O(,#6f0j@:O'Q!<<*\"`W,u=!<<*\"!!EL9BOPdgAH2]Q5l_)nF*(i#CG?%tF*(i#CB+A8!!'t<!!!$\"!!!!%#%M=TDI[5X!5Li\"\"pT-j@:O(.#6f0j@:O'Q!<<*\"_>jQ9!<<*\"!!EL9BOPdgAH2]Q5l_)nF*(i#CGQ2!F*(i#CB+A8!!'n:!!!$\"!!!!%#%M=TDI[5X!.[<7\"pT-j@:O(0#6f0j@:O'Q!<<*\"^An66!<<*\"!!EL9BOPdgAH2]15l^li!\\lA/!<<*\"YQ+Y'!<<*\"!<dIPG%C[S!!!3-F*(i#CG5tsF*(i#CB+A8!!\"&D!!!E-!!!!%#%M=TDI[5X!6@G+\"pT-j@:O(-#6f0j@:O'Q!<<*\"*X)ND#ljr*!!EL9BOPdgAH2_O5l_)nF*(i#CGH+uF*(i#CB+A8!!\"&D!!!6(!!!!%#%M=TDI[5X!6@G+\"pT-j@:O(/#6f0j@:O'Q!<<*\"%flY1#QOi)!!EL9BOPdgAH2_O5l^li!\\lD0!<<*\"YQ+Y'!<<*\"!<dIPG%C[S!!!3-F*(i#CG5tsF*(i#CB+A8!!\"AO!!!$\"!!!$,A9Dp$@VKXmFEni.!!!!%#%M=TDI[5X!2)RW\"pT-j@:O(-#6f0j@:O'Q!<<*\"-jK_P!<<*\"!=E@[Ea`EkCh\\!:.K]YN!!EL9BOPdgAH2_'5QCumF*(i#CGH+uF*(i#CB+A8!!\"GQ!!!$\"!!!$,A9Dp$@VKXmFEs_c!!!!%#%M=TDI[5X!2)RW\"pT-j@:O(/#6f0j@:O'Q!<<*\"n,`Ri$31&+!!EL9BOPdgAH2_'5QCumF*(i#CGZ8\"F*(i#CB+A8!!)`p!!!N0!!!!%#%M=TDI[5X!2)RW\"pT-j@:O(1#6f0j@:O'Qz'GUTJ!<<*\"!!EL9BOPdgAH2_G5QCumF*(i#CGlD$F*(i#CB+>7!!!TG!!!$\"!!!!%#%M=TDI[5X!5Li\"\"pT-j@:O(3#6f0j@:O'Qz*#/GR!<<*\"!!EL9BOPdgAH2_G5QCumF*(i#CH)P&F*(i#CB+>7!!$7)!!!$\"!!!!%#%M=TDI[5X!5Li\"\"pT-j@:O(5#6f0j@:O'Qz>lap*!<<*\"!!EL9BOPdgAH2_G5QCca!!NdCDfS0\\De!QMDe*DoF*)>@@:s.pATMp(Cb9+-AS>e$AH`3YH#R=!DJsQ4@;H&QD.Rd%6#L=OAH2]1!!!","1052675":"!<d@[F*L.S!!!$&E,TfC&c_n3!<d@[F*^X_!!!0/@VfsmCI<#NAINEeFC?bBE+*s.AT@eWD..ZVDfor>!<<*\"\":]'_FCfK9@;JJQF`MO'!!!!+$Y=3tBlnVfDe*F#!<<*\"(2%&mANF:3@<*r3ASkjlAM%A3Dg-(\"!dHHus8W*\"!dQL#!!!!\"!dZU\"s8W*\"!dHI&!!!!\"!dQO'!!!!\"!dZU(!!!!\"%W,ot:i'QcATC[WDJ*M\\!!!!\"%W,X!:i'QcATC[WDJ*M\\!!!!\"%WcStGA^;eDJ*NTDe*DZ!!!!\"$?L/pGA]cdF`):%!!!!*'Q\\5%GA^2oCjA<YFCfJaD/aE6F9)CXBl7X,BjkgTF^]00BlnW!E+*s.ARkc@!!!$6Bl7X,BjkgVE+*s.;0?;bFD5iBz!=<CZDfp\"tBmO=k!!!!*$[6$#8SrEbEcbl'!!<mN@<6NhE+*s.<,ZkeCe/JeEc^*nh;'):O?`gXBl8$(Ec,<%6XaqB@qg%1z!tK$_FCfK1@;J;E@<-!lzz!tTE`@q]:kB4XnNE_(+kEW?(>z!!=-U@<6NXBOPpoAQ<\\[@<?'[DffE(88iWkErZ1?z!\"TT]E+*s.ARn5IFD5i2ATIhO!!!!"},"Entities":[],"ReplaceMode":2}