{"GameVersion":"1.17.0-pre.1","SizeX":5,"SizeY":5,"SizeZ":4,"BlockCodes":{"2061":"soil-medium-normal","2245":"cobblestone-chalk","2161":"cobblestoneslab-chalk-down-free","2259":"cobblestonestairs-chalk-up-north-free","2315":"cobblestonestairs-chalk-up-south-free","42579":"clutter"},"ItemCodes":{},"Indices":[0,1024,2048,3072,1,1025,2049,3073,2,1026,2050,3074,1048578,1051650,2097154,2100226,3145730,3146754,3147778,3148802,4194306,4195330,4196354,4197378,3,1027,2051,3075,4,1028,2052,3076],"BlockIds":[2061,2061,2245,2245,2161,2245,2245,2245,2245,2259,2315,2245,2245,2245,2245,2245,2245,42579,42579,2245,2315,2245,2245,2259,2245,2245,2245,2161,2245,2245,2061,2061],"DecorIndices":[],"DecorIds":[],"BlockEntities":{"3146754":"\"U&pmE+KGeCi<g!/TbE2CM[Pb$#O6pBL-NKCh3SH!!!$&E,TfBSH&Wi!<d@[F*SH\"!!!$&E,TfD-NF,H\"USXSDe!QMDe*Da@r-:0FCfIm","3147778":"\"U&pmE+K_nBOPUmF\"_$:@;0U2@qB@jBl7Pd$#O6pBL-NKCh;?38O*:ZE,TfBSH&Wi!<d@[F*SH\"!!!$&E,TfD-ia5I\"USXSDe!QMDe*Da@r-:0FCfIm"},"Entities":[],"ReplaceMode":2}