{"GameVersion":"1.17.0-pre.1","SizeX":5,"SizeY":4,"SizeZ":5,"BlockCodes":{"2249":"cobblestone-claystone","334":"clayoven-north","324":"lootvessel-food","7115":"groundstorage"},"ItemCodes":{"1332":"shingle-burned-blue"},"Indices":[0,1024,2048,3072,4096,1048576,1049600,1051648,1,1025,2049,3073,4097,1048577,1049601,2097153,2,1026,2050,3074,4098,1048578,1049602,3,1027,2051,3075,4099,1048579,1049603,1050627,2097155,4,1028,2052,3076,4100,1048580,1049604,1050628,1051652,1052676,2098180,3146756],"BlockIds":[2249,2249,2249,2249,2249,2249,2249,2249,2249,2249,2249,2249,2249,2249,334,2249,2249,2249,2249,2249,2249,2249,324,2249,2249,2249,2249,2249,2249,7115,7115,2249,2249,2249,2249,2249,2249,2249,2249,2249,2249,2249,2249,2249],"DecorIndices":[],"DecorIds":[],"BlockEntities":{"1049601":"!<d@[F*O\\b!!!$&E,TfC&c_n3!<d@[F*\\f+!!!0/@VfsmCI<#NAI`3d@<ld7ASs);DfTr5\"po!]G%GQ5DfU+(#'\"^#Dfg%(!!!!'\"`nKuFE7E^!=!ObCi=E:\"TSN&\"pK'aDfg%#!<ckSEc(jW!!!$&Ec6&.=o\\O&\"9`gXD/]ITTKr\\aFCoZ,C]FG8!!EL8Ec6/>0E;(Q!!ELJ@UX%`0E;(Q!!EL8@;BFb0E;(Q!!EXBASGdjFDZ/:0E;(Q!!EIIASlB?z\"9r=UDg-(Rz\"9rsW@;BF/z\"9r=DCLq$2z\":AgRBkM+$D09YLz\"9imYD/_30!!!!%#%DUkGA]/9!!!!%#'=<_CLo7$!!!!%#%D\"VARmOr!!!!%$>=!bB4uC(F_if5!!!!%\"a\"<mE&%Cn!!!-+@WHC2DDM7m!!!-+FCJZoAMX;d!!!-+@UX%`A2=2c!!!-/BOtmjBQS*6Cbl%k!!!-*FCf<.1B7CT!!!","1049603":"!<d@[F*Obd!!!$&E,TfC&c_n3!<d@[F*\\f+!!!0/@VfsmCI<#NAIW9mDfor.F*)>@@:s-U$#+:#ASuU.Ed7ZiEH>r7FE7Qb!!!3,F)5c:EsD_\"!!*'\"!&OiZ!'(#Z!!WgQASlBtEaa'4Eb,=fFCf<.ATD4$F`M%e@<6NjE+EC!AP`/u:\\k'M5QhI:ASlBtEaa'4Eb,4NTKrPX!!!<;AoD^\"AQ*\\hEa`Tl:i^JnErZ=LD.Rd%6#L=OAH2]1!!!","1050627":"!<d@[F*Obd!!!$&E,TfC&c_n3!<d@[F*\\i,!!!0/@VfsmCI<#NAIW9mDfor.F*)>@@:s-U$#+:#ASuU.Ed7ZiEH>r7FE7Qb!!!3,F)5c:EsD_\"!!*'\"!&OiZ!!3-#!!WgQASlBtEaa'4Eb,=fFCf<.ATD4$F`M%e@<6NjE+EC!AP`/u:\\k'M5QhI:ASlBtEaa'4Eb,4NTKrPX!!!<;AoD^\"AQ*\\hEa`Tl:i^JnErZ=LD.Rd%6#L=OAH2]1!!!"},"Entities":[],"ReplaceMode":2}