{"GameVersion":"1.18.0-pre.7","SizeX":6,"SizeY":5,"SizeZ":5,"BlockCodes":{"2046":"game:soil-medium-none","2248":"game:cobblestone-limestone","4266":"game:loosestones-limestone-free","2164":"game:cobblestoneslab-limestone-down-free","2262":"game:cobblestonestairs-limestone-up-north-free","2346":"game:cobblestonestairs-limestone-up-west-free","42579":"game:clutter","2136":"game:cobblestoneslab-limestone-west-free","7116":"game:meta-filler","2150":"game:cobblestoneslab-limestone-up-free","2061":"game:soil-medium-normal","325":"game:lootvessel-forage","1270":"game:metal-scraps","5280":"game:chest-east","1855":"game:tallfern","2276":"game:cobblestonestairs-limestone-down-north-free","1273":"game:metalpartpile-large-south","42370":"game:crate"},"ItemCodes":{"232":"game:lime","194":"game:stackrandomizer-resource"},"Indices":[0,1024,2048,3072,4096,1048576,1049600,1050624,1051648,1052672,2097152,2098176,2100224,2101248,3145728,3146752,1,1025,2049,3073,4097,1048577,1049601,1050625,1051649,1052673,2097153,2098177,2099201,2100225,2101249,3145729,3146753,4194305,2,1026,2050,3074,4098,1048578,1049602,1051650,1052674,2098178,2099202,2100226,2101250,3145730,3146754,4195330,3,1027,2051,3075,4099,1048579,1049603,1050627,1051651,1052675,2097155,2098179,2099203,2100227,2101251,3145731,3146755,3147779,4194307,4195331,4,1028,2052,3076,4100,1048580,1049604,1051652,2097156,2099204,2100228,3145732,3146756,4195332,5,1029,2053,3077,4101,1048581,1049605,1050629,1051653,1052677,2097157,2098181,2099205,2100229,3145733,3146757,3147781],"BlockIds":[2046,2046,2046,2046,2046,2248,2248,2248,2248,2248,2248,2248,4266,2164,2248,2262,2046,2046,2248,2346,2046,2248,2346,42579,2136,2164,2248,7116,7116,7116,7116,2248,2150,4266,2046,2248,2164,2248,2061,2248,42579,42579,325,7116,7116,7116,7116,2248,2150,1270,2046,2248,2248,2061,2248,2248,5280,4266,1855,7116,2248,7116,7116,7116,7116,2248,2276,2150,1273,42579,2046,2248,2248,2248,2164,2248,42370,42579,4266,7116,7116,2248,2150,4266,2046,2046,2046,2046,2061,2248,2248,2248,2248,4266,2248,2248,2248,42579,2248,2248,2346],"DecorIndices":[],"DecorIds":[],"BlockEntities":{"1050625":"!<d@[F*O&P!!!$&E,TfC&c_n3!<d@[F*\\At!!!0/@VfsmCI<#NAHu^]F`__:EWlSfH#R='Ecki#Ch52BDf9/C\":&scFCB9&=9&=$!!EUFATMNNDJ*csjNEiR\":&scFCB9&=o\\O&!!rsADes6$@ru9m!!!","1049602":"!<d@[F*O)Q!!!$&E,TfC&c_n3!<d@[F*\\>s!!!0/@VfsmCI<#NAHu^]F`__:EWlSfH#R=0E+s-\"/U),OA9Vs4CM@[!FDl)6Es)_gDffE0AQSp4!!!-.D.Rd%6#L=OAH2]1!!EOIDffE0AQf'6!!!<3@rH1\"ARfgnA,lT","1051650":"!<d@[F*O)Q!!!$&E,TfC&c_n3!<d@[F*\\Du!!!0/@VfsmCI<#NAHu^]F`__:EWlSfH#R='Ecki#Ch52BDf9/@\":&scFCB9&=9&=$!!EUFATMNNDJ*csz\":&scFCB9&=o\\O&!!rsADes6$@ru9m!!!","1049603":"!<d@[F*O,R!!!$&E,TfC&c_n3!<d@[F*\\>s!!!0/@VfsmCI<#NAI;p\\ATMrFARTY%\"po!]G%GQ5DfU+(#'\"^#Dfg%+!!!!'\"`nKuFE7Zf0`V4S!!)3_!!!B,!!!!(!B0uZ!!!#9!!!!\"z!!!02AoD]VCi<g!6Z6LH$=da\\F*'!F@<6Mo\"E\\p.AI;pcCi!O!F(Jl<\":8pVF(djWB5D,Zz","4195331":"!<d@[F*O,R!!!$&E,TfC'`\\46!<d@[F*\\>s!!!0/@VfsmCI<#NAHu^]F`__:EWlSfH#R='Ecki#Ch52BDf9/C\":&scFCB9&=9&=$!!EUFATMNNDJ*csz\":&scFCB9&=o\\O&!!rsADes6$@ru9m!!!","1049604":"!<d@[F*O/S!!!$&E,TfC&c_n3!<d@[F*\\>s!!!0/@VfsmCI<#NAHcRa@<?&b$#+:#ASuU.Ed7ZiEH>r7FE7un!!!3,F)5c:ErZ1D$taEu6>URMCI<#NAHcRa@<?&a\"`.UVAS_>M\"E\\p.AI3R!De(G.B4YTV$#O6pBL-NKCh3SH!!!$,CggdaCdW,WDfPgX!!!0.Ch[EYFCB9&#%MIfF(Jke$>a-[ASb:e@:O'R!!","1051652":"!<d@[F*O/S!!!$&E,TfC&c_n3!<d@[F*\\Du!!!0/@VfsmCI<#NAHu^]F`__:EWlSfH#R='Ecki#Ch52BDf9/B\":&scFCB9&=9&=$!!EUFATMNNDJ*csjNA=S\":&scFCB9&=o\\O&!!rsADes6$@ru9m!!!","2100229":"!<d@[F*O2T!!!$&E,TfC'*&\"4!<d@[F*\\Du!!!0/@VfsmCI<#NAHu^]F`__:EWlSfH#R='Ecki#Ch52BDf9/A\":&scFCB9&=9&=$!!EUFATMNNDJ*csgCME?\":&scFCB9&=o\\O&!!rsADes6$@ru9m!!!"},"Entities":[],"ReplaceMode":2}