{"GameVersion":"1.18.0-pre.7","SizeX":6,"SizeY":3,"SizeZ":6,"BlockCodes":{"144":"game:seashell-conch-turquoise","141":"game:seashell-sundial-turquoise","134":"game:seashell-sundial-cinnamon","129":"game:seashell-clam-darkpurple","124":"game:seashell-seastar-seafoam","118":"game:seashell-volute-plain","105":"game:seashell-scallop-latte","5398":"game:painting-fishandtherain-north","5395":"game:painting-underwater-north","2046":"game:soil-medium-none","2061":"game:soil-medium-normal","2164":"game:cobblestoneslab-limestone-down-free","2248":"game:cobblestone-limestone","146":"game:seashell-volute-turquoise","7116":"game:meta-filler","42579":"game:clutter","137":"game:seashell-conch-cinnamon","110":"game:seashell-seastar-latte","112":"game:seashell-scallop-plain","7124":"game:stationarybasket-east","121":"game:seashell-turritella-seafoam"},"ItemCodes":{"176":"game:lootrandomizer","232":"game:lime"},"Indices":[0,1024,2048,3072,4096,5120,1048576,1049600,1050624,1051648,1052672,1053696,2099200,2100224,2101248,2102272,1,1025,2049,3073,4097,5121,1048577,1049601,1050625,1051649,1052673,1053697,2098177,2099201,2100225,2101249,2,1026,2050,3074,4098,5122,1048578,1049602,1050626,1051650,1052674,1053698,2098178,2099202,2100226,2101250,3,1027,2051,3075,4099,5123,1048579,1049603,1050627,1051651,1052675,1053699,2097155,2098179,2099203,2100227,2101251,4,1028,2052,3076,4100,5124,1048580,1049604,1050628,1051652,1052676,2098180,2099204,2100228,5,1029,2053,3077,4101,5125,1050629,1051653,1052677,2100229],"BlockIds":[2046,2046,2046,2046,2061,2046,2164,2248,2248,2248,146,2248,2164,2248,7116,2164,2046,2061,2061,2061,2061,2061,2248,42579,137,42579,7116,7116,7116,7116,7116,7116,2046,2061,2061,2061,2061,2061,2164,129,7116,7116,110,7116,7116,7116,7116,7116,2046,2061,2061,2061,2061,2046,2248,42579,112,7116,7116,2164,2248,7116,7116,7116,7116,2046,2061,2061,2061,2061,2061,2248,42579,7124,121,42579,7116,7116,42579,2061,2061,2046,2046,2046,2061,2248,2248,2248,2248],"DecorIndices":[],"DecorIds":[],"BlockEntities":{"1049601":"!<d@[F*NcH!!!$&E,TfC&c_n3!<d@[F*\\>s!!!0/@VfsmCI<#NAHu^]F`__:EWlSfH#R=&FCB'&/SAm.F)s5B#BFa)@<?'_z\":8pVF(djWB5D/6&'7!<#BFa)@<?'az#mk*[Ci!ZmFCet_!!","1051649":"!<d@[F*NcH!!!$&E,TfC&c_n3!<d@[F*\\Du!!!0/@VfsmCI<#NAHu^]F`__:EWlSfH#R=3@rc\"\"AM7P6@<?'4D.R6lF_r^AD/aTB\":&scFCB9&=9&=$!!EUFATMNNDJ*csz\":&scFCB9&=o\\O&!!rsADes6$@ru9m!!!","1049603":"!<d@[F*NiJ!!!$&E,TfC&c_n3!<d@[F*\\>s!!!0/@VfsmCI<#NAHu^]F`__:EWlSfH#R=&FDl)6/TYTDG%GIm#BFa)@<?'_z\":8pVF(djWB5D/6%nStg#BFa)@<?'az#mk*[Ci!ZmFCet_!!","1049604":"!<d@[F*NlK!!!$&E,TfC&c_n3!<d@[F*\\>s!!!0/@VfsmCI<#NAHu^]F`__:EWlSfH#R=&FCB'&/SAm.F)s>E#BFa)@<?'_z\":8pVF(djWB5D,Z!!!!%#BFa)@<?'az#mk*[Ci!ZmFCet_!!","1050628":"!<d@[F*NlK!!!$&E,TfC&c_n3!<d@[F*\\At!!!0/@VfsmCI<#NAJK9.@<?4%DIIR2@UX=nATTM8@<6Mp$#+:#ASuU.Ed7ZiEH>r7FE7]f!!!3,F)5c:EsD_\"!!*'\"!3cG'!!*'\"!!*4D@<Q2_!!!!'#'4lp@r!b'\"`nco@qu&F!!!#_!!!!3z\"9r@L@;]Rd!!&ZW!!WXKFCAZp0a@l'FCAZpz!0@0\\!!*'\"!!!-+@q]:g@q>W?+@,u3#'4lp@r!h)\"`nco@qu&E!!!\"Y!!!!#z\"9r@L@;]Rd!!!!b!!WXKFCAZp1C\"))FCAZpz!/:IR!!*'\"!!!-+@q]:g@q>W?+@,u3#'4lp@r!n+\"`nco@qu&E!!!\"M!!!!\"z\"9r@L@;]Rd!!\"--!!WXKFCAZp2$X;+FCAZpz!.4bH!!3-#!!!-+@q]:g@q>W?!'pSh#'4lp@r!t-\"`nco@qu&E!!!\"B!!!!#z\"9r@L@;]Rd!!!!b!!WXKFCAZp2[9M-FCAZpz!,2E5!!*'\"!!!-+@q]:g@q>W?+@,u3#'4lp@r\"%/\"`nco@qu&E!!!!7'`\\47z\"9r@L@;]Rd!!#8L!!WXKFCAZp3<o_/FCAZpz!#$(I!!*'\"!!!-+@q]:g@q>W?5X5;L#6?OZ!<<*\"YQ+Y'!<<*\"!<dIPG%C[S!!!3-F*(i#CG5tsF*(i#CB+A8!!)3_!!!W3!!!!%#%M=TDI[5X!2)RW\"pT-j@:O(-#6f0j@:O'QzO8o7\\!<<*\"!!EL9BOPdgAH2]Q5l_)nF*(i#CGH+uF*(i#CB+>7!!%uY!!!'#!!!!%#%M=TDI[5X!!#:b\"pT-j@:O(/#6f0j@:O'QzL&_2R!<<*\"!!EL9BOPdgAH2]Q5l_)nF*(i#CGZ8\"F*(i#CB+>7!!%QM!!!$\"!!!!%#%M=TDI[5X!$FQ-\"pT-j@:O(1#6f0j@:O'QzHiO-H!WW3#!!EL9BOPdgAH2]15l_)nF*(i#CGlD$F*(i#CB+>7!!%0B!!!'#!!!!%#%M=TDI[5X!!#:b\"pT-j@:O(3#6f0j@:O'QzB`J,5!<<*\"!!EL9BOPdgAH2]Q5l_)nF*(i#CH)P&F*(i#CB+>7!!!cL!!!$\"!!!!%#%M=TDI[5X!'idL\"pT-j@:O(5#6f0j@:O'Qz',:KI!<<*\"!!EL9BOPdgAH2]q5QCch!AXWU!!!#'!!!!\"!!!!\"\"ES!pAH;c2!!WXKFCAZp0F%c&FCAZp!!*'\"!9aC_!\"o83!!!-+@q]:g@q>W?TKiJ]#'4lp@r!e(\"`nco@qu&E!!!\"\\!!!!\"z\"9r@L@;]Rd!!\"--!!WXKFCAZp1'[u(FCAZpz!0$sY!!3-#!!!-+@q]:g@q>W?!'pSh#'4lp@r!k*\"`nco@qu&E!!!\"R!!!!\"z\"9r@L@;]Rd!!\"--!!WXKFCAZp1^=2*FCAZpz!.b+M!!*'\"!!!-+@q]:g@q>W?+@,u3#'4lp@r!q,\"`nco@qu&E!!!\"H!!!!#z\"9r@L@;]Rd!!!!b!!WXKFCAZp2?sD,FCAZpz!-S>B!!3-#!!!-+@q]:g@q>W?!'pSh#'4lp@r\"\".\"`nco@qu&E!!!\"5!!!!\"z\"9r@L@;]Rd!!\"--!!WXKFCAZp3!TV.FCAZpz!#?:L!!*'\"!!!-+@q]:g@q>W?5X5;R#'4lp@r\"(0\"`nco@qu&E!!!!4'`\\47z\"9r@L@;]Rd!!#8L!!!6)1B7FU!!'5'!!!$\"!!!$&F('6'!<<*\"\"pT-j@:O(,#6f0j@:O'Q!<<*\"kPtS_&c_n3!!EL9BOPdgAH2_'5QCumF*(i#CG?%tF*(i#CB+>7!!&)\\!!!$\"!!!!%#%M=TDI[5X!$FQ-\"pT-j@:O(.#6f0j@:O'QzN;rqY!WW3#!!EL9BOPdgAH2]15l_)nF*(i#CGQ2!F*(i#CB+>7!!%`R!!!$\"!!!!%#%M=TDI[5X!$FQ-\"pT-j@:O(0#6f0j@:O'QzJH,ZM!<<*\"!!EL9BOPdgAH2]Q5l_)nF*(i#CGc>#F*(i#CB+>7!!%BH!!!'#!!!!%#%M=TDI[5X!!#:b\"pT-j@:O(2#6f0j@:O'QzFoVLB!WW3#!!EL9BOPdgAH2]15l_)nF*(i#CGuJ%F*(i#CB+>7!!$^5!!!$\"!!!!%#%M=TDI[5X!$FQ-\"pT-j@:O(4#6f0j@:O'Qz()6fL!<<*\"!!EL9BOPdgAH2]q5QCumF*(i#CH2V'F*(i#CB+>7!!!ZI!!!$\"!!!!%#%M=TDI[5X!'idL!!`N]!!*'\"!3cG'!!*'\"!!*4D@<Q2_!!!!'#'4lp@r!b'\"`nco@qu&F!!!#_!!!!3z\"9r@L@;]Rd!!&ZW!!WXKFCAZp0a@l'FCAZpz!0@0\\!!*'\"!!!-+@q]:g@q>W?+@,u3#'4lp@r!h)\"`nco@qu&E!!!\"Y!!!!#z\"9r@L@;]Rd!!!!b!!WXKFCAZp1C\"))FCAZpz!/:IR!!*'\"!!!-+@q]:g@q>W?+@,u3#'4lp@r!n+\"`nco@qu&E!!!\"M!!!!\"z\"9r@L@;]Rd!!\"--!!WXKFCAZp2$X;+FCAZpz!.4bH!!3-#!!!-+@q]:g@q>W?!'pSh#'4lp@r!t-\"`nco@qu&E!!!\"B!!!!#z\"9r@L@;]Rd!!!!b!!WXKFCAZp2[9M-FCAZpz!,2E5!!*'\"!!!-+@q]:g@q>W?+@,u3#'4lp@r\"%/\"`nco@qu&E!!!!7'`\\47z\"9r@L@;]Rd!!#8L!!WXKFCAZp3<o_/FCAZpz!#$(I!!*'\"!!!-+@q]:g@q>W?5X5;L#6?[^!<<*\"YQ+Y'!<<*\"!<dIPG%C[S!!!3-F*(i#CG5tsF*(i#CB+A8!!)3_!!!W3!!!!%#%M=TDI[5X!2)RW\"pT-j@:O(-#6f0j@:O'QzO8o7\\!<<*\"!!EL9BOPdgAH2]Q5l_)nF*(i#CGH+uF*(i#CB+>7!!%uY!!!'#!!!!%#%M=TDI[5X!!#:b\"pT-j@:O(/#6f0j@:O'QzL&_2R!<<*\"!!EL9BOPdgAH2]Q5l_)nF*(i#CGZ8\"F*(i#CB+>7!!%QM!!!$\"!!!!%#%M=TDI[5X!$FQ-\"pT-j@:O(1#6f0j@:O'QzHiO-H!WW3#!!EL9BOPdgAH2]15l_)nF*(i#CGlD$F*(i#CB+>7!!%0B!!!'#!!!!%#%M=TDI[5X!!#:b\"pT-j@:O(3#6f0j@:O'QzB`J,5!<<*\"!!EL9BOPdgAH2]Q5l_)nF*(i#CH)P&F*(i#CB+>7!!!cL!!!$\"!!!!%#%M=TDI[5X!'idL\"pT-j@:O(5#6f0j@:O'Qz',:KI!<<*\"!!EL9BOPdgAH2]q5QCch!B'oY!!!#'!!!!\"!!!!\"\"ES!pAH;c2!!WXKFCAZp0F%c&FCAZp!!*'\"!9aC_!\"o83!!!-+@q]:g@q>W?TKiJ]#'4lp@r!e(\"`nco@qu&E!!!\"\\!!!!\"z\"9r@L@;]Rd!!\"--!!WXKFCAZp1'[u(FCAZpz!0$sY!!3-#!!!-+@q]:g@q>W?!'pSh#'4lp@r!k*\"`nco@qu&E!!!\"R!!!!\"z\"9r@L@;]Rd!!\"--!!WXKFCAZp1^=2*FCAZpz!.b+M!!*'\"!!!-+@q]:g@q>W?+@,u3#'4lp@r!q,\"`nco@qu&E!!!\"H!!!!#z\"9r@L@;]Rd!!!!b!!WXKFCAZp2?sD,FCAZpz!-S>B!!3-#!!!-+@q]:g@q>W?!'pSh#'4lp@r\"\".\"`nco@qu&E!!!\"5!!!!\"z\"9r@L@;]Rd!!\"--!!WXKFCAZp3!TV.FCAZpz!#?:L!!*'\"!!!-+@q]:g@q>W?5X5;R#'4lp@r\"(0\"`nco@qu&E!!!!4'`\\47z\"9r@L@;]Rd!!#8L!!!6)2ZNjY!!'5'!!!$\"!!!$&F('6'!<<*\"\"pT-j@:O(,#6f0j@:O'Q!<<*\"kPtS_&c_n3!!EL9BOPdgAH2_'5QCumF*(i#CG?%tF*(i#CB+>7!!&)\\!!!$\"!!!!%#%M=TDI[5X!$FQ-\"pT-j@:O(.#6f0j@:O'QzN;rqY!WW3#!!EL9BOPdgAH2]15l_)nF*(i#CGQ2!F*(i#CB+>7!!%`R!!!$\"!!!!%#%M=TDI[5X!$FQ-\"pT-j@:O(0#6f0j@:O'QzJH,ZM!<<*\"!!EL9BOPdgAH2]Q5l_)nF*(i#CGc>#F*(i#CB+>7!!%BH!!!'#!!!!%#%M=TDI[5X!!#:b\"pT-j@:O(2#6f0j@:O'QzFoVLB!WW3#!!EL9BOPdgAH2]15l_)nF*(i#CGuJ%F*(i#CB+>7!!$^5!!!$\"!!!!%#%M=TDI[5X!$FQ-\"pT-j@:O(4#6f0j@:O'Qz()6fL!<<*\"!!EL9BOPdgAH2]q5QCumF*(i#CH2V'F*(i#CB+>7!!!ZI!!!$\"!!!!%#%M=TDI[5X!'idL!!!!&$taEu6>URMCI<#NAJK9.@<?4%DIIR2@UX=nATTM8@<6Mo\"E\\p.AHZFSARkoMD.Rd%6#L=OA_Ra;^An","1052676":"!<d@[F*NlK!!!$&E,TfC&c_n3!<d@[F*\\H!!!!0/@VfsmCI<#NAHu^]F`__:EWlSfH#R=&FCB'&/SAm.F)s8C#BFa)@<?'_z\":8pVF(djWB5D/6%nXM=#BFa)@<?'az#mk*[Ci!ZmFCet_!!","2100228":"!<d@[F*NlK!!!$&E,TfC'*&\"4!<d@[F*\\Du!!!0/@VfsmCI<#NAHu^]F`__:EWlSfH#R=&F(f-$Ah@S2E--@.#BFa)@<?'_z\":8pVF(djWB5D/6&';Qh#BFa)@<?'az#mk*[Ci!ZmFCet_!!"},"Entities":[],"ReplaceMode":2}