{"GameVersion":"1.18.0-pre.7","SizeX":10,"SizeY":5,"SizeZ":5,"BlockCodes":{"2254":"game:cobblestone-peridotite","2061":"game:soil-medium-normal","2170":"game:cobblestoneslab-peridotite-down-free","2100":"game:cobblestoneslab-peridotite-north-free","707":"game:glass-green","5280":"game:chest-east","771":"game:glassslab-green-west-free"},"ItemCodes":{"176":"game:lootrandomizer","681":"game:gem-olivine_peridot-rough","198":"game:stackrandomizer-gear","195":"game:stackrandomizer-tuningcylinder"},"Indices":[0,1024,2048,3072,4096,1048576,1049600,2097152,1,1025,2049,3073,4097,1048577,2097153,3145729,2,1026,2050,3074,4098,1048578,1049602,2097154,3145730,4194306,3,1027,2051,3075,4099,1048579,1051651,2097155,3145731,4194307,4,1028,2052,3076,4100,1048580,1051652,2097156,3145732,4194308,5,1029,2053,3077,4101,1048581,1050629,1051653,2097157,2100229,3145733,6,1030,2054,3078,4102,1048582,1051654,2097158,7,1031,2055,3079,4103,1048583,8,1032,2056,3080,4104,1048584,1049608,9,1033,2057,3081,4105,1048585,1049609,1050633,2097161,2099209,3145737],"BlockIds":[2254,2254,2061,2061,2061,2254,2254,2254,2254,2170,2254,2254,2061,2254,2254,2254,2254,2254,2254,2254,2254,2100,2170,707,2254,2170,2254,2254,2254,2254,2254,2254,2170,2254,2254,2254,2254,2254,2254,2254,2254,2254,2254,707,2254,2254,2254,2254,2254,2254,2254,2254,5280,2254,2254,2254,2254,2254,2254,2254,2254,2254,2254,2170,771,2254,2254,2254,2254,2254,2170,2254,2254,2254,2254,2061,2254,2170,2254,2254,2254,2061,2061,2254,2254,2254,2254,707,2170],"DecorIndices":[],"DecorIds":[],"BlockEntities":{"1050629":"!<d@[F*Ohf!!!$&E,TfC&c_n3!<d@[F*\\K\"!!!0/@VfsmCI<#NAI;p\\ATMrFARTY%\"po!]G%GQ5DfU+(#'\"^#Dfg%+!!!!'\"`nKuFE7Zf0E;+R!!'5'!!!$\"!!!$&F('6'!<<*\"\"pT-j@:O(,#6f0j@:O'Q!<<*\"W<*&\"!<<*\"\"UT-dFCf?3Bjkf[Ci=Lt\"9r@L@;]Rd!!$t(!!WXKFCAZp0a@l'FCAZp!!*'\"!3$#\"!!3-#!!N[JDffQ.FD50\"\")Mn\"!!EL9BOPdgAH2^<5l_)nF*(i#CGH+uF*(i#CB+A8!!&u\"!!!*$!!!0/E,Ti0DKKT$C]eKlG5qaM@q]:g@q>W?:dG'c#'4lp@r!k*\"`nco@qu&F!!!\"u!WW3'!!!!&$#jg)ASuU(@;H$^Dg)0a#%M=TDI[5X!'igM\"pT-j@:O(0#6f0j@:O'Q!<<*\"`W,u=!<<*\"!!EL9BOPdgAH2]a5l^li!AXWU!!!#:!!!!\"z#6?[^!<<*\"YQ+Y'!<<*\"!<dIPG%C[S!!!3-F*(i#CG5tsF*(i#CB+A8!!&u\"!!!$\"!!!0/E,Ti0DKKT$C]eKlG5qaM@q]:g@q>W?E'XI.#'4lp@r!e(\"`nco@qu&F!!!\"u!WW3%!!!!&$#jg)ASuU(@;H$^Dg)0a#%M=TDI[5X!+8(m\"pT-j@:O(.#6f0j@:O'Q!<<*\"W<*&\"!rr<$\"UT-dFCf?3Bjkf[Ci=Lt\"9r@L@;]Rd!!#h]!!WXKFCAZp1C\"))FCAZp!!*'\"!3$#\"!!E9%!!N[JDffQ.FD50\"\")Mn\"!!EL9BOPdgAH2]q5l_)nF*(i#CGZ8\"F*(i#CB+A8!!(\"=!!!$\"!!!!%#%M=TDI[5X!&-\\=!!`N`!!*'\"!3cG'!!*'\"!!*4D@<Q2_!!!!'#'4lp@r!b'\"`nco@qu&F!!!\"u!WW3$!!!!&$#jg)ASuU(@;H$^Dg)0a#%M=TDI[5X!,t4(\"pT-j@:O(-#6f0j@:O'Q!<<*\"W<*&\"!WW3#\"UT-dFCf?3Bjkf[Ci=Lt\"9r@L@;]Rd!!$Cm!!WXKFCAZp1'[u(FCAZp!!*'\"!3$#\"!!<3$!!N[JDffQ.FD50\"\")Mn\"!!EL9BOPdgAH2^,5l_)nF*(i#CGQ2!F*(i#CB+A8!!&u\"!!!-%!!!0/E,Ti0DKKT$C]eKlG5qaM@q]:g@q>W?5X>AS#'4lp@r!n+\"`nco@qu&F!!!#=!!!!\"z\"9r@L@;]Rd!!\"]=z\"Uo!]E^FS\\@r\"GMA7Z*XBOu7,/S/@3F9MehH#R=%@rH1\"@;p:!A2=>pD.Rd%6#L=OA_R_e5QC"},"Entities":[],"ReplaceMode":2}