{"GameVersion":"1.18.1","SizeX":1,"SizeY":5,"SizeZ":1,"BlockCodes":{"301":"game:bonyremains-ribcage","9241":"game:meta-underground","3100":"game:bonysoil","8801":"game:chest-east","9234":"game:clutter"},"ItemCodes":{"1883":"game:spear-scrap-scrap","352":"game:stackrandomizer-ruinedweapon","1688":"game:blade-scrap-scrap","434":"game:bone","2075":"game:armor-body-improvised-wood","1541":"game:rot"},"Indices":[0,1048576,2097152,3145728,4194304],"BlockIds":[9241,3100,8801,9241,9234],"DecorIndices":[],"DecorIds":[],"BlockEntities":{"2097152":"!<d@[F*Kjp#64c-E,TfC\"TSN&!<d@[F*^a3#64o6@VfsmCI<#NAI;p\\ATMrFARTY%\"po!]G%GQ5DfU+(#'\"^#Dfg%+!!!!'\"`nKuFE7Zf0E;+R!!$4.!!!$\"!!!!(!AOQT!!!\",!<<*#z#6?R[!<<*\"Qj*Nj!<<*\"!!`N\\z!%e3O!!*'\"!!!6)1]ROV!!';*!!!*$!!!!(!AsiX!!!!<#QOi*z#6?^_!<<*\"\"U4r,#64`(!!!!&$taEu6>URMCI<#NAI;p\\ATMrFARTY%\"U&pmE+KAdDes5uE-#T$0a%f\"ATMNNDJ*csz!!","4194304":"!<d@[F*Kjp#64c-E,TfC#64`(!<d@[F*^a3#64o6@VfsmCI<#NAHu^]F`__:EWlSfH#R='B6%F(ATMs3DIkCW\":&scFCB9&=9&=$!!EUFATMNNDJ*csz\":&scFCB9&=o\\O&!!rsADes6$@ru9m!!!"},"Entities":[],"ReplaceMode":2,"EntranceRotation":-1}