{"GameVersion":"1.18.1","SizeX":1,"SizeY":5,"SizeZ":1,"BlockCodes":{"301":"game:bonyremains-ribcage","9241":"game:meta-underground","3100":"game:bonysoil","8801":"game:chest-east","9234":"game:clutter"},"ItemCodes":{"336":"game:stackrandomizer-cloth-mediumstatus","434":"game:bone","1541":"game:rot","352":"game:stackrandomizer-ruinedweapon","349":"game:stackrandomizer-seed"},"Indices":[0,1048576,2097152,3145728,4194304],"BlockIds":[9241,3100,8801,9241,9234],"DecorIndices":[],"DecorIds":[],"BlockEntities":{"2097152":"!<d@[F*Kjp#64c-E,TfC\"TSN&!<d@[F*^!s#64o6@VfsmCI<#NAI;p\\ATMrFARTY%\"po!]G%GQ5DfU+(#'\"^#Dfg%+!!!!'\"`nKuFE7Zf0`V4S!!#gr!!!$\"!!!!(!Aa]U!!!!N!<<*#z#6?X]!<<*\"Z2jq*!rr<$!!`N^!!*'\"!!NQ,!!`K(!!!6)2?3aX!!$C-!!!$\"!!!!(!B0uZ!!!\")!<<*#z!!!02AoD]VCi<g!6Z6LH$=da\\F*'!F@<6Mo\"E\\p.AI;pcCi!O!F(Jl:\":8pVF(djWB5D,Zz","4194304":"!<d@[F*Kjp#64c-E,TfC#64`(!<d@[F*^!s#64o6@VfsmCI<#NAHu^]F`__:EWlSfH#R='B6%F(ATMs3DIkCS\":&scFCB9&=9&=$!!EUFATMNNDJ*csz\":&scFCB9&=o\\O&!!rsADes6$@ru9m!!!"},"Entities":[],"ReplaceMode":2,"EntranceRotation":-1}