{
  "code": "heatingcoil",
  "drawtype": "json",
  "shape": { "base": "block/element-unlit" },
  "maxstacksize": 16,
  "variantgroups": [
    {
      "code": "metal",
      "states": [ "copper" ]
    }
  ],
  "attributes": {
    "groundStorageTransform": {
      "translation": {
        "x": 0.01,
        "y": -0.14,
        "z": 0
      },
      "origin": {
        "x": 0.5,
        "y": 0,
        "z": 0.5
      },
      "scale": 0.75
    }
  },
		"behaviors": [
		{
			"name": "GroundStorable",
			"properties": {
				"layout": "Quadrants",
				"collisionBox": {
					"x1": 0,
					"y1": 0,
					"z1": 0,
					"x2": 1,
					"y2": 0.0625,
					"z2": 1
				}
			}
		}
	],
  "creativeinventory": {
    "qptech-parts": [ "*" ]
  },
  "textures": {
    "castiron": { "base": "game:block/metal/ingot/copper" }
  },
  "guiTransform": {
    "translation": {
      "x": 0,
      "y": 0,
      "z": 0
    },
    "rotation": {
      "x": 136,
      "y": 54,
      "z": 1
    },
    "origin": {
      "x": 0.25,
      "y": 0.25,
      "z": 0.67
    },
    "scale": 1.78
  },
  "groundTransform": {
    "translation": {
      "x": 0,
      "y": 0,
      "z": 0
    },
    "rotation": {
      "x": 0,
      "y": 0,
      "z": 0
    },
    "origin": {
      "x": 0.5,
      "y": 0,
      "z": 0.5
    },
    "scale": 4.31
  },
  "fpHandTransform": {
    "translation": {
      "x": -0.1,
      "y": 0.2,
      "z": 0
    },
    "rotation": {
      "x": 59,
      "y": 99,
      "z": -42
    },
    "origin": {
      "x": 0.5,
      "y": 0,
      "z": 0.5
    },
    "scale": 1.9
  }

}