{
	"code": "wire",
	"creativeinventory": {
		"qptech-parts": [ "*-copper" ]
		
	},
	"variantgroups": [
		{
			"code": "material",
			"states": [ "copper", "tin" ]
		}
	],
	"attributes": {
		"groundStorageTransform": {
			"translation": {
				"x": -0.01,
				"y": 0,
				"z": 0.02
			},
			"rotation": {
				"x": 0,
				"y": 45,
				"z": 0
			},
			"origin": {
				"x": 0.5,
				"y": 0,
				"z": 0.5
			},
			"scale": 0.65
		}
	},
	"behaviors": [
		{
			"name": "GroundStorable",
			"properties": {
				"layout": "Quadrants",
				"collisionBox": {
					"x1": 0,
					"y1": 0,
					"z1": 0,
					"x2": 1,
					"y2": 0.0625,
					"z2": 1
				}
			}
		}
	],
	"maxstacksize": 128,
	"drawtype": "json",
	"shape": { "base": "item/part/wire" },
	"textures": {
		"wire": { "base": "block/metal/wires/{material}" },
		"wood": { "base": "game:block/wood/debarked/oak" }
	},
	"guiTransform": {
		"translation": {
			"x": 0,
			"y": 0,
			"z": 0
		},
		"rotation": {
			"x": -17,
			"y": -26,
			"z": -25
		},
		"origin": {
			"x": 0.5,
			"y": 0.3,
			"z": 0.5
		},
		"scale": 1.75
	},
	"fpHandTransform": {
		"translation": {
			"x": -0.1,
			"y": 0.2,
			"z": 0
		},
		"rotation": {
			"x": 90,
			"y": 99,
			"z": -42
		},
		"origin": {
			"x": 0.5,
			"y": 0,
			"z": 0.5
		},
		"scale": 2.15
	},
	"tpHandTransform": {
		"translation": {
			"x": 0,
			"y": 0,
			"z": 0
		},
		"rotation": {
			"x": 0,
			"y": 0,
			"z": -90
		},
		"origin": {
			"x": 0.1,
			"y": 0.07,
			"z": 0.15
		},
		"scale": 0.45
	},
	"groundTransform": {
		"translation": {
			"x": 0,
			"y": 0,
			"z": 0
		},
		"rotation": {
			"x": 0,
			"y": 0,
			"z": 0
		},
		"origin": {
			"x": 0.5,
			"y": 0,
			"z": 0.5
		},
		"scale": 2.15
	}
}