{
	"code": "stingray",
	"class": "EntityFish",
	"hitboxSize": { "x": 1.2, "y": 1 },
	"eyeHeight": 0.9,
	"drops": [],
	"habitat": "underwater",
	"client": {
		"renderer": "Shape",
		"size": 0.7,
		"shape": { "base": "entity/water/stingray" },
		"texture": { "base": "entity/water/stingray/stingrayskin1",
		            "alternates": [ { "base": "entity/water/stingray/stingrayskin2" },
									  { "base": "entity/water/stingray/stingrayskin3" },
									  { "base": "entity/water/stingray/stingrayskin4" },
									  { "base": "entity/water/stingray/stingrayskin5" }
									]
	},
		"behaviors": [
			{ "code": "repulseagents" }, 
			{ "code": "controlledphysics", "stepHeight": 0 }, 
			{ "code": "interpolateposition" },
			{ "code": "floatupwhenstuck", "onlyWhenDead": true },
			{ "code": "harvestable" },
			{ "code": "despawn", "minPlayerDistance": 18, "minSeconds": 300, "belowLightLevel": 0 }
		],
		"animations": [
			{
				"code": "hurt",
				"animation": "hurt", 
				"animationSpeed": 1,
				"weight": 10,
				"blendMode": "addAverage" 
			},
			{
				"code": "swim",
				"animation": "swim"
			},
			{
				"code": "swimfast",
				"animation": "swim"
			},
			{
				"code": "dead",
				"animation": "death"
			},
			{
				"code": "flop",
				"animation": "flopping"
			},
			{ 
				"code": "idle", 
				"animation": "idle",
				"blendMode": "addAverage",
				"easeOutSpeed": 4,
				"triggeredBy": { "defaultAnim": true }
			}
		]
	},
	"server": {
		"behaviors": [
			{ "code": "repulseagents" }, 
			{ "code": "controlledphysics", "stepHeight": 0 }, 
			{ "code": "despawn", "minPlayerDistance": 18, "minSeconds": 300, "belowLightLevel": 0 },
			{ "code": "health", "maxhealth": 15 },
			{ "code": "deaddecay", "hoursToDecay": 96, "decayedBlock": "carcass-medium" },
			{ "code": "floatupwhenstuck", "onlyWhenDead": true },
			{ "code": "harvestable", "drops": [
					{
						"type": "item", 
						"code": "fish-raw", 
						"quantity": { "avg": 5, "var": 3 } 
					}
				]
			},
			{ 
				"code": "emotionstates",
				"states": [
					{ "code": "fleeondamage", "duration": 10, "chance": 1, "slot": 0, "priority": 1, "accumType": "max" },
					{ 
						"code": "saturated", "duration": 1200, "chance": 1, "slot": 0, "priority": 1, "accumType": "sum",
						"belowTempDuration": 600,
						"belowTempThreshold": -5
					}
				]
			},
			{ 
				"code": "taskai",
				"aitasks": [
				{
						"code": "meleeattack",
						"entityCodes": ["discus, player"],
						"priority": 2,
						"damage": 8,
						"damageTier": 2,
						"damageType": "SlashingAttack",
						"slot": 1,
						"mincooldown": 1500, 
						"maxcooldown": 1500, 
						"attackDurationMs": 800,
						"damagePlayerAtMs": 500,
						"animation": "attack",
						"animationSpeed": 2.5,
						"sound": ""
					},
					
					{
						"code": "fleeentity",
						"entityCodes": ["player"],
						"priority": 1.6,
						"movespeed": 0.052,
						"seekingRange": 20,
						"animation": "swim",
						"animationSpeed": 3,
						"whenInEmotionState": "fleeondamage"
					},
					{
						"code": "seekentity",
						"entityCodes": ["discus"],
						"priority": 1.51,
						"movespeed": 0.025,
						"seekingRange": 9,
						
						"belowTempSeekingRange": 25,
						"belowTempThreshold": -5,
						
						"animation": "swim",
						"leapAtTarget": false,
						"leapAnimation": null,
						"animationSpeed": 2.2,
						"leapChance": 0.01,
						"sound": "creature/growl",
						"whenNotInEmotionState": "saturated"
					},
					{
						"code": "fishoutofwater", 
						"priority": 2.5, 
						"priorityForCancel": 2.6,
						"movespeed": 0.005,
						"animation": "idle-land",
						"animationSpeed": 2
					},
					{
						"code": "wander", 
						"priority": 1.2, 
						"priorityForCancel": 1.35,
						"movespeed": 0.01,
						"animation": "swim"
					},
					{
						"code": "fishmovefast", 
						"priority": 1.0, 
						"priorityForCancel": 1.35,
						"movespeed": 0.045,
						"animation": "swim",
						"animationSpeed": 2.3
					},
					{
						"code": "idle",
						"priority": 0.9,
						"minduration": 500,
						"maxduration": 2000,
						"mincooldown": 2000,
						"maxcooldown": 30000,
						"animation": "idle"
					}
				]
			}
		],
		"spawnconditions": {
			"worldgen": {
				"TriesPerChunk": { "avg": 0.05, "var": 0 },
				"tryOnlySurface": true,
				"maxQuantity": 2,
				"maxLightLevel": 8,
				"groupSize": { "dist": "verynarrowgaussian", "avg": 1, "var": 0 },
				"insideBlockCodes": ["game:saltwater-*"],
				"maxY": 0.99,
				"minY": 0.92,
				"minTemp": -10,
				"maxTemp": 30
			},
			"runtime": {
				"group": "neutral",
				"chance": 0.0001,
				"maxQuantity": 2,
				"tryOnlySurface": true,
				"maxLightLevel": 8,
				"groupSize": { "dist": "verynarrowgaussian", "avg": 1, "var": 0 },
				"insideBlockCodes": ["game:saltwater-*"],
				"maxY": 0.99,
				"minY": 0.92,
				"minTemp": -10,
				"maxTemp": 30
			}
		}
	}
}