﻿{
	code: "wildtreefruitsyrupportion",
	class: "ItemLiquidPortion",
	matterState: "liquid",
	variantgroups: [
		{ code: "fruit", "loadFromProperties": "wildcrafttrees:block/treefruit" },
	],
	skipVariants: ["*-almond","*-cocoa","*-commonhackberry","*-sugarhackberry", "*-hazelnut"],
	attributes: {
		handbook: {
			ignoreCreativeInvStacks: true
		},
		"inBowlShape": { "base": "game:block/food/meal/liquid" },
		nutritionPropsWhenInMeal: { satiety: 120, health: 1, foodcategory: "Fruit" },
		waterTightContainerProps: {
			containable: true,
			itemsPerLitre: 100,
			texturebytype: {
				"*": { base: "wildcrafttrees:block/food/pie/fill-{fruit}", overlays: ["expandedfoods:item/liquid/syrup"] }
			},
			allowSpill: true,
			whenSpilled: {
				action: "DropContents",
				stack: { type: "item", code: "expandedfoods:wildtreefruitsyrupportion-{fruit}" }
			},
			nutritionPropsPerLitre: { saturation: 800, "health": 1, foodcategory: "Fruit" },
		}
	},
	"shape": { "base": "game:item/liquid" },
	"texture": { "base": "wildcrafttrees:block/food/pie/fill-{fruit}", overlays: ["expandedfoods:item/liquid/syrup"] },
    transitionableProps: [
        {
            type: "Perish",
            freshHours: { avg: 17520 },
            transitionHours: { avg: 17520 },
            transitionedStack: {
                type: "item",
                code: "game:rot"
            },
			transitionRatio: 0.005
        }
    ],	
	creativeinventoryStacks: [ { tabs: ["general", "liquids", "expandedfoods"], stacks: [ { type: "block", code: "game:woodbucket", attributes: { ucontents: [ { type:"item", code: "expandedfoods:wildtreefruitsyrupportion-{fruit}", makefull: true } ] } } ] } ],
	maxstacksize: 5000,
	materialDensity: 200,
	guiTransform: {
		rotation: { x: 128, y: 40, z: 7 },
		origin: { x: 0.5, y: 0, z: 0.5 },
		scale: 1.4
	},
	fpHandTransform: {
		translation: { x: 0, y: 0, z: 0 },
		rotation: { x: 42, y: 129, z: -30 }
	},
	tpHandTransform: {
		translation: { x: -1.5, y: -1, z: -1.4 },
	},
}
