[
  {
    "file": "game:blocktypes/wood/firepit",
    "op": "add",
    "path": "/entityBehaviors/-",
    "value": {
      "name": "XskillsOwnable"
    }
  },
  {
    "file": "game:blocktypes/clay/oven",
    "op": "add",
    "path": "/entityBehaviors",
    "value":[ 
      {
        "name": "XskillsOwnable"
      }
    ]
  },
  {
    "file": "stonebakeoven:blocktypes/ovenbakingtopbrick",
    "op": "add",
    "path": "/entityBehaviors",
    "value":[ 
      {
        "name": "XskillsOwnable"
      }
    ]
  },
  {
    "file": "stonebakeoven:blocktypes/ovenbakingtopcobble",
    "op": "add",
    "path": "/entityBehaviors",
    "value":[ 
      {
        "name": "XskillsOwnable"
      }
    ]
  },
  {
    "file": "stonebakeoven:blocktypes/ovenbakingtopplain",
    "op": "add",
    "path": "/entityBehaviors",
    "value":[ 
      {
        "name": "XskillsOwnable"
      }
    ]
  },
  {
    "file": "aculinaryartillery:blocktypes/mixingbowl",
    "op": "add",
    "path": "/entityBehaviors/-",
    "value": {
      "name": "XskillsOwnable"
    }
  },
  {
    "file": "aculinaryartillery:blocktypes/mixingbowlmini",
    "op": "add",
    "path": "/entityBehaviors",
    "value":[ 
      {
        "name": "XskillsOwnable"
      }
    ]
  }
]