﻿[
  {
    "file": "game:itemtypes/resource/metalchain",
    "op": "add",
    "path": "/attributes/useQuality",
    "value": true
  },
  //{
  //  "file": "game:itemtypes/resource/metallamellae",
  //  "op": "add",
  //  "path": "/attributes/useQuality",
  //  "value": true
  //},
  {
    "file": "game:itemtypes/resource/metalnailsandstrips",
    "op": "add",
    "path": "/attributes/useQuality",
    "value": true
  },
  {
    "file": "game:itemtypes/resource/metalplate",
    "op": "add",
    "path": "/attributes/useQuality",
    "value": true
  },
  {
    "file": "game:itemtypes/resource/metalscale",
    "op": "add",
    "path": "/attributes/useQuality",
    "value": true
  },
  {
    "file": "game:itemtypes/part/boss",
    "op": "add",
    "path": "/attributes/useQuality",
    "value": true
  },
  {
    "file": "game:itemtypes/part/hoop",
    "op": "add",
    "path": "/attributes/useQuality",
    "value": true
  },
  {
    "file": "game:itemtypes/toolhead/arrowhead",
    "op": "add",
    "path": "/attributes/useQuality",
    "value": true
  },
  {
    "file": "game:itemtypes/toolhead/axehead",
    "op": "add",
    "path": "/attributes",
    "value": {"useQuality": true}
  },
  {
    "file": "game:itemtypes/toolhead/bladehead",
    "op": "add",
    "path": "/attributes",
    "value": {"useQuality": true}
  },
  {
    "file": "game:itemtypes/toolhead/hammerhead",
    "op": "add",
    "path": "/attributes",
    "value": {"useQuality": true}
  },
  {
    "file": "game:itemtypes/toolhead/hoehead",
    "op": "add",
    "path": "/attributes",
    "value": {"useQuality": true}
  },
  {
    "file": "game:itemtypes/toolhead/knifeblade",
    "op": "add",
    "path": "/attributes",
    "value": {"useQuality": true}
  },
  {
    "file": "game:itemtypes/toolhead/pickaxehead",
    "op": "add",
    "path": "/attributes",
    "value": {"useQuality": true}
  },
  {
    "file": "game:itemtypes/toolhead/prospectingpickhead",
    "op": "add",
    "path": "/attributes",
    "value": {"useQuality": true}
  },
  {
    "file": "game:itemtypes/toolhead/sawblade",
    "op": "add",
    "path": "/attributes",
    "value": {"useQuality": true}
  },
  {
    "file": "game:itemtypes/toolhead/scythehead",
    "op": "add",
    "path": "/attributes",
    "value": {"useQuality": true}
  },
  {
    "file": "game:itemtypes/toolhead/shovelhead",
    "op": "add",
    "path": "/attributes",
    "value": {"useQuality": true}
  },
  {
    "file": "game:itemtypes/toolhead/spearhead",
    "op": "add",
    "path": "/attributes",
    "value": {"useQuality": true}
  },
]