{
	code: "wildpotentwineportion",
	class: "TransLiquid",
	matterState: "liquid",
	variantgroups: [
		{ code: "fruit", "loadFromProperties": "wildcraft:block/fruit" },
	],
	attributes: {
		handbook: {
			ignoreCreativeInvStacks: true
		},
		"inBowlShape": { "base": "game:block/food/meal/liquid" },
		nutritionPropsWhenInMeal: { satiety: 300, health: 1, foodcategory: "Fruit" },
		waterTightContainerProps: {
			containable: true,
			itemsPerLitre: 100,
	        texture: { base: "wildcraft:block/food/pie/fill-{fruit}", "alpha":  140, overlays: ["expandedfoods:item/liquid/syrup"] },
			allowSpill: true,
			whenSpilled: {
				action: "DropContents",
				stack: { type: "item", code: "expandedfoods:wildpotentwineportion-{fruit}" }
			},
			nutritionPropsPerLitre: {
				saturation: 200,
				"intoxication":  0.45,
				"health": 1,
				foodcategory: "Fruit"
			},
		}
	},
	transitionableProps: [{
    		type: "Perish",
    		freshHours: { avg: 672 },
    		transitionHours: { avg: 288 },
    		transitionedStack: { type: "item", code: "game:vinegarportion" },
			transitionRatio: 0.005
  	},
	{
    		type: "Cure",
    		freshHours: { avg: 672 },
    		transitionHours: { avg: 2016 },
    		transitionedStack: { type: "item", code: "wildpotentwineportion-{fruit}" },
    		transitionRatio: 1
  	}],
	shape: { base: "game:item/liquid" },
	"texture": { "base": "wildcraft:block/food/pie/fill-{fruit}", "alpha": 140, overlays: ["expandedfoods:item/liquid/syrup"] },
	creativeinventoryStacks: [ { tabs: ["general", "liquids", "expandedfoods"], stacks: [ { type: "block", code: "game:woodbucket", attributes: { ucontents: [ { type:"item", code: "expandedfoods:wildpotentwineportion-{fruit}", makefull: true } ] } } ] } ],
	maxstacksize: 5000,
	materialDensity: 200,
	nutritionProps: { saturation: 2, health: 0.01, foodcategory: "Fruit" },
	guiTransform: {
		rotation: { x: 128, y: 40, z: 7 },
		origin: { x: 0.5, y: 0, z: 0.5 },
		scale: 1.4
	},
	fpHandTransform: {
		translation: { x: 0, y: 0, z: 0 },
		rotation: { x: 42, y: 129, z: -30 }
	},
	tpHandTransform: {
		translation: { x: -1.5, y: -1, z: -1.4 },
	},
}
