{
	"ingredient": { "type": "item", "code": "game:clay-*", "name": "type", "allowedVariants": ["blue", "fire"] },
	"pattern": [[
	  "###_###",
	  "###_###",
	  "###_###",
	  "_______",
	  "###_###",
	  "###_###",
	  "###_###"
  ],
  [
	  "###_###",
	  "#_#_#_#",
	  "###_###",
	  "_______",
	  "###_###",
	  "#_#_#_#",
	  "###_###"
  ],
  
  [
	"###_###",
	"#_#_#_#",
	"###_###",
	"_______",
	"###_###",
	"#_#_#_#",
	"###_###"
	],
  [
	  "###_###",
	  "#_#_#_#",
	  "###_###",
	  "_______",
	  "###_###",
	  "#_#_#_#",
	  "###_###"
  ],
  [
	  "###_###",
	  "#_#_#_#",
	  "###_###",
	  "_______",
	  "###_###",
	  "#_#_#_#",
	  "###_###"
  ],
  [
	  "_______",
	  "_#___#_",
	  "_______",
	  "_______",
	  "_______",
	  "_#___#_",
	  "_______"
  ]
  ],
	"name": "claypotionflask",
	"output": { "type": "block", "code": "alchemy:claypotionflask-raw", "stacksize": 4 }
  }
  