{
	"code": "creature",
	"class": "ItemCreature",
	"maxstackssize": 1,
	"variantgroups": [
			{
				"code": "type",
				"states": ["cockatrice"]
			}
		],
	"shape": {
		"base": "entity/land/cockatrice"
		},
	"creativeinventory": {
		"general": ["*"],
		"items": ["*"],
		"creatures": ["*"]
		},
	
	"guiTransform": {
		"translation": { "x": 5, "y": -3, "z": 3 },
		"rotation": { "x": -180, "y": -64, "z": 8 },
		"origin": { "x": 0.5, "y": 0.8, "z": 0.5 },
		"scale": 1.03
	},
	"fpHandTransform": {
		"translation": { "x": -0.2, "y": -0.1, "z": 0.4 },
		"rotation": { "x": 0, "y": -70, "z": -25 },
		"origin": { "x": 0.5, "y": 0.8, "z": 0.5 },
		"scale": 0.97
	},
	"tpHandTransform": {
		"translation": { "x": -1.2, "y": -1.7, "z": -0.5 },
		"rotation": { "x": 9, "y": 180, "z": 18 },
		"origin": { "x": 0.45, "y": 1.5, "z": 0.5 },
		"scale": 0.52
	}
}