{
	"code": "creature",
	"class": "ItemCreature",
	"maxstackssize": 1,
	"variantgroups": [
			{
				"code": "type",
				"states": ["discus"]
			}
		],
	"shape": {
		"base": "entity/water/discus"
		},
	"creativeinventory": {
		"general": ["*"],
		"items": ["*"],
		"creatures": ["*"]
		},
	
	"guiTransform": {
		"translation": { "x": 0, "y": 0, "z": 0 },
		"rotation": { "x": -14, "y": -4, "z": -153 },
		"origin": { "x": 0.5, "y": 0.1, "z": 0 },
		"scale": 3.13
	},
	"fpHandTransform": {
		"translation": { "x": -0.2, "y": 0.9, "z": 0.5 },
		"rotation": { "x": -7, "y": -28, "z": -91 },
		"origin": { "x": 0.5, "y": 0.1, "z": 0.2 },
		"scale": 1.25
	},
	"tpHandTransform": {
		"translation": { "x": 0, "y": -0.1, "z": -0.4 },
		"rotation": { "x": 0, "y": 0, "z": 26 },
		"origin": { "x": 0.5, "y": 0.8, "z": 0.5 },
		"scale": 1.25
	}
}