{
	"code": "egg",
	"maxstacksize": 32,
	"variantgroups": [
		{ "code": "source", "states": ["ostrich" ] },
		{ "code": "state", "states": ["raw"] }
	],
	"shape": { "base": "block/egg/1largeegg" },
	"creativeinventory": { "general": ["*"], "items": ["*"] },
	"attributes": {
		"nutritionPropsWhenInMeal": { "saturation": 200, "foodcategory": "Protein" }
	},
	"nutritionPropsByType": {
		"*-raw": { "saturation": 160, "foodcategory": "Protein" }
	},
	"materialDensity": 200,
	"guiTransform": {
		"translation": { "x": 3, "y": 4, "z": 0 },
		"rotation": { "x": 1, "y": 21, "z": 16 },
		"origin": { "x": 0.7, "y": 0.1, "z": 0 },
		"scale": 3.23
	},
	"fpHandTransform": {
		"translation": { "x": 0, "y": -0.3, "z": 0.1 },
		"rotation": { "x": 180, "y": 90, "z": 2 },
		"scale": 1.78
	},
	"transitionableProps": [{
		"type": "perish",
		"freshHours": { "avg": 120 },
		"transitionHours": { "avg": 24 },
		"transitionedStack": { "type": "item", "code": "game:rot" },
		"transitionRatio": 0.5
	}]
}