{
	"code": "creature",
	"class": "ItemCreature",
	"maxStackSize": 1,
	"variantgroups": [
			{
				"code": "type",
				"states": ["ostrich-male", "ostrich-female", "ostrich-chick" ]
			}
		],
	"shapeByType": {
		"*-ostrich-male": { "base": "entity/land/ostrich" },
		"*-ostrich-female": { "base": "entity/land/ostrich" },
		"*-ostrich-chick": { "base": "entity/land/ostrich-chick" }
		},
	"texturesByType": {
		"*-ostrich-male": { "skin": { "base": "entity/land/ostrich/ostrichskin1" } },
		"*-ostrich-female": { "skin": { "base": "entity/land/ostrich/ostrichskin1" } },
		"*-ostrich-chick": {"skin": { "base": "entity/land/ostrich/ostrichskin1" } }
		},
		
	"creativeinventory": {
		"general": ["*"],
		"items": ["*"],
		"creatures": ["*"]
		},
	
	"guiTransform": {
		"translation": { "x": 0, "y": 7, "z": 0 },
		"rotation": { "x": 15, "y": -120, "z": -163 },
		"origin": { "x": 0.5, "y": 0.8, "z": 0.5 },
		"scale": 0.39
	},
	"fpHandTransform": {
		"translation": { "x": 0.9, "y": 0.9, "z": 0.7 },
		"rotation": { "x": -0, "y": 0, "z": -0 },
		"origin": { "x": 0.5, "y": 0.8, "z": 0.5 },
		"scale": 1.25
	},
	"tpHandTransform": {
		"translation": { "x": 0.2, "y": 0, "z": 0 },
		"rotation": { "x": -175, "y": 53, "z": -107 },
		"origin": { "x": 0.5, "y": 0.8, "z": 0.5 },
		"scale": 0.62
	}

}