{
	"code": "saddle",
	"class": "ItemPetAccessory",
	"variantgroups": [ { "code": "type", "states": ["draft", "arabian", "bison"] } ],
	"shapeByType": {
		"*-draft": { "base": "item/equipment/back/horsesaddle-draft" },
		"*-arabian": { "base": "item/equipment/back/horsesaddle-arabian" },
		"*-bison": { "base": "item/equipment/back/saddle-bison" }		
	},
	"attributesByType": {
		"*-draft": {
			"wearableAttachment": true,
			"cothingType": "midbody",
			"validPets": [ "horse-female-draft", "horse-male-draft" ],
		"backpackslots": 12
		},
		"*-arabian": {
			"wearableAttachment": true,
			"cothingType": "midbody",
			"validPets": [ "horse-female-arabian", "horse-male-arabian" ],
			"backpackslots": 8
		},
		"*-bison": {
			"wearableAttachment": true,
			"cothingType": "midbody",
			"validPets": [ "bison-male", "bison-female" ],
			"backpackslots": 52
		}
	},
	"maxstacksize": 1,
	"creativeinventory": {
		"general": [ "*" ],
		"items": [ "*" ],
		"clothing": [ "*" ]
	},
	"guiTransform": {
		"translation": { "x": -8, "y": 5, "z": -15 },
		"rotation": { "x": -21, "y": -50, "z": 180 },
		"origin": { "x": 0.52, "y": 0.26, "z": 0.5 },
		"scale": 0.85
	},
	"groundTransform": {
		"scale": 2
	},
	"fpHandTransform": {
		"rotation": { "x": 180, "y": -1, "z": 180 },
		"scale": 1.5
	},
	"tpHandTransform": {
		"translation": { "x": -1, "y": -0.75, "z": -1.25 },
		"rotation": { "x": 90, "y": 0, "z": -156 },
		"scale": 0.45
	}
}