{
	"editor": {
		"allAngles": false,
		"entityTextureMode": false
	},
	"textureWidth": 16,
	"textureHeight": 16,
	"textureSizes": {
	},
	"textures": {
	},
	"elements": [
		{
			"name": "floor",
			"from": [ 5.0, 0.0, 5.0 ], 
			"to": [ 11.0, 0.5, 11.0 ], 
			"rotationOrigin": [ 8.0, 0.0, 8.0 ],
			"faces": {
				"north": { "texture": "#ceramic", "uv": [ 1.0, 15.0, 7.0, 15.5 ] },
				"east": { "texture": "#ceramic", "uv": [ 5.0, 15.0, 11.0, 15.5 ] },
				"south": { "texture": "#ceramic", "uv": [ 8.0, 15.0, 14.0, 15.5 ] },
				"west": { "texture": "#ceramic", "uv": [ 10.0, 15.0, 16.0, 15.5 ] },
				"up": { "texture": "#ceramic", "uv": [ 4.0, 2.0, 10.0, 8.0 ] },
				"down": { "texture": "#ceramic", "uv": [ 9.0, 3.0, 15.0, 9.0 ] }
			},
			"children": [
				{
					"name": "N",
					"from": [ -0.5, 0.5, -0.5 ], 
					"to": [ 6.5, 4.5, 0.5 ], 
					"faces": {
						"north": { "texture": "#ceramic", "uv": [ 0.0, 11.0, 7.0, 15.0 ] },
						"east": { "texture": "#ceramic", "uv": [ 7.0, 11.0, 8.0, 15.0 ] },
						"south": { "texture": "#ceramic", "uv": [ 9.0, 2.0, 16.0, 6.0 ] },
						"west": { "texture": "#ceramic", "uv": [ 2.0, 11.0, 3.0, 15.0 ] },
						"up": { "texture": "#ceramic", "uv": [ 6.0, 5.0, 13.0, 6.0 ] },
						"down": { "texture": "#ceramic", "uv": [ 5.0, 14.0, 12.0, 15.0 ] }
					}
				},
				{
					"name": "S",
					"from": [ -0.5, 0.5, 5.5 ], 
					"to": [ 6.5, 4.5, 6.5 ], 
					"faces": {
						"north": { "texture": "#ceramic", "uv": [ 2.0, 5.0, 9.0, 9.0 ] },
						"east": { "texture": "#ceramic", "uv": [ 7.0, 11.0, 8.0, 15.0 ] },
						"south": { "texture": "#ceramic", "uv": [ 9.0, 11.0, 16.0, 15.0 ] },
						"west": { "texture": "#ceramic", "uv": [ 5.0, 11.0, 6.0, 15.0 ] },
						"up": { "texture": "#ceramic", "uv": [ 7.0, 5.0, 14.0, 6.0 ] },
						"down": { "texture": "#ceramic", "uv": [ 3.0, 14.0, 10.0, 15.0 ] }
					}
				},
				{
					"name": "W",
					"from": [ -0.5, 0.5, 0.5 ], 
					"to": [ 0.5, 4.5, 5.5 ], 
					"faces": {
						"north": { "texture": "#ceramic", "uv": [ 0.0, 0.0, 1.0, 4.0 ], "enabled": false },
						"east": { "texture": "#ceramic", "uv": [ 6.0, 3.0, 11.0, 7.0 ] },
						"south": { "texture": "#ceramic", "uv": [ 0.0, 0.0, 1.0, 4.0 ], "enabled": false },
						"west": { "texture": "#ceramic", "uv": [ 7.0, 11.0, 12.0, 15.0 ] },
						"up": { "texture": "#ceramic", "uv": [ 7.0, 3.0, 12.0, 4.0 ], "rotation": 90 },
						"down": { "texture": "#ceramic", "uv": [ 2.0, 14.0, 7.0, 15.0 ], "rotation": 90 }
					}
				},
				{
					"name": "E",
					"from": [ 5.5, 0.5, 0.5 ], 
					"to": [ 6.5, 4.5, 5.5 ], 
					"rotationOrigin": [ 3.0, 0.0, 0.0 ],
					"faces": {
						"north": { "texture": "#ceramic", "uv": [ 0.0, 0.0, 1.0, 4.0 ], "enabled": false },
						"east": { "texture": "#ceramic", "uv": [ 0.0, 11.0, 5.0, 15.0 ] },
						"south": { "texture": "#ceramic", "uv": [ 0.0, 0.0, 1.0, 4.0 ], "enabled": false },
						"west": { "texture": "#ceramic", "uv": [ 2.0, 4.0, 7.0, 8.0 ] },
						"up": { "texture": "#ceramic", "uv": [ 7.0, 6.0, 12.0, 7.0 ], "rotation": 90 },
						"down": { "texture": "#ceramic", "uv": [ 5.0, 14.0, 10.0, 15.0 ], "rotation": 90 }
					}
				},
				{
					"name": "N neck",
					"from": [ 0.0, 4.5, 0.0 ], 
					"to": [ 6.0, 5.5, 1.0 ], 
					"faces": {
						"north": { "texture": "#ceramic", "uv": [ 0.0, 0.0, 6.0, 1.0 ] },
						"east": { "texture": "#ceramic", "uv": [ 5.0, 0.0, 6.0, 1.0 ] },
						"south": { "texture": "#ceramic", "uv": [ 6.0, 0.0, 12.0, 1.0 ] },
						"west": { "texture": "#ceramic", "uv": [ 0.0, 0.0, 1.0, 1.0 ] },
						"up": { "texture": "#ceramic", "uv": [ 3.0, 5.0, 9.0, 6.0 ] },
						"down": { "texture": "#ceramic", "uv": [ 3.0, 3.0, 9.0, 4.0 ] }
					}
				},
				{
					"name": "S neck",
					"from": [ 0.0, 4.5, 5.0 ], 
					"to": [ 6.0, 5.5, 6.0 ], 
					"faces": {
						"north": { "texture": "#ceramic", "uv": [ 0.0, 0.0, 6.0, 1.0 ] },
						"east": { "texture": "#ceramic", "uv": [ 13.0, 0.0, 14.0, 1.0 ] },
						"south": { "texture": "#ceramic", "uv": [ 6.0, 0.0, 12.0, 1.0 ] },
						"west": { "texture": "#ceramic", "uv": [ 5.0, 0.0, 6.0, 1.0 ] },
						"up": { "texture": "#ceramic", "uv": [ 6.0, 5.0, 12.0, 6.0 ] },
						"down": { "texture": "#ceramic", "uv": [ 3.0, 3.0, 9.0, 4.0 ] }
					}
				},
				{
					"name": "W neck",
					"from": [ 0.0, 4.5, 1.0 ], 
					"to": [ 1.0, 5.5, 5.0 ], 
					"faces": {
						"north": { "texture": "#ceramic", "uv": [ 1.0, 4.0, 2.0, 5.0 ], "enabled": false },
						"east": { "texture": "#ceramic", "uv": [ 7.0, 0.0, 11.0, 1.0 ] },
						"south": { "texture": "#ceramic", "uv": [ 3.0, 4.0, 4.0, 5.0 ], "enabled": false },
						"west": { "texture": "#ceramic", "uv": [ 7.0, 0.0, 11.0, 1.0 ] },
						"up": { "texture": "#ceramic", "uv": [ 3.0, 5.0, 4.0, 9.0 ] },
						"down": { "texture": "#ceramic", "uv": [ 3.0, 3.0, 4.0, 7.0 ] }
					}
				},
				{
					"name": "E neck",
					"from": [ 5.0, 4.5, 1.0 ], 
					"to": [ 6.0, 5.5, 5.0 ], 
					"faces": {
						"north": { "texture": "#ceramic", "uv": [ 1.0, 4.0, 2.0, 5.0 ], "enabled": false },
						"east": { "texture": "#ceramic", "uv": [ 7.0, 0.0, 11.0, 1.0 ] },
						"south": { "texture": "#ceramic", "uv": [ 3.0, 4.0, 4.0, 5.0 ], "enabled": false },
						"west": { "texture": "#ceramic", "uv": [ 8.0, 0.0, 12.0, 1.0 ] },
						"up": { "texture": "#ceramic", "uv": [ 9.0, 3.0, 10.0, 7.0 ] },
						"down": { "texture": "#ceramic", "uv": [ 3.0, 3.0, 4.0, 7.0 ] }
					}
				}
			]
		},
		{
			"name": "pitch4",
			"from": [ 8.0, 4.0, 8.0 ], 
			"to": [ 9.0, 5.0, 9.0 ], 
			"rotationOrigin": [ 8.0, 4.0, 8.0 ],
			"faces": {
				"north": { "texture": "#pitch", "uv": [ 0.0, 0.0, 1.0, 1.0 ], "enabled": false },
				"east": { "texture": "#pitch", "uv": [ 0.0, 0.0, 1.0, 1.0 ], "enabled": false },
				"south": { "texture": "#pitch", "uv": [ 0.0, 0.0, 1.0, 1.0 ], "enabled": false },
				"west": { "texture": "#pitch", "uv": [ 0.0, 0.0, 1.0, 1.0 ], "enabled": false },
				"up": { "texture": "#pitch", "uv": [ 0.0, 0.0, 1.0, 1.0 ], "enabled": false },
				"down": { "texture": "#pitch", "uv": [ 0.0, 0.0, 1.0, 1.0 ], "enabled": false }
			},
			"children": [
				{
					"name": "Cube11",
					"from": [ 1.5, 0.0, -2.0 ], 
					"to": [ 2.0, 1.0, 2.0 ], 
					"rotationOrigin": [ 1.5, 0.0, -2.0 ],
					"faces": {
						"north": { "texture": "#pitch", "uv": [ 0.0, 0.0, 1.0, 1.0 ] },
						"east": { "texture": "#pitch", "uv": [ 0.0, 0.0, 4.0, 1.0 ] },
						"south": { "texture": "#pitch", "uv": [ 0.0, 0.0, 1.0, 1.0 ] },
						"west": { "texture": "#pitch", "uv": [ 7.0, 6.0, 11.0, 7.0 ] },
						"up": { "texture": "#pitch", "uv": [ 7.0, 11.0, 8.0, 15.0 ] },
						"down": { "texture": "#pitch", "uv": [ 0.0, 0.0, 1.0, 4.0 ] }
					}
				},
				{
					"name": "Cube12",
					"from": [ -2.0, 0.0, -2.0 ], 
					"to": [ -1.5, 1.0, 2.0 ], 
					"rotationOrigin": [ -2.0, 0.0, -2.0 ],
					"faces": {
						"north": { "texture": "#pitch", "uv": [ 0.0, 0.0, 1.0, 1.0 ] },
						"east": { "texture": "#pitch", "uv": [ 3.0, 5.0, 7.0, 6.0 ] },
						"south": { "texture": "#pitch", "uv": [ 0.0, 0.0, 1.0, 1.0 ] },
						"west": { "texture": "#pitch", "uv": [ 4.0, 2.0, 8.0, 3.0 ] },
						"up": { "texture": "#pitch", "uv": [ 3.0, 7.0, 4.0, 11.0 ] },
						"down": { "texture": "#pitch", "uv": [ 3.0, 1.0, 4.0, 5.0 ] }
					}
				},
				{
					"name": "Cube13",
					"from": [ -1.5, 0.0, -2.0 ], 
					"to": [ 1.5, 1.0, -1.5 ], 
					"rotationOrigin": [ -1.5, 0.0, -2.0 ],
					"faces": {
						"north": { "texture": "#pitch", "uv": [ 11.0, 12.0, 14.0, 13.0 ] },
						"east": { "texture": "#pitch", "uv": [ 0.0, 0.0, 1.0, 1.0 ] },
						"south": { "texture": "#pitch", "uv": [ 0.0, 0.0, 3.0, 1.0 ] },
						"west": { "texture": "#pitch", "uv": [ 0.0, 0.0, 1.0, 1.0 ] },
						"up": { "texture": "#pitch", "uv": [ 5.0, 8.0, 8.0, 9.0 ] },
						"down": { "texture": "#pitch", "uv": [ 0.0, 0.0, 3.0, 1.0 ] }
					}
				},
				{
					"name": "Cube14",
					"from": [ -1.5, 0.0, 1.5 ], 
					"to": [ 1.5, 1.0, 2.0 ], 
					"rotationOrigin": [ -1.5, 0.0, 1.5 ],
					"faces": {
						"north": { "texture": "#pitch", "uv": [ 3.0, 6.0, 6.0, 7.0 ] },
						"east": { "texture": "#pitch", "uv": [ 11.0, 7.0, 12.0, 8.0 ] },
						"south": { "texture": "#pitch", "uv": [ 10.0, 6.0, 13.0, 7.0 ] },
						"west": { "texture": "#pitch", "uv": [ 0.0, 0.0, 1.0, 1.0 ] },
						"up": { "texture": "#pitch", "uv": [ 5.0, 4.0, 8.0, 5.0 ] },
						"down": { "texture": "#pitch", "uv": [ 4.0, 5.0, 7.0, 6.0 ] }
					}
				},
				{
					"name": "Cube15",
					"from": [ -1.5, -0.5, -1.5 ], 
					"to": [ 1.5, 0.5, 1.5 ], 
					"rotationOrigin": [ -1.5, -0.5, -1.5 ],
					"faces": {
						"north": { "texture": "#pitch", "uv": [ 12.0, 6.0, 15.0, 7.0 ] },
						"east": { "texture": "#pitch", "uv": [ 8.0, 3.0, 11.0, 4.0 ] },
						"south": { "texture": "#pitch", "uv": [ 6.0, 3.0, 9.0, 4.0 ] },
						"west": { "texture": "#pitch", "uv": [ 5.0, 4.0, 8.0, 5.0 ] },
						"up": { "texture": "#pitch", "uv": [ 4.0, 4.0, 7.0, 7.0 ] },
						"down": { "texture": "#pitch", "uv": [ 3.0, 3.0, 6.0, 6.0 ] }
					}
				}
			]
		}
	]}