{
	"editor": {
		"allAngles": false,
		"entityTextureMode": false
	},
	"textureWidth": 16,
	"textureHeight": 16,
	"textureSizes": {
	},
	"textures": {

	},
	"elements": [
		{
			"name": "floor",
			"from": [ 5.0, 0.0, 5.0 ], 
			"to": [ 11.0, 0.5, 11.0 ], 
			"rotationOrigin": [ 8.0, 0.0, 8.0 ],
			"faces": {
				"north": { "texture": "#ceramic", "uv": [ 1.0, 15.0, 7.0, 15.5 ] },
				"east": { "texture": "#ceramic", "uv": [ 5.0, 15.0, 11.0, 15.5 ] },
				"south": { "texture": "#ceramic", "uv": [ 8.0, 15.0, 14.0, 15.5 ] },
				"west": { "texture": "#ceramic", "uv": [ 10.0, 15.0, 16.0, 15.5 ] },
				"up": { "texture": "#ceramic", "uv": [ 4.0, 2.0, 10.0, 8.0 ] },
				"down": { "texture": "#ceramic", "uv": [ 9.0, 3.0, 15.0, 9.0 ] }
			},
			"children": [
				{
					"name": "N",
					"from": [ -0.5, 0.5, -0.5 ], 
					"to": [ 6.5, 4.5, 0.5 ], 
					"faces": {
						"north": { "texture": "#ceramic", "uv": [ 0.0, 11.0, 7.0, 15.0 ] },
						"east": { "texture": "#ceramic", "uv": [ 7.0, 11.0, 8.0, 15.0 ] },
						"south": { "texture": "#ceramic", "uv": [ 9.0, 2.0, 16.0, 6.0 ] },
						"west": { "texture": "#ceramic", "uv": [ 2.0, 11.0, 3.0, 15.0 ] },
						"up": { "texture": "#ceramic", "uv": [ 6.0, 5.0, 13.0, 6.0 ] },
						"down": { "texture": "#ceramic", "uv": [ 5.0, 14.0, 12.0, 15.0 ] }
					}
				},
				{
					"name": "S",
					"from": [ -0.5, 0.5, 5.5 ], 
					"to": [ 6.5, 4.5, 6.5 ], 
					"faces": {
						"north": { "texture": "#ceramic", "uv": [ 2.0, 5.0, 9.0, 9.0 ] },
						"east": { "texture": "#ceramic", "uv": [ 7.0, 11.0, 8.0, 15.0 ] },
						"south": { "texture": "#ceramic", "uv": [ 9.0, 11.0, 16.0, 15.0 ] },
						"west": { "texture": "#ceramic", "uv": [ 5.0, 11.0, 6.0, 15.0 ] },
						"up": { "texture": "#ceramic", "uv": [ 7.0, 5.0, 14.0, 6.0 ] },
						"down": { "texture": "#ceramic", "uv": [ 3.0, 14.0, 10.0, 15.0 ] }
					}
				},
				{
					"name": "W",
					"from": [ -0.5, 0.5, 0.5 ], 
					"to": [ 0.5, 4.5, 5.5 ], 
					"faces": {
						"north": { "texture": "#ceramic", "uv": [ 0.0, 0.0, 1.0, 4.0 ], "enabled": false },
						"east": { "texture": "#ceramic", "uv": [ 6.0, 3.0, 11.0, 7.0 ] },
						"south": { "texture": "#ceramic", "uv": [ 0.0, 0.0, 1.0, 4.0 ], "enabled": false },
						"west": { "texture": "#ceramic", "uv": [ 7.0, 11.0, 12.0, 15.0 ] },
						"up": { "texture": "#ceramic", "uv": [ 7.0, 3.0, 12.0, 4.0 ], "rotation": 90 },
						"down": { "texture": "#ceramic", "uv": [ 2.0, 14.0, 7.0, 15.0 ], "rotation": 90 }
					}
				},
				{
					"name": "E",
					"from": [ 5.5, 0.5, 0.5 ], 
					"to": [ 6.5, 4.5, 5.5 ], 
					"rotationOrigin": [ 3.0, 0.0, 0.0 ],
					"faces": {
						"north": { "texture": "#ceramic", "uv": [ 0.0, 0.0, 1.0, 4.0 ], "enabled": false },
						"east": { "texture": "#ceramic", "uv": [ 0.0, 11.0, 5.0, 15.0 ] },
						"south": { "texture": "#ceramic", "uv": [ 0.0, 0.0, 1.0, 4.0 ], "enabled": false },
						"west": { "texture": "#ceramic", "uv": [ 2.0, 4.0, 7.0, 8.0 ] },
						"up": { "texture": "#ceramic", "uv": [ 7.0, 6.0, 12.0, 7.0 ], "rotation": 90 },
						"down": { "texture": "#ceramic", "uv": [ 5.0, 14.0, 10.0, 15.0 ], "rotation": 90 }
					}
				},
				{
					"name": "N neck",
					"from": [ 0.0, 4.5, 0.0 ], 
					"to": [ 6.0, 5.5, 1.0 ], 
					"faces": {
						"north": { "texture": "#ceramic", "uv": [ 0.0, 0.0, 6.0, 1.0 ] },
						"east": { "texture": "#ceramic", "uv": [ 5.0, 0.0, 6.0, 1.0 ] },
						"south": { "texture": "#ceramic", "uv": [ 6.0, 0.0, 12.0, 1.0 ] },
						"west": { "texture": "#ceramic", "uv": [ 0.0, 0.0, 1.0, 1.0 ] },
						"up": { "texture": "#ceramic", "uv": [ 3.0, 5.0, 9.0, 6.0 ] },
						"down": { "texture": "#ceramic", "uv": [ 3.0, 3.0, 9.0, 4.0 ] }
					}
				},
				{
					"name": "S neck",
					"from": [ 0.0, 4.5, 5.0 ], 
					"to": [ 6.0, 5.5, 6.0 ], 
					"faces": {
						"north": { "texture": "#ceramic", "uv": [ 0.0, 0.0, 6.0, 1.0 ] },
						"east": { "texture": "#ceramic", "uv": [ 13.0, 0.0, 14.0, 1.0 ] },
						"south": { "texture": "#ceramic", "uv": [ 6.0, 0.0, 12.0, 1.0 ] },
						"west": { "texture": "#ceramic", "uv": [ 5.0, 0.0, 6.0, 1.0 ] },
						"up": { "texture": "#ceramic", "uv": [ 6.0, 5.0, 12.0, 6.0 ] },
						"down": { "texture": "#ceramic", "uv": [ 3.0, 3.0, 9.0, 4.0 ] }
					}
				},
				{
					"name": "W neck",
					"from": [ 0.0, 4.5, 1.0 ], 
					"to": [ 1.0, 5.5, 5.0 ], 
					"faces": {
						"north": { "texture": "#ceramic", "uv": [ 1.0, 4.0, 2.0, 5.0 ], "enabled": false },
						"east": { "texture": "#ceramic", "uv": [ 7.0, 0.0, 11.0, 1.0 ] },
						"south": { "texture": "#ceramic", "uv": [ 3.0, 4.0, 4.0, 5.0 ], "enabled": false },
						"west": { "texture": "#ceramic", "uv": [ 7.0, 0.0, 11.0, 1.0 ] },
						"up": { "texture": "#ceramic", "uv": [ 3.0, 5.0, 4.0, 9.0 ] },
						"down": { "texture": "#ceramic", "uv": [ 3.0, 3.0, 4.0, 7.0 ] }
					}
				},
				{
					"name": "E neck",
					"from": [ 5.0, 4.5, 1.0 ], 
					"to": [ 6.0, 5.5, 5.0 ], 
					"faces": {
						"north": { "texture": "#ceramic", "uv": [ 1.0, 4.0, 2.0, 5.0 ], "enabled": false },
						"east": { "texture": "#ceramic", "uv": [ 7.0, 0.0, 11.0, 1.0 ] },
						"south": { "texture": "#ceramic", "uv": [ 3.0, 4.0, 4.0, 5.0 ], "enabled": false },
						"west": { "texture": "#ceramic", "uv": [ 8.0, 0.0, 12.0, 1.0 ] },
						"up": { "texture": "#ceramic", "uv": [ 9.0, 3.0, 10.0, 7.0 ] },
						"down": { "texture": "#ceramic", "uv": [ 3.0, 3.0, 4.0, 7.0 ] }
					}
				}
			]
		},
		{
			"name": "origin",
			"from": [ 8.0, 5.0, 8.0 ], 
			"to": [ 8.0, 5.0, 8.0 ], 
			"rotationOrigin": [ 8.0, 5.0, 8.0 ],
			"faces": {
				"north": { "texture": "#null", "uv": [ 0.0, 0.0, 0.5, 0.5 ], "enabled": false },
				"east": { "texture": "#null", "uv": [ 0.0, 0.0, 0.5, 0.5 ], "enabled": false },
				"south": { "texture": "#null", "uv": [ 0.0, 0.0, 0.5, 0.5 ], "enabled": false },
				"west": { "texture": "#null", "uv": [ 0.0, 0.0, 0.5, 0.5 ], "enabled": false },
				"up": { "texture": "#null", "uv": [ 0.0, 0.0, 0.5, 0.5 ], "enabled": false },
				"down": { "texture": "#null", "uv": [ 0.0, 0.0, 0.5, 0.5 ], "enabled": false }
			},
			"children": [
				{
					"name": "body",
					"from": [ -4.0, -1.1, -2.0 ], 
					"to": [ 2.0, 0.4, -0.5 ], 
					"rotationOrigin": [ 0.0, 0.9, -0.5 ],
					"rotationX": -22.5,
					"rotationZ": 67.5,
					"faces": {
						"north": { "texture": "#drygrass", "uv": [ 1.0, 4.5, 2.5, 10.5 ], "rotation": 90 },
						"east": { "texture": "#drygrass", "uv": [ 1.0, 12.5, 2.5, 14.0 ] },
						"south": { "texture": "#drygrass", "uv": [ 1.0, 3.0, 2.5, 9.0 ], "rotation": 90 },
						"west": { "texture": "#drygrass", "uv": [ 1.5, 13.0, 3.0, 14.5 ] },
						"up": { "texture": "#drygrass", "uv": [ 1.5, 3.0, 3.0, 9.0 ], "rotation": 90 },
						"down": { "texture": "#drygrass", "uv": [ 1.5, 4.0, 3.0, 10.0 ], "rotation": 90 }
					},
					"children": [
						{
							"name": "Right",
							"from": [ 4.6, 0.0, 0.0 ], 
							"to": [ 8.6, 0.5, 0.5 ], 
							"rotationOrigin": [ 6.6, 0.5, 0.5 ],
							"rotationX": 19.0,
							"rotationY": 14.0,
							"rotationZ": -19.0,
							"faces": {
								"north": { "texture": "#drygrass", "uv": [ 2.5, 1.0, 3.0, 5.0 ], "rotation": 270 },
								"east": { "texture": "#drygrass", "uv": [ 5.5, 4.5, 6.0, 5.0 ], "enabled": false },
								"south": { "texture": "#drygrass", "uv": [ 3.5, 2.0, 4.0, 6.0 ], "rotation": 90 },
								"west": { "texture": "#drygrass", "uv": [ 0.0, 0.0, 0.5, 0.5 ], "enabled": false },
								"up": { "texture": "#drygrass", "uv": [ 1.0, 1.5, 1.5, 5.5 ], "rotation": 90 },
								"down": { "texture": "#drygrass", "uv": [ 2.5, 1.5, 3.0, 5.5 ], "rotation": 270 }
							}
						},
						{
							"name": "Right4",
							"from": [ 5.3, 1.5, 0.0 ], 
							"to": [ 9.3, 2.0, 0.5 ], 
							"rotationOrigin": [ 7.3, 2.0, 0.5 ],
							"rotationX": 42.0,
							"rotationY": 22.0,
							"rotationZ": 14.0,
							"faces": {
								"north": { "texture": "#drygrass", "uv": [ 1.5, 0.5, 2.0, 4.5 ], "rotation": 270 },
								"east": { "texture": "#drygrass", "uv": [ 5.5, 4.5, 6.0, 5.0 ], "enabled": false },
								"south": { "texture": "#drygrass", "uv": [ 3.0, 1.5, 3.5, 5.5 ], "rotation": 90 },
								"west": { "texture": "#drygrass", "uv": [ 0.0, 0.0, 0.5, 0.5 ], "enabled": false },
								"up": { "texture": "#drygrass", "uv": [ 2.0, 1.0, 2.5, 5.0 ], "rotation": 90 },
								"down": { "texture": "#drygrass", "uv": [ 3.0, 1.0, 3.5, 5.0 ], "rotation": 270 }
							}
						},
						{
							"name": "Right5",
							"from": [ 5.6, 0.0, 1.1 ], 
							"to": [ 9.6, 0.5, 1.6 ], 
							"rotationOrigin": [ 6.6, 0.5, 2.0 ],
							"rotationX": 14.0,
							"rotationY": -19.0,
							"rotationZ": -14.0,
							"faces": {
								"north": { "texture": "#drygrass", "uv": [ 1.5, 0.5, 2.0, 4.5 ], "rotation": 270 },
								"east": { "texture": "#drygrass", "uv": [ 5.5, 4.5, 6.0, 5.0 ], "enabled": false },
								"south": { "texture": "#drygrass", "uv": [ 1.5, 1.0, 2.0, 5.0 ], "rotation": 90 },
								"west": { "texture": "#drygrass", "uv": [ 0.0, 0.0, 0.5, 0.5 ], "enabled": false },
								"up": { "texture": "#drygrass", "uv": [ 0.5, 1.0, 1.0, 5.0 ], "rotation": 90 },
								"down": { "texture": "#drygrass", "uv": [ 2.5, 0.5, 3.0, 4.5 ], "rotation": 270 }
							}
						},
						{
							"name": "Right6",
							"from": [ 5.6, 0.5, 0.0 ], 
							"to": [ 9.6, 1.5, 1.0 ], 
							"rotationOrigin": [ 7.6, 1.6, 1.7 ],
							"rotationX": -3.0,
							"rotationY": 6.0,
							"rotationZ": -6.0,
							"faces": {
								"north": { "texture": "#drygrass", "uv": [ 1.0, 1.5, 2.0, 5.5 ], "rotation": 270 },
								"east": { "texture": "#drygrass", "uv": [ 5.5, 4.5, 6.5, 5.5 ], "enabled": false },
								"south": { "texture": "#drygrass", "uv": [ 2.5, 1.5, 3.5, 5.5 ], "rotation": 90 },
								"west": { "texture": "#drygrass", "uv": [ 0.0, 0.0, 1.0, 1.0 ], "enabled": false },
								"up": { "texture": "#drygrass", "uv": [ 1.0, 1.0, 2.0, 5.0 ], "rotation": 90 },
								"down": { "texture": "#drygrass", "uv": [ 3.5, 1.5, 4.5, 5.5 ], "rotation": 270 }
							}
						},
						{
							"name": "Right7",
							"from": [ 5.2, 1.2, 1.0 ], 
							"to": [ 9.2, 1.7, 1.5 ], 
							"rotationOrigin": [ 6.6, 2.0, 1.5 ],
							"rotationX": 28.0,
							"rotationY": 3.0,
							"rotationZ": 28.0,
							"faces": {
								"north": { "texture": "#drygrass", "uv": [ 3.0, 0.5, 3.5, 4.5 ], "rotation": 270 },
								"east": { "texture": "#drygrass", "uv": [ 5.5, 4.5, 6.0, 5.0 ], "enabled": false },
								"south": { "texture": "#drygrass", "uv": [ 1.5, 1.0, 2.0, 5.0 ], "rotation": 90 },
								"west": { "texture": "#drygrass", "uv": [ 0.0, 0.0, 0.5, 0.5 ], "enabled": false },
								"up": { "texture": "#drygrass", "uv": [ 3.0, 0.0, 3.5, 4.0 ], "rotation": 90 },
								"down": { "texture": "#drygrass", "uv": [ 1.5, 1.5, 2.0, 5.5 ], "rotation": 270 }
							}
						},
						{
							"name": "Right8",
							"from": [ 5.3, 1.0, 2.0 ], 
							"to": [ 7.3, 1.5, 2.5 ], 
							"rotationOrigin": [ 7.5, 1.5, 2.5 ],
							"rotationX": 3.0,
							"rotationY": -33.0,
							"faces": {
								"north": { "texture": "#drygrass", "uv": [ 3.0, 1.0, 3.5, 3.0 ], "rotation": 270 },
								"east": { "texture": "#drygrass", "uv": [ 5.5, 4.5, 6.0, 5.0 ], "enabled": false },
								"south": { "texture": "#drygrass", "uv": [ 5.0, 2.0, 5.5, 4.0 ], "rotation": 90 },
								"west": { "texture": "#drygrass", "uv": [ 0.0, 0.0, 0.5, 0.5 ], "enabled": false },
								"up": { "texture": "#drygrass", "uv": [ 3.5, 2.0, 4.0, 4.0 ], "rotation": 90 },
								"down": { "texture": "#drygrass", "uv": [ 3.0, 1.5, 3.5, 3.5 ], "rotation": 270 }
							}
						},
						{
							"name": "Right9",
							"from": [ 5.9, 0.5, 0.4 ], 
							"to": [ 8.9, 1.5, 0.9 ], 
							"rotationOrigin": [ 5.9, 1.3, 0.7 ],
							"rotationX": 19.0,
							"rotationY": 42.0,
							"faces": {
								"north": { "texture": "#drygrass", "uv": [ 2.0, 1.5, 3.0, 4.5 ], "rotation": 270 },
								"east": { "texture": "#drygrass", "uv": [ 5.5, 4.5, 6.0, 5.5 ], "enabled": false },
								"south": { "texture": "#drygrass", "uv": [ 1.5, 1.0, 2.5, 4.0 ], "rotation": 90 },
								"west": { "texture": "#drygrass", "uv": [ 0.0, 0.0, 0.5, 1.0 ], "enabled": false },
								"up": { "texture": "#drygrass", "uv": [ 3.5, 1.0, 4.0, 4.0 ], "rotation": 90 },
								"down": { "texture": "#drygrass", "uv": [ 1.5, 1.0, 2.0, 4.0 ], "rotation": 270 }
							}
						},
						{
							"name": "Right10",
							"from": [ 5.1, 0.2, 1.2 ], 
							"to": [ 8.1, 1.2, 1.7 ], 
							"rotationOrigin": [ 5.5, 1.5, 1.7 ],
							"rotationX": 28.0,
							"rotationY": -44.0,
							"faces": {
								"north": { "texture": "#drygrass", "uv": [ 2.0, 1.5, 3.0, 4.5 ], "rotation": 270 },
								"east": { "texture": "#drygrass", "uv": [ 5.5, 4.5, 6.0, 5.5 ], "enabled": false },
								"south": { "texture": "#drygrass", "uv": [ 4.0, 1.0, 5.0, 4.0 ], "rotation": 90 },
								"west": { "texture": "#drygrass", "uv": [ 0.0, 0.0, 0.5, 1.0 ], "enabled": false },
								"up": { "texture": "#drygrass", "uv": [ 3.0, 2.0, 3.5, 5.0 ], "rotation": 90 },
								"down": { "texture": "#drygrass", "uv": [ 2.0, 1.0, 2.5, 4.0 ], "rotation": 270 }
							}
						},
						{
							"name": "tie20",
							"from": [ 3.5, -0.3, -0.3 ], 
							"to": [ 4.0, 1.7, 1.7 ], 
							"rotationOrigin": [ 3.9, 1.7, 1.7 ],
							"faces": {
								"north": { "texture": "#string", "uv": [ 4.0, 0.0, 4.5, 2.0 ] },
								"east": { "texture": "#string", "uv": [ 0.0, 0.0, 2.0, 2.0 ] },
								"south": { "texture": "#string", "uv": [ 8.0, 0.0, 8.5, 2.0 ] },
								"west": { "texture": "#string", "uv": [ 4.0, 0.0, 6.0, 2.0 ] },
								"up": { "texture": "#string", "uv": [ 12.0, 0.0, 12.5, 2.0 ] },
								"down": { "texture": "#string", "uv": [ 0.0, 0.0, 0.5, 2.0 ] }
							}
						},
						{
							"name": "tie21",
							"from": [ 1.2, -0.3, -0.3 ], 
							"to": [ 1.7, 1.7, 1.7 ], 
							"rotationOrigin": [ 1.6, 1.5, 1.5 ],
							"rotationY": 14.0,
							"faces": {
								"north": { "texture": "#string", "uv": [ 0.0, 0.0, 0.5, 2.0 ] },
								"east": { "texture": "#string", "uv": [ 0.0, 0.0, 2.0, 2.0 ] },
								"south": { "texture": "#string", "uv": [ 0.0, 0.0, 0.5, 2.0 ] },
								"west": { "texture": "#string", "uv": [ 0.0, 0.0, 2.0, 2.0 ] },
								"up": { "texture": "#string", "uv": [ 0.0, 0.0, 0.5, 2.0 ] },
								"down": { "texture": "#string", "uv": [ 0.0, 0.0, 0.5, 2.0 ] }
							}
						},
						{
							"name": "tie22",
							"from": [ 5.0, -0.3, -0.3 ], 
							"to": [ 5.5, 1.7, 1.7 ], 
							"rotationOrigin": [ 5.4, 1.7, 1.7 ],
							"rotationY": -17.0,
							"faces": {
								"north": { "texture": "#drygrass", "uv": [ 2.0, 0.0, 2.5, 2.0 ] },
								"east": { "texture": "#drygrass", "uv": [ 5.0, 0.0, 7.0, 2.0 ] },
								"south": { "texture": "#drygrass", "uv": [ 2.0, 0.0, 2.5, 2.0 ] },
								"west": { "texture": "#drygrass", "uv": [ 4.0, 0.0, 6.0, 2.0 ] },
								"up": { "texture": "#drygrass", "uv": [ 12.0, 0.0, 12.5, 2.0 ] },
								"down": { "texture": "#drygrass", "uv": [ 0.0, 0.0, 0.5, 2.0 ] }
							}
						}
					]
				}
			]
		},
		{
			"name": "hardresin_base_4",
			"from": [ 6.0, 4.0, 6.0 ], 
			"to": [ 10.0, 5.0, 10.0 ], 
			"rotationOrigin": [ 6.0, 4.0, 6.0 ],
			"faces": {
				"north": { "texture": "#resin", "uv": [ 5.0, 7.5, 9.0, 8.5 ], "enabled": false },
				"east": { "texture": "#resin", "uv": [ 0.5, 4.5, 4.5, 5.5 ], "enabled": false },
				"south": { "texture": "#resin", "uv": [ 10.0, 14.0, 14.0, 15.0 ], "enabled": false },
				"west": { "texture": "#resin", "uv": [ 6.5, 4.5, 10.5, 5.5 ], "enabled": false },
				"up": { "texture": "#resin", "uv": [ 6.0, 7.5, 10.0, 11.5 ] },
				"down": { "texture": "#resin", "uv": [ 3.5, 4.5, 7.5, 8.5 ], "enabled": false }
			},
			"children": [
				{
					"name": "resindetail1",
					"from": [ 1.5, 1.0, 2.0 ], 
					"to": [ 3.5, 1.4, 3.0 ], 
					"rotationOrigin": [ 1.0, 1.0, 2.0 ],
					"faces": {
						"north": { "texture": "#resin", "uv": [ 7.0, 4.0, 9.0, 4.5 ] },
						"east": { "texture": "#resin", "uv": [ 14.0, 2.0, 15.0, 2.5 ] },
						"south": { "texture": "#resin", "uv": [ 10.0, 14.5, 12.0, 15.0 ] },
						"west": { "texture": "#resin", "uv": [ 5.0, 12.0, 6.0, 12.5 ] },
						"up": { "texture": "#resin", "uv": [ 3.5, 12.5, 5.5, 13.5 ] },
						"down": { "texture": "#resin", "uv": [ 13.0, 6.5, 15.0, 7.5 ], "enabled": false }
					},
					"children": [
						{
							"name": "resindetail3",
							"from": [ 0.0, 0.4, 0.0 ], 
							"to": [ 1.4, 0.7, 1.0 ], 
							"rotationOrigin": [ -0.5, 0.0, 0.0 ],
							"faces": {
								"north": { "texture": "#resin", "uv": [ 2.5, 8.0, 3.5, 8.5 ] },
								"east": { "texture": "#resin", "uv": [ 9.5, 5.5, 10.5, 6.0 ] },
								"south": { "texture": "#resin", "uv": [ 11.5, 14.0, 12.5, 14.5 ] },
								"west": { "texture": "#resin", "uv": [ 11.5, 11.0, 12.5, 11.5 ] },
								"up": { "texture": "#resin", "uv": [ 8.5, 6.0, 9.5, 7.0 ] },
								"down": { "texture": "#resin", "uv": [ 8.0, 2.0, 9.0, 3.0 ], "enabled": false }
							}
						},
						{
							"name": "resindetail4",
							"from": [ 0.0, 0.0, -1.0 ], 
							"to": [ 1.0, 0.25, 0.0 ], 
							"rotationOrigin": [ -0.5, 0.0, 0.0 ],
							"faces": {
								"north": { "texture": "#resin", "uv": [ 6.5, 13.0, 7.5, 13.5 ] },
								"east": { "texture": "#resin", "uv": [ 2.0, 8.5, 3.0, 9.0 ] },
								"south": { "texture": "#resin", "uv": [ 7.5, 14.0, 8.5, 14.5 ], "enabled": false },
								"west": { "texture": "#resin", "uv": [ 7.0, 13.5, 8.0, 14.0 ] },
								"up": { "texture": "#resin", "uv": [ 10.5, 13.5, 11.5, 14.5 ] },
								"down": { "texture": "#null", "uv": [ 10.5, 13.0, 11.5, 14.0 ], "enabled": false }
							}
						}
					]
				},
				{
					"name": "resindetail2",
					"from": [ 0.5, 1.0, 3.0 ], 
					"to": [ 1.9, 1.24, 4.0 ], 
					"rotationOrigin": [ 0.0, 1.0, 3.0 ],
					"rotationY": 90.0,
					"faces": {
						"north": { "texture": "#resin", "uv": [ 9.5, 14.0, 10.5, 14.5 ], "enabled": false },
						"east": { "texture": "#resin", "uv": [ 11.0, 15.0, 12.0, 15.5 ] },
						"south": { "texture": "#resin", "uv": [ 1.5, 1.5, 2.5, 2.0 ] },
						"west": { "texture": "#resin", "uv": [ 5.0, 5.5, 6.0, 6.0 ] },
						"up": { "texture": "#resin", "uv": [ 14.5, 12.5, 15.5, 13.5 ] },
						"down": { "texture": "#resin", "uv": [ 3.5, 3.5, 4.5, 4.5 ], "enabled": false }
					},
					"children": [
						{
							"name": "resindetail15",
							"from": [ -0.65, 0.0, 0.0 ], 
							"to": [ 0.0, 0.1, 0.6 ], 
							"rotationOrigin": [ -0.5, 0.0, 0.0 ],
							"faces": {
								"north": { "texture": "#resin", "uv": [ 10.5, 6.0, 11.0, 6.5 ], "enabled": false },
								"east": { "texture": "#resin", "uv": [ 14.0, 9.0, 14.5, 9.5 ], "enabled": false },
								"south": { "texture": "#resin", "uv": [ 3.5, 4.5, 4.0, 5.0 ] },
								"west": { "texture": "#resin", "uv": [ 1.0, 0.0, 1.5, 0.5 ] },
								"up": { "texture": "#resin", "uv": [ 14.0, 15.0, 14.5, 15.5 ] },
								"down": { "texture": "#resin", "uv": [ 6.5, 11.0, 7.0, 11.5 ], "enabled": false }
							}
						}
					]
				},
				{
					"name": "resindetail5",
					"from": [ 1.0, 1.0, 3.6 ], 
					"to": [ 4.0, 1.3, 4.1 ], 
					"rotationOrigin": [ 1.0, 1.0, 3.0 ],
					"faces": {
						"north": { "texture": "#resin", "uv": [ 2.0, 12.0, 5.0, 12.5 ] },
						"east": { "texture": "#resin", "uv": [ 6.0, 15.0, 6.5, 15.5 ], "enabled": false },
						"south": { "texture": "#resin", "uv": [ 12.5, 13.5, 15.5, 14.0 ], "enabled": false },
						"west": { "texture": "#resin", "uv": [ 5.0, 6.0, 5.5, 6.5 ] },
						"up": { "texture": "#resin", "uv": [ 9.0, 13.0, 12.0, 13.5 ] },
						"down": { "texture": "#resin", "uv": [ 0.0, 5.5, 3.0, 6.0 ], "enabled": false }
					},
					"children": [
						{
							"name": "resindetail17",
							"from": [ 3.0, 0.0, -0.5 ], 
							"to": [ 4.0, 0.3, 0.0 ], 
							"rotationOrigin": [ 3.0, 0.0, 0.0 ],
							"rotationY": 90.0,
							"faces": {
								"north": { "texture": "#resin", "uv": [ 7.0, 9.5, 8.0, 10.0 ] },
								"east": { "texture": "#resin", "uv": [ 10.5, 14.5, 11.0, 15.0 ] },
								"south": { "texture": "#resin", "uv": [ 6.0, 3.5, 7.0, 4.0 ], "enabled": false },
								"west": { "texture": "#resin", "uv": [ 13.0, 1.5, 13.5, 2.0 ], "enabled": false },
								"up": { "texture": "#resin", "uv": [ 9.5, 3.5, 10.5, 4.0 ] },
								"down": { "texture": "#resin", "uv": [ 13.5, 10.5, 14.5, 11.0 ], "enabled": false }
							}
						}
					]
				},
				{
					"name": "resindetail18",
					"from": [ 3.0, 1.0, 0.6 ], 
					"to": [ 3.6, 1.22, 1.1 ], 
					"rotationOrigin": [ 3.0, 1.0, 2.6 ],
					"faces": {
						"north": { "texture": "#resin", "uv": [ 12.0, 15.0, 12.5, 15.5 ] },
						"east": { "texture": "#resin", "uv": [ 9.5, 15.0, 10.0, 15.5 ] },
						"south": { "texture": "#resin", "uv": [ 12.5, 15.0, 13.0, 15.5 ] },
						"west": { "texture": "#resin", "uv": [ 6.5, 7.0, 7.0, 7.5 ] },
						"up": { "texture": "#resin", "uv": [ 6.5, 1.0, 7.0, 1.5 ] },
						"down": { "texture": "#resin", "uv": [ 1.5, 15.0, 2.0, 15.5 ], "enabled": false }
					}
				}
			]
		}
	]}