[
    {
        "op": "addeach",
        "path": "/server/behaviors/10/aitasks/0/entityCodes/-",
        "value": [
            "dog-wolf-male",
            "dog-wolf-female",
            "dog-hunting-male",
            "dog-hunting-female",
            "dog-shepherd-male",
            "dog-shepherd-female"
        ],
        "file": "game:entities/land/hyena-female.json"
    },
    {
        "op": "addeach",
        "path": "/server/behaviors/10/aitasks/1/entityCodes/-",
        "value": [
            "dog-wolf-male",
            "dog-wolf-female",
            "dog-hunting-male",
            "dog-hunting-female",
            "dog-shepherd-male",
            "dog-shepherd-female"
        ],
        "file": "game:entities/land/hyena-female.json"
    },
    {
        "op": "addeach",
        "path": "/server/behaviors/10/aitasks/3/entityCodes/-",
        "value": [
            "dog-wolf-male",
            "dog-wolf-female",
            "dog-hunting-male",
            "dog-hunting-female",
            "dog-shepherd-male",
            "dog-shepherd-female"
        ],
        "file": "game:entities/land/hyena-female.json"
    }
]