﻿[
  {
    "op": "add",
    "path": "/ingredients/2/validStacks/-",
    "value": {
      "type": "item",
      "code": "wildcraft:herbs-*",
      "shapeElement": "bowl/vegetable 1/*",
      "textureMapping": [
        "vegetable",
        "group10"
      ]
    },
    "file": "game:recipes/cooking/augratin.json",
    "side": "server",
    dependsOn: [{ "modid": "wildcraft" }]
  },
  {
    "op": "add",
    "path": "/ingredients/3/validStacks/-",
    "value": {
      "type": "item",
      "code": "wildcraft:herbs-*",
      "shapeElement": "bowl/vegetable 2/*",
      "textureMapping": [
        "vegetable",
        "group10"
      ]
    },
    "file": "game:recipes/cooking/augratin.json",
    "side": "server",
    dependsOn: [{ "modid": "wildcraft" }]
  },
  {
    "op": "addeach",
    "path": "/ingredients/5/validStacks/-",
    "value": [{ type: "item", code: "expandedfoods:sausageherb-bushmeat-raw",  shapeElement: "bowl/meatnugget 1/*", textureMapping: ["meatnugget", "redmeat-raw"]  }, { type: "item", code: "expandedfoods:sausageherb-bushmeat-dried",  shapeElement: "bowl/meatnugget 1/*", textureMapping: ["meatnugget", "redmeat-raw"]  }, { type: "item", code: "expandedfoods:sausageherb-bushmeatcheese-raw",  shapeElement: "bowl/meatnugget 1/*", textureMapping: ["meatnugget", "redmeat-raw"]  }, { type: "item", code: "expandedfoods:sausageherb-bushmeatcheese-dried",  shapeElement: "bowl/meatnugget 1/*", textureMapping: ["meatnugget", "redmeat-raw"]  }, { type: "item", code: "expandedfoods:sausageherb-poultry-raw",  shapeElement: "bowl/meatnugget 1/*", textureMapping: ["meatnugget", "poultry-raw"]  }, { type: "item", code: "expandedfoods:sausageherb-poultry-dried",  shapeElement: "bowl/meatnugget 1/*", textureMapping: ["meatnugget", "poultry-raw"]  }, { type: "item", code: "expandedfoods:sausageherb-poultrycheese-raw",  shapeElement: "bowl/meatnugget 1/*", textureMapping: ["meatnugget", "poultry-raw"]  }, { type: "item", code: "expandedfoods:sausageherb-poultrycheese-dried",  shapeElement: "bowl/meatnugget 1/*", textureMapping: ["meatnugget", "poultry-raw"]  }, { type: "item", code: "expandedfoods:sausageherb-redmeat-raw",  shapeElement: "bowl/meatnugget 1/*", textureMapping: ["meatnugget", "redmeat-raw"]  }, { type: "item", code: "expandedfoods:sausageherb-redmeat-dried",  shapeElement: "bowl/meatnugget 1/*", textureMapping: ["meatnugget", "redmeat-raw"]  }, { type: "item", code: "expandedfoods:sausageherb-redmeatcheese-raw",  shapeElement: "bowl/meatnugget 1/*", textureMapping: ["meatnugget", "redmeat-raw"]  }, { type: "item", code: "expandedfoods:sausageherb-redmeatcheese-dried",  shapeElement: "bowl/meatnugget 1/*", textureMapping: ["meatnugget", "redmeat-raw"]  },],
    "file": "game:recipes/cooking/augratin.json",
    "side": "server",
    dependsOn: [{ "modid": "wildcraft" }]
  },
  {
    "op": "addeach",
    "path": "/ingredients/6/validStacks/-",
    "value": [{ type: "item", code: "expandedfoods:sausageherb-bushmeat-raw",  shapeElement: "bowl/meatnugget 2/*", textureMapping: ["meatnugget", "redmeat-raw"]  }, { type: "item", code: "expandedfoods:sausageherb-bushmeat-dried",  shapeElement: "bowl/meatnugget 2/*", textureMapping: ["meatnugget", "redmeat-raw"]  }, { type: "item", code: "expandedfoods:sausageherb-bushmeatcheese-raw",  shapeElement: "bowl/meatnugget 2/*", textureMapping: ["meatnugget", "redmeat-raw"]  }, { type: "item", code: "expandedfoods:sausageherb-bushmeatcheese-dried",  shapeElement: "bowl/meatnugget 2/*", textureMapping: ["meatnugget", "redmeat-raw"]  }, { type: "item", code: "expandedfoods:sausageherb-poultry-raw",  shapeElement: "bowl/meatnugget 2/*", textureMapping: ["meatnugget", "poultry-raw"]  }, { type: "item", code: "expandedfoods:sausageherb-poultry-dried",  shapeElement: "bowl/meatnugget 2/*", textureMapping: ["meatnugget", "poultry-raw"]  }, { type: "item", code: "expandedfoods:sausageherb-poultrycheese-raw",  shapeElement: "bowl/meatnugget 2/*", textureMapping: ["meatnugget", "poultry-raw"]  }, { type: "item", code: "expandedfoods:sausageherb-poultrycheese-dried",  shapeElement: "bowl/meatnugget 2/*", textureMapping: ["meatnugget", "poultry-raw"]  }, { type: "item", code: "expandedfoods:sausageherb-redmeat-raw",  shapeElement: "bowl/meatnugget 2/*", textureMapping: ["meatnugget", "redmeat-raw"]  }, { type: "item", code: "expandedfoods:sausageherb-redmeat-dried",  shapeElement: "bowl/meatnugget 2/*", textureMapping: ["meatnugget", "redmeat-raw"]  }, { type: "item", code: "expandedfoods:sausageherb-redmeatcheese-raw",  shapeElement: "bowl/meatnugget 2/*", textureMapping: ["meatnugget", "redmeat-raw"]  }, { type: "item", code: "expandedfoods:sausageherb-redmeatcheese-dried",  shapeElement: "bowl/meatnugget 2/*", textureMapping: ["meatnugget", "redmeat-raw"]  },],
    "file": "game:recipes/cooking/augratin.json",
    "side": "server",
    dependsOn: [{ "modid": "wildcraft" }]
  },
]