[
  {
    "ingredientPattern": "PHP,HRH,PHP",
    "ingredients": {
      "P": {
        "type": "item",
        "code": "game:plank-*",
        "name": "wood"
      },
      "H": { "type": "item", "code": "alchemy:herbrackhook-*", "quantity": 2 },
      "R": {
        "type": "item",
        "code": "alchemy:herbracktop-*",
        "name": "metal"
      }
    },
    "width": 3,
    "height": 3,
    "output": { "type": "block", "code": "alchemy:herbrack-{wood}-{metal}", "quantity": 1 }
  }
]
