{
    "healingeffectivness": true,
    "maxhealthExtraPoints": true,
    "walkspeed": true,
    "hungerrate": true,
    "rangedWeaponsAcc": true,
    "rangedWeaponsSpeed": true,
    "rangedWeaponsDamage": true,
    "meleeWeaponsDamage": true,
    "mechanicalsDamage": true,
    "animalLootDropRate": true,
    "forageDropRate": true,
    "wildCropDropRate": true,
    "vesselContentsDropRate": true,
    "oreDropRate": true, 
    "rustyGearDropRate": true, 
    "miningSpeedMul": true, 
    "animalSeekingRange": true, 
    "armorDurabilityLoss": true, 
    "bowDrawingStrength": true, 
    "wholeVesselLootChance": true, 
    "temporalGearTLRepairCost": true, 
    "animalHarvestingTime": true
}