{
	"code": "bison",
	"class": "EntityMount",
	"variantgroups": [ 
		{ "code": "gender", "states": [ "male", "female" ] } 
	],
	"collisionBoxSizeByType": {
        "bison-male": { "x": 2.15, "y": 2.4 },
        "bison-female": { "x":2.10, "y": 2.3 }
    },
    "deadCollisionBoxSizeByType": {
        "bison-male": { "x": 1.9, "y": 0.8 },
        "bison-female": { "x": 1.9, "y": 0.8 }
    },
    "selectionBoxSizeByType": {
        "*-male": { "x": 2.2, "y": 2.2 },
        "*-female": { "x": 2.1, "y": 2.1 }
    },
    "deadSelectionBoxSizeByType": {        
        "*-male": { "x": 1.9, "y": 1 },
        "*-female": { "x": 1.9, "y": 0.75 }
    },
    "knockbackResistanceByType": {
        "*-male": 0.35,
        "*-female": 0.25
    },
	"eyeHeight": 1.4,
	"weight": 150,
	"drops": [],
	"fallDamage": false,
    "attributes": {
        "killedbyInfoText": "deadcreature-bisongored",
        "riderIdleAnimation": "rideidle",
        "mountHeightByType": {
			"*-male": 1.925,
			"*-female": 1.8
		},
        "mountRunningSpeed": 0.05,
        "mountWalkingSpeed": 0.02,
        "mountAnimations": {
            "walk": {
                "code": "idle",
                "animation": "idle",
                "blendMode": "Average",
                "mulWithWalkSpeed": true,
                "animationSpeed": 1.1
            },
            "sprint": {
                "code": "idle",
                "animation": "idle",
                "blendMode": "Average",
                "mulWithWalkSpeed": true,
                "animationSpeed": 3.3
            },
            "backward": {
                "code": "idle",
                "animation": "idle",
                "blendMode": "Average",
                "mulWithWalkSpeed": true,
                "animationSpeed": 0.6
            }
        }
    },
	"client": {
		"renderer": "Shape",
		"shapeByType": {
			"*-male": { "base": "entity/land/bison-male" },
			"*-female": { "base": "entity/land/bison-female" }
		},
		"textureByType": {
			"*-male": { "base": "entity/land/bison/bisonskin1",
                    "alternates": [ { "base": "entity/land/bison/bisonskin2" }, { "base": "entity/land/bison/bisonskin3" }, 
                                    { "base": "entity/land/bison/bisonskin4" }, { "base": "entity/land/bison/bisonskin5" },
									{ "base": "entity/land/bison/bisonskin6" } ] },
			"*-female": { "base": "entity/land/bison/bisonskin1",
					"alternates": [ { "base": "entity/land/bison/bisonskin2" }, { "base": "entity/land/bison/bisonskin3" }, 
							 		{ "base": "entity/land/bison/bisonskin4" }, { "base": "entity/land/bison/bisonskin5" },
									{ "base": "entity/land/bison/bisonskin6" } ] }
		},
		"behaviors": [
			{ "code": "nametag", "showtagonlywhentargeted": true },
			{ "code": "repulseagents" }, 
			{ "code": "controlledphysics", "stepHeight": 1.1251 }, 
			{ "code": "floatupwhenstuck", "onlyWhenDead": true },
			{ "code": "interpolatemount" },
			{ "code": "multiply", "enabledByType": { "*-female": true, "*-male": false } },
			{ "code": "harvestable" },
			{ "code": "milkable", "enabledByType": { "*-female": true, "*-male": false }  },
			{ "code": "despawn", "minPlayerDistance": 8, "belowLightLevel": 8, "minSeconds": 300 },
			{ "code": "ropetieable", "minGeneration": 2 },
			{ "code": "receivecommand",
                    "availableCommands": [
                        { "commandName": "followmaster", "commandType": "COMPLEX", "minObedience": 0.6 },
                        { "commandName": "stay", "commandType": "COMPLEX", "minObedience": 0.2 }
                    ]
                },
			{ "code": "tameable",
				"treat": [
					{ "code": "vegetable-carrot", "progress": 0.05, "cooldown": 0.3 },
					{ "code": "carrotbundle", "progress": 0.125, "cooldown": 0.4 },
					{ "code": "drygrass", "progress": 0.025, "cooldown": 0.25 },
					{ "code": "fruit-pinkapple", "progress": 0.169, "cooldown": 0.55 },
					{ "code": "fruit-redapple", "progress": 0.169, "cooldown": 0.55 },
					{ "code": "fruit-yellowapple", "progress": 0.169, "cooldown": 0.55 },
					{ "code": "grain-flax", "progress": 0.075, "cooldown": 0.45 },
					{ "code": "grain-rye", "progress": 0.075, "cooldown": 0.45 },
					{ "code": "grain-spelt", "progress": 0.075, "cooldown": 0.45 }
				]
			},
			{ "code": "mouthinventory",
				"acceptStacks": [
					{ "type": "item", "code": "vegetable-carrot" },
					{ "type": "item", "code": "feverstonewilds:carrotbundle" },
					{ "type": "item", "code": "drygrass" },
					{ "type": "item", "code": "fruit-pinkapple" },
					{ "type": "item", "code": "fruit-redapple" },
					{ "type": "item", "code": "fruit-yellowapple" },
					{ "type": "item", "code": "grain-flax" },
					{ "type": "item", "code": "grain-rye" },
					{ "type": "item", "code": "grain-spelt" }
				]
			}
		],
		"animations": [
			{
				"code": "hurt",
				"animation": "hurt", 
				"animationSpeed": 2.2,
				"weight": 10,
				"blendMode": "addAverage" 
			},
			{
				"code": "die",
				"animation": "death", 
				"animationSpeed": 1.25,
				"weight": 10,
				"blendMode": "average",
				"triggeredBy": { "onControls": ["dead"] }
			},
			{ 
				"code": "idle", 
				"animation": "idle",
				"blendMode": "addAverage",
				"easeOutSpeed": 4,
				"triggeredBy": { "defaultAnim": true }
			},
			{
				"code": "sleep", 
				"animation": "sleep",
				"easeInSpeed": 4,
				"easeOutSpeed": 4,
				"blendMode": "average" 
			},
			{
				"code": "sit", 
				"animation": "sit",
				"easeInSpeed": 4,
				"easeOutSpeed": 4,
				"blendMode": "average" 
			},
            {
                "code": "walk",
                "animation": "walk",
                "blendMode": "average",
                "mulWithWalkSpeed": true,
                "animationSpeed": 0.8,
				"triggeredBy": {"onControls": ["move"], "matchExact": true }
            },
            {
                "code": "run",
                "animation": "run",
                "blendMode": "average",
                "mulWithWalkSpeed": true,
                "animationSpeed": 1.1,
				"triggeredBy": {"onControls": ["move", "sprintMode"], "matchExact": true }
            }
		]
	},
	"server": {
		"attributes": {
			"pathfinder": {
				"minTurnAnglePerSec": 90,
				"maxTurnAnglePerSec": 180
			}
		},
		"behaviors": [
            { "code": "nametag", "showtagonlywhentargeted": true },
			{ "code": "repulseagents" }, 
			{ "code": "controlledphysics", "stepHeight": 1.1251 },
			{ "code": "despawn", "minPlayerDistance": 8, "belowLightLevel": 8, "minSeconds": 300 },
			{ "code": "health", "maxhealth": 60 },
			{ "code": "deaddecay", "hoursToDecay": 96, "decayedBlock": "carcass-large" },
			{ "code": "floatupwhenstuck", "onlyWhenDead": true },
			{ "code": "harvestable", "drops": [
				{
					"type": "item", 
					"code": "redmeat-raw", 
					"quantity": { "avg": 25, "var": 4 } 
				},
				{
					"type": "item", 
					"code": "hide-raw-large", 
					"quantity": { "avg": 3.5, "var": 0.5 } 
				},
				{
					"type": "item", 
					"code": "fat", 
					"quantity": { "avg": 4.5, "var": 0.5 } 
				}
			]
			},
			{ "code": "breathe" },
			{ "code": "multiply",
				"enabledByType": { "*-female": true, "*-male": false },
				"spawnEntityCode": "feverstonewilds:bison-calf",
				"requiresNearbyEntityCode": "feverstonewilds:bison-male",
				"requiresNearbyEntityRange": 10,
				"spawnQuantityMin": 1,
				"spawnQuantityMax": 1,
				"pregnancyDays": 20,
				"multiplyCooldownDaysMin": 4,
				"multiplyCooldownDaysMax": 11,
				"portionsEatenForMultiply": 10
			},
			{ "code": "tameable",
				"disobediencePerDay": 0.1,
				"treat": [
					{ "code": "vegetable-carrot", "progress": 0.05, "cooldown": 0.3 },
					{ "code": "carrotbundle", "progress": 0.125, "cooldown": 0.4 },
					{ "code": "drygrass", "progress": 0.025, "cooldown": 0.25 },
					{ "code": "fruit-pinkapple", "progress": 0.169, "cooldown": 0.55 },
					{ "code": "fruit-redapple", "progress": 0.169, "cooldown": 0.55 },
					{ "code": "fruit-yellowapple", "progress": 0.169, "cooldown": 0.55 },
					{ "code": "grain-flax", "progress": 0.075, "cooldown": 0.45 },
					{ "code": "grain-rye", "progress": 0.075, "cooldown": 0.45 },
					{ "code": "grain-spelt", "progress": 0.075, "cooldown": 0.45 }
				]
			},
			{ "code": "mouthinventory",
				"acceptStacks": [
					{ "type": "item", "code": "vegetable-carrot" },
					{ "type": "item", "code": "feverstonewilds:carrotbundle" },
					{ "type": "item", "code": "drygrass" },
					{ "type": "item", "code": "fruit-pinkapple" },
					{ "type": "item", "code": "fruit-redapple" },
					{ "type": "item", "code": "fruit-yellowapple" },
					{ "type": "item", "code": "grain-flax" },
					{ "type": "item", "code": "grain-rye" },
					{ "type": "item", "code": "grain-spelt" }
				]
			},
			{ "code": "receivecommand",
                    "availableCommands": [
                        { "commandName": "followmaster", "commandType": "COMPLEX", "minObedience": 0.6 },
                        { "commandName": "stay", "commandType": "COMPLEX", "minObedience": 0.2 }
                    ]
                },
			{ 
				"code": "emotionstates",
				"states": [
					{ "code": "fleeondamage", "duration": 60, "chance": 0.85, "slot": 0, "priority": 5, "accumType": "max", "whenHealthRelBelow": 0.4 },
					{ "code": "aggressiveondamage", "duration": 30, "chance": 0.95, "slot": 0, "priority": 2, "accumType": "noaccum" },
					{ "code": "fleeondamage", "duration": 30, "chance": 1, "slot": 0, "priority": 1, "accumType": "max" },
					{ "code": "saturated", "duration": 600, "chance": 0.4, "slot": 0, "priority": 1, "accumType": "sum" },
					{ "code": "alarmherdondamage", "chance": 1, "slot": 1, "priority": 1, "accumType": "max" }
				]
			},
			{ 
				"code": "taskai",
				"aitasks": [
					{
						"code": "meleeattack",
						"entityCodes": ["player", "hyena-male", "hyena-female", "wolf-*", "bear-*"],
						"knockbackStrength": 2.65,
						"priority": 3,
						"slot": 1,
						"damage": 7.5,
						"damageTier": 2,
						"mincooldown": 1500, 
						"maxcooldown": 2500, 
						"attackDurationMs": 1250,
						"damagePlayerAtMs": 800,
						"animation": "Attack",
						"animationSpeed": 2,
						"whenInEmotionState": "aggressiveondamage"
					},
					{
						"code": "meleeattack",
						"entityCodes": ["hyena-male", "hyena-female", "wolf-*", "bear-*"],
						"knockbackStrength": 2.65,
						"priority": 3,
						"slot": 1,
						"damage": 7.5,
						"damageTier": 2,
						"mincooldown": 1500, 
						"maxcooldown": 2500, 
						"attackDurationMs": 1250,
						"damagePlayerAtMs": 800,
						"animation": "Attack",
						"animationSpeed": 2
					},
					{
						"code": "seekentity",
						"entityCodes": ["player"],
						"priority": 1.5,
						"mincooldown": 1000, 
						"maxcooldown": 1500, 
						"seekingRange": 25,
						"movespeed": 0.05,
						"animation": "Run",
						"animationSpeed": 2.5,
						"whenInEmotionState": "aggressiveondamage"
					},
					{
						"code": "seekentity",
						"entityCodes": ["hyena-female", "hyena-male", "wolf-*", "bear-*"],
						"priority": 1.5,
						"mincooldown": 1000, 
						"maxcooldown": 1500, 
						"seekingRange": 6,
						"movespeed": 0.05,
						"animation": "Run",
						"animationSpeed": 2.5
					},
					{
						"code": "stayclosetoentity",
						"priority": 1.3,
						"entityCodeByType": {
							"*-female": "bison-male"
						},
						"maxDistance": 10,
						"searchRange": 25,
						"movespeed": 0.035,
						"animation": "Run",
						"animationSpeed": 4
					},
					{
						"code": "fleeentity",
						"entityCodes": ["player"],
						"priority": 1.5,
						"movespeed": 0.052,
						"seekingRange": 12,
						"animation": "Run",
						"animationSpeed": 3.5,
						"sound": "bison/bisonhurt",
						"whenInEmotionState": "fleeondamage"
					},
					{
						"code": "beamount",
						"priority": 8,
						"priorityForCancel": 8,
						"movespeed": 0.045,
						"animationSpeed": 2.2,
						"maxDistance": 8,
						"searchRange": 40,
						"animation": "idle"
					},
					{
						"code": "followmaster",
						"priority": 3,
						"priorityForCancel": 1.7,
						"command": "followmaster",
						"movespeed": 0.045,
						"animationSpeed": 2.2,
						"maxDistance": 8,
						"searchRange": 40,
						"animation": "run"
					},
					{
						"code": "stay",
						"priority": 3,
						"priorityForCancel": 1.7,
						"command": "stay",
						"movespeed": 0.006,
						"maxDistance": 10,
						"searchRange": 40,
						"animation": "walk"
					},
					{
						"code": "getoutofwater",
						"priority": 1.4,
						"movespeed": 0.02,
						"animation": "Walk",
						"animationSpeed": 4
					},
					{
						"code": "useinventory",
						"animation": "eat",
						"animationSpeed": 1,
						"priority": 1.5,
						"priorityForCancel": 1.7,
						"eatItemCategories": [ "Vegetable", "Grain", "Fruit" ],
						"eatItemCodes": [ "drygrass", "feverstonewilds:carrotbundle" ],
						"soundRange": 3,
						"soundStartMs": 950,
						"useTime": 3.2,
						"mincooldownHours": 1,
						"maxcooldownHours": 1.5,
						"sound": "bison/bisoneating"
					},
					{
						"code": "idle",
						"priority": 1.35,
						"priorityForCancel": 1.35,
						"minduration": 5000000,
						"maxduration": 5000000,
						"mincooldown": 10000,
						"maxcooldown": 30000,
						"animation": "Sleep",
						"whenNotInEmotionState": "aggressiveondamage",
						"duringDayTimeFrames": [ { "fromHour": 22, "toHour": 24 }, { "fromHour": 0, "toHour": 5 } ],
						"stopOnNearbyEntityCodes": ["player"],
						"stopRange": 8,
						"stopOnHurt": true
					},
					{
						"code": "seekfoodandeat",
						"movespeed": 0.006,
						"priority": 1.35,
						"eatSound": "bison/bisoneating",
						"soundRange": 4,
						"soundStartMs": 900,
						"eatTime": 2.0,
						"animationSpeed": 1.5,
						"animation": "Walk",
						"mincooldownHours": 1,
						"maxcooldownHours": 4
					},
					{
						"code": "idle",
						"priority": 1.3,
						"priorityForCancel": 1.35,
						"minduration": 2667,
						"maxduration": 2667,
						"mincooldown": 6000,
						"maxcooldown": 20000,
						"animation": "Eat",
						"eatSound": "bison/bisoneating",
						"soundRange": 4,
						"soundStartMs": 900,
						"animationSpeed": 1.5,
						"whenNotInEmotionState": "aggressiveondamage"
					},
					{
						"code": "idle",
						"priority": 1.2,
						"priorityForCancel": 1.35,
						"minduration": 2500,
						"maxduration": 2500,
						"mincooldown": 6000,
						"maxcooldown": 20000,
						"animation": "Idle",
						"animationSpeed": 1.25,
						"whenNotInEmotionState": "aggressiveondamage"
					},
					{
						"code": "idle",
						"priority": 1.1,
						"priorityForCancel": 1.35,
						"minduration": 1500,
						"maxduration": 1500,
						"mincooldown": 6000,
						"maxcooldown": 90000,
						"animation": "look",
						"animationSpeed": 1,
						"whenNotInEmotionState": "aggressiveondamage"
					},
					{
						"code": "idle",
						"priority": 1.0,
						"priorityForCancel": 1.35,
						"minduration": 5333,
						"maxduration": 5333,
						"mincooldown": 6000,
						"maxcooldown": 120000,
						"animation": "Look"
					},
					{
						"code": "wander", 
						"priority": 1.0, 
						"priorityForCancel": 1.35,
						"movespeed": 0.006,
						"animationSpeed": 1.68,
						"animation": "Walk",
						"preferredLightLevel": 24
					},
					{
						"code": "idle",
						"priority": 0.9,
						"minduration": 7000,
						"maxduration": 45000,
						"mincooldown": 6000,
						"maxcooldown": 120000,
						"priorityForCancel": 1.33,
						"stopOnNearbyEntityCodes": ["player"],
						"stopRange": 5,
						"stopOnHurt": true,
						"animation": "Sit",
						"sound": "bison/bisonidle"
					},
					{ 
						"code": "lookaround", 
						"priority": 0.5
					}
				]
			},
			{ "code": "milkable", "enabledByType": { "*-female": true, "*-male": false }  },
			{ "code": "ropetieable", "minGeneration": 2 },
			{ "code": "pettable", "minGeneration": 1 }
		],
		"spawnconditionsByType": {
			"*-male":{
				"worldgen": {
					"TriesPerChunk": { "avg": 0.02, "var": 0.01 },
					"tryOnlySurface": true,
					"minLightLevel": 8,
					"groupSize": { "dist": "verynarrowgaussian", "avg": 3, "var": 4 },
					"insideBlockCodes": ["game:air", "game:tallgrass-*", "game:snowlayer-1"],
					"minTemp": 22,
					"maxTemp": 50,
					"minRain": 0.2,
					"minForestOrShrubs": 0.25,
					"maxForest": 0.75,
					"maxShrubs": 0.75,
					"companions": ["bison-female", "feverstonewilds:bison-calf"]
				},
				"runtime": {
					"group": "neutral",
					"tryOnlySurface": true,
					"chance": 0.00006,
					"maxQuantity": 4,
					"minLightLevel": 10,
					"groupSize": { "dist": "verynarrowgaussian", "avg": 3, "var": 4 },
					"insideBlockCodes": ["game:air", "game:tallgrass-*", "game:snowlayer-1"],
					"minTemp": 20,
					"maxTemp": 50,
					"minRain": 0.2,
					"minForestOrShrubs": 0.25,
					"maxForest": 0.75,
					"maxShrubs": 0.75,
					"companions": ["bison-female", "feverstonewilds:bison-calf"]
				}
			}
		}
	},
	"sounds": {
		"hurt": "feverstonewilds:bison/bisonhurt",
		"death": "feverstonewilds:bison/bisonhurt",
		"idle": "feverstonewilds:bison/bisonidle"
	},
	"idleSoundChance": 0.0001,
	"hurtSoundChance": 0.005
}