{
	"code": "cockatrice",
	"class": "EntityAgent",
	"hitboxSize": { "x": 1.15, "y": 1.4 },
	"deadHitboxSize": { "x": 1.15, "y": 0.75 },
	"eyeHeight": 1.4,
	"weight": 150,
	"drops": [],
	"client": {
		"renderer": "Shape",
		"shape": { "base": "entity/land/cockatrice" },
		"texture": { "base": "entity/land/cockatrice/cockatriceskin1",
		"alternates": [ { "base": "entity/land/cockatrice/cockatriceskin2" }, { "base": "entity/land/cockatrice/cockatriceskin3" }, 
                                    { "base": "entity/land/cockatrice/cockatriceskin4" }, { "base": "entity/land/cockatrice/cockatriceskin5" }, 
                                    { "base": "entity/land/cockatrice/cockatriceskin6" }, { "base": "entity/land/cockatrice/cockatriceskin7" },
									{ "base": "entity/land/cockatrice/cockatriceskin8" }, { "base": "entity/land/cockatrice/cockatriceskin9" } ] },
		"behaviors": [
			{ "code": "repulseagents" }, 
			{ "code": "controlledphysics", "stepHeight": 1.1251 }, 
			{ "code": "floatupwhenstuck", "onlyWhenDead": true },
			{ "code": "interpolateposition" },
			{ "code": "harvestable" },
			{ "code": "despawn", "minPlayerDistance": 8, "belowLightLevel": 8, "minSeconds": 300 },
			{ "code": "ropetieable", "minGeneration": 2 }
		],
		"animations": [
			{
				"code": "hurt",
				"animation": "hurt", 
				"animationSpeed": 2.2,
				"weight": 10,
				"blendMode": "addAverage" 
			},
			{
				"code": "die",
				"animation": "die", 
				"animationSpeed": 1.25,
				"weight": 10,
				"blendMode": "average",
				"triggeredBy": { "onControls": ["dead"] }
			},
			{ 
				"code": "idle", 
				"animation": "idle",
				"blendMode": "addAverage",
				"easeOutSpeed": 4,
				"triggeredBy": { "defaultAnim": true }
			},
			{
				"code": "sleep", 
				"animation": "sleep",
				"easeInSpeed": 4,
				"easeOutSpeed": 4,
				"blendMode": "average"
			},
			{
				"code": "idlelook", 
				"animation": "idlelook",
				"easeInSpeed": 4,
				"easeOutSpeed": 4,
				"blendMode": "average"
			}
		]
	},
	"server": {
		"attributes": {
			"pathfinder": {
				"minTurnAnglePerSec": 90,
				"maxTurnAnglePerSec": 180
			}
		},
		"behaviors": [
			{ "code": "repulseagents" }, 
			{ "code": "controlledphysics", "stepHeight": 1.1251 },
			{ "code": "despawn", "minPlayerDistance": 8, "belowLightLevel": 8, "minSeconds": 300 },
			{ "code": "health", "currenthealth": 19, "maxhealth": 19 },
			{ "code": "deaddecay", "hoursToDecay": 56, "decayedBlock": "carcass-medium" },
			{ "code": "floatupwhenstuck", "onlyWhenDead": true },
			{ "code": "harvestable", "drops": [
				{
					"type": "item", 
					"code": "poultry-raw", 
					"quantity": { "avg": 10, "var": 3 } 
				},
				{
					"type": "item", 
					"code": "hide-raw-medium", 
					"quantity": { "avg": 1.2, "var": 0.2 } 
				},
				{
					"type": "item", 
					"code": "feather", 
					"quantity": { "avg": 5.2, "var": 0.2 } 
				},
				{
					"type": "item", 
					"code": "fat", 
					"quantity": { "avg": 1, "var": 0.3 } 
				}
			]
			},
			{ "code": "breathe" },
			{ 
				"code": "emotionstates",
				"states": [
					{ "code": "fleeondamage", "duration": 60, "chance": 0.85, "slot": 0, "priority": 5, "accumtype": "max", "whenHealthRelBelow": 0.4 },
					{ "code": "aggressiveondamage", "duration": 30, "chance": 0.95, "slot": 0, "priority": 2, "accumtype": "noaccum" },
					{ "code": "fleeondamage", "duration": 30, "chance": 1, "slot": 0, "priority": 1, "accumtype": "max" },
					{ "code": "alarmherdondamage", "chance": 1, "slot": 1, "priority": 1, "accumtype": "max" }
				]
			},
			{ 
				"code": "taskai",
				"aitasks": [
					{
						"code": "meleeattack",
						"entityCodes": ["player", "drifter-*", "toad-*", "spider-*", "hare-*", "raccoon-*", "fox-*"],
						"knockbackStrength": 2.65,
						"priority": 2,
						"slot": 1,
						"damage": 7.5,
						"damageTier": 2,
						"mincooldown": 1500, 
						"maxcooldown": 2500, 
						"attackDurationMs": 1250,
						"damagePlayerAtMs": 800,
						"animation": "Attack",
						"animationSpeed": 2
					},
					{
						"code": "seekentity",
						"entityCodes": [ "drifter-*", "toad-*", "spider-*", "hare-*", "raccoon-*", "fox-*" ],
						"priority": 1.5,
						"mincooldown": 1000,
						"maxcooldown": 1500,
						"seekingRange": 25,
						"movespeed": 0.05,
						"animation": "Run",
						"animationSpeed": 2.5,
						"whenInEmotionState": "aggressive"
					},
					{
						"code": "seekentity",
						"entityCodes": [ "player" ],
						"priority": 1.5,
						"mincooldown": 1000,
						"maxcooldown": 1500,
						"seekingRange": 20,
						"movespeed": 0.055,
						"animation": "Run",
						"animationSpeed": 3,
						"whenInEmotionState": "aggressiveondamage"
					},
					{
						"code": "fleeentity",
						"entityCodes": ["player", "bear-*"],
						"priority": 1.5,
						"movespeed": 0.052,
						"seekingRange": 12,
						"animation": "Run",
						"animationSpeed": 3.5,
						"sound": "creature/sheep/hurt2",
						"whenInEmotionState": "fleeondamage"
					},
					{
						"code": "getoutofwater",
						"priority": 1.4,
						"movespeed": 0.02,
						"animation": "Run",
						"animationSpeed": 4
					},
					{
						"code": "idle",
						"priority": 1.35,
						"priorityForCancel": 1.35,
						"minduration": 5000000,
						"maxduration": 5000000,
						"mincooldown": 10000,
						"maxcooldown": 30000,
						"animation": "sleep",
						"whenNotInEmotionState": "aggressiveondamage",
						"duringDayTimeFrames": [ { "fromHour": 22, "toHour": 24 }, { "fromHour": 0, "toHour": 5 } ],
						"stopOnNearbyentityCodes": ["player"],
						"stopRange": 8,
						"stopOnHurt": true
					},
					{
						"code": "seekfoodandeat",
						"movespeed": 0.006,
						"priority": 1.35,
						"eatSound": "player/eat",
						"eatTime": 1.5,
						"animationSpeed": 1.5,
						"animation": "Walk",
						"mincooldownHours": 1,
						"maxcooldownHours": 4
					},
					{
						"code": "idle",
						"priority": 1.3,
						"priorityForCancel": 1.35,
						"minduration": 2667,
						"maxduration": 2667,
						"mincooldown": 6000,
						"maxcooldown": 20000,
						"animation": "Eat",
						"animationSpeed": 1.5,
						"whenNotInEmotionState": "aggressiveondamage"
					},
					{
						"code": "idle",
						"priority": 1.2,
						"priorityForCancel": 1.35,
						"minduration": 2500,
						"maxduration": 2500,
						"mincooldown": 6000,
						"maxcooldown": 20000,
						"animation": "Idle",
						"animationSpeed": 1.25,
						"whenNotInEmotionState": "aggressiveondamage"
					},
					{
						"code": "idle",
						"priority": 1.1,
						"priorityForCancel": 1.35,
						"minduration": 1500,
						"maxduration": 1500,
						"mincooldown": 6000,
						"maxcooldown": 90000,
						"animation": "look",
						"animationSpeed": 1,
						"whenNotInEmotionState": "aggressiveondamage"
					},
					{
						"code": "idle",
						"priority": 1.0,
						"priorityForCancel": 1.35,
						"minduration": 5333,
						"maxduration": 5333,
						"mincooldown": 6000,
						"maxcooldown": 120000,
						"animation": "Look"
					},
					{
						"code": "wander", 
						"priority": 1.0, 
						"movespeed": 0.006,
						"animationSpeed": 1.68,
						"animation": "Walk",
						"preferredLightLevel": 24,
						"priorityForCancel": 1.37
					},
					{
						"code": "idle",
						"priority": 0.9,
						"minduration": 7000,
						"maxduration": 45000,
						"mincooldown": 6000,
						"maxcooldown": 120000,
						"priorityForCancel": 1.33,
						"stopOnNearbyentityCodes": ["player"],
						"stopRange": 5,
						"stopOnHurt": true,
						"animation": "sleep"
					},
					{ 
						"code": "lookaround", 
						"priority": 0.5
					}
				]
			},
			{ "code": "ropetieable", "minGeneration": 2 },
			{ "code": "pettable", "minGeneration": 1 }
		],
		"spawnconditions": {
			"worldgen": {
				"TriesPerChunk": { "avg": 0.004, "var": 0 },
				"tryOnlySurface": true,
				"minLightLevel": 10,
				"groupSize": { "dist": "verynarrowgaussian", "avg": 2, "var": 4 },
				"insideBlockCodes": ["game:air", "game:tallgrass-*", "game:snowlayer-1"],
				"minTemp": -10,
				"maxTemp": 20,
				"minRain": 0.43,
				"companions": ["cockatrice"]
			},
			"runtime": {
				"group": "neutral",
				"tryOnlySurface": true,
				"chance": 0.0006,
				"maxquantity": 4,
				"minLightLevel": 10,
				"groupSize": { "dist": "verynarrowgaussian", "avg": 2, "var": 4 },
				"insideBlockCodes": ["game:air", "game:tallgrass-*", "game:snowlayer-1"],
				"minTemp": -10,
				"maxTemp": 20,
				"minRain": 0.43,
				"companions": ["cockatrice"]
			}
		}
	},
	"sounds": {
		"hurt": "creature/sheep/hurt",
		"death": "creature/sheep/hurt",
		"idle": "creature/sheep/idle"
	},
	"idleSoundchance": 0.001
}