{
    "code": "foal",
    "class": "EntityPet",
    "variantgroups": [
        { "code": "type", "states": ["draft", "arabian", "donkey"] }
    ],
    "hitboxSize": { "x": 0.7, "y": 1.0 },
    "deadHitboxSize": { "x": 1.0, "y": 0.4 },
    "eyeHeight": 0.9,
    "drops": [],
    
    "client": {
        "renderer": "Shape",
        "shapeByType": {
            "*-draft": { "base": "entity/land/horse-draft" },
            "*-arabian": { "base": "entity/land/horse-arabian" },
            "*-donkey": { "base": "entity/land/horse-donkey" }
        },
        "textureByType": {
            "*-draft": { "base": "entity/land/horse/horse10",
                         "alternates": [ { "base": "entity/land/horse/horse2" }, { "base": "entity/land/horse/horse3" },
                            { "base": "entity/land/horse/horse5" }, { "base": "entity/land/horse/horse6" }, { "base": "entity/land/horse/horse7" },
                            { "base": "entity/land/horse/horse8" }, { "base": "entity/land/horse/horse9" }, { "base": "entity/land/horse/horse1" }, 
                            { "base": "entity/land/horse/horse11" }, { "base": "entity/land/horse/horse12" }, { "base": "entity/land/horse/horse15" },
							{ "base": "entity/land/horse/horse16" }, { "base": "entity/land/horse/horse18" },	{ "base": "entity/land/horse/horse20" }
                          ] },
            "*-arabian": { "base": "entity/land/horse/horse14", 
                           "alternates": [ { "base": "entity/land/horse/horse4" }, { "base": "entity/land/horse/horse13" },
                            { "base": "entity/land/horse/horse17" }, { "base": "entity/land/horse/horse19" } ]},
            "*-donkey": { "base": "entity/land/donkey/donkeyskin1",
                            "alternates": [ { "base": "entity/land/donkey/donkeyskin2" }, { "base": "entity/land/donkey/donkeyskin3" },
                            { "base": "entity/land/donkey/donkeyskin4" }, { "base": "entity/land/donkey/donkeyskin5" }, 
                            { "base": "entity/land/donkey/donkeyskin6" } ] },

            "__comment": "More horse breeds to come!"
            
        },
        "sizeByType": {
            "foal-draft": 0.6,
            "foal-arabian": 0.55,
            "foal-donkey": 0.525
        },
        "behaviors": [
			{ "code": "nametag", "showtagonlywhentargeted": true },
            { "code": "receivecommand",
                "availableCommands": [
                    { "commandName": "followmaster", "commandType": "COMPLEX", "minObedience": 0.6 },
                    { "commandName": "stay", "commandType": "COMPLEX", "minObedience": 0.1 }
                ]
            },
            {
                "code": "tameable",
                "treat": [
                    { "code": "vegetable-carrot", "progress": 0.075, "cooldown": 0.6 },
					{ "code": "carrotbundle", "progress": 0.125, "cooldown": 0.75 },
					{ "code": "drygrass", "progress": 0.05, "cooldown": 0.5 },
					{ "code": "fruit-pinkapple", "progress": 0.25, "cooldown": 1 },
					{ "code": "fruit-redapple", "progress": 0.25, "cooldown": 1 },
					{ "code": "fruit-yellowapple", "progress": 0.25, "cooldown": 1 },
					{ "code": "grain-flax", "progress": 0.2, "cooldown": 0.8 },
					{ "code": "grain-rye", "progress": 0.2, "cooldown": 0.8 },
					{ "code": "grain-spelt", "progress": 0.2, "cooldown": 0.8 }
                ]
            },
            {
                "code": "mouthinventory",
                "acceptStacks": [
                    { "type": "item", "code": "vegetable-carrot" },
					{ "type": "item", "code": "feverstonewilds:carrotbundle" },
					{ "type": "item", "code": "drygrass" },
					{ "type": "item", "code": "fruit-pinkapple" },
					{ "type": "item", "code": "fruit-redapple" },
					{ "type": "item", "code": "fruit-yellowapple" },
                    { "type": "item", "code": "grain-flax" },
                    { "type": "item", "code": "grain-rye" },
                    { "type": "item", "code": "grain-spelt" }
				]
            },
            { "code": "repulseagents"  },
			{ "code": "harvestable" },
            { "code": "controlledphysics", "stepHeight": 1.1251 },
            { "code": "floatupwhenstuck", "onlyWhenDead": true },
            { "code": "interpolateposition" },
            { "code": "despawn",  "minPlayerDistance": 8, "belowLightLevel": 8, "minSeconds": 300 },
            { "code": "ropetieable", "minGeneration": 2 }
        ],
        "animations": [
            {
                "code": "idle",
                "animation": "idle",
                "blendMode": "addAverage",
                "easeOutSpeed": 3,
                "triggeredBy": { "defaultAnim": true },
                "animationSpeed": 0.5
            },
            {
                "code": "die",
                "animation": "dead",
                "easeInSpeed": 2,
                "weight": 10,
                "blendMode": "average",
                "triggeredBy": {  "onControls": [ "dead" ] }
            },
            {
                "code": "walk",
                "animation": "walk",
                "blendMode": "average",
                "mulWithWalkSpeed": true,
                "animationSpeed": 0.8
            },
            {
                "code": "run",
                "animation": "run",
                "blendMode": "average",
                "mulWithWalkSpeed": true,
                "animationSpeed": 1.1
            }
        ]
    },
    "server": {
        "attributes": {
            "pathfinder": {
                "minTurnAnglePerSec": 105,
                "maxTurnAnglePerSec": 175
            }
        },
        "behaviors": [ 
            { "code": "nametag", "showtagonlywhentargeted": true },
            {
                "code": "tameable",
                "disobediencePerDay": 0.1,
                "treat": [
                    { "code": "vegetable-carrot", "progress": 0.075, "cooldown": 0.6 },
					{ "code": "carrotbundle", "progress": 0.125, "cooldown": 0.75 },
					{ "code": "drygrass", "progress": 0.05, "cooldown": 0.5 },
					{ "code": "fruit-pinkapple", "progress": 0.25, "cooldown": 1 },
					{ "code": "fruit-redapple", "progress": 0.25, "cooldown": 1 },
					{ "code": "fruit-yellowapple", "progress": 0.25, "cooldown": 1 },
					{ "code": "grain-flax", "progress": 0.2, "cooldown": 0.8 },
					{ "code": "grain-rye", "progress": 0.2, "cooldown": 0.8 },
					{ "code": "grain-spelt", "progress": 0.2, "cooldown": 0.8 }
                ]
            },
            {
                "code": "mouthinventory",
                "acceptStacks": [
                    { "type": "item", "code": "vegetable-carrot" },
					{ "type": "item", "code": "feverstonewilds:carrotbundle" },
					{ "type": "item", "code": "drygrass" },
					{ "type": "item", "code": "fruit-pinkapple" },
					{ "type": "item", "code": "fruit-redapple" },
					{ "type": "item", "code": "fruit-yellowapple" },
                    { "type": "item", "code": "grain-flax" },
                    { "type": "item", "code": "grain-rye" },
                    { "type": "item", "code": "grain-spelt" }
				]
            },
            { "code": "receivecommand",
                "availableCommands": [
                    { "commandName": "followmaster", "commandType": "COMPLEX", "minObedience": 0.6 },
                    { "commandName": "stay", "commandType": "COMPLEX", "minObedience": 0.1 }
                ]
            },
            { "code": "repulseagents" },
            { "code": "controlledphysics", "stepHeight": 1.1251 },
            { "code": "despawn", "minPlayerDistance": 8, "belowLightLevel": 8, "minSeconds": 300 },
            { "code": "health", "currenthealth": 8, "maxhealth": 8 },
            { "code": "deaddecay", "hoursToDecay": 48, "decayedBlock": "carcass-small" },
            { "code": "floatupwhenstuck", "onlyWhenDead": true },
            { "code": "harvestable",
                "drops": [
                    { "type": "item", "code": "redmeat-raw", "quantity": { "avg": 6, "var": 2 } },
                    { "type": "item", "code": "hide-raw-medium", "quantity": { "avg": 1, "var": 0.5 } },
                    { "type": "item", "code": "fat", "quantity": { "avg": 0.7, "var": 0.3 } }
                ]
            },
            { "code": "breathe" },
            {
                "code": "emotionstates",
                "states": [
                    {
                        "code": "fleeondamage",
                        "duration": 60,
                        "chance": 0.85,
                        "slot": 0,
                        "priority": 5,
                        "accumType": "max",
                        "whenHealthRelBelow": 0.75
                    },
                    {
                        "code": "fleeondamage",
                        "duration": 30,
                        "chance": 1,
                        "slot": 0,
                        "priority": 1,
                        "accumType": "max"
                    }, 
					{
						"code": "saturated",
						"duration": 900,
						"chance": 1,
						"slot": 0,
						"priority": 1,
						"accumType": "sum"
					},
					{
						"code": "alarmherdondamage",
						"chance": 1,
						"slot": 1,
						"priority": 1,
						"accumType": "max"
					}
                ]
            },
			{ "code": "grow", "hoursToGrow": 178,
				"adultEntityCodesByType": { "*-draft": ["feverstonewilds:horse-male-draft", "feverstonewilds:horse-female-draft"],
                                            "*-arabian": ["feverstonewilds:horse-male-arabian", "feverstonewilds:horse-female-arabian"],
                                            "*-donkey": ["feverstonewilds:horse-male-donkey", "feverstonewilds:horse-female-donkey"] }
			},
            {
                "code": "taskai",
                "aitasks": [
                    {
                        "code": "fleeentity",
                        "entityCodes": [
                            "player", "wolf-*"
                        ],
                        "priority": 1.5,
                        "movespeed": 0.05,
                        "seekingRange": 12,
                        "animation": "run",
                        "animationSpeed": 2.2,
                        "whenInEmotionState": "fleeondamage"
                    },
                    {
                        "code": "stayclosetoentity",
                        "priority": 1.3,
                        "entityCodes": [ "feverstonewilds:horse-male-{type}", "feverstonewilds:horse-female-{type}" ],
                        "maxDistance": 12,
                        "searchRange": 30,
                        "moveSpeed": 0.02,
                        "animation": "run",
                        "animationSpeed": 2.2
                    },
                    {
                        "code": "followmaster",
                        "priority": 2,
                        "priorityForCancel": 1.9,
                        "command": "followmaster",
                        "movespeed": 0.045,
                        "animationSpeed": 2.2,
                        "maxDistance": 8,
                        "searchRange": 40,
                        "animation": "run"
                    },
                    {
                        "code": "stay",
                        "priority": 2,
                        "priorityForCancel": 1.9,
                        "command": "stay",
                        "movespeed": 0.006,
                        "maxDistance": 10,
                        "searchRange": 40,
                        "animation": "walk"
                    },
                    {
                        "code": "getoutofwater",
                        "priority": 1.4,
                        "movespeed": 0.02,
                        "animation": "walk",
                        "animationSpeed": 2.2
                    },
                    {
                        "code": "useinventory",
                        "animation": "eat",
                        "animationSpeed": 1,
                        "priority": 1.6,
                        "priorityForCancel": 1.7,
						"eatItemCategories": [ "Vegetable", "Grain", "Fruit" ],
                        "eatItemCodes": [ "drygrass", "feverstonewilds:carrotbundle" ],
                        "eatSound": "feverstonewilds:horse/horseeating",
                        "soundRange": 2,
                        "soundStartMs": 600,
                        "useTime": 4,
                        "mincooldownHours": 1,
                        "maxcooldownHours": 1.5
                    },
                    {
                        "code": "idle",
                        "priority": 1.35,
                        "priorityForCancel": 1.35,
                        "minduration": 5000000,
                        "maxduration": 5000000,
                        "mincooldown": 10000,
                        "maxcooldown": 30000,
                        "animation": "sleeplay",
                        "whenNotInEmotionState": "aggressiveondamage",
                        "duringDayTimeFrames": [
                            {
                                "fromHour": 22,
                                "toHour": 24
                            },
                            {
                                "fromHour": 0,
                                "toHour": 5
                            }
                        ],
                        "stopOnNearbyEntityCodes": [
                            "player", "wolf-*"
                        ],
                        "stopRange": 6,
                        "stopOnHurt": true
                    },
                    {
                        "code": "seekfoodandeat",
                        "movespeed": 0.004,
                        "priority": 1.35,
                        "eatSound": "player/eat",
                        "eatTime": 1.5,
                        "animationSpeed": 1.4,
                        "animation": "walk",
                        "mincooldownHours": 1,
                        "maxcooldownHours": 4
                    },
                    {
                        "code": "idle",
                        "priority": 1.1,
                        "priorityForCancel": 1.35,
                        "minduration": 16000,
                        "maxduration": 24000,
                        "mincooldown": 9000,
                        "maxcooldown": 160000,
                        "animation": "idleFlickL",
                        "animationSpeed": 0.85,
                        "whenNotInEmotionState": "aggressiveondamage"
                    },
                    {
                        "code": "wander",
                        "priority": 1.0,
                        "priorityForCancel": 1.35,
                        "movespeed": 0.006,
                        "animationSpeed": 1.4,
                        "animation": "walk",
                        "preferredLightLevel": 10
                    },
                    { "code": "lookaround", "priority": 0.5 }
                ]
            },
            { "code": "ropetieable", "minGeneration": 2 },
            { "code": "pettableextended", "minGeneration": 1 }
        ]
    },
    "sounds": {
        "hurt": "feverstonewilds:horse/horsedamage",
        "death": "feverstonewilds:horse/horsedamage",
        "idle": "feverstonewilds:horse/neigh"
    },
    "idleSoundChance": 0
}