{
  "code": "claypotionflask",
  "class": "Block",
  "classByType": {
    "*-fired": "BlockPotionFlask"
  },
  "entityClassByType": {
    "*-fired": "BlockEntityPotionFlask"
  },
  "variantgroups": [{ "code": "state", "states": ["raw", "fired"] }],
  "shape": { "base": "alchemy:block/glass/clayflask" },

  "texturesByType": {
    "*-raw": { "glass": { "base": "game:block/clay/blueclay" } },
    "*-fired": { "glass": { "base": "game:block/clay/ceramic-dark" } }
  },
  "behaviors": [
    { "name": "GroundStorable", "properties": { "layout": "Quadrants", "placeRemoveSound": "game:sounds/player/build", "collisionBox": { "x1": 0, "y1": 0, "z1": 0, "x2": 1, "y2": 0.4375, "z2": 1 } } },
    { "name": "Unplaceable", "__comment": "The ground storable obsoletes this being a block. Should be an item, but is kept a block for backwards compatibility" },
    { "name": "SneakPlacing" },
    { "name": "RightClickPickup" }
  ],
  "attributes": {
    "shelvable": true,
    "liquidContainerPropsByType": {
      "*-fired": {
        "capacityLitres": 0.25,
        "transferSizeLitres": 0.25,
        "emptyShapeLoc": "alchemy:shapes/block/glass/clayflask",
        "opaqueContentShapeLoc": "game:shapes/block/basic/nothing",
        "liquidContentShapeLoc": "game:shapes/block/basic/nothing"
      }
    }
  },
  "doNotRenderAtLod2": true,
  "creativeinventory": { "general": ["*"], "decorative": ["*"] },
  "blockmaterial": "Ceramic",
  "replaceable": 900,
  "resistance": 1.5,
  "liquidSelectable": 1,
  "lightAbsorption": 1,
  "maxStackSizeByType": {
    "*-raw": 64,
    "*-fired": 16
  },
  "sidesolid": {
    "all": false
  },
  "sideopaque": {
    "all": false
  },
  "emitsideao": {
    "all": false
  },
  "combustiblePropsByType": {
    "claypotionflask-raw": {
      "meltingPoint": 600,
      "meltingDuration": 30,
      "smeltedRatio": 1,
      "smeltingType": "fire",
      "smeltedStack": { "type": "block", "code": "claypotionflask-fired" },
      "requiresContainer": false
    }
  },
  "collisionbox": { "x1": 0.375, "y1": 0, "z1": 0.375, "x2": 0.625, "y2": 0.275, "z2": 0.625 },
  "selectionbox": { "x1": 0.375, "y1": 0, "z1": 0.375, "x2": 0.625, "y2": 0.275, "z2": 0.625 },
  "guiTransform": {
    "translation": { "x": 0, "y": 3, "z": 0 },
    "origin": { "x": 0.5, "y": 0.175, "z": 0.5 },
    "scale": 2.75
  },
  "groundTransform": {
    "scale": 2.5
  },
  "fpHandTransform": {
    "translation": { "x": 0, "y": 0.4, "z": 0 },
    "rotation": { "x": 0, "y": -14, "z": 0 },
    "scale": 2
  },
  "tpHandTransform": {
    "translation": { "x": -0.9, "y": -0.1, "z": -0.8 },
    "rotation": { "x": 0, "y": 0, "z": -90 },
    "origin": { "x": 0.5, "y": 0.04, "z": 0.51 },
    "scale": 0.66
  }
}
