﻿{
	code: "directionalresin",
	"__comment": "BlockLog contains only contains code for OnPickBlock",
	entityClassByType: {
		"directionalresin-resinharvested-*": "Transient"
	},
	behaviorsByType: {
		"directionalresin-resinharvested-*": [ { name: "PushEventOnBlockBroken", properties: {eventName: "testForDecay"} } ],
		"*": [
			{ name: "PushEventOnBlockBroken", properties: {eventName: "testForDecay"} },
			{ name: "Harvestable", properties: {
				harvestTime: 1, 
				harvestedStack: { type: "item", code: "game:resin", quantity: { avg: 1 }  },
				harvestedBlockCode: "directionalresin-resinharvested-{wood}-ud-{direction}"
			} }
		],
	},
	attributesByType: {
		"directionalresin-resinharvested-*": {
			handbook: {
				groupBy: ["directionalresin-*-{wood}-*"]
			},
			transientProps: {
				convertFrom: "directionalresin-resinharvested-{wood}-ud-{direction}", 
				convertTo: "directionalresin-resin-{wood}-ud-{direction}", 
				inGameHours: "168",
			},
			preventsDecay: true,
			treeFellingGroupCode: "{wood}",
			treeFellingGroupSpreadIndex: 3
		},
		"*": {
			handbook: {
				groupBy: ["*"]
			},
			preventsDecay: true,
			forageStatAffected: true,
			treeFellingGroupCode: "{wood}",
			treeFellingGroupSpreadIndex: 3
		}
	},
	variantgroups: [
		{ code: "type", states: ["resin", "resinharvested"] },
		{ code: "wood", states: ["pine", "acacia"] },
		{ code: "rotation", states: ["ud"] },
		{ code: "direction", states: ["north", "south", "east", "west"] }
	],
	creativeinventory: { "general": ["*"], "flora": ["*"], "construction": ["*"], "ancienttools": ["*"] },
	drawtype: "json",
	blockmaterial: "Wood",
	requiredMiningTier: 1,
	shapeByType: { 
		"directionalresin-resinharvested-*-*-north": {
			base: "game:block/wood/log/noresin1",
			rotateY: 180,
			alternates: [
				{ base: "game:block/wood/log/noresin2", rotateY: 180 },
			]
		},
		"directionalresin-resinharvested-*-*-south": {
			base: "game:block/wood/log/noresin1",
			rotateY: 00,
			alternates: [
				{ base: "game:block/wood/log/noresin2", rotateY: 00 },
			]
		},
		"directionalresin-resinharvested-*-*-east": {
			base: "game:block/wood/log/noresin1",
			rotateY: 90,
			alternates: [
				{ base: "game:block/wood/log/noresin2", rotateY: 90 },
			]
		},
		"directionalresin-resinharvested-*-*-west": {
			base: "game:block/wood/log/noresin1",
			rotateY: 270,
			alternates: [
				{ base: "game:block/wood/log/noresin2", rotateY: 270 },
			]
		},
		"directionalresin-resin-*-*-north": {
			base: "game:block/wood/log/withresin1",
			rotateY: 180,
			alternates: [
				{ base: "game:block/wood/log/withresin2", rotateY: 180 },
			]
		},
		"directionalresin-resin-*-*-south": {
			base: "game:block/wood/log/withresin1",
			rotateY: 00,
			alternates: [
				{ base: "game:block/wood/log/withresin2", rotateY: 00 },
			]
		},
		"directionalresin-resin-*-*-east": {
			base: "game:block/wood/log/withresin1",
			rotateY: 90,
			alternates: [
				{ base: "game:block/wood/log/withresin2", rotateY: 90 },
			]
		},
		"directionalresin-resin-*-*-west": {
			base: "game:block/wood/log/withresin1",
			rotateY: 270,
			alternates: [
				{ base: "game:block/wood/log/noresin2", rotateY: 270 },
			]
		},
	},
	textures: {
		"bark": { base: "game:block/wood/bark/{wood}" },
		"trunk": { base: "game:block/wood/treetrunk/{wood}" },
		"resinbark1": { base: "game:block/wood/bark/{wood}", overlays: ["game:block/wood/bark/resin1"] },
		"resinbark2": { base: "game:block/wood/bark/{wood}", overlays: ["game:block/wood/bark/resin2"] }
	},
	replaceable: 500,
	resistance: 4.5,
	sounds: {
		"place": "game:block/planks",
		"walk": "game:walk/wood",
		"hit": "game:block/planks",
		"break": "game:block/planks",
		byTool: {
			"Axe": { hit: "game:block/chop", break: "game:block/planks" }
		}
	},
	drops: [
		{ type: "block", code: "game:log-placed-{wood}-ud", quantity: { avg: 1 }  }
	],
	combustiblePropsByType: {
		"directionalresin-*-*-*-*": {
			burnTemperature: 800,
			burnDuration: 60,
		},
	},
	maxStackSize: 16,
	materialDensity: 700,
	heldTpIdleAnimation: "holdbothhandslarge", heldTpUseAnimation: "twohandplaceblock",
	guiTransform: {
		rotation: { x: -22.6, y: 135, z: 0 }
	},
	fpHandTransform: {
		rotation: { x: 0, y: -77, z: 0 }
	},
	tpHandTransform: {
		translation: { x: -1.2, y: -1.1, z: -0.8 },
		rotation: { x: -2, y: 25, z: -78 },
		scale: 0.37
	}
}
