﻿{
	code: "pitchtorch",
	class: "BlockPitchTorch",
	entityClassByType: {
		"*-lit-*": "Transient"
	},
	variantgroups: [
		{ code: "state", states: ["extinct", "lit", "melted"] },
		{ code: "orientation", states: ["up"], loadFromProperties: "abstract/horizontalorientation" }
	],
	creativeinventory: { "general": ["*-up"], "decorative": ["*-up"], "ancienttools": ["*-up"] },
	behaviorsByType: {
		"*-lit-*": [{name: "CanIgnite"}],
	},
	attributes: {
		transientPropsbyType: {
			"*-lit-*": {
				convertFrom: "pitchtorch-lit-*", 
				convertTo: "pitchtorch-melted-*",
				inGameHours: "96"
			}
		},
		handbook: {
			groupBy: ["pitchtorch-*"]
		},
		attachmentAreas: {
			"down": { x1: 7, y1: 15, z1: 7, x2: 8, y2: 16, z2: 8 },
			"north": { x1: 6, y1: 0, z1: 15, x2: 10, y2: 5, z2: 15, rotateY: 180 },
			"east": { x1: 6, y1: 0, z1: 15, x2: 10, y2: 5, z2: 15, rotateY: 270 },
			"south": { x1: 6, y1: 0, z1: 15, x2: 10, y2: 5, z2: 15, rotateY: 0 },
			"west": { x1: 6, y1: 0, z1: 15, x2: 10, y2: 5, z2: 15, rotateY: 90 }
		}
	},
	shapeByType: { 
		"*-up": {
			base: "block/pitchtorch/pitchtorch_ground_{state}" 
		},
		"*-north": {
			base: "block/pitchtorch/pitchtorch_wall_{state}", rotateY: 0 
		},
		"*-east": {
			base: "block/pitchtorch/pitchtorch_wall_{state}", rotateY: 270 
		},
		"*-south": {
			base: "block/pitchtorch/pitchtorch_wall_{state}", rotateY: 180
		},
		"*-west": {
			base: "block/pitchtorch/pitchtorch_wall_{state}", rotateY: 90
		}
	},
	texturesByType: {
		"*-lit-*": {
			"pitch": { base: "block/pitch/pitch_torchlit" },
			"wood": { base: "game:block/wood/torch/wood" },
			"flammable-lit": { base: "game:block/wood/torch/flammable-lit" }
		},
		"*-extinct-*": {
			"pitch": { base: "block/pitch/pitch_torchunlit" },
			"wood": { base: "game:block/wood/torch/wood" },
			"flammable-lit": { base: "game:block/wood/torch/flammable-lit" }
		},
		"*-melted-*": {
			"wood": { base: "game:block/wood/torch/wood" },
			"flammable-lit": { base: "game:block/wood/torch/flammable-lit" }
		}
	},
	heldRightTpIdleAnimationbyType: {
		"*-lit-*": "holdinglanternrighthand"
	},
	heldLeftTpIdleAnimationbyType: {
		"*-lit-*": "holdinglanternlefthand"
	},
	heldTpUseAnimationbyType: {
		"*-lit-*": "interactstatic"
	},
	sidesolid: {
		all: false
	},
	sideopaque: {
		all: false
	},
	attackRange: 2,
	storageFlags: 257,
	replaceable: 5001,
	resistance: 0,
	lightAbsorption: 0,
	lightHsvbyType: {
		"*-lit-*": [4, 2, 16]
	},
	collisionbox: null,
	selectionboxbytype: {
		"*-up": { x1: 0.375, y1: 0, z1: 0.375, x2: 0.625, y2: 0.8875, z2: 0.625 },
		"*-east":{ x1: 0.4, y1: 0.1875, z1: 0.5625, x2: 0.6125, y2: 0.9, z2: 1, rotateY: 270 },
		"*-south": { x1: 0.4, y1: 0.1875, z1: 0.5625, x2: 0.6125, y2: 0.9, z2: 1, rotateY: 180 },
		"*-west": { x1: 0.4, y1: 0.1875, z1: 0.5625, x2: 0.6125, y2: 0.9, z2: 1, rotateY: 90 },
		"*-north": { x1: 0.4, y1: 0.1875, z1: 0.5625, x2: 0.6125, y2: 0.9, z2: 1, rotateY: 0 }
	},
	blockmaterial: "Other",
	combustiblePropsbyType: {
		"*-melted-up": {
			burnTemperature: 600,
			burnDuration: 8,
		},
		"*-lit-up": {
			burnTemperature: 1400,
			burnDuration: 30,
		},
		"*-extinct-up": {
			burnTemperature: 1400,
			burnDuration: 30,
			meltingPoint: 300,
			meltingDuration: 1,
			smeltedRatio: 1,
			smeltingType: "convert",
			smeltedStack: { type: "block", code: "pitchtorch-lit-up" },
			requiresContainer: false
		}
	},
	sounds: {
		"place": "game:block/planks",
		"break": "game:block/planks",
		"hit": "game:block/planks"
	},
	heldSoundsbyType: {
		"*-lit-*": {
			"idle": "game:held/torch-idle",
			"equip": "game:held/torch-equip",
			"unequip": "game:held/torch-unequip",
			"attack": "game:held/torch-attack"
		}
	},
	rainPermeable: true,
	materialDensity: 600,
	fpHandTransform: {
		translation: { x: 0, y: 0, z: 0 },
		rotation: { x: 17, y: 38, z: -33 },
		scale: 1.5
	},
	guiTransform: {
		rotation: { x: -47, y: 30, z: 15 },
		origin: { x: 0.5, y: 0.46, z: 0.5 },
		scale: 2.02
	},
	tpHandTransform: {
		translation: { x: -0.73, y: 0.05, z: -0.85 },
		rotation: { x: 0, y: 179, z: 86 },
		origin: { x: 0.5, y: 0, z: 0.5 },
		scale: 0.55
	},
	groundTransform: {
		translation: { x: 0, y: 0, z: 0 },
		rotation: { x: 0, y: -1, z: 90 },
		origin: { x: 0.44, y: 0.25, z: 0.5 },
		scale: 2.8
	},
	particlePropertiesbyType: {
		"*-lit-*":[
		{
			"__comment": "Ember cubicles",
			hsvaColor: [{ avg: 20, var: 20 }, { avg: 255, var: 50 }, { avg: 255, var: 50 },  { avg: 255, var: 0 }],
			gravityEffect: { dist: "invexp", avg: -0.07, var: 0.4 },
			posOffsetByType: {
				"*-lit-up": [ { avg: 0, var: 0.1 }, { avg: -0.2, var: 0 }, { avg: 0, var: 0.1 }],
				"*-lit-north": [ { avg: 0, var: 0.1 }, { avg: -0.23, var: 0 }, { avg: -0.09, var: 0.1 }],
				"*-lit-east": [ { avg: 0.09, var: 0.1 }, { avg: -0.23, var: 0 }, { avg: 0, var: 0.1 }],
				"*-lit-south": [ { avg: 0, var: 0.1 }, { avg: -0.23, var: 0 }, { avg: 0.09, var: 0.1 }],
				"*-lit-west": [ { avg: -0.09, var: 0.1 }, { avg: -0.23, var: 0 }, { avg: 0, var: 0.1 }],
			},
			velocity: [ { avg: 0, var: 0.15 }, { avg: 0.5, var: 0.1 }, { avg: 0, var: 0.15 }],
			quantity: { avg: 0.015 },
			size: { avg: 0.4, var: 0 },
			sizeEvolve: { transform: "quadratic", factor: -0.7 },
			lifeLength: { avg: 1.5 },
			vertexFlags: 128,
			windAffectednes: 0.2
		},
		{
			"__comment": "Smoke quads",
			hsvaColor: [{ avg: 0, var: 0 }, { avg: 0, var: 0 }, { avg: 40, var: 30 },  { avg: 220, var: 50 }],
			opacityEvolve: { transform: "quadratic", factor: -16 },
			gravityEffect: { avg: 0, var: 0 },
			posOffsetByType: {
				"*-lit-up": [ { avg: 0, var: 0.1 }, { avg: -0.2, var: 0 }, { avg: 0, var: 0.1 }],
				"*-lit-north": [ { avg: 0, var: 0.1 }, { avg: -0.23, var: 0 }, { avg: -0.09, var: 0.1 }],
				"*-lit-east": [ { avg: 0.09, var: 0.1 }, { avg: -0.23, var: 0 }, { avg: 0, var: 0.1 }],
				"*-lit-south": [ { avg: 0, var: 0.1 }, { avg: -0.23, var: 0 }, { avg: 0.09, var: 0.1 }],
				"*-lit-west": [ { avg: -0.09, var: 0.1 }, { avg: -0.23, var: 0 }, { avg: 0, var: 0.1 }],
			},
			velocity: [ { avg: 0, var: 0.025 }, { avg: 0.15, var: 0.1 }, { avg: 0, var: 0.025 }],
			quantity: { avg: 0.05 },
			size: { avg: 0.25, var: 0.05 },
			sizeEvolve: { transform: "linear", factor: 0.5 },
			particleModel: "Quad",
			windAffectednes: 0.7
		},
		{
			"__comment": "Fire quads",
			hsvaColor: [{ avg: 20, var: 20 }, { avg: 255, var: 50 }, { avg: 255, var: 50 },  { avg: 255, var: 0 }],
			opacityEvolve: { transform: "quadratic", factor: -16 },
			gravityEffect: { avg: 0, var: 0 },
			posOffsetByType: {
				"*-lit-up": [ { avg: 0, var: 0.12 }, { avg: -0.2, var: 0 }, { avg: 0, var: 0.12 }],
				"*-lit-north": [ { avg: 0, var: 0.12 }, { avg: -0.23, var: 0 }, { avg: -0.09, var: 0.12 }],
				"*-lit-east": [ { avg: 0.09, var: 0.12 }, { avg: -0.23, var: 0 }, { avg: 0, var: 0.12 }],
				"*-lit-south": [ { avg: 0, var: 0.12 }, { avg: -0.23, var: 0 }, { avg: 0.09, var: 0.12 }],
				"*-lit-west": [ { avg: -0.09, var: 0.12 }, { avg: -0.23, var: 0 }, { avg: 0, var: 0.12 }],
			},
			velocity: [ { avg: 0, var: 0.025 }, { avg: 0.18, var: 0.07 }, { avg: 0, var: 0.025 }],
			quantity: { avg: 0.4 },
			size: { avg: 0.25, var: 0.05 },
			lifeLength: { avg: 0.5 },
			sizeEvolve: { transform: "linear", factor: 0.5 },
			particleModel: "Quad",
			vertexFlags: 128,
			windAffectednes: 0.7
			}
		]
	},
}