﻿{
	code: "pitchpot",
	renderpass: "OpaqueNoCull",
	classByType: {
		"*-empty": "BlockPitchContainer",
		"*-finishedpitchinventory": "BlockPitchInventory",
		"*-finishedpitch": "BlockPitch"
	},
	entityclassByType: {
		"*-empty": "BEPitchContainer",
		"*-finishedpitch": "BEFinishedPitch"
	},
	attributesByType: {
		"@pitchpot-(unmixed|finishedpitchinventory)": {
			inFirePitProps: {
				transform: { 
					translation: { x: 0, y: 0.125, z: 0 } 
				},
				useFirepitModel: "Wide"
			},
			handbook: {
				createdBy: "ancienttools:handbook-mixingpitch-craftinfo"
			}
		}
	},
	behaviorsByType: {
		"*-unmixed": [
			{ name: "UnstableFalling" }, { name: "RightClickPickup" }
		],
		"@pitchpot-(empty|finishedpitch)": [
			{ name: "UnstableFalling" }
		]
	},
	variantgroups: [
		{ code:"type", states: ["empty", "unmixed", "finishedpitchinventory", "finishedpitch"] },
	],
	creativeinventory: { "general": ["pitchpot-empty", "pitchpot-unmixed", "pitchpot-finishedpitchinventory"], 
	"decorative": ["pitchpot-empty", "pitchpot-unmixed", "pitchpot-finishedpitchinventory"], 
	"mechanics": ["pitchpot-empty", "pitchpot-unmixed", "pitchpot-finishedpitchinventory"], 
	"ancienttools": ["pitchpot-empty", "pitchpot-unmixed", "pitchpot-finishedpitchinventory"] },
	shapeByType: {
		"*-empty": { base: "game:block/clay/pot-opened-empty" },
		"*-unmixed": { base: "block/pitch/preparedpitch" },
		"*-finishedpitchinventory": { base: "block/pitch/finishedpitch" },
		"*-finishedpitch": { base: "game:block/clay/pot-opened-empty" }
	},
	texturesByType: {
		"*-empty": {
			ceramic: { base: "game:block/clay/pot-side" }
		},
		"*-unmixed": {
			ceramic: { base: "game:block/clay/pot-side" },
			resin: { base: "game:block/resin" },
			drygrass: { base: "game:block/hay/bundle" },
			string: { base: "game:item/tool/material/string" }
		},
		"@pitchpot-(finishedpitch|finishedpitchinventory)": {	
			ceramic: { base: "game:block/clay/pot-side" },
			pitch: { base: "block/pitch/pitch" }
		}
	},
	heldTpIdleAnimation: "holdbothhands",
	heldTpUseAnimation: "twohandplaceblock",
	blockmaterial: "Ceramic",
	combustiblePropsByType: {
		"*-unmixed": {
			meltingPoint: 215,
			meltingDuration: 60,
			smeltedRatio: 1,
			smeltingType: "cook",
			smeltedStack: { type: "block", code: "pitchpot-finishedpitchinventory" },
			requiresContainer: false
		}
	},
	replaceable: 400,
	resistance: 1.5,
	maxStackSize: 1,
	lightAbsorption: 0,
	sounds: {
		walk: "game:walk/stone",
	},
	sideopaque: {
		all: false
	},
	sidesolid: {
		all: false
	},
	collisionbox: { x1: 0.28, y1: 0, z1: 0.28, x2: 0.72, y2: 0.35, z2: 0.72 },
	selectionbox: { x1: 0.28, y1: 0, z1: 0.28, x2: 0.72, y2: 0.35, z2: 0.72 },
	guiTransform: {
		origin: { x: 0.5, y: 0.2, z: 0.5 },
		scale: 2
	},
	groundTransform: {
		scale: 3
	},
	fpHandTransform: {
		translation: { x: 0, y: 0.25, z: 0.5 },
		scale: 2
	},
	tpHandTransform: {
		translation: { x: -0.67, y: 0.06, z: -0.5 },
		rotation: { x: -52, y: 20, z: -110 },
		origin: { x: 0.5, y: 0, z: 0.5 },
		scale: 0.76
	}
}