﻿{
	code: "salvepot",
	classByType: {
		"*-empty": "BlockSalveContainer",
		"*-softwax": "BlockUnmixedSalve",
		"*-barkoil": "BlockUnmixedSalve",
		"*-finishedsalve": "BlockSalve"
	},
	entityclassByType: {
		"*-empty": "BESalveContainer",
		"*-finishedsalve": "BEFinishedSalve"
	},
	attributesByType: {
		"@salvepot-(birch|pine|maple|oak|acacia|softwax|hardwax|barkoil)": {
			inFirePitProps: {
				transform: { 
					translation: { x: 0, y: 0.125, z: 0 } 
				},
				useFirepitModel: "Wide"
			},
			handbook: {
				createdBy: "ancienttools:handbook-salve-craftinfo"
			}
		},
		"*": {
			handbook: {
				createdBy: "ancienttools:handbook-salve-craftinfo"
			}
		}
	},
	behaviorsByType: {
		"@salvepot-(birch|pine|maple|oak|acacia|softwax|hardwax|barkoil)": [
			{ name: "UnstableFalling" }, { name: "RightClickPickup" }
		],
		"@salvepot-(empty|finishedsalve)": [
			{ name: "UnstableFalling" }
		]
	},
	variantgroups: [
		{ code:"type", states: ["empty", "birch", "pine", "maple", "oak", "acacia", "hardwax", "softwax", "barkoil", "finishedsalve"] },
	],
	creativeinventory: { "general": ["salvepot-empty", "salvepot-birch", "salvepot-pine", "salvepot-oak", "salvepot-acacia", "salvepot-hardwax", "salvepot-softwax", "salvepot-barkoil"], 
	"decorative": ["salvepot-empty", "salvepot-birch", "salvepot-pine", "salvepot-oak", "salvepot-acacia", "salvepot-hardwax", "salvepot-softwax", "salvepot-barkoil"], 
	"mechanics": ["salvepot-empty", "salvepot-birch", "salvepot-pine", "salvepot-oak", "salvepot-acacia", "salvepot-hardwax", "salvepot-softwax", "salvepot-barkoil"], 
	"ancienttools": ["salvepot-empty", "salvepot-birch", "salvepot-pine", "salvepot-oak", "salvepot-acacia", "salvepot-hardwax", "salvepot-softwax", "salvepot-barkoil"] },
	shapeByType: {
		"@salvepot-(empty|finishedsalve)": { base: "game:block/clay/pot-opened-empty" },
		"@salvepot-(birch|pine|maple|oak|acacia)": { base: "block/salve/fullbarksalve" },
		"*-hardwax": { base: "block/salve/fullhardwaxsalve" },
		"*-softwax": { base: "block/salve/softwaxsalve" },
		"*-barkoil": { base: "block/salve/barkoilsalve" }
	},
	texturesByType: {
		"*-empty": {
			ceramic: { base: "game:block/clay/pot-side" }
		},
		"@salvepot-(birch|pine|maple|oak|acacia)": {
			ceramic: { base: "game:block/clay/pot-side" },
			bark: { base:  "game:block/wood/bark/{type}"},
			animalfat: { base: "game:item/resource/fat" }
		},
		"*-hardwax": {
			ceramic: { base: "game:block/clay/pot-side" },
			wax: { base: "game:item/resource/beeswax" },
		},
		"*-softwax": {
			ceramic: { base: "game:block/clay/pot-side" },
			wax: { base: "block/salve/softwax" }
		},
		"*-barkoil": {
			ceramic: { base: "game:block/clay/pot-side" },
			barkoil: { base: "block/salve/barkoil" }
		},
		"*-finishedsalve": {
			ceramic: { base: "game:block/clay/pot-side" },
			finishedsalve: { base: "item/medicine/salveportion" }
		}
	},
	heldTpIdleAnimation: "holdbothhands",
	heldTpUseAnimation: "twohandplaceblock",
	blockmaterial: "Ceramic",
	combustiblePropsByType: {
		"@salvepot-(birch|pine|maple|oak|acacia)": {
			meltingPoint: 200,
			meltingDuration: 60,
			smeltedRatio: 1,
			smeltingType: "cook",
			smeltedStack: { type: "block", code: "salvepot-barkoil" },
			requiresContainer: false
		},
		"salvepot-hardwax": {
			meltingPoint: 200,
			meltingDuration: 30,
			smeltedRatio: 1,
			smeltingType: "cook",
			smeltedStack: { type: "block", code: "salvepot-softwax" },
			requiresContainer: false
		}
	},
	replaceable: 400,
	resistance: 1.5,
	maxStackSize: 1,
	lightAbsorption: 0,
	sounds: {
		walk: "game:walk/stone",
	},
	sideopaque: {
		all: false
	},
	sidesolid: {
		all: false
	},
	collisionbox: { x1: 0.28, y1: 0, z1: 0.28, x2: 0.72, y2: 0.35, z2: 0.72 },
	selectionbox: { x1: 0.28, y1: 0, z1: 0.28, x2: 0.72, y2: 0.35, z2: 0.72 },
	guiTransform: {
		origin: { x: 0.5, y: 0.2, z: 0.5 },
		scale: 2
	},
	groundTransform: {
		scale: 3
	},
	fpHandTransform: {
		translation: { x: 0, y: 0.25, z: 0.5 },
		scale: 2
	},
	tpHandTransform: {
		translation: { x: -0.67, y: 0.06, z: -0.5 },
		rotation: { x: -52, y: 20, z: -110 },
		origin: { x: 0.5, y: 0, z: 0.5 },
		scale: 0.76
	}
}