{
  "ingredientPattern": "___,_A_,FLF",
  "ingredients": {
    "F": {
      "type": "item",
      "code": "frameparts",
      "quantity": 4
    },
    "L": {
      "type": "item",
      "code": "logiccircuit",
      "quantity": 2
    },
    "A": {
      "type": "item",
      "code": "toolarcspanner-*",
      "name": "material",
      "allowedVariants": [ "copper", "tinbronze", "bismuthbronze", "blackbronze", "iron", "meteoriciron", "steel" ],
      "isTool": true
    }
  },
  "width": 3,
  "height": 3,
  "output": {
    "type": "item",
    "code": "detailingmetalkit-basic",
    "quantity": 1
  }
}
