{
  "ingredientPattern": "___,A__,FTC",
  "ingredients": {
    "T": {
      "type": "item",
      "code": "game:gear-temporal"
    },
    "F": {
      "type": "item",
      "code": "frameparts",
      "quantity": 1
    },
    "C": {
      "type": "item",
      "code": "logiccircuit",
      "quantity": 4
    },
    "A": {
      "type": "item",
      "code": "toolarcspanner-*",
      "name": "material",
      "allowedVariants": [ "copper", "tinbronze", "bismuthbronze", "blackbronze", "iron", "meteoriciron", "steel" ],
      "isTool": true
    }
  },
  "width": 3,
  "height": 3,
  "output": {
    "type": "item",
    "code": "instructioncircuit-flying",
    "quantity": 1
  }
}