{
  "ingredientPattern": "A,C,R",
  "ingredients": {
    "C": {
      "type": "item",
      "code": "game:charcoal",
      "quantity": 8
    },
    "R": {
      "type": "item",
      "code": "game:gear-temporal",
      "quantity": 1
    },
    "A": {
      "type": "item",
      "code": "toolarcspanner-*",
      "name": "material",
      "allowedVariants": [ "copper", "tinbronze", "bismuthbronze", "blackbronze", "iron", "meteoriciron", "steel" ],
      "isTool": true
    }
  },
  "width": 1,
  "height": 3,
  "output": {
    "type": "item",
    "code": "pellets",
    "quantity": 64
  }
}