[
  {
    "op": "add",
    "path": "/structures/-",
    "value": {
                  "code": "undergroundruins",
                  "chance": 30,
                  "name": "underground-common",
                  "placement": "underground",
                  "schematics": [
                    "underground/underground-common/*"
                  ]
    },
    "file": "game:worldgen/structures.json"
  },
  {
    "op": "add",
    "path": "/structures/-",
    "value": {
                  "code": "undergroundruins",
                  "chance": 10,
                  "name": "underground-common-lowerchance",
                  "placement": "underground",
                  "schematics": [
                    "underground/underground-common-lowerchance/*"
                  ]
    },
    "file": "game:worldgen/structures.json"
  },
  {
    "op": "add",
    "path": "/structures/-",
    "value": {
                  "code": "undergroundruins",
                  "chance": 20,
                  "name": "underground-uncommon",
                  "placement": "underground",
                  "schematics": [
                    "underground/underground-uncommon/*"
                  ],
                  "depth": { "dist": "invexp", "avg": 50, "var": 30 }
    },
    "file": "game:worldgen/structures.json"
  },
  {
    "op": "add",
    "path": "/structures/-",
    "value": {
                  "code": "undergroundruins",
                  "chance": 7,
                  "name": "underground-uncommon-lowerchance",
                  "placement": "underground",
                  "schematics": [
                    "underground/underground-uncommon-lowerchance/*"
                  ],
                  "depth": { "dist": "invexp", "avg": 50, "var": 30 }
    },
    "file": "game:worldgen/structures.json"
  },
  {
    "op": "add",
    "path": "/structures/-",
    "value": {
                  "code": "undergroundruins",
                  "chance": 0,//13
                  "name": "underground-rare",
                  "placement": "underground",
                  "schematics": [
                    "underground/underground-rare/*"
                  ],
                  "depth": { "dist": "invexp", "avg": 70, "var": 40 }
    },
    "file": "game:worldgen/structures.json"
  },
  {
    "op": "add",
    "path": "/structures/-",
    "value": {
                  "code": "gates",
                  "chance": 7,
                  "name": "underground-translocator-common",
                  "placement": "underground",
                  "schematics": [
                    "underground/underground-translocator-common/*"
                  ]
    },
    "file": "game:worldgen/structures.json"
  },
  {
    "op": "add",
    "path": "/structures/-",
    "value": {
                  "code": "gates",
                  "chance": 10,
                  "name": "underground-translocator-common-lowerchance",
                  "placement": "underground",
                  "schematics": [
                    "underground/underground-translocator-common-lowerchance/*"
                  ]
    },
    "file": "game:worldgen/structures.json"
  },
  {
    "op": "add",
    "path": "/structures/-",
    "value": {
                  "code": "gates",
                  "chance": 0,//20
                  "name": "underground-translocator-uncommon",
                  "placement": "underground",
                  "schematics": [
                    "underground/underground-translocator-uncommon/*"
                  ],
                  "depth": { "dist": "invexp", "avg": 70, "var": 30 }
    },
    "file": "game:worldgen/structures.json"
  }
]