[
  // Vanilla ruin rework
  {
    "op": "add",
    "path": "/structures/-",
    "value": {
                  "code": "ruin",
                  "group": "vanillaruins",
                  "minGroupDistance": 200, //150
                  "chance": 0.05,
                  "placement": "surfaceruin",
                  "schematics": [
                    "overground/vanilla-rework-common/*"
                  ],
                  "rockTypeRemapGroup": "surfaceruins"
    },
    "file": "game:worldgen/structures.json",
    "side": "Server"
  },
  {
    "op": "add",
    "path": "/structures/-",
    "value": {
                  "code": "ruin",
                  "group": "vanillaruins",
                  "minGroupDistance": 200, //150
                  "chance": 0.006,
                  "placement": "surfaceruin",
                  "schematics": [
                    "overground/vanilla-rework-rare/*"
                  ],
                  "rockTypeRemapGroup": "surfaceruins"
    },
    "file": "game:worldgen/structures.json",
    "side": "Server"
  },
  {
    "op": "add",
    "path": "/structures/-",
    "value": {
                  "code": "ruin",
                  "group": "vanillaruins",
                  "minGroupDistance": 200, //150
                  "chance": 0.005,
                  "placement": "surfaceruin",
                  "schematics": [
                    "overground/vanilla-rework-ancientruins/*"
                  ],
                  "rockTypeRemapGroup": "surfaceruins"
    },
    "file": "game:worldgen/structures.json",
    "side": "Server"
  }
]