﻿[
 {
    "file": "expandedfoods:itemtypes/food/mixing/plaindoughball.json",
    op: "add", 
    path: "/textures/birchbread",
    value: { base: "game:item/food/grain/birchbread" },
    side: "server",
    dependsOn: [{ "modid": "ancienttools"}]
 },
 {
    "file": "expandedfoods:itemtypes/food/mixing/plaindoughball.json",
    op: "add", 
    path: "/textures/pinebread",
    value: { base: "game:item/food/grain/pinebread" },
    side: "server",
    dependsOn: [{ "modid": "ancienttools"}]
 },
 {
    "file": "expandedfoods:itemtypes/food/mixing/plaindoughball.json",
    op: "add", 
    path: "/textures/birchbread1",
    value:  { base: "game:item/food/grain/birchbread1" },
    side: "server",
    dependsOn: [{ "modid": "ancienttools"}]
 },
 {
    "file": "expandedfoods:itemtypes/food/mixing/plaindoughball.json",
    op: "add", 
    path: "/textures/pinebread1",
    value: { base: "game:item/food/grain/pinebread1" },
    side: "server",
    dependsOn: [{ "modid": "ancienttools"}]
 },
 {
    "file": "expandedfoods:itemtypes/food/mixing/plaindoughball.json",
    op: "add", 
    path: "/textures/birchbread2",
    value: { base: "game:item/food/grain/birchbread2" },
    side: "server",
    dependsOn: [{ "modid": "ancienttools"}]
 },
 {
    "file": "expandedfoods:itemtypes/food/mixing/plaindoughball.json",
    op: "add", 
    path: "/textures/pinebread2",
    value: { base: "game:item/food/grain/pinebread2" },
    side: "server",
    dependsOn: [{ "modid": "ancienttools"}]
 },
]