﻿[
	{
		"op": "add",
		"path": "/behaviorsByType/@salvepot-(birch|pine|maple|oak|acacia|softwax|hardwax|barkoil)/-",
		"value": {
			name: "Carryable", properties: {

			translation: [ 0, 0, 0 ],
			rotation: [ 0, 0, 0 ],
			origin: [ 0.5, 0.5, 0.5 ],
			scale: [ 0.5, 0.5, 0.5 ],
    
			interactDelay: 0.4,
				slots: {
				"Hands": {
					animation: "carryon:holdlight",
					walkSpeedModifier: -0.15,
				},
				}
			} 
		},
		"file": "ancienttools:blocktypes/salvepot",
		"dependsOn": [{ "modid": "carryon" }],
		"side": "Server"
	},
	{
		"op": "add",
		"path": "/behaviorsByType/@salvepot-(empty|finishedsalve)/-",
		"value": {
			name: "Carryable", properties: {

			translation: [ 0, 0, 0 ],
			rotation: [ 0, 0, 0 ],
			origin: [ 0.5, 0.5, 0.5 ],
			scale: [ 0.5, 0.5, 0.5 ],
    
			interactDelay: 0.4,
				slots: {
				"Hands": {
					animation: "carryon:holdlight",
					walkSpeedModifier: -0.15,
				},
				}
			} 
		},
		"file": "ancienttools:blocktypes/salvepot",
		"dependsOn": [{ "modid": "carryon" }],
		"side": "Server"
	}
]