{
  "ingredient": {
    "type": "item",
    "code": "game:ingot-*",
    "name": "metal",
    "allowedVariants": [ "copper", "tinbronze", "bismuthbronze", "blackbronze", "iron", "meteoriciron", "steel" ]
  },
  "pattern": [
    [
      "##_####",
      "_#_####",
      "##_####",
      "___####"
    ],
    [
      "___####",
      "___####",
      "___####",
      "___####"
    ]
  ],
  "name": "Arc Spanner",
  "output": {
    "type": "item",
    "code": "toolarcspannerparts-{metal}"
  }
}