﻿[
 {
   file: "expandedfoods:recipes/kneading/acorns/acornbreadedball.json",
    "side": "server",
    op: "addeach", 
    path: "/0/ingredients/3/inputs/-", 
    value: [{ type: "item", code: "expandedfoods:fishnugget-raw", quantity: 1}, { type: "item", code: "expandedfoods:crabnugget-raw", quantity: 1}, { type: "item", code: "expandedfoods:snakenugget-raw", quantity: 1},],
    dependsOn: [{ "modid": "acorns" }, { "modid": "primitivesurvival" }]
 },
 {
   file: "expandedfoods:recipes/kneading/acorns/acornbreadedball.json",
    "side": "server",
    op: "addeach", 
    path: "/1/ingredients/3/inputs/-", 
    value: [{ type: "item", code: "expandedfoods:fishnugget-raw", quantity: 1}, { type: "item", code: "expandedfoods:crabnugget-raw", quantity: 1}, { type: "item", code: "expandedfoods:snakenugget-raw", quantity: 1},],
    dependsOn: [{ "modid": "acorns" }, { "modid": "primitivesurvival" }]
 },
]