﻿[
 {
   file: "expandedfoods:itemtypes/food/acorns/mixing/acornbreadedfishnugget.json",
    "side": "server",
    op: "replace", 
    path: "/enabled", 
    value: "true",
    dependsOn: [{ "modid": "acorns" }, { "modid": "primitivesurvival" }]
 },
 {
    "file": "expandedfoods:recipes/kneading/acorns/acornbreadedfishnugget.json",
    "side": "server",
    op: "replace", 
    path: "/0/enabled", 
    value: "true",
    dependsOn: [{ "modid": "acorns" }, { "modid": "primitivesurvival" }]
 },
 {
    "file": "expandedfoods:recipes/kneading/acorns/acornbreadedfishnugget.json",
    "side": "server",
    op: "replace", 
    path: "/1/enabled", 
    value: "true",
    dependsOn: [{ "modid": "acorns" }, { "modid": "primitivesurvival" }]
 },
 {
    "file": "expandedfoods:recipes/kneading/acorns/acornbreadedfishnuggetoiled.json",
    "side": "server",
    op: "replace", 
    path: "/0/enabled", 
    value: "true",
    dependsOn: [{ "modid": "acorns" }, { "modid": "primitivesurvival" }]
 },
 {
    "file": "expandedfoods:recipes/kneading/acorns/acornbreadedfishnuggetsyrup.json",
    "side": "server",
    op: "replace", 
    path: "/0/enabled", 
    value: "true",
    dependsOn: [{ "modid": "acorns" }, { "modid": "primitivesurvival" }]
 },
 {
    "file": "expandedfoods:recipes/kneading/acorns/acornbreadedfishnuggetsyrup.json",
    "side": "server",
    op: "replace", 
    path: "/1/enabled", 
    value: "true",
    dependsOn: [{ "modid": "acorns" }, { "modid": "primitivesurvival" }]
 },
 {
    "file": "expandedfoods:recipes/kneading/acorns/acornbreadedfishnuggetsyrup.json",
    "side": "server",
    op: "replace", 
    path: "/2/enabled", 
    value: "true",
    dependsOn: [{ "modid": "acorns" }, { "modid": "primitivesurvival" }]
 },
]