[
  {
    "op": "add",
    "path": "/villageTypes/-",
    "value": {
                "code": "ruinedvillage",
                "minRain": 0.5,
                "maxRain": 1,
                "minForest": 0.8,
                "maxForest": 1,
                "chance": 0.005, //0.005
                "generator": "LooselyGrouped",
                "quantityStructures": { "avg": 5, "var": 2 },
                "schematics": [
                  { "path": "overground/climates/forest-plains/par-village1/par-vill1-1", "offsetY": -1, "weight": 100 },
                  { "path": "overground/climates/forest-plains/par-village1/par-vill1-2", "offsetY": -1, "weight": 100 },
                  { "path": "overground/climates/forest-plains/par-village1/par-vill1-3", "offsetY": -1, "weight": 100 },
                  { "path": "overground/climates/forest-plains/par-village1/par-vill1-4", "offsetY": -1, "weight": 10 },
                  { "path": "overground/climates/forest-plains/par-village1/par-vill1-5", "offsetY": -1, "weight": 15 },
                  { "path": "overground/climates/forest-plains/par-village1/par-vill1-6", "offsetY": -1, "weight": 20 },
                  { "path": "overground/climates/forest-plains/par-village1/par-vill1-7", "offsetY": -5, "weight": 100 }
                ],
                "replacewithblocklayers": ["soil-low-normal", "soil-low-none"],
                "rocktyperemaps": {
                  "cobblestone-granite": "cobblestone-{rock}",
                  "cobblestoneslab-granite-down-free": "cobblestoneslab-{rock}-down-free",
                  "cobblestonestairs-granite-up-south-free": "cobblestonestairs-{rock}-up-south-free",
                  "cobblestonestairs-granite-up-north-free": "cobblestonestairs-{rock}-up-north-free",
                  "cobblestonestairs-granite-up-west-free": "cobblestonestairs-{rock}-up-west-free",
                  "cobblestonestairs-granite-up-east-free": "cobblestonestairs-{rock}-up-east-free",
                  "rock-granite": "rock-{rock}",
                  "cobblestonestairs-granite-down-south-free": "cobblestonestairs-{rock}-down-south-free",
                  "cobblestonestairs-granite-down-north-free": "cobblestonestairs-{rock}-down-north-free",
                  "cobblestonestairs-granite-down-west-free": "cobblestonestairs-{rock}-down-west-free",
                  "cobblestonestairs-granite-down-east-free": "cobblestonestairs-{rock}-down-east-free",
                  "cobbleskull-granite": "cobbleskull-{rock}",
                  "cobblestoneslab-granite-up-free": "cobblestoneslab-{rock}-up-free",
                  "loosestones-granite-free": "loosestones-{rock}-free",
                  "cobblestoneslab-granite-east-free": "cobblestoneslab-{rock}-east-free",
                  "cobblestoneslab-granite-south-free": "cobblestoneslab-{rock}-south-free",
                  "looseflints-granite-free": "looseflints-{rock}-free",
                  "cobblestoneslab-granite-west-free": "cobblestoneslab-{rock}-west-free",
                  "cobblestoneslab-granite-north-free": "cobblestoneslab-{rock}-north-free",
                  "polishedrockslab-granite-west-free": "polishedrockslab-{rock}-west-free",
                  "polishedrockslab-granite-east-free": "polishedrockslab-{rock}-east-free",
                  "polishedrockslab-granite-down-free": "polishedrockslab-{rock}-down-free",
                  "gravel-granite": "gravel-{rock}",
                  "stonebricks-granite": "stonebricks-{rock}",
                  "polishedrockslab-granite-south-free": "polishedrockslab-{rock}-south-free",
                  "polishedrockslab-granite-north-free": "polishedrockslab-{rock}-north-free",
                  "stonebrickstairs-granite-down-north-free": "stonebrickstairs-{rock}-down-north-free",
                  "stonebrickstairs-granite-down-south-free": "stonebrickstairs-{rock}-down-south-free",
                  "stonebrickslab-granite-north-free": "stonebrickslab-{rock}-north-free",
                  "stonebrickstairs-granite-down-west-free": "stonebrickstairs-{rock}-down-west-free",
                  "rockpolished-granite": "rockpolished-{rock}",
                  "stonebrickslab-granite-up-free": "stonebrickslab-{rock}-up-free",
                  "stonebrickstairs-granite-down-east-free": "stonebrickstairs-{rock}-down-east-free",
                  "stonebrickstairs-granite-up-south-free": "stonebrickstairs-{rock}-up-south-free",
                  "stonebrickslab-granite-east-free": "stonebrickslab-{rock}-east-free",
                            
                  "stonebrickstairs-granite-up-east-free":"stonebrickstairs-{rock}-up-east-free",
                
                  "stonebrickstairs-granite-up-north-free":"stonebrickstairs-{rock}-up-north-free",
                  "stonebrickstairs-granite-up-west-free":"stonebrickstairs-{rock}-up-west-free",
                  "agedstonebricks-granite":"agedstonebricks-{rock}",
                  "crackedrock-granite":"crackedrock-{rock}",
                  "drystone-granite": "drystone-{rock}",
                  "looseboulders-granite-free": "looseboulders-{rock}-free",
                  "polishedrockold-cobbled-granite": "rockpolished-{rock}",
                  "polishedrockold-full-granite":"drystone-{rock}",
                  "stonebrickslab-granite-down-free":"stonebrickslab-{rock}-down-free",
                  
                  "drystonefence-granite-ew-free":"drystonefence-{rock}-ew-free",
                  "drystonefence-granite-sw-free":"drystonefence-{rock}-sw-free",
                  "drystonefence-granite-nw-free":"drystonefence-{rock}-nw-free",
                  "drystonefence-granite-esw-free":"drystonefence-{rock}-esw-free",
                  "drystonefence-granite-nes-free":"drystonefence-{rock}-nes-free",
                  "drystonefence-granite-nsw-free":"drystonefence-{rock}-nsw-free",
                  "drystonefence-granite-new-free":"drystonefence-{rock}-new-free",
                  "drystonefence-granite-es-free":"drystonefence-{rock}-es-free",
                  "drystonefence-granite-en-free":"drystonefence-{rock}-en-free",
                  "drystonefence-granite-ne-free":"drystonefence-{rock}-ne-free",
                  "drystonefence-granite-s-free":"drystonefence-{rock}-s-free",
                  "drystonefence-granite-w-free":"drystonefence-{rock}-w-free",
                  "drystonefence-granite-n-free":"drystonefence-{rock}-n-free",
                  "drystonefence-granite-e-free":"drystonefence-{rock}-e-free",

                  "drystonefence-granite-empty-free":"drystonefence-{rock}-empty-free",
                  
                  "stonebrickslab-granite-west-free":"stonebrickslab-{rock}-west-free",
                  "stonebrickslab-granite-south-free":"stonebrickslab-{rock}-south-free",
                  "sand-granite": "sand-{rock}"

                }
    },
    "file": "game:worldgen/villages.json",
    "side": "Server"
  }
]