{
	"code": "concrete",
	"creativeinventory": {
		"general": [ "*" ],
		"qptech-decor": [ "*" ]
	},
	"variantgroups": [
		{
			"code": "type",
			"states": [ "blue","red","yellow","purple","brown","green","orange","black","gray","pink","white","internal","white-tiles","blue-tiles","red-tiles","yellow-tiles","purple-tiles","brown-tiles","green-tiles","orange-tiles","black-tiles","gray-tiles","pink-tiles","internal-tiles","internal-lattice","red-lattice","blue-lattice","yellow-lattice","purple-lattice","brown-lattice","green-lattice","orange-lattice","black-lattice","gray-lattice","pink-lattice","white-lattice","blue-path","red-path","yellow-path","purple-path","brown-path","green-path","orange-path","black-path","gray-path","pink-path","white-path","internal-path","blue-holiday","red-holiday","yellow-holiday","purple-holiday","brown-holiday","green-holiday","orange-holiday","black-holiday","gray-holiday","pink-holiday","white-holiday","internal-holiday"]
		}

	],
	"maxStackSize": 32,
	"blockmaterial": "Stone",
	"drawtype": "Cube",
	"texturesByType": {
		"*": {
			"all": { "base": "block/stone/concrete-{type}" }


		}
	},
	"resistance": 1,
	"sounds": {
		"place": "game:block/stone",
		"walk": "game:walk/stone"
	},
	"walkspeedmultiplier": 1.35
}