[
  {
    "op": "add",
    "path": "/villageTypes/-",
    "value": {
                "code": "ruinedvillage",
                "minTemp": 28,
                "maxTemp": 60,
                "minRain": 0,
                "maxRain": 0.5,
                "minForest": 0,
                "maxForest": 1,
                "chance": 0.002, //0.005
                "generator": "LooselyGrouped",
                "quantityStructures": { "avg": 5, "var": 2 },
                "schematics": [
                  { "path": "overground/climates/desert-savanna/par-village2/par-vill2-1", "offsetY": -4, "weight": 160 },
                  { "path": "overground/climates/desert-savanna/par-village2/par-vill2-2", "offsetY": -1, "weight": 120 },
                  { "path": "overground/climates/desert-savanna/par-village2/par-vill2-3", "offsetY": -1, "weight": 120 },
                  { "path": "overground/climates/desert-savanna/par-village2/par-vill2-4", "offsetY": -2, "weight": 5 },
                  { "path": "overground/climates/desert-savanna/par-village2/par-vill2-5", "offsetY": -1, "weight": 50 },
                  { "path": "overground/climates/desert-savanna/par-village2/par-vill2-6", "offsetY": -1, "weight": 50 }
                ],
                "replacewithblocklayers": ["soil-low-normal", "soil-low-none"],
                "rocktyperemaps": {
                  "cobblestone-sandstone": "cobblestone-{rock}",
                  "cobblestoneslab-sandstone-down-free": "cobblestoneslab-{rock}-down-free",
                  "cobblestonestairs-sandstone-up-south-free": "cobblestonestairs-{rock}-up-south-free",
                  "cobblestonestairs-sandstone-up-north-free": "cobblestonestairs-{rock}-up-north-free",
                  "cobblestonestairs-sandstone-up-west-free": "cobblestonestairs-{rock}-up-west-free",
                  "cobblestonestairs-sandstone-up-east-free": "cobblestonestairs-{rock}-up-east-free",
                  "rock-sandstone": "rock-{rock}",
                  "cobblestonestairs-sandstone-down-south-free": "cobblestonestairs-{rock}-down-south-free",
                  "cobblestonestairs-sandstone-down-north-free": "cobblestonestairs-{rock}-down-north-free",
                  "cobblestonestairs-sandstone-down-west-free": "cobblestonestairs-{rock}-down-west-free",
                  "cobblestonestairs-sandstone-down-east-free": "cobblestonestairs-{rock}-down-east-free",
                  "cobbleskull-sandstone": "cobbleskull-{rock}",
                  "cobblestoneslab-sandstone-up-free": "cobblestoneslab-{rock}-up-free",
                  "loosestones-sandstone-free": "loosestones-{rock}-free",
                  "cobblestoneslab-sandstone-east-free": "cobblestoneslab-{rock}-east-free",
                  "cobblestoneslab-sandstone-south-free": "cobblestoneslab-{rock}-south-free",
                  "looseflints-sandstone-free": "looseflints-{rock}-free",
                  "cobblestoneslab-sandstone-west-free": "cobblestoneslab-{rock}-west-free",
                  "cobblestoneslab-sandstone-north-free": "cobblestoneslab-{rock}-north-free",
                  "polishedrockslab-sandstone-west-free": "polishedrockslab-{rock}-west-free",
                  "polishedrockslab-sandstone-east-free": "polishedrockslab-{rock}-east-free",
                  "polishedrockslab-sandstone-down-free": "polishedrockslab-{rock}-down-free",
                  "gravel-sandstone": "gravel-{rock}",
                  "stonebricks-sandstone": "stonebricks-{rock}",
                  "polishedrockslab-sandstone-south-free": "polishedrockslab-{rock}-south-free",
                  "polishedrockslab-sandstone-north-free": "polishedrockslab-{rock}-north-free",
                  "stonebrickstairs-sandstone-down-north-free": "stonebrickstairs-{rock}-down-north-free",
                  "stonebrickstairs-sandstone-down-south-free": "stonebrickstairs-{rock}-down-south-free",
                  "stonebrickslab-sandstone-north-free": "stonebrickslab-{rock}-north-free",
                  "stonebrickstairs-sandstone-down-west-free": "stonebrickstairs-{rock}-down-west-free",
                  "rockpolished-sandstone": "rockpolished-{rock}",
                  "stonebrickslab-sandstone-up-free": "stonebrickslab-{rock}-up-free",
                  "stonebrickstairs-sandstone-down-east-free": "stonebrickstairs-{rock}-down-east-free",
                  "stonebrickstairs-sandstone-up-south-free": "stonebrickstairs-{rock}-up-south-free",
                  "stonebrickslab-sandstone-east-free": "stonebrickslab-{rock}-east-free",
                            
                  "stonebrickstairs-sandstone-up-east-free":"stonebrickstairs-{rock}-up-east-free",
                
                  "stonebrickstairs-sandstone-up-north-free":"stonebrickstairs-{rock}-up-north-free",
                  "stonebrickstairs-sandstone-up-west-free":"stonebrickstairs-{rock}-up-west-free",
                  "agedstonebricks-sandstone":"agedstonebricks-{rock}",
                  "crackedrock-sandstone":"crackedrock-{rock}",
                  "drystone-sandstone": "drystone-{rock}",
                  "looseboulders-sandstone-free": "looseboulders-{rock}-free",
                  "polishedrockold-cobbled-sandstone": "rockpolished-{rock}",
                  "polishedrockold-full-sandstone":"drystone-{rock}",
                  "stonebrickslab-sandstone-down-free":"stonebrickslab-{rock}-down-free",
                  
                  "drystonefence-sandstone-ew-free":"drystonefence-{rock}-ew-free",
                  "drystonefence-sandstone-sw-free":"drystonefence-{rock}-sw-free",
                  "drystonefence-sandstone-nw-free":"drystonefence-{rock}-nw-free",
                  "drystonefence-sandstone-esw-free":"drystonefence-{rock}-esw-free",
                  "drystonefence-sandstone-nes-free":"drystonefence-{rock}-nes-free",
                  "drystonefence-sandstone-nsw-free":"drystonefence-{rock}-nsw-free",
                  "drystonefence-sandstone-new-free":"drystonefence-{rock}-new-free",
                  "drystonefence-sandstone-es-free":"drystonefence-{rock}-es-free",
                  "drystonefence-sandstone-en-free":"drystonefence-{rock}-en-free",
                  "drystonefence-sandstone-ne-free":"drystonefence-{rock}-ne-free",
                  "drystonefence-sandstone-s-free":"drystonefence-{rock}-s-free",
                  "drystonefence-sandstone-w-free":"drystonefence-{rock}-w-free",
                  "drystonefence-sandstone-n-free":"drystonefence-{rock}-n-free",
                  "drystonefence-sandstone-e-free":"drystonefence-{rock}-e-free",

                  "drystonefence-sandstone-empty-free":"drystonefence-{rock}-empty-free",
                  
                  "stonebrickslab-sandstone-west-free":"stonebrickslab-{rock}-west-free",
                  "stonebrickslab-sandstone-south-free":"stonebrickslab-{rock}-south-free",
                  "sand-sandstone": "sand-{rock}"

                }
    },
    "file": "game:worldgen/villages.json",
    "side": "Server"
  }
]