[
  {
    "op": "add",
    "path": "/structures/-",
    "value": {
                  "code": "ruin",
                  "minTemp": 28,
                  "maxTemp": 60,
                  "minRain": 0,
                  "maxRain": 0.5,
                  "minForest": 0,
                  "maxForest": 1,
                  "chance": 0.05,
                  "group": "ruins",
                  "minGroupDistance": 400,
                  "placement": "surface",
                  "schematics": [
                    "overground/climates/desert-savanna/ruins-o1/*"
                  ],
			            "replacewithblocklayers": ["soil-low-none", "soil-medium-none", "soil-medium-normal", "soil-low-normal", "forestfloor-1"],
                  "offsety": -1,
                  "suppressTrees": true,
                  "suppressWaterfalls": true,
                  "rockTypeRemapGroup": "surfaceruins"
    },
    "file": "game:worldgen/structures.json",
    "side": "Server"
  }
]