{
  "code": "cauldronminimold",
  "classByType": {
    "cauldronminimold-raw": "Block",
    "cauldronminimold-burned": "BlockToolMold"
  },
  "behaviorsByType": {
    "*-raw": [{ "name": "UnstableFalling" }, { "name": "RightClickPickup" }, {"name": "Unplaceable"}, {"name": "GroundStorable", "properties": { "layout": "SingleCenter" }}],
    "*": [{ "name": "UnstableFalling" }]
  },
  "variantgroups": [
    { "code": "materialtype", "states": ["raw", "burned"] }
  ],
  "attributesByType": {
    "cauldronminimold-burned": {
      "requiredUnits": 250,
      "moldrackable": false,
      "fillHeight": 8,
      "drop": {
        "type": "block",
        "code": "cauldronmini-{metal}",
        "quantity": 1
      }
    }
  },
  "entityClassByType": {
    "cauldronminimold-burned": "ToolMold"
  },
  "combustiblePropsByType": {
    "cauldronminimold-raw": {
      "meltingPoint": 600,
      "meltingDuration": 45,
      "smeltedRatio": 1,
      "smeltingType": "fire",
      "smeltedStack": {
        "type": "block",
        "code": "cauldronminimold-burned"
      },
      "requiresContainer": false
    }
  },
  "blockmaterial": "Ceramic",
  "creativeinventory": {
    "general": ["*"],
    "construction": ["*"],
	  "aculinaryartillery": [ "*" ]
  },
  "replaceable": 700,
  "resistance": 1.5,
  "maxStackSize": 8,
  "lightAbsorption": 0,
  "texturesByType": {
    "cauldronminimold-raw": { "floor": { "base": "game:block/clay/blueclay" }, "ceramic": { "base": "game:block/clay/blueclay" } },
    "cauldronminimold-burned": { "floor": { "base": "game:block/clay/ceramic-dark" }, "ceramic": { "base": "game:block/clay/ceramic" }
    }
  },
  "shape": {
    "base": "block/cauldronminimold"
  },
  "sounds": {
    "walk": "walk/stone"
  },
    "collisionbox": {
		"x1": 0.075,
		"y1": 0,
		"z1": 0.125,
		"x2": 0.9,
		"y2": 0.65,
        "z2": 0.875
    },
    "selectionbox": {
        "x1": 0.075,
        "y1": 0,
        "z1": 0.125,
        "x2": 0.9,
        "y2": 0.65,
        "z2": 0.875
    },
  "sideopaque": {
    "all": false
  },
  "sidesolid": {
    "all": false
  },
  "guiTransform": {"scale": 0.9  },
  "groundTransform": {
    "origin": { "x": 0.5, "y": 0, "z": 0.5 },
    "scale": 5
  }
}
