{
	"code": "mixingbowlmini",
	"class": "BlockMixingBowl",
	"entityClass": "MixingBowl",
	"behaviors": [ { "name": "Container" }, { "name": "UnstableFalling" } ],
	"attributes": {
		"capacityLitres": 3,
	},
	"creativeinventory": {
		"general": [ "*" ],
		"terrain": [ "*" ],
		"aculinaryartillery": [ "*" ]
	},
	"shape": { "base": "aculinaryartillery:block/mixingbowlmini/complete" },
	"blockmaterial": "Wood",
	"textures": {
		"material": { "base": "game:block/wood/planks/generic" },
		"generic": { "base": "game:block/wood/planks/generic" },
		"ceramic": { base: "game:block/clay/ceramic" },
		"burned": { base: "game:block/clay/vessel/sides/burned" },
		"ceramic-dark": { base: "game:block/clay/ceramic-dark" },
		"sidesbucket": { "base": "game:block/wood/bucket/sides" },
	},
	"sidesolid": {
		"all": false
	},
	"sideopaque": {
		"all": false
	},
	heldTpIdleAnimation: "holdbothhandsmedium", heldTpUseAnimation: "twohandplaceblock", 
	"lightAbsorption": 0,
	"replaceable": 600,
	"resistance": 1.5,
	"collisionSelectionBoxes": [
		{
			"x1": 0,
			"y1": 0,
			"z1": 0,
			"x2": 1,
			"y2": 0.25,
			"z2": 1
		},
		{
			"x1": 0.25,
			"y1": 0.25,
			"z1": 0.25,
			"x2": 0.75,
			"y2": 0.5,
			"z2": 0.75
		}
	],
	guiTransform: {
		origin: {
			x: 0.5,
			y: 0.2,
			z: 0.5
		},
		scale: 2
	},
	fpHandTransform: {
		translation: {
			x: 0,
			y: 0,
			z: 0
		},
		scale: 2
	},
	tpHandTransform: {
		translation: { x: -1.1, y: -0.6, z: -0.35 },
		rotation: { x: 100, y: -13, z: -105 },
		scale: 0.8
	},
	groundTransform: {
		rotation: { x: 0, y: -45, z: 0 },
		origin: { x: 0.5, y: 0, z: 0.5 },
		scale: 5
	}
}