[
  //JHR
  {
    "file": "primitivesurvival:blocktypes/wood/treehollowgrown.json",
    "side": "server",
    "op": "addeach",
    "path": "/attributes/primitivesurvival/treeHollowContentsByHollowType/all/-",
    "value": [
      {
        "code": "item-treeseed-alder",
        "amount": 1
      },
      {
        "code": "item-treeseed-bearnut",
        "amount": 1
      },
      {
        "code": "item-treeseed-beech",
        "amount": 1
      },
      {
        "code": "item-treeseed-bluespruce",
        "amount": 1
      },
      {
        "code": "item-treeseed-blackpoplar",
        "amount": 1
      },
      {
        "code": "item-treeseed-brideinwhite",
        "amount": 1
      },
      {
        "code": "item-treeseed-catalpa",
        "amount": 1
      },
      {
        "code": "item-treeseed-douglasfir",
        "amount": 1
      },
      {
        "code": "item-treeseed-elm",
        "amount": 1
      },
      {
        "code": "item-treeseed-eucalyptus",
        "amount": 1
      },
      {
        "code": "item-treeseed-honeylocust",
        "amount": 1
      },
      {
        "code": "item-treeseed-mahogany",
        "amount": 1
      },
      {
        "code": "item-treeseed-pyramidalpoplar",
        "amount": 1
      },
      {
        "code": "item-treeseed-sal",
        "amount": 1
      },
      {
        "code": "item-treeseed-saxaul",
        "amount": 1
      },
      {
        "code": "item-treeseed-spruce",
        "amount": 1
      },
      {
        "code": "item-treeseed-sycamore",
        "amount": 1
      },
      {
        "code": "item-treeseed-willow",
        "amount": 1
      }
    ],
    "dependsOn": [ { "modid": "wildcrafttrees" } ]
  }
  //JHR
]
