﻿[
	{
		"enabled":  false,
		ingredientPattern: "PLP,PLP,PLP",
		recipeGroup: 1,
		ingredients: {
			"P": {
				type: "item",
				code: "game:plank-*",
				name: "woodframe"
			},
			"L": {
				type: "item",
				code: "game:plank-douglasfir",
			},
		},
		width: 3,
		height: 3,
		name: "bottlerackdouglasfir",
		output: {
			type: "block",
			code: "aculinaryartillery:bottlerack-{woodframe}-douglasfir-north"
		}
	},
	{
		"enabled":  false,
		ingredientPattern: "PLP,PLP,PLP",
		recipeGroup: 2,
		ingredients: {
			"P": {
				type: "item",
				code: "game:plank-*",
				name: "woodframe"
			},
			"L": {
				type: "item",
				code: "game:plank-willow",
			},
		},
		width: 3,
		height: 3,
		name: "bottlerackwillow",
		output: {
			type: "block",
			code: "aculinaryartillery:bottlerack-{woodframe}-willow-north"
		}
	},
	{
		"enabled":  false,
		ingredientPattern: "PLP,PLP,PLP",
		recipeGroup: 3,
		ingredients: {
			"P": {
				type: "item",
				code: "game:plank-*",
				name: "woodframe"
			},
			"L": {
				type: "item",
				code: "game:plank-honeylocust",
			},
		},
		width: 3,
		height: 3,
		name: "bottlerackhoneylocust",
		output: {
			type: "block",
			code: "aculinaryartillery:bottlerack-{woodframe}-honeylocust-north"
		}
	},
	{
		"enabled":  false,
		ingredientPattern: "PLP,PLP,PLP",
		recipeGroup: 4,
		ingredients: {
			"P": {
				type: "item",
				code: "game:plank-*",
				name: "woodframe"
			},
			"L": {
				type: "item",
				code: "game:plank-bearnut",
			},
		},
		width: 3,
		height: 3,
		name: "bottlerackbearnut",
		output: {
			type: "block",
			code: "aculinaryartillery:bottlerack-{woodframe}-bearnut-north"
		}
	},
	{
		"enabled":  false,
		ingredientPattern: "PLP,PLP,PLP",
		recipeGroup: 5,
		ingredients: {
			"P": {
				type: "item",
				code: "game:plank-*",
				name: "woodframe"
			},
			"L": {
				type: "item",
				code: "game:plank-blackpoplar",
			},
		},
		width: 3,
		height: 3,
		name: "bottlerackblackpoplar",
		output: {
			type: "block",
			code: "aculinaryartillery:bottlerack-{woodframe}-blackpoplar-north"
		}
	},
	{
		"enabled":  false,
		ingredientPattern: "PLP,PLP,PLP",
		recipeGroup: 6,
		ingredients: {
			"P": {
				type: "item",
				code: "game:plank-*",
				name: "woodframe"
			},
			"L": {
				type: "item",
				code: "game:plank-pyramidalpoplar",
			},
		},
		width: 3,
		height: 3,
		name: "bottlerackpyramidalpoplar",
		output: {
			type: "block",
			code: "aculinaryartillery:bottlerack-{woodframe}-pyramidalpoplar-north"
		}
	},
	{
		"enabled":  false,
		ingredientPattern: "PLP,PLP,PLP",
		recipeGroup: 7,
		ingredients: {
			"P": {
				type: "item",
				code: "game:plank-*",
				name: "woodframe"
			},
			"L": {
				type: "item",
				code: "game:plank-catalpa",
			},
		},
		width: 3,
		height: 3,
		name: "bottlerackcatalpa",
		output: {
			type: "block",
			code: "aculinaryartillery:bottlerack-{woodframe}-catalpa-north"
		}
	},
	{
		"enabled":  false,
		ingredientPattern: "PLP,PLP,PLP",
		recipeGroup: 8,
		ingredients: {
			"P": {
				type: "item",
				code: "game:plank-*",
				name: "woodframe"
			},
			"L": {
				type: "item",
				code: "game:plank-mahogany",
			},
		},
		width: 3,
		height: 3,
		name: "bottlerackmahogany",
		output: {
			type: "block",
			code: "aculinaryartillery:bottlerack-{woodframe}-mahogany-north"
		}
	},
	{
		"enabled":  false,
		ingredientPattern: "PLP,PLP,PLP",
		recipeGroup: 9,
		ingredients: {
			"P": {
				type: "item",
				code: "game:plank-*",
				name: "woodframe"
			},
			"L": {
				type: "item",
				code: "game:plank-sal",
			},
		},
		width: 3,
		height: 3,
		name: "bottleracksal",
		output: {
			type: "block",
			code: "aculinaryartillery:bottlerack-{woodframe}-sal-north"
		}
	},
	{
		"enabled":  false,
		ingredientPattern: "PLP,PLP,PLP",
		recipeGroup: 10,
		ingredients: {
			"P": {
				type: "item",
				code: "game:plank-*",
				name: "woodframe"
			},
			"L": {
				type: "item",
				code: "game:plank-saxaul",
			},
		},
		width: 3,
		height: 3,
		name: "bottleracksaxaul",
		output: {
			type: "block",
			code: "aculinaryartillery:bottlerack-{woodframe}-saxaul-north"
		}
	},
	{
		"enabled":  false,
		ingredientPattern: "PLP,PLP,PLP",
		recipeGroup: 11,
		ingredients: {
			"P": {
				type: "item",
				code: "game:plank-*",
				name: "woodframe"
			},
			"L": {
				type: "item",
				code: "game:plank-spruce",
			},
		},
		width: 3,
		height: 3,
		name: "bottlerackspruce",
		output: {
			type: "block",
			code: "aculinaryartillery:bottlerack-{woodframe}-spruce-north"
		}
	},
	{
		"enabled":  false,
		ingredientPattern: "PLP,PLP,PLP",
		recipeGroup: 12,
		ingredients: {
			"P": {
				type: "item",
				code: "game:plank-*",
				name: "woodframe"
			},
			"L": {
				type: "item",
				code: "game:plank-sycamore",
			},
		},
		width: 3,
		height: 3,
		name: "bottleracksycamore",
		output: {
			type: "block",
			code: "aculinaryartillery:bottlerack-{woodframe}-sycamore-north"
		}
	},
	{
		"enabled":  false,
		ingredientPattern: "PLP,PLP,PLP",
		recipeGroup: 13,
		ingredients: {
			"P": {
				type: "item",
				code: "game:plank-*",
				name: "woodframe"
			},
			"L": {
				type: "item",
				code: "game:plank-elm",
			},
		},
		width: 3,
		height: 3,
		name: "bottlerackelm",
		output: {
			type: "block",
			code: "aculinaryartillery:bottlerack-{woodframe}-elm-north"
		}
	},
	{
		"enabled":  false,
		ingredientPattern: "PLP,PLP,PLP",
		recipeGroup: 14,
		ingredients: {
			"P": {
				type: "item",
				code: "game:plank-*",
				name: "woodframe"
			},
			"L": {
				type: "item",
				code: "game:plank-beech",
			},
		},
		width: 3,
		height: 3,
		name: "bottlerackbeech",
		output: {
			type: "block",
			code: "aculinaryartillery:bottlerack-{woodframe}-beech-north"
		}
	},
	{
		"enabled":  false,
		ingredientPattern: "PLP,PLP,PLP",
		recipeGroup: 15,
		ingredients: {
			"P": {
				type: "item",
				code: "game:plank-*",
				name: "woodframe"
			},
			"L": {
				type: "item",
				code: "game:plank-eucalyptus",
			},
		},
		width: 3,
		height: 3,
		name: "bottlerackeucalyptus",
		output: {
			type: "block",
			code: "aculinaryartillery:bottlerack-{woodframe}-eucalyptus-north"
		}
	},
	{
		"enabled":  false,
		ingredientPattern: "PLP,PLP,PLP",
		recipeGroup: 16,
		ingredients: {
			"P": {
				type: "item",
				code: "game:plank-*",
				name: "woodframe"
			},
			"L": {
				type: "item",
				code: "game:plank-cedar",
			},
		},
		width: 3,
		height: 3,
		name: "bottlerackcedar",
		output: {
			type: "block",
			code: "aculinaryartillery:bottlerack-{woodframe}-cedar-north"
		}
	},
]