{"GameVersion":"1.18.1","SizeX":1,"SizeY":5,"SizeZ":1,"BlockCodes":{"301":"game:bonyremains-ribcage","9241":"game:meta-underground","3100":"game:bonysoil","8801":"game:chest-east","9234":"game:clutter"},"ItemCodes":{"353":"game:stackrandomizer-resource","369":"game:stackrandomizer-newlore","1760":"game:inkandquill","330":"game:paper-parchment","336":"game:stackrandomizer-cloth-mediumstatus"},"Indices":[0,1048576,2097152,3145728,4194304],"BlockIds":[9241,3100,8801,9241,9234],"DecorIndices":[],"DecorIds":[],"BlockEntities":{"2097152":"!<d@[F*MiS#64c-E,TfC\"TSN&!<d@[F*^I+#64o6@VfsmCI<#NAI;p\\ATMrFARTY%\"po!]G%GQ5DfU+(#'\"^#Dfg%+!!!!'\"`nKuFE7Zf0E;+R!!$F.!!!$\"!!!-0FDl80CdVlEDI[5X!.[65#6?U\\z/HGhO!<<*\"!!`N]!!*'\"!-&#>!!*'\"!!!6)2#mXW!!(p]!!!$\"!!!!(!B'oY!!!!k!<<*Az#6?a`!<<*\":]UOr!<<*\"!!!!&$taEu6>URMCI<#NAI;p\\ATMrFARTY%\"U&pmE+KAdDes5uE-#T$0a%f\"ATMNNDJ*csz!!","4194304":"!<d@[F*MiS#64c-E,TfC#64`(!<d@[F*^I+#64o6@VfsmCI<#NAHu^]F`__:EWlSfH#R='B6%F(ATMs3DIkCS\":&scFCB9&=9&=$!!EUFATMNNDJ*csz\":&scFCB9&=o\\O&!!rsADes6$@ru9m!!!"},"Entities":[],"ReplaceMode":2,"EntranceRotation":-1}