{"GameVersion":"1.18.1","SizeX":1,"SizeY":5,"SizeZ":1,"BlockCodes":{"301":"game:bonyremains-ribcage","9241":"game:meta-underground","3100":"game:bonysoil","8801":"game:chest-east","9234":"game:clutter"},"ItemCodes":{"353":"game:stackrandomizer-resource","359":"game:stackrandomizer-jonasframes","352":"game:stackrandomizer-ruinedweapon","336":"game:stackrandomizer-cloth-mediumstatus","339":"game:stackrandomizer-accessory-mediumstatus","335":"game:stackrandomizer-cloth-lowstatus","369":"game:stackrandomizer-newlore"},"Indices":[0,1048576,2097152,3145728,4194304],"BlockIds":[9241,3100,8801,9241,9234],"DecorIndices":[],"DecorIds":[],"BlockEntities":{"2097152":"!<d@[F*MiS#64c-E,TfC\"TSN&!<d@[F*^g5#64o6@VfsmCI<#NAI;p\\ATMrFARTY%\"po!]G%GQ5DfU+(#'\"^#Dfg%+!!!!'\"`nKuFE7Zf0E;+R!!$F.!!!$\"!!!-0FDl80CdVlEDI[5X!.[65#6?OZ!<<*\"B)qu4!<<*\"!!`N[z!%e3O!!*'\"!!!6)1B7FU!!$C-!!!$\"!!!!(!AjcW!!!!q!<<*#z#6?[^!<<*\";ZQju!<<*\"!!`N_!!*'\"!)EUq!!*'\"!!!6)2ZNjY!!%!>!!!$\"z!!NdCDfS0\\De!QMDe*Dd@q]FpF=h'4F*%QgFEqh:$=e!jCgh:(ARmLu$#O6pBL-NKCh3SH!!!!","4194304":"!<d@[F*MiS#64c-E,TfC#64`(!<d@[F*^g5#64o6@VfsmCI<#NAHu^]F`__:EWlSfH#R='B6%F(ATMs3DIkCU\":&scFCB9&=9&=$!!EUFATMNNDJ*csz\":&scFCB9&=o\\O&!!rsADes6$@ru9m!!!"},"Entities":[],"ReplaceMode":2,"EntranceRotation":-1}