{"GameVersion":"1.18.1","SizeX":1,"SizeY":5,"SizeZ":1,"BlockCodes":{"301":"game:bonyremains-ribcage","9241":"game:meta-underground","3100":"game:bonysoil","8801":"game:chest-east","9234":"game:clutter"},"ItemCodes":{"338":"game:stackrandomizer-accessory-lowstatus","434":"game:bone","1541":"game:rot","339":"game:stackrandomizer-accessory-mediumstatus","357":"game:stackrandomizer-gear"},"Indices":[0,1048576,2097152,3145728,4194304],"BlockIds":[9241,3100,8801,9241,9234],"DecorIndices":[],"DecorIds":[],"BlockEntities":{"2097152":"!<d@[F*MiS#64c-E,TfC\"TSN&!<d@[F*^'u#64o6@VfsmCI<#NAI;p\\ATMrFARTY%\"po!]G%GQ5DfU+(#'\"^#Dfg%+!!!!'\"`nKuFE7Zf0E;+R!!#mt!!!$\"!!!!(!AOQT!!!#)!<<*%z#6?U\\z/HGhO!<<*\"!!`N]!!*'\"!!NQ,!!`K(!!!6)2?3aX!!#pu!!!$\"!!!!(!B0uZ!!!\"1!<<*#z!!!02AoD]VCi<g!6Z6LH$=da\\F*'!F@<6Mo\"E\\p.AI;pcCi!O!F(Jl:\":8pVF(djWB5D,Zz","4194304":"!<d@[F*MiS#64c-E,TfC#64`(!<d@[F*^'u#64o6@VfsmCI<#NAHu^]F`__:EWlSfH#R='B6%F(ATMs3DIkCW\":&scFCB9&=9&=$!!EUFATMNNDJ*csz\":&scFCB9&=o\\O&!!rsADes6$@ru9m!!!"},"Entities":[],"ReplaceMode":2,"EntranceRotation":-1}