{"GameVersion":"1.18.1","SizeX":1,"SizeY":5,"SizeZ":1,"BlockCodes":{"301":"game:bonyremains-ribcage","9241":"game:meta-underground","3100":"game:bonysoil","8801":"game:chest-east","9234":"game:clutter"},"ItemCodes":{"358":"game:stackrandomizer-jonasparts","434":"game:bone","330":"game:paper-parchment","369":"game:stackrandomizer-newlore","335":"game:stackrandomizer-cloth-lowstatus","1760":"game:inkandquill"},"Indices":[0,1048576,2097152,3145728,4194304],"BlockIds":[9241,3100,8801,9241,9234],"DecorIndices":[],"DecorIds":[],"BlockEntities":{"2097152":"!<d@[F*MiS#64c-E,TfC\"TSN&!<d@[F*^X0#64o6@VfsmCI<#NAI;p\\ATMrFARTY%\"po!]G%GQ5DfU+(#'\"^#Dfg%+!!!!'\"`nKuFE7Zf0E;+R!!$U3!!!$\"!!!!(!AOQT!!!#)!<<*%z#6?R[!<<*\"8c\\nl%0-A.!!`N]!!*'\"!-&#>!!*'\"!!!6)2#mUV!!\"SO!!!$\"!!!!(!B'oY!!!!p!<<*#z#6?a`!<<*\"i!'/]!<<*\"!!!!&$taEu6>URMCI<#NAI;p\\ATMrFARTY%\"U&pmE+KAdDes5uE-#T$0a%f\"ATMNNDJ*csz!!","4194304":"!<d@[F*MiS#64c-E,TfC#64`(!<d@[F*^X0#64o6@VfsmCI<#NAHu^]F`__:EWlSfH#R='B6%F(ATMs3DIkCS\":&scFCB9&=9&=$!!EUFATMNNDJ*csz\":&scFCB9&=o\\O&!!rsADes6$@ru9m!!!"},"Entities":[],"ReplaceMode":2,"EntranceRotation":-1}