{"GameVersion":"1.18.1","SizeX":1,"SizeY":5,"SizeZ":1,"BlockCodes":{"301":"game:bonyremains-ribcage","9241":"game:meta-underground","3100":"game:bonysoil","8801":"game:chest-east","9234":"game:clutter"},"ItemCodes":{"434":"game:bone","353":"game:stackrandomizer-resource","352":"game:stackrandomizer-ruinedweapon","338":"game:stackrandomizer-accessory-lowstatus","335":"game:stackrandomizer-cloth-lowstatus","337":"game:stackrandomizer-cloth-highstatus","369":"game:stackrandomizer-newlore"},"Indices":[0,1048576,2097152,3145728,4194304],"BlockIds":[9241,3100,8801,9241,9234],"DecorIndices":[],"DecorIds":[],"BlockEntities":{"2097152":"!<d@[F*MfR#64c-E,TfC\"TSN&!<d@[F*^p8#64o6@VfsmCI<#NAI;p\\ATMrFARTY%\"po!]G%GQ5DfU+(#'\"^#Dfg%+!!!!'\"`nKuFE7Zf0E;+R!!';*!!!*$!!!!(!AOQT!!!\"-!<<*#!!!!%$Zp</@;J;E@;]Rd!!%O5!!`N[z!%e3O!!*'\"!!!6)1B7FU!!$C-!!!$\"!!!!(!AjcW!!!!s!<<*#z#6?[^!<<*\":B:Fq!<<*\"!!`N_!!*'\"!)Was!!*'\"!!!6)2ZNjY!!%!>!!!$\"z!!NdCDfS0\\De!QMDe*Dd@q]FpF=h'4F*%QgFEqh:$=e!jCgh:(ARmLu$#O6pBL-NKCh3SH!!!!","4194304":"!<d@[F*MfR#64c-E,TfC#64`(!<d@[F*^p8#64o6@VfsmCI<#NAHu^]F`__:EWlSfH#R='B6%F(ATMs3DIkCU\":&scFCB9&=9&=$!!EUFATMNNDJ*csz\":&scFCB9&=o\\O&!!rsADes6$@ru9m!!!"},"Entities":[],"ReplaceMode":2,"EntranceRotation":-1}