﻿[
  {
    "op": "add",
    "path": "/transitionableProps",
    "value": [
      {
        "type": "Perish",
        "freshHours": {
          "avg": 336
        },
        "transitionHours": {
          "avg": 144
        },
        "transitionedStack": {
          "type": "item",
          "code": "game:vinegarportion"
        },
        "transitionRatio": 1
      },
      {
        "type": "Cure",
        "freshHours": {
          "avg": 336
        },
        "transitionHours": {
          "avg": 1008
        },
        "transitionedStack": {
          "type": "item",
          "code": "expandedfoods:wildtreestrongwineportion-{fruit}"
        },
        "transitionRatio": 1
      }
    ],
    "side": "server",
    "file": "wildcrafttrees:itemtypes/liquid/alcohol/cider.json"
  },
  {
    "op": "add",
    "path": "/attributes/nutritionPropsWhenInMeal",
    "value": {
        "saturation": 160,
        "foodcategory": "fruit",
    },
    "side": "server",
    "file": "wildcrafttrees:itemtypes/liquid/alcohol/cider.json"
  },
]