{"GameVersion":"1.18.0-pre.3","SizeX":6,"SizeY":4,"SizeZ":6,"BlockCodes":{"72384":"game:banner-banner","646":"game:linen-diamond-down","663":"game:smallcarpet-turqoise","2061":"game:soil-medium-normal","1019":"game:locustnest-metalspike-small","42579":"game:clutter","1018":"game:locustnest-metalspike-tiny","2250":"game:cobblestone-granite","2082":"game:cobbleskull-granite","41441":"game:multiblock-monolithic-0-0-n1","42415":"game:trunk-west","1021":"game:locustnest-metalspike-large","1270":"game:metal-scraps","41501":"game:multiblock-monolithic-0-p1-0","41511":"game:multiblock-monolithic-0-p2-0","654":"game:mediumcarpet-blue-we"},"ItemCodes":{"176":"game:lootrandomizer","3097":"game:cloth-gray","260":"game:cloth-plain","3480":"game:stackrandomizer-ruinedweapon"},"Indices":[0,1024,2048,3072,4096,5120,1049600,1050624,1051648,1052672,1,1025,2049,3073,4097,5121,1049601,1050625,1051649,1052673,2,1026,2050,3074,4098,5122,1050626,1051650,3,1027,2051,3075,4099,5123,1048579,1050627,1051651,1053699,2100227,3148803,4,1028,2052,3076,4100,5124,1050628,1051652,5,1029,2053,3077,4101,5125,1051653],"BlockIds":[2061,2061,2061,2061,2061,2061,1019,42579,42579,1018,2061,2250,2250,2250,2250,2082,42579,41441,42415,42579,2061,2250,2250,2082,2250,2061,1021,1018,2061,2250,2082,2250,2082,2061,1270,1019,72384,1270,41501,41511,2250,2250,2082,2082,2061,2061,1021,42579,2061,2250,2082,2061,2250,2061,1270],"DecorIndices":[4099],"DecorIds":[67109518],"BlockEntities":{"1050624":"!<d@[F*QaG!!!$&E,TfC&c_n3!<d@[F*c^D!!!0/@VfsmCI<#NAHu^]F`__:EWlSfH#R=%@UX:tBk(R^AMOAnEc6&.FCePS!!!!%$#O6pBL-NKCh;$nqnE7=Ec6&.FCeVU!!!!*$\"ImiCh7*uARkc@","1051648":"!<d@[F*QaG!!!$&E,TfC&c_n3!<d@[F*caE!!!0/@VfsmCI<#NAHu^]F`__:EWlSfH#R=%@UX:tBk(R^AMXGoEc6&.FCePS!!!!%$#O6pBL-NKCh;?38\\YB5Ec6&.FCeVU!!!!*$\"ImiCh7*uARkc@","1049601":"!<d@[F*QdH!!!$&E,TfC&c_n3!<d@[F*c[C!!!0/@VfsmCI<#NAHu^]F`__:EWlSfH#R=%@UX:tBk(R^AMF;mEc6&.FCePS!!!!%$#O6pBL-NKCh;?3ahIr`Ec6&.FCeVU!!!!*$\"ImiCh7*uARkc@","1051649":"!<d@[F*QdH!!!$&E,TfC&c_n3!<d@[F*caE!!!0/@VfsmCI<#NAI<O\"F`(tHG@bi;\"po!]G%GQ5DfU+(#'\"^#Dfg%5!!!!'\"`nKuFE7Zf0`V4S!!'5'!!!$\"!!!$&F('6'!<<*\"\"pT-j@:O(,#6f0j@:O'Qz^`!4R!<<*\"\"U&pmE+KVp@;^-p/SB*BF`(_ACLqd4!!EL9BOPdgAH2^$63%2oF*(i#CG?%tF*(i#CB+>7!!'eQ!<<6&!!!0*FEqh:%qoBhF($YE@;Ka3CLqd4!!EL9BOPdgAH2]=63%2oF*(i#CGH+uF*(i#CB+>7!!'eQ!<<-#!!!0*FEqh:%qoBhF($YE@;Ka3CLqd4!!EL9BOPdgAH2^L5l^li!AjcW!!!#'!!!!\"!!!!\"\"ES!pAH;c2!!WXKFCAZp0F%c&FCAZp!!*'\"!#Z1F!!E9%!!!-+@q]:g@q>W?a?]e1#'4lp@r!e(\"`nco@qu&F!!!!%!<<*&z\"9r@L@;]Rd!!()+!!WXKFCAZp1'[u(FCAZpz!/:OT!!E9%!!!-+@q]:g@q>W?a?]e1#'4lp@r!k*\"`nco@qu&E!!!\"c!WW3%z\"9r@L@;]Rd!!()+!!!6*0eiY/!!!#'!!!!\"!!!!\"\"ES!pAH;c2!!WXKFCAZp0F%c&FCAZp!!*'\"!#Z1F!!E9%!!!-+@q]:g@q>W?a?]e1#'4lp@r!e(\"`nco@qu&F!!!!%!<<*&z\"9r@L@;]Rd!!()+!!WXKFCAZp1'[u(FCAZpz!/:OT!!E9%!!!-+@q]:g@q>W?a?]e1#'4lp@r!k*\"`nco@qu&E!!!\"c!WW3%z\"9r@L@;]Rd!!()+!!!6*0f&e1!!!\"d%0-A/z#6HV<!!*'\"!3cG'!!*'\"!!*4D@<Q2_!!!!'#'4lp@r!b'\"`nco@qu&E!!!#7)?Bg=!!!!&\"E\\p.AJ&TaDKB5<B6%p5DIb>7AU/=s\"9r@L@;]Rd!!#PV!!WXKFCAZp0a@l'FCAZpz!5KKR!!E9%!!NLIH#R=*BOPe\"@4c\\3Cht\\=AU/=s\"9r@L@;]Rd!!!Eo!!WXKFCAZp1'[u(FCAZpz!5KKR!!*'\"!!NLIH#R=*BOPe\"@4c\\3Cht\\=AU/=s\"9r@L@;]Rd!!$t(z\"Uo!]E^FS\\@r\"GMA7Z*iEcl88/U(cIF9MehH#R=%@rH1\"@;p:!A248oD.Rd%6#L=OA_Ra;56(","1052673":"!<d@[F*QdH!!!$&E,TfC&c_n3!<d@[F*cdF!!!0/@VfsmCI<#NAHu^]F`__:EWlSfH#R=%@UX:tBk(R^AMF;mEc6&.FCePS!!!!%$#O6pBL-NKCh;?38\\YB5Ec6&.FCeVU!!!!*$\"ImiCh7*uARkc@","1051651":"!<d@[F*QjJ!!!$&E,TfC&c_n3!<d@[F*caE!!!0/@VfsmCI<#NAIW*WDJj$+/Ri.+DImhl\"E\\p.AJ&TaDKB5<B6%p5DIb>7AU/>\"#BFa)@<?'_z\":8pVF(djWB5D/6&'7$=#BFa)@<?'az#mk*[Ci!ZmFCet_!!","1051652":"!<d@[F*QmK!!!$&E,TfC&c_n3!<d@[F*caE!!!0/@VfsmCI<#NAHu^]F`__:EWlSfH#R=%@UX:tBk(R^AMaMpEc6&.FCePS!!!!%$#O6pBL-NKCh;?38O!=_Ec6&.FCeVU!!!!*$\"ImiCh7*uARkc@"},"Entities":[],"ReplaceMode":2}