{"GameVersion":"1.18.0-pre.5","SizeX":6,"SizeY":2,"SizeZ":9,"BlockCodes":{"1391":"game:metalsheet-gold-down","42579":"game:clutter","2061":"game:soil-medium-normal","103":"game:drycarcass-humanoid1","102":"game:drycarcass-large","104":"game:drycarcass-humanoid2","42413":"game:trunk-east","41541":"game:multiblock-monolithic-0-0-p1"},"ItemCodes":{"176":"game:lootrandomizer","198":"game:stackrandomizer-gear","197":"game:stackrandomizer-painting","194":"game:stackrandomizer-resource","195":"game:stackrandomizer-tuningcylinder","191":"game:stackrandomizer-seed","1530":"game:blade-forlorn-iron","2098":"game:clothes-waist-forlorn-belt","725":"game:ingot-gold","268":"game:cloth-brown","816":"game:metalplate-iron","726":"game:ingot-iron","773":"game:metalchain-gold","774":"game:metalchain-iron","3480":"game:stackrandomizer-ruinedweapon","193":"game:stackrandomizer-copperweapon"},"Indices":[0,1024,2048,3072,4096,5120,6144,7168,8192,1051648,1052672,1,1025,2049,3073,4097,5121,6145,7169,8193,1049601,1052673,2,1026,2050,3074,4098,5122,6146,7170,8194,1048578,1052674,3,1027,2051,3075,4099,5123,6147,7171,8195,1049603,1055747,4,1028,2052,3076,4100,5124,6148,7172,8196,1050628,1051652,1052676,1054724,1055748,5,1029,2053,3077,4101,5125,6149,7173,8197,1052677,1054725],"BlockIds":[2061,2061,2061,2061,2061,2061,2061,2061,2061,103,42579,2061,2061,2061,2061,2061,2061,2061,2061,2061,102,42579,2061,2061,2061,2061,2061,2061,2061,2061,2061,42579,104,2061,2061,2061,2061,2061,2061,2061,2061,2061,103,104,2061,2061,2061,2061,2061,2061,2061,2061,2061,42579,42413,41541,42579,42579,2061,2061,2061,2061,2061,2061,2061,2061,2061,102,103],"DecorIndices":[],"DecorIds":[],"BlockEntities":{"1051648":"!<d@[F*Q^F!!!$&E,TfC&c_n3!<d@[F*bCt!!!0/@VfsmCI<#NAJAZqH\"19'@psG\"/SK9D@;^!tA2+0\"FE1f-F(o`1Df/*aF`MOsAS-#az!:[`*'Pq3!F@0_Q@r\"AP<,ZkeCd_]WF!ld-8ZJd[5QC","1052672":"!<d@[F*Q^F!!!$&E,TfC&c_n3!<d@[F*bFu!!!0/@VfsmCI<#NAHu^]F`__:EWlSfH#R='E+s-\"/U(c7E,TVM\":&scFCB9&=9&=$!!EUFATMNNDJ*csi9`0_\":&scFCB9&=o\\O&!!rsADes6$@ru9m!!!","1049601":"!<d@[F*QaG!!!$&E,TfC&c_n3!<d@[F*b=r!!!0/@VfsmCI<#NAIrBmH\"19'@psG\"/Snj9B4V/YFE1f-F(o`1Df/*aF`MOsAS-#az!:[`*'Pq3!F@0_Q@r\"AP<,ZkeCd_]WF!ld-8ZJd[5QC","1052673":"!<d@[F*QaG!!!$&E,TfC&c_n3!<d@[F*bFu!!!0/@VfsmCI<#NAHu^]F`__:EWlSfH#R='E+s-\"/U(c7E,TVR\":&scFCB9&=9&=$!!EUFATMNNDJ*csjNA<(\":&scFCB9&=o\\O&!!rsADes6$@ru9m!!!","1048578":"!<d@[F*QdH!!!$&E,TfC&c_n3!<d@[F*b:q!!!0/@VfsmCI<#NAHu^]F`__:EWlSfH#R='E+s-\"/U(c7E,TVQ\":&scFCB9&=9&=$!!EUFATMNNDJ*csgCME@\":&scFCB9&=o\\O&!!rsADes6$@ru9m!!!","1052674":"!<d@[F*QdH!!!$&E,TfC&c_n3!<d@[F*bFu!!!0/@VfsmCI<#NAJAZqH\"19'@psG\"/SK9D@;^!tA246#FE1f-F(o`1Df/*aF`MOsAS-#az!:[`*'Pq3!F@0_Q@r\"AP<,ZkeCd_]WF!ld-8ZJd[5QC","1049603":"!<d@[F*QgI!!!$&E,TfC&c_n3!<d@[F*b=r!!!0/@VfsmCI<#NAJAZqH\"19'@psG\"/SK9D@;^!tA2+0\"FE1f-F(o`1Df/*aF`MOsAS-#az!:[`*'Pq3!F@0_Q@r\"AP<,ZkeCd_]WF!ld-8ZJd[5QC","1055747":"!<d@[F*QgI!!!$&E,TfC&c_n3!<d@[F*bP#!!!0/@VfsmCI<#NAJAZqH\"19'@psG\"/SK9D@;^!tA246#FE1f-F(o`1Df/*aF`MOsAS-#az!:[`*'Pq3!F@0_Q@r\"AP<,ZkeCd_]WF!ld-8ZJd[5QC","1050628":"!<d@[F*QjJ!!!$&E,TfC&c_n3!<d@[F*b@s!!!0/@VfsmCI<#NAHu^]F`__:EWlSfH#R='E+s-\"/U(c7E,TVK\":&scFCB9&=9&=$!!EUFATMNNDJ*csgCME?\":&scFCB9&=o\\O&!!rsADes6$@ru9m!!!","1051652":"!<d@[F*QjJ!!!$&E,TfC&c_n3!<d@[F*bCt!!!0/@VfsmCI<#NAI<O\"F`(tHARTY%\"po!]G%GQ5DfU+(#'\"^#Dfg%5!!!!'\"`nKuFE7Zf0`V4S!!'5'!!!$\"!!!$&F('6'!<<*\"\"pT-j@:O(,#6f0j@:O'Q!<<*\"`W,u=!<<*\"!!EL9BOPdgAH2]Q5l_)nF*(i#CG?%tF*(i#CB+A8!!'t<!!!$\"!!!!%#%M=TDI[5X!5Li\"\"pT-j@:O(.#6f0j@:O'Q!<<*\"_>jQ9!<<*\"!!EL9BOPdgAH2]Q5l_)nF*(i#CGQ2!F*(i#CB+A8!!'n:!!!$\"!!!!%#%M=TDI[5X!.[<7\"pT-j@:O(0#6f0j@:O'Q!<<*\"^An66!<<*\"!!EL9BOPdgAH2]15l^li!AjcW!!!#'!!!!\"!!!!\"\"ES!pAH;c2!!WXKFCAZp0F%c&FCAZp!!*'\"!6,!=!!*'\"!!!-+@q]:g@q>W?+@,u3#'4lp@r!e(\"`nco@qu&F!!!#<!!!!\"z\"9r@L@;]Rd!!'f\"!!WXKFCAZp1'[u(FCAZp!!*'\"!5\\^9!!*'\"!!!-+@q]:g@q>W?+@,u3#'4lp@r!k*\"`nco@qu&F!!!#:!!!!\"z\"9r@L@;]Rd!!%O7!!WXKFCAZp1^=2*FCAZp!!*'\"!5AL6!!*'\"!!!-+@q]:g@q>W?!'pSb#6?a`!<<*\"YQ+Y'!<<*\"!<dIPG%C[S!!!3-F*(i#CG5tsF*(i#CB+A8!!)j!!!!$\"!!!!%#%M=TDI[5X!6@G+\"pT-j@:O(-#6f0j@:O'Q!<<*\"1'dj[!<<*\"\":8RVDIdI'Bl@mEIs+!U\"9r@L@;]Rd!!&ZW!!WXKFCAZp1'[u(FCAZpz!,i#@!!*'\"!!!-+@q]:g@q>W?i'78H#'4lp@r!k*\"`nco@qu&F!!!#L!WW3&z\"9r@L@;]Rd!!'f\"!!WXKFCAZp1^=2*FCAZp!!*'\"!\"8l.!!WE'!!!-+@q]:g@q>W?0L5[C#'4lp@r!q,\"`nco@qu&F!!!!Q!rr<%z\"9r@L@;]Rd!!'f\"!!WXKFCAZp2?sD,FCAZp!!*'\"!7h2O!!*'\"!!!-+@q]:g@q>W?i'78H#'4lp@r\"\".\"`nco@qu&F!!!!&!rr<%z\"9r@L@;]Rd!!%O7!!WXKFCAZp3!TV.FCAZp!!*'\"!!WN*!!*'\"!!!-+@q]:g@q>W?J3X)7#6?gb!<<*\"YQ+Y'!<<*\"!<dIPG%C[S!!!3-F*(i#CG5tsF*(i#CB+>7!!#rp!!!$\"!!!0*FEqh:*F`r*CNF0#Cj'B205P';B4WZ(Df9DC@r-()ARkcD#%M=TDI[5X!2)RW\"pT-j@:O(-#6f0j@:O'Qz;l0Np!<<*\"\"U&pmE+L\"uDf9E4BOu\"'ATKM@@<-!l/RiX:CFsL>Ch5=$\"9r@L@;]Rd!!&ZW!!WXKFCAZp1'[u(FCAZpz!)o`p!!*'\"!!NLIH#R=7@W-1#F(f-$G%G_JCgh?sAM%A0DegqDBl%?9!!EL9BOPdgAH2_'5QCumF*(i#CGQ2!F*(i#CB+>7!!#rp!!!$\"!!!0*FEqh:*+Ei)CNF0#Cj'B205P';B4WZ(Df9DCE+s-\"1B7O^@q]:g@q>W?TKiJ]#'4lp@r!n+\"`nco@qu&E!!!!tV>pSs!!!!&\"E\\p.AJJZmDejE-AScO$F\"_!@Dej<+Ch5=$\"9r@L@;]Rd!!&ZW!!WXKFCAZp2$X;+FCAZpz!)o`p!!*'\"!!NLIH#R=0@W-1#F(f-$G%G_J@W-1#E+s-\"1&qF]@q]:g@q>W?TKiJ]#'4lp@r!t-\"`nco@qu&E!!!!tV>pSs!!!!&\"E\\p.AK##rDejE-AScO$F\"_!@Dej<+Ch52,B4YU.!!EL9BOPdgAH2_'5QCumF*(i#CGuJ%F*(i#CB+>7!!#rp!!!$\"!!!0*FEqh:'k2*\"CNF0#Cj'B204Jj<CN+!(AMX;h#%M=TDI[5X!2)RW\"pT-j@:O(4#6f0j@:O'Qz;l0Np!<<*\"\"U&pmE+KbnDf9E4BOu\"'ATKM6Df9E1Bl%?;!!EL9BOPdgAH2_'5QCumF*(i#CH2V'F*(i#CB+>7!!#rp!!!$\"!!!0*FEqh:)IdW'CNF0#Cj'B204Jj<CN+!(AM%>'ARmOr\"9r@L@;]Rd!!&ZW!!!6*0eiY/!!!\"d%0-A/z#6HV9!!*'\"!3cG'!!*'\"!!*4D@<Q2_!!!!'#'4lp@r!b'\"`nco@qu&E!!!!tV>pSs!!!!&\"E\\p.AK>5uDejE-AScO$F\"_?<EbAr8@W-1#/RrU8F(Jk^\"9r@L@;]Rd!!&ZW!!WXKFCAZp0a@l'FCAZpz!)o`p!!*'\"!!NLIH#R=7@W-1#F(f-$G%G_JCgh?sAM%A0DegqDBl%?8!!EL9BOPdgAH2_'5QCumF*(i#CGH+uF*(i#CB+>7!!#rp!!!$\"!!!0*FEqh:*+Ei)CNF0#Cj'B205P';B4WZ(Df9DCE+s-\"1&qF]@q]:g@q>W?TKiJ]#'4lp@r!k*\"`nco@qu&E!!!!tV>pSs!!!!&\"E\\p.AK5/tDejE-AScO$F\"_?<EbAr8@W-1#/T>E?AMX;h#%M=TDI[5X!2)RW\"pT-j@:O(0#6f0j@:O'Qz;l0Np!<<*\"\"U&pmE+KbnDf9E4BOu\"'ATKM6Df9E1Bl%?8!!EL9BOPdgAH2_'5QCumF*(i#CGc>#F*(i#CB+>7!!#rp!!!$\"!!!0*FEqh:'k2*\"CNF0#Cj'B204Jj<CN+!(AMO5g#%M=TDI[5X!2)RW\"pT-j@:O(2#6f0j@:O'Qz;l0Np!<<*\"\"U&pmE+KqsDf9E4BOu\"'ATKM6Df9E1Bl%?4@:s.^0`V=\\@q]:g@q>W?TKiJ]#'4lp@r\"\".\"`nco@qu&E!!!!tV>pSs!!!!&\"E\\p.AJJZmDejE-AScO$F\"_!@Dej<+Ch5C&\"9r@L@;]Rd!!&ZW!!WXKFCAZp3!TV.FCAZpz!)o`p!!*'\"!!NLIH#R=0@W-1#F(f-$G%G_J@W-1#E+s-\"1]RX_@q]:g@q>W?TKiJ]#'4lp@r\"(0\"`nco@qu&E!!!!tV>pSs!!!!&\"E\\p.AK##rDejE-AScO$F\"_!@Dej<+Ch52,B4YU/!!EL9BOPdgAH2_'5QCch!\\lP4!<<*\"YQ+Y'!<<*\"!<dIPG%C[S!!!3-F*(i#CG5tsF*(i#CB+A8!!)j!!!!$\"!!!!%#%M=TDI[5X!6@G+\"pT-j@:O(-#6f0j@:O'Q!<<*\"1'dj[!<<*\"\":8RVDIdI'Bl@mEIs+!U\"9r@L@;]Rd!!&ZW!!WXKFCAZp1'[u(FCAZpz!,i#@!!*'\"!!!-+@q]:g@q>W?i'78H#'4lp@r!k*\"`nco@qu&F!!!#L!WW3&z\"9r@L@;]Rd!!'f\"!!WXKFCAZp1^=2*FCAZp!!*'\"!\"8l.!!WE'!!!-+@q]:g@q>W?0L5[C#'4lp@r!q,\"`nco@qu&F!!!!Q!rr<%z\"9r@L@;]Rd!!'f\"!!WXKFCAZp2?sD,FCAZp!!*'\"!7h2O!!*'\"!!!-+@q]:g@q>W?i'78H#'4lp@r\"\".\"`nco@qu&F!!!!&!rr<%z\"9r@L@;]Rd!!%O7!!WXKFCAZp3!TV.FCAZp!!*'\"!!WN*!!*'\"!!!-+@q]:g@q>W?J3X)7#6HV<!!*'\"!5SX8!!*'\"z\"Uo!]E^FS\\@r\"GMA7Z*iEcl88/S/@3F9MehH#R=%@rH1\"@;p:!A248oD.Rd%6#L=OA_Ra;^An","1054724":"!<d@[F*QjJ!!!$&E,TfC&c_n3!<d@[F*bM\"!!!0/@VfsmCI<#NAHu^]F`__:EWlSfH#R='E+s-\"/U(c7E,TVO\":&scFCB9&=9&=$!!EUFATMNNDJ*csi9`25\":&scFCB9&=o\\O&!!rsADes6$@ru9m!!!","1055748":"!<d@[F*QjJ!!!$&E,TfC&c_n3!<d@[F*bP#!!!0/@VfsmCI<#NAHu^]F`__:EWlSfH#R='E+s-\"/U(c7E,TVQ\":&scFCB9&=9&=$!!EUFATMNNDJ*csgCHlk\":&scFCB9&=o\\O&!!rsADes6$@ru9m!!!","1052677":"!<d@[F*QmK!!!$&E,TfC&c_n3!<d@[F*bFu!!!0/@VfsmCI<#NAIrBmH\"19'@psG\"/Snj9B4V/YFE1f-F(o`1Df/*aF`MOsAS-#az!:[`*'Pq3!F@0_Q@r\"AP<,ZkeCd_]WF!ld-8ZJd[5QC","1054725":"!<d@[F*QmK!!!$&E,TfC&c_n3!<d@[F*bM\"!!!0/@VfsmCI<#NAJAZqH\"19'@psG\"/SK9D@;^!tA2+0\"FE1f-F(o`1Df/*aF`MOsAS-#az!:[`*'Pq3!F@0_Q@r\"AP<,ZkeCd_]WF!ld-8ZJd[5QC"},"Entities":[],"ReplaceMode":2}