{"GameVersion":"1.18.0-pre.5","SizeX":6,"SizeY":2,"SizeZ":5,"BlockCodes":{"2061":"game:soil-medium-normal","42579":"game:clutter","1272":"game:metalpartpile-large-east","42370":"game:crate"},"ItemCodes":{"677":"game:gear-rusty"},"Indices":[0,1024,2048,3072,4096,1048576,1,1025,2049,3073,4097,1049601,1050625,1052673,2,1026,2050,3074,4098,1048578,1049602,1051650,1052674,3,1027,2051,3075,4099,1050627,1051651,1052675,4,1028,2052,3076,4100,1048580,1050628,1051652,1052676,5,1029,2053,3077,4101,1052677],"BlockIds":[2061,2061,2061,2061,2061,42579,2061,2061,2061,2061,2061,42579,42579,42579,2061,2061,2061,2061,2061,42579,42579,42579,42579,2061,2061,2061,2061,2061,42579,42579,1272,2061,2061,2061,2061,2061,42579,42579,42579,42370,2061,2061,2061,2061,2061,42579],"DecorIndices":[],"DecorIds":[],"BlockEntities":{"1048576":"!<d@[F*QdH!!!$&E,TfC&c_n3!<d@[F*bh+!!!0/@VfsmCI<#NAHu^]F`__:EWlSfH#R=&Ci<g+F*'!GF_kjs#BFa)@<?'_z\":8pVF(djWB5D/6%nStg#BFa)@<?'az#mk*[Ci!ZmFCet_!!","1049601":"!<d@[F*QgI!!!$&E,TfC&c_n3!<d@[F*bk,!!!0/@VfsmCI<#NAHu^]F`__:EWlSfH#R=&Ci<g+F*'!CDe++r#BFa)@<?'_z\":8pVF(djWB5D/6&';Qh#BFa)@<?'az#mk*[Ci!ZmFCet_!!","1050625":"!<d@[F*QgI!!!$&E,TfC&c_n3!<d@[F*bn-!!!0/@VfsmCI<#NAHu^]F`__:EWlSfH#R=&Ci<g+F*'!M@;Trd#BFa)@<?'_z\":8pVF(djWB5D/;m4Z6X#BFa)@<?'az#mk*[Ci!ZmFCet_!!","1052673":"!<d@[F*QgI!!!$&E,TfC&c_n3!<d@[F*bt/!!!0/@VfsmCI<#NAHu^]F`__:EWlSfH#R=%@V'@l/TYlFDIiqUEc6&.FCePS!!!!%$#O6pBL-NKCh;?3ah@l_Ec6&.FCeVU!!!!*$\"ImiCh7*uARkc@","1048578":"!<d@[F*QjJ!!!$&E,TfC&c_n3!<d@[F*bh+!!!0/@VfsmCI<#NAHu^]F`__:EWlSfH#R=#FDl)6/TY?E\":&scFCB9&=9&=$!!EUFATMNNDJ*csjNEiR\":&scFCB9&=o\\O&!!rsADes6$@ru9m!!!","1049602":"!<d@[F*QjJ!!!$&E,TfC&c_n3!<d@[F*bk,!!!0/@VfsmCI<#NAHu^]F`__:EWlSfH#R=(Ci<g+F*'!MBl.=#1'@i&DffE0AQSp4!!!-.D.Rd%6#L=OA`2r/5Qh=4DffE0AQf'6!!!<3@rH1\"ARfgnA,lT","1051650":"!<d@[F*QjJ!!!$&E,TfC&c_n3!<d@[F*bq.!!!0/@VfsmCI<#NAHu^]F`__:EWlSfH#R=&Ci<g+F*'!GF_kjs#BFa)@<?'_z\":8pVF(djWB5D/6&';Ng#BFa)@<?'az#mk*[Ci!ZmFCet_!!","1052674":"!<d@[F*QjJ!!!$&E,TfC&c_n3!<d@[F*bt/!!!0/@VfsmCI<#NAHu^]F`__:EWlSfH#R=1@rc\"\"AM7P6@<?'4Cgh?sAM%Y>DJK@[Ec6&.FCePS!!!!%$#O6pBL-NKCh3SH!!!-,Ec6&.FCeVU!!!!*$\"ImiCh7*uARkc@","1050627":"!<d@[F*QmK!!!$&E,TfC&c_n3!<d@[F*bn-!!!0/@VfsmCI<#NAHu^]F`__:EWlSfH#R=%@V'@l/T>-=FE7QiEc6&.FCePS!!!!%$#O6pBL-NKCh;\\N(-i!-Ec6&.FCeVU!!!!*$\"ImiCh7*uARkc@","1051651":"!<d@[F*QmK!!!$&E,TfC&c_n3!<d@[F*bq.!!!0/@VfsmCI<#NAHu^]F`__:EWlSfH#R=(Ci<g+F*'!MBl.=#0a%`%DffE0AQSp4!!!-.D.Rd%6#L=OA`2r/^]Xm_DffE0AQf'6!!!<3@rH1\"ARfgnA,lT","1048580":"!<d@[F*QpL!!!$&E,TfC&c_n3!<d@[F*bh+!!!0/@VfsmCI<#NAHu^]F`__:EWlSfH#R=&Ci<g+F*'!M@;Trd#BFa)@<?'_z\":8pVF(djWB5D/-;u=<4#BFa)@<?'az#mk*[Ci!ZmFCet_!!","1050628":"!<d@[F*QpL!!!$&E,TfC&c_n3!<d@[F*bn-!!!0/@VfsmCI<#NAHu^]F`__:EWlSfH#R=%@V'@l/TYlFDIiqUEc6&.FCePS!!!!%$#O6pBL-NKCh;\\N(-i!-Ec6&.FCeVU!!!!*$\"ImiCh7*uARkc@","1051652":"!<d@[F*QpL!!!$&E,TfC&c_n3!<d@[F*bq.!!!0/@VfsmCI<#NAHu^]F`__:EWlSfH#R=1@rc\"\"AM7P6@<?'4Cgh?sAM%Y>DJK@[Ec6&.FCePS!!!!%$#O6pBL-NKCh;?38O*C`Ec6&.FCeVU!!!!*$\"ImiCh7*uARkc@","1052676":"!<d@[F*QpL!!!$&E,TfC&c_n3!<d@[F*bt/!!!0/@VfsmCI<#NAHcRa@<?&b$#+:#ASuU.Ed7ZiEH>r7FE7un!!!3,F)5c:EsD_\"!!*'\"!2T_s!!`K(z\"Uo!]E^FS\\@r\"GMA7YpSEaa'$\"U/^N@V'?bE+*]sE\\1g5An>k$AH`3YH#R=$GAhD1/R`:'A-<3UATMNNDJ*csgCMCj!=EXO@V'@CDes?4z\"UJpYA5dSYFCbYdCi=B+A-WHX@:Eea;flGXCB4D","1052677":"!<d@[F*QsM!!!$&E,TfC&c_n3!<d@[F*bt/!!!0/@VfsmCI<#NAHu^]F`__:EWlSfH#R='Ci<g+F*'!Q@<-I2\":&scFCB9&=9&=$!!EUFATMNNDJ*csgCMCj\":&scFCB9&=o\\O&!!rsADes6$@ru9m!!!"},"Entities":[],"ReplaceMode":2}