{"GameVersion":"1.18.0-pre.3","SizeX":5,"SizeY":1,"SizeZ":11,"BlockCodes":{"42386":"game:planks-aged-ud","42579":"game:clutter","6322":"game:planks-aged-ns","7122":"game:spiderweb"},"ItemCodes":{},"Indices":[3072,4096,5120,6144,7168,1025,2049,3073,7169,8193,2,1026,2050,8194,9218,3,1027,7171,9219,10243,4,1028,2052,3076,4100,5124,6148,7172,8196,9220,10244],"BlockIds":[42386,42386,42386,42386,42386,42579,6322,42386,42386,42386,42579,42579,42386,42579,42386,42386,42386,42579,42386,42386,42386,7122,7122,7122,7122,7122,7122,7122,7122,7122,42386],"DecorIndices":[],"DecorIds":[],"BlockEntities":{"1025":"!<d@[F*Q=;!!!$&E,TfC&c_n3!<d@[F*bJ!!!!0/@VfsmCI<#NAHu^]F`__:EWlSfH#R='Ecki#Ch52BDf9/C\":&scFCB9&=9&=$!!EUFATMNNDJ*csgCME?\":&scFCB9&=o\\O&!!rsADes6$@ru9m!!!","2":"!<d@[F*Q@<!!!$&E,TfC&c_n3!<d@[F*bFu!!!0/@VfsmCI<#NAHu^]F`__:EWlSfH#R='Ecki#Ch52BDf9/C\":&scFCB9&=9&=$!!EUFATMNNDJ*csi9`25\":&scFCB9&=o\\O&!!rsADes6$@ru9m!!!","1026":"!<d@[F*Q@<!!!$&E,TfC&c_n3!<d@[F*bJ!!!!0/@VfsmCI<#NAHu^]F`__:EWlSfH#R='Ecki#Ch52BDf9/C\":&scFCB9&=9&=$!!EUFATMNNDJ*csgCHlj\":&scFCB9&=o\\O&!!rsADes6$@ru9m!!!","8194":"!<d@[F*Q@<!!!$&E,TfC&c_n3!<d@[F*b_(!!!0/@VfsmCI<#NAHu^]F`__:EWlSfH#R='Ecki#Ch52BDf9/C\":&scFCB9&=9&=$!!EUFATMNNDJ*csjNA=S\":&scFCB9&=o\\O&!!rsADes6$@ru9m!!!","7171":"!<d@[F*QC=!!!$&E,TfC&c_n3!<d@[F*b\\'!!!0/@VfsmCI<#NAHu^]F`__:EWlSfH#R='Ecki#Ch52BDf9/C\":&scFCB9&=9&=$!!EUFATMNNDJ*csgCME@\":&scFCB9&=o\\O&!!rsADes6$@ru9m!!!"},"Entities":[],"ReplaceMode":2}