{"GameVersion":"1.18.0-pre.3","SizeX":2,"SizeY":1,"SizeZ":9,"BlockCodes":{"72003":"game:metalblock-corroded-riveted-brass","72001":"game:metalblock-corroded-plain-brass","42579":"game:clutter","71965":"game:jonas-lamp","1273":"game:metalpartpile-large-south","4137":"game:looseores-nativecopper-granite-free","1275":"game:metalpartpile-tiny","7115":"game:groundstorage","1278":"game:metalpartpile-large"},"ItemCodes":{"812":"game:metalplate-brass"},"Indices":[0,1024,2048,3072,4096,5120,6144,7168,8192,2049,5121,6145,7169,8193],"BlockIds":[72003,72001,42579,42579,42579,71965,42579,1273,72003,4137,4137,1275,7115,1278],"DecorIndices":[],"DecorIds":[],"BlockEntities":{"2048":"!<d@[F*Q=;!!!$&E,TfC&c_n3!<d@[F*b.m!!!0/@VfsmCI<#NAHu^]F`__:EWlSfH#R=/E+s9&/Tt]GH#e%KFCeu7BIuYS\":&scFCB9&=9&=$!!EUFATMNNDJ*csgCMCj\":&scFCB9&=o\\O&!!rsADes6$@ru9m!!!","3072":"!<d@[F*Q=;!!!$&E,TfC&c_n3!<d@[F*b1n!!!0/@VfsmCI<#NAHu^]F`__:EWlSfH#R=6E+s9&/Tt]GH#e%KFCeu7BIuYS?Xe%oCLqAd#BFa)@<?'_z\":8pVF(djWB5D/6&'7$=#BFa)@<?'az#mk*[Ci!ZmFCet_!!","4096":"!<d@[F*Q=;!!!$&E,TfC&c_n3!<d@[F*b4o!!!0/@VfsmCI<#NAHu^]F`__:EWlSfH#R=2E+s9&/Tt]GH#e%KFCeu7FtIfSE(*h2#BFa)@<?'_z\":8pVF(djWB5D/6&'7$=#BFa)@<?'az#mk*[Ci!ZmFCet_!!","5120":"!<d@[F*Q=;!!!$&E,TfC&c_n3!<d@[F*b7p!!!0/@VfsmCI<#NAI<0jDIIT<Cgh1\"\"U&pmE+L,-BkM+$F)Q2A@q@<3DD,gKD.tS@BlIW8BJ\"%/D/]U_Ec6&.FCePS!!!!%$#O6pBL-NKCh;?3aZfn5Ec6&.FCeVU!!!!*$\"ImiCh7*uARkcE$Z9NtGAhM;6Z6LH!!!","6144":"!<d@[F*Q=;!!!$&E,TfC&c_n3!<d@[F*b:q!!!0/@VfsmCI<#NAHu^]F`__:EWlSfH#R=4E+s9&/Tt]GH#e%KFCeu7BJ!\\6Deip%1B[r'DffE0AQSp4!!!-.D.Rd%6#L=OA_Ra;^B=d^DffE0AQf'6!!!<3@rH1\"ARfgnA,lT","7169":"!<d@[F*Q@<!!!$&E,TfC&c_n3!<d@[F*b=r!!!0/@VfsmCI<#NAIW9mDfor.F*)>@@:s-U$#+:#ASuU.Ed7ZiEH>r7FE7Qb!!!3,F)5c:EsD_\"!!*'\"!%\\3P!!*'\"z#n^cfEarZZFDl2.B4Xn[DfBat\":8pVF(djWB5D/6&'7$:$=S$u@:Nt?@:NjKz"},"Entities":[],"ReplaceMode":2}