{"GameVersion":"1.18.0-pre.5","SizeX":7,"SizeY":2,"SizeZ":7,"BlockCodes":{"2061":"game:soil-medium-normal","42579":"game:clutter","1273":"game:metalpartpile-large-south","2056":"game:soil-medium-sparse","71965":"game:jonas-lamp","1277":"game:metalpartpile-medium","1276":"game:metalpartpile-small","1275":"game:metalpartpile-tiny","1278":"game:metalpartpile-large"},"ItemCodes":{},"Indices":[0,1024,2048,3072,4096,5120,6144,1050624,1,1025,2049,3073,4097,5121,6145,1049601,1050625,2,1026,2050,3074,4098,5122,6146,1048578,1049602,1050626,1051650,1052674,1053698,1054722,3,1027,2051,3075,4099,5123,6147,1050627,4,1028,2052,3076,4100,5124,6148,1050628,1051652,1052676,5,1029,2053,3077,4101,5125,6149,1049605,1050629,1054725,6,1030,2054,3078,4102,5126,6150,1048582,1049606,1050630,1051654,1052678,1053702,1054726],"BlockIds":[2061,2061,2061,2061,2061,2061,2061,42579,2061,2061,2061,2061,2061,2061,2061,1273,42579,2061,2056,2061,2061,2056,2061,2061,42579,71965,42579,42579,42579,71965,42579,2061,2061,2061,2061,2061,2061,2061,42579,2061,2061,2061,2061,2061,2061,2061,71965,1277,1276,2056,2061,2061,2061,2061,2061,2061,1275,42579,1278,2061,2056,2061,2061,2061,2061,2061,42579,71965,42579,42579,42579,71965,42579],"DecorIndices":[],"DecorIds":[],"BlockEntities":{"1050624":"!<d@[F*Q79!!!$&E,TfC&c_n3!<d@[F*c77!!!0/@VfsmCI<#NAHu^]F`__:EWlSfH#R=4E+s9&/Tt]GH#e%KFCeu7BJ!\\6Deip%0a%`%DffE0AQSp4!!!-.D.Rd%6#L=OA_R_e5Qh=4DffE0AQf'6!!!<3@rH1\"ARfgnA,lT","1050625":"!<d@[F*Q::!!!$&E,TfC&c_n3!<d@[F*c77!!!0/@VfsmCI<#NAHu^]F`__:EWlSfH#R=4E+s9&/Tt]GH#e%KFCeu7BJ!\\6Deip%1B[r'DffE0AQSp4!!!-.D.Rd%6#L=OAH2]1!!EOIDffE0AQf'6!!!<3@rH1\"ARfgnA,lT","1048578":"!<d@[F*Q=;!!!$&E,TfC&c_n3!<d@[F*c15!!!0/@VfsmCI<#NAHu^]F`__:EWlSfH#R=4E+s9&/Tt]GH#e%KFCeu7BJ!\\6Deip%1B[r'DffE0AQSp4!!!-.D.Rd%6#L=OA_Ra;56M43DffE0AQf'6!!!<3@rH1\"ARfgnA,lT","1049602":"!<d@[F*Q=;!!!$&E,TfC&c_n3!<d@[F*c46!!!0/@VfsmCI<#NAI<0jDIIT<Cgh1\"\"U&pmE+L,-BkM+$F)Q2A@q@<3DD,gKD.tS@BlIW8BJ\"%/D/]U_Ec6&.FCePS!!!!%$#O6pBL-NKCh;?3aZfn5Ec6&.FCeVU!!!!*$\"ImiCh7*uARkcE$Z9NtGAhM;6Z6LH!!!","1050626":"!<d@[F*Q=;!!!$&E,TfC&c_n3!<d@[F*c77!!!0/@VfsmCI<#NAHu^]F`__:EWlSfH#R=/E+s9&/Tt]GH#e%KFCeu7BIuYS\":&scFCB9&=9&=$!!EUFATMNNDJ*csgCMCj\":&scFCB9&=o\\O&!!rsADes6$@ru9m!!!","1051650":"!<d@[F*Q=;!!!$&E,TfC&c_n3!<d@[F*c:8!!!0/@VfsmCI<#NAHu^]F`__:EWlSfH#R=/E+s9&/Tt]GH#e%KFCeu7BIuYS\":&scFCB9&=9&=$!!EUFATMNNDJ*csgCMCj\":&scFCB9&=o\\O&!!rsADes6$@ru9m!!!","1052674":"!<d@[F*Q=;!!!$&E,TfC&c_n3!<d@[F*c=9!!!0/@VfsmCI<#NAHu^]F`__:EWlSfH#R=/E+s9&/Tt]GH#e%KFCeu7BIuYS\":&scFCB9&=9&=$!!EUFATMNNDJ*csgCMCj\":&scFCB9&=o\\O&!!rsADes6$@ru9m!!!","1053698":"!<d@[F*Q=;!!!$&E,TfC&c_n3!<d@[F*c@:!!!0/@VfsmCI<#NAI<0jDIIT<Cgh1\"\"U&pmE+L,-BkM+$F)Q2A@q@<3DD,gKD.tS@BlIW8BJ\"%/D/]U_Ec6&.FCePS!!!!%$#O6pBL-NKCh;?3aZfn5Ec6&.FCeVU!!!!*$\"ImiCh7*uARkcE$Z9NtGAhM;6Z6LH!!!","1054722":"!<d@[F*Q=;!!!$&E,TfC&c_n3!<d@[F*cC;!!!0/@VfsmCI<#NAHu^]F`__:EWlSfH#R=4E+s9&/Tt]GH#e%KFCeu7BJ!\\6Deip%0a%`%DffE0AQSp4!!!-.D.Rd%6#L=OA_Ra;^B=d^DffE0AQf'6!!!<3@rH1\"ARfgnA,lT","1050627":"!<d@[F*Q@<!!!$&E,TfC&c_n3!<d@[F*c77!!!0/@VfsmCI<#NAHu^]F`__:EWlSfH#R=4E+s9&/Tt]GH#e%KFCeu7BJ!\\6Deip%1B[r'DffE0AQSp4!!!-.D.Rd%6#L=OA_R_e^]Xm_DffE0AQf'6!!!<3@rH1\"ARfgnA,lT","1050628":"!<d@[F*QC=!!!$&E,TfC&c_n3!<d@[F*c77!!!0/@VfsmCI<#NAI<0jDIIT<Cgh1\"\"U&pmE+L,-BkM+$F)Q2A@q@<3DD,gKD.tS@BlIW8BJ\"%/D/]U_Ec6&.FCePS!!!!%$#O6pBL-NKCh3SH!!!-,Ec6&.FCeVU!!!!*$\"ImiCh7*uARkcE$Z9NtGAhM;6Z6LH!!!","1050629":"!<d@[F*QF>!!!$&E,TfC&c_n3!<d@[F*c77!!!0/@VfsmCI<#NAHu^]F`__:EWlSfH#R=4E+s9&/Tt]GH#e%KFCeu7BJ!\\6Deip%1B[r'DffE0AQSp4!!!-.D.Rd%6#L=OAH2]1!!EOIDffE0AQf'6!!!<3@rH1\"ARfgnA,lT","1048582":"!<d@[F*QI?!!!$&E,TfC&c_n3!<d@[F*c15!!!0/@VfsmCI<#NAHu^]F`__:EWlSfH#R=4E+s9&/Tt]GH#e%KFCeu7BJ!\\6Deip%1B[r'DffE0AQSp4!!!-.D.Rd%6#L=OA_Ra;56M43DffE0AQf'6!!!<3@rH1\"ARfgnA,lT","1049606":"!<d@[F*QI?!!!$&E,TfC&c_n3!<d@[F*c46!!!0/@VfsmCI<#NAI<0jDIIT<Cgh1\"\"U&pmE+L,-BkM+$F)Q2A@q@<3DD,gKD.tS@BlIW8BJ\"%/D/]U_Ec6&.FCePS!!!!%$#O6pBL-NKCh;?3ahIr`Ec6&.FCeVU!!!!*$\"ImiCh7*uARkcE$Z9NtGAhM;6Z6LH!!!","1050630":"!<d@[F*QI?!!!$&E,TfC&c_n3!<d@[F*c77!!!0/@VfsmCI<#NAHu^]F`__:EWlSfH#R=/E+s9&/Tt]GH#e%KFCeu7BIuYS\":&scFCB9&=9&=$!!EUFATMNNDJ*csgCMCj\":&scFCB9&=o\\O&!!rsADes6$@ru9m!!!","1051654":"!<d@[F*QI?!!!$&E,TfC&c_n3!<d@[F*c:8!!!0/@VfsmCI<#NAHu^]F`__:EWlSfH#R=/E+s9&/Tt]GH#e%KFCeu7BIuYS\":&scFCB9&=9&=$!!EUFATMNNDJ*csgCME@\":&scFCB9&=o\\O&!!rsADes6$@ru9m!!!","1052678":"!<d@[F*QI?!!!$&E,TfC&c_n3!<d@[F*c=9!!!0/@VfsmCI<#NAHu^]F`__:EWlSfH#R=/E+s9&/Tt]GH#e%KFCeu7BIuYS\":&scFCB9&=9&=$!!EUFATMNNDJ*csgCME@\":&scFCB9&=o\\O&!!rsADes6$@ru9m!!!","1053702":"!<d@[F*QI?!!!$&E,TfC&c_n3!<d@[F*c@:!!!0/@VfsmCI<#NAI<0jDIIT<Cgh1\"\"U&pmE+L,-BkM+$F)Q2A@q@<3DD,gKD.tS@BlIW8BJ\"%/D/]U_Ec6&.FCePS!!!!%$#O6pBL-NKCh;?3ahIr`Ec6&.FCeVU!!!!*$\"ImiCh7*uARkcE$Z9NtGAhM;6Z6LH!!!","1054726":"!<d@[F*QI?!!!$&E,TfC&c_n3!<d@[F*cC;!!!0/@VfsmCI<#NAHu^]F`__:EWlSfH#R=4E+s9&/Tt]GH#e%KFCeu7BJ!\\6Deip%1'@i&DffE0AQSp4!!!-.D.Rd%6#L=OA_Ra;^B=d^DffE0AQf'6!!!<3@rH1\"ARfgnA,lT"},"Entities":[],"ReplaceMode":2}