{"GameVersion":"1.18.0-pre.3","SizeX":3,"SizeY":4,"SizeZ":8,"BlockCodes":{"42579":"game:clutter","6400":"game:plankslab-aged-down-free","2747":"game:quartzslab-east-free","6348":"game:plankslab-aged-east-free"},"ItemCodes":{},"Indices":[5120,7168,1,1025,2049,3073,4097,7169,1048577,1049601,1050625,1051649,1052673,2099201,3147777,3148801,3149825,1026,5122,6146],"BlockIds":[42579,6400,42579,2747,2747,2747,42579,42579,2747,2747,2747,2747,2747,2747,6348,6348,6348,42579,6400,42579],"DecorIndices":[],"DecorIds":[],"BlockEntities":{"5120":"!<d@[F*Q79!!!$&E,TfC&c_n3!<d@[F*d-P!!!0/@VfsmCI<#NAHu^]F`__:EWlSfH#R='Ecki#Ch52BDf9/A\":&scFCB9&=9&=$!!EUFATMNNDJ*csz\":&scFCB9&=o\\O&!!rsADes6$@ru9m!!!","1":"!<d@[F*Q::!!!$&E,TfC&c_n3!<d@[F*csK!!!0/@VfsmCI<#NAHu^]F`__:EWlSfH#R='Ecki#Ch52BDf9/C\":&scFCB9&=9&=$!!EUFATMNNDJ*csdSp$-\":&scFCB9&=o\\O&!!rsADes6$@ru9m!!!","4097":"!<d@[F*Q::!!!$&E,TfC&c_n3!<d@[F*d*O!!!0/@VfsmCI<#NAHu^]F`__:EWlSfH#R='Ecki#Ch52BDf9/@\":&scFCB9&=9&=$!!EUFATMNNDJ*csjNEk(\":&scFCB9&=o\\O&!!rsADes6$@ru9m!!!","7169":"!<d@[F*Q::!!!$&E,TfC&c_n3!<d@[F*d3R!!!0/@VfsmCI<#NAHu^]F`__:EWlSfH#R='Ecki#Ch52BDf9/C\":&scFCB9&=9&=$!!EUFATMNNDJ*csz\":&scFCB9&=o\\O&!!rsADes6$@ru9m!!!","1026":"!<d@[F*Q=;!!!$&E,TfC&c_n3!<d@[F*d!L!!!0/@VfsmCI<#NAHu^]F`__:EWlSfH#R='Ecki#Ch52BDf9/A\":&scFCB9&=9&=$!!EUFATMNNDJ*csgCHk@\":&scFCB9&=o\\O&!!rsADes6$@ru9m!!!","6146":"!<d@[F*Q=;!!!$&E,TfC&c_n3!<d@[F*d0Q!!!0/@VfsmCI<#NAHu^]F`__:EWlSfH#R='Ecki#Ch52BDf9/B\":&scFCB9&=9&=$!!EUFATMNNDJ*csz\":&scFCB9&=o\\O&!!rsADes6$@ru9m!!!"},"Entities":[],"ReplaceMode":2}