{
	"editor": {
		"allAngles": false,
		"entityTextureMode": true
	},
	"textureWidth": 16,
	"textureHeight": 16,
	"textureSizes": {
	},
	"textures": {
	},
	"elements": [
		{
			"name": "core",
			"from": [ 4.0, 0.0, 4.0 ], 
			"to": [ 4.0, 0.0, 4.0 ], 
			"uv": [ 12.0, 0.0 ],
			"rotationOrigin": [ 8.0, 8.0, 8.0 ],
			"faces": {
				"north": { "texture": "#case", "uv": [ 12.0, 0.5, 12.5, 1.0 ] },
				"east": { "texture": "#case", "uv": [ 12.5, 0.5, 13.0, 1.0 ] },
				"south": { "texture": "#case", "uv": [ 13.0, 0.5, 13.5, 1.0 ] },
				"west": { "texture": "#case", "uv": [ 13.5, 0.5, 14.0, 1.0 ] },
				"up": { "texture": "#case", "uv": [ 12.0, 0.0, 12.5, 0.5 ] },
				"down": { "texture": "#case", "uv": [ 12.5, 0.0, 13.0, 0.5 ] }
			},
			"children": [
				{
					"name": "circle1",
					"from": [ 0.0, 7.5, 3.0 ], 
					"to": [ 0.0, 7.5, 3.0 ], 
					"uv": [ 12.0, 0.0 ],
					"rotationOrigin": [ 4.0, 8.0, 4.0 ],
					"faces": {
						"north": { "texture": "#case", "uv": [ 12.0, 0.5, 12.5, 1.0 ] },
						"east": { "texture": "#case", "uv": [ 12.5, 0.5, 13.0, 1.0 ] },
						"south": { "texture": "#case", "uv": [ 13.0, 0.5, 13.5, 1.0 ] },
						"west": { "texture": "#case", "uv": [ 13.5, 0.5, 14.0, 1.0 ] },
						"up": { "texture": "#case", "uv": [ 12.0, 0.0, 12.5, 0.5 ] },
						"down": { "texture": "#case", "uv": [ 12.5, 0.0, 13.0, 0.5 ] }
					},
					"children": [
						{
							"name": "Cube1",
							"from": [ 2.0, 0.001, -3.9 ], 
							"to": [ 6.0, 1.001, -2.9 ], 
							"uv": [ -0.25, 4.0 ],
							"rotationOrigin": [ 4.0, 0.0, 1.0 ],
							"faces": {
								"north": { "texture": "#case", "uv": [ 0.0, 5.0, 4.0, 6.0 ] },
								"east": { "texture": "#case", "uv": [ 4.0, 5.0, 5.0, 6.0 ], "rotation": 270 },
								"south": { "texture": "#case", "uv": [ 5.0, 5.0, 9.0, 6.0 ], "rotation": 180 },
								"west": { "texture": "#case", "uv": [ 9.0, 5.0, 10.0, 6.0 ], "rotation": 90 },
								"up": { "texture": "#case", "uv": [ 0.0, 4.0, 4.0, 5.0 ], "rotation": 180 },
								"down": { "texture": "#case", "uv": [ 4.0, 4.0, 8.0, 5.0 ] }
							}
						},
						{
							"name": "Cube5",
							"from": [ 2.0, 0.0, -3.9 ], 
							"to": [ 6.0, 1.0, -2.9 ], 
							"uv": [ 0.0, 4.0 ],
							"rotationOrigin": [ 4.0, 0.0, 1.0 ],
							"rotationY": -45.0,
							"faces": {
								"north": { "texture": "#case", "uv": [ 0.0, 5.0, 4.0, 6.0 ] },
								"east": { "texture": "#case", "uv": [ 4.0, 5.0, 5.0, 6.0 ], "rotation": 270 },
								"south": { "texture": "#case", "uv": [ 5.0, 5.0, 9.0, 6.0 ], "rotation": 180 },
								"west": { "texture": "#case", "uv": [ 9.0, 5.0, 10.0, 6.0 ], "rotation": 90 },
								"up": { "texture": "#case", "uv": [ 0.0, 4.0, 4.0, 5.0 ], "rotation": 180 },
								"down": { "texture": "#case", "uv": [ 4.0, 4.0, 8.0, 5.0 ] }
							}
						},
						{
							"name": "Cube6",
							"from": [ 2.0, 0.001, -3.9 ], 
							"to": [ 6.0, 1.001, -2.9 ], 
							"uv": [ 0.0, 4.0 ],
							"rotationOrigin": [ 4.0, 0.0, 1.0 ],
							"rotationY": -90.0,
							"faces": {
								"north": { "texture": "#case", "uv": [ 0.0, 5.0, 4.0, 6.0 ] },
								"east": { "texture": "#case", "uv": [ 4.0, 5.0, 5.0, 6.0 ], "rotation": 90 },
								"south": { "texture": "#case", "uv": [ 5.0, 5.0, 9.0, 6.0 ], "rotation": 180 },
								"west": { "texture": "#case", "uv": [ 9.0, 5.0, 10.0, 6.0 ], "rotation": 270 },
								"up": { "texture": "#case", "uv": [ 0.0, 4.0, 4.0, 5.0 ] },
								"down": { "texture": "#case", "uv": [ 4.0, 4.0, 8.0, 5.0 ] }
							}
						},
						{
							"name": "Cube7",
							"from": [ 2.0, 0.0, -3.9 ], 
							"to": [ 6.0, 1.0, -2.9 ], 
							"uv": [ 0.0, 4.0 ],
							"rotationOrigin": [ 4.0, 0.0, 1.0 ],
							"rotationY": -135.0,
							"faces": {
								"north": { "texture": "#case", "uv": [ 0.0, 5.0, 4.0, 6.0 ] },
								"east": { "texture": "#case", "uv": [ 4.0, 5.0, 5.0, 6.0 ], "rotation": 270 },
								"south": { "texture": "#case", "uv": [ 5.0, 5.0, 9.0, 6.0 ], "rotation": 180 },
								"west": { "texture": "#case", "uv": [ 9.0, 5.0, 10.0, 6.0 ], "rotation": 90 },
								"up": { "texture": "#case", "uv": [ 0.0, 4.0, 4.0, 5.0 ], "rotation": 180 },
								"down": { "texture": "#case", "uv": [ 4.0, 4.0, 8.0, 5.0 ] }
							}
						},
						{
							"name": "Cube8",
							"from": [ 2.0, 0.001, -3.9 ], 
							"to": [ 6.0, 1.001, -2.9 ], 
							"uv": [ 0.0, 4.0 ],
							"rotationOrigin": [ 4.0, 0.0, 1.0 ],
							"rotationY": -180.0,
							"faces": {
								"north": { "texture": "#case", "uv": [ 0.0, 5.0, 4.0, 6.0 ] },
								"east": { "texture": "#case", "uv": [ 4.0, 5.0, 5.0, 6.0 ], "rotation": 270 },
								"south": { "texture": "#case", "uv": [ 5.0, 5.0, 9.0, 6.0 ], "rotation": 180 },
								"west": { "texture": "#case", "uv": [ 9.0, 5.0, 10.0, 6.0 ], "rotation": 90 },
								"up": { "texture": "#case", "uv": [ 0.0, 4.0, 4.0, 5.0 ], "rotation": 180 },
								"down": { "texture": "#case", "uv": [ 4.0, 4.0, 8.0, 5.0 ] }
							}
						},
						{
							"name": "Cube9",
							"from": [ 2.0, 0.0, -3.9 ], 
							"to": [ 6.0, 1.0, -2.9 ], 
							"uv": [ 0.0, 4.0 ],
							"rotationOrigin": [ 4.0, 0.0, 1.0 ],
							"rotationY": 135.0,
							"faces": {
								"north": { "texture": "#case", "uv": [ 0.0, 5.0, 4.0, 6.0 ] },
								"east": { "texture": "#case", "uv": [ 4.0, 5.0, 5.0, 6.0 ] },
								"south": { "texture": "#case", "uv": [ 5.0, 5.0, 9.0, 6.0 ] },
								"west": { "texture": "#case", "uv": [ 9.0, 5.0, 10.0, 6.0 ] },
								"up": { "texture": "#case", "uv": [ 0.0, 4.0, 4.0, 5.0 ] },
								"down": { "texture": "#case", "uv": [ 4.0, 4.0, 8.0, 5.0 ] }
							}
						},
						{
							"name": "Cube10",
							"from": [ 2.0, 0.001, -3.9 ], 
							"to": [ 6.0, 1.001, -2.9 ], 
							"uv": [ 0.0, 4.0 ],
							"rotationOrigin": [ 4.0, 0.0, 1.0 ],
							"rotationY": 90.0,
							"faces": {
								"north": { "texture": "#case", "uv": [ 0.0, 5.0, 4.0, 6.0 ] },
								"east": { "texture": "#case", "uv": [ 4.0, 5.0, 5.0, 6.0 ] },
								"south": { "texture": "#case", "uv": [ 5.0, 5.0, 9.0, 6.0 ] },
								"west": { "texture": "#case", "uv": [ 9.0, 5.0, 10.0, 6.0 ] },
								"up": { "texture": "#case", "uv": [ 0.0, 4.0, 4.0, 5.0 ] },
								"down": { "texture": "#case", "uv": [ 4.0, 4.0, 8.0, 5.0 ] }
							}
						},
						{
							"name": "Cube11",
							"from": [ 2.0, 0.0, -3.9 ], 
							"to": [ 6.0, 1.0, -2.9 ], 
							"uv": [ 0.0, 4.0 ],
							"rotationOrigin": [ 4.0, 0.0, 1.0 ],
							"rotationY": 45.0,
							"faces": {
								"north": { "texture": "#case", "uv": [ 0.0, 5.0, 4.0, 6.0 ] },
								"east": { "texture": "#case", "uv": [ 4.0, 5.0, 5.0, 6.0 ] },
								"south": { "texture": "#case", "uv": [ 5.0, 5.0, 9.0, 6.0 ] },
								"west": { "texture": "#case", "uv": [ 9.0, 5.0, 10.0, 6.0 ] },
								"up": { "texture": "#case", "uv": [ 0.0, 4.0, 4.0, 5.0 ] },
								"down": { "texture": "#case", "uv": [ 4.0, 4.0, 8.0, 5.0 ] }
							}
						}
					]
				}
			]
		}
	]}