{
	"editor": {
		"allAngles": false,
		"entityTextureMode": true
	},
	"textureWidth": 16,
	"textureHeight": 16,
	"textureSizes": {
	},
	"textures": {
	},
	"elements": [
		{
			"name": "core",
			"from": [ 4.0, 0.0, 4.0 ], 
			"to": [ 4.0, 0.0, 4.0 ], 
			"uv": [ 12.0, 0.0 ],
			"rotationOrigin": [ 8.0, 8.0, 8.0 ],
			"faces": {
				"north": { "texture": "#case", "uv": [ 12.0, 0.5, 12.5, 1.0 ] },
				"east": { "texture": "#case", "uv": [ 12.5, 0.5, 13.0, 1.0 ] },
				"south": { "texture": "#case", "uv": [ 13.0, 0.5, 13.5, 1.0 ] },
				"west": { "texture": "#case", "uv": [ 13.5, 0.5, 14.0, 1.0 ] },
				"up": { "texture": "#case", "uv": [ 12.0, 0.0, 12.5, 0.5 ] },
				"down": { "texture": "#case", "uv": [ 12.5, 0.0, 13.0, 0.5 ] }
			},
			"children": [
				{
					"name": "circle3",
					"from": [ 0.0, 7.52, 3.0 ], 
					"to": [ 0.0, 7.52, 3.0 ], 
					"uv": [ 12.0, 0.0 ],
					"rotationOrigin": [ 4.0, 8.0, 4.0 ],
					"faces": {
						"north": { "texture": "#case", "uv": [ 12.0, 0.5, 12.5, 1.0 ] },
						"east": { "texture": "#case", "uv": [ 12.5, 0.5, 13.0, 1.0 ] },
						"south": { "texture": "#case", "uv": [ 13.0, 0.5, 13.5, 1.0 ] },
						"west": { "texture": "#case", "uv": [ 13.5, 0.5, 14.0, 1.0 ] },
						"up": { "texture": "#case", "uv": [ 12.0, 0.0, 12.5, 0.5 ] },
						"down": { "texture": "#case", "uv": [ 12.5, 0.0, 13.0, 0.5 ] }
					},
					"children": [
						{
							"name": "Cube13",
							"from": [ 1.0, 0.001, -6.2 ], 
							"to": [ 7.0, 1.001, -5.2 ], 
							"uv": [ 0.0, 0.0 ],
							"rotationOrigin": [ 4.0, 0.0, 1.0 ],
							"faces": {
								"north": { "texture": "#case", "uv": [ 0.0, 1.0, 6.0, 2.0 ] },
								"east": { "texture": "#case", "uv": [ 6.0, 1.0, 7.0, 2.0 ] },
								"south": { "texture": "#case", "uv": [ 7.0, 1.0, 13.0, 2.0 ] },
								"west": { "texture": "#case", "uv": [ 13.0, 1.0, 14.0, 2.0 ] },
								"up": { "texture": "#case", "uv": [ 0.0, 0.0, 6.0, 1.0 ] },
								"down": { "texture": "#case", "uv": [ 6.0, 0.0, 12.0, 1.0 ] }
							}
						},
						{
							"name": "Cube14",
							"from": [ 1.0, 0.0, -6.2 ], 
							"to": [ 7.0, 1.0, -5.2 ], 
							"uv": [ 0.0, 0.0 ],
							"rotationOrigin": [ 4.0, 0.0, 1.0 ],
							"rotationY": -45.0,
							"faces": {
								"north": { "texture": "#case", "uv": [ 0.0, 1.0, 6.0, 2.0 ] },
								"east": { "texture": "#case", "uv": [ 6.0, 1.0, 7.0, 2.0 ] },
								"south": { "texture": "#case", "uv": [ 7.0, 1.0, 13.0, 2.0 ] },
								"west": { "texture": "#case", "uv": [ 13.0, 1.0, 14.0, 2.0 ] },
								"up": { "texture": "#case", "uv": [ 0.0, 0.0, 6.0, 1.0 ] },
								"down": { "texture": "#case", "uv": [ 6.0, 0.0, 12.0, 1.0 ] }
							}
						},
						{
							"name": "Cube15",
							"from": [ 1.0, 0.001, -6.2 ], 
							"to": [ 7.0, 1.001, -5.2 ], 
							"uv": [ 0.0, 0.0 ],
							"rotationOrigin": [ 4.0, 0.0, 1.0 ],
							"rotationY": -90.0,
							"faces": {
								"north": { "texture": "#case", "uv": [ 0.0, 1.0, 6.0, 2.0 ] },
								"east": { "texture": "#case", "uv": [ 6.0, 1.0, 7.0, 2.0 ] },
								"south": { "texture": "#case", "uv": [ 7.0, 1.0, 13.0, 2.0 ] },
								"west": { "texture": "#case", "uv": [ 13.0, 1.0, 14.0, 2.0 ] },
								"up": { "texture": "#case", "uv": [ 0.0, 0.0, 6.0, 1.0 ] },
								"down": { "texture": "#case", "uv": [ 6.0, 0.0, 12.0, 1.0 ] }
							}
						},
						{
							"name": "Cube16",
							"from": [ 1.0, 0.0, -6.2 ], 
							"to": [ 7.0, 1.0, -5.2 ], 
							"uv": [ 0.0, 0.0 ],
							"rotationOrigin": [ 4.0, 0.0, 1.0 ],
							"rotationY": -135.0,
							"faces": {
								"north": { "texture": "#case", "uv": [ 0.0, 1.0, 6.0, 2.0 ] },
								"east": { "texture": "#case", "uv": [ 6.0, 1.0, 7.0, 2.0 ] },
								"south": { "texture": "#case", "uv": [ 7.0, 1.0, 13.0, 2.0 ] },
								"west": { "texture": "#case", "uv": [ 13.0, 1.0, 14.0, 2.0 ] },
								"up": { "texture": "#case", "uv": [ 0.0, 0.0, 6.0, 1.0 ] },
								"down": { "texture": "#case", "uv": [ 6.0, 0.0, 12.0, 1.0 ] }
							}
						},
						{
							"name": "Cube17",
							"from": [ 1.0, 0.001, -6.2 ], 
							"to": [ 7.0, 1.001, -5.2 ], 
							"uv": [ 0.0, 0.0 ],
							"rotationOrigin": [ 4.0, 0.0, 1.0 ],
							"rotationY": -180.0,
							"faces": {
								"north": { "texture": "#case", "uv": [ 0.0, 1.0, 6.0, 2.0 ] },
								"east": { "texture": "#case", "uv": [ 6.0, 1.0, 7.0, 2.0 ] },
								"south": { "texture": "#case", "uv": [ 7.0, 1.0, 13.0, 2.0 ] },
								"west": { "texture": "#case", "uv": [ 13.0, 1.0, 14.0, 2.0 ] },
								"up": { "texture": "#case", "uv": [ 0.0, 0.0, 6.0, 1.0 ] },
								"down": { "texture": "#case", "uv": [ 6.0, 0.0, 12.0, 1.0 ] }
							}
						},
						{
							"name": "Cube18",
							"from": [ 1.0, 0.0, -6.2 ], 
							"to": [ 7.0, 1.0, -5.2 ], 
							"uv": [ 0.0, 0.0 ],
							"rotationOrigin": [ 4.0, 0.0, 1.0 ],
							"rotationY": 135.0,
							"faces": {
								"north": { "texture": "#case", "uv": [ 0.0, 1.0, 6.0, 2.0 ] },
								"east": { "texture": "#case", "uv": [ 6.0, 1.0, 7.0, 2.0 ] },
								"south": { "texture": "#case", "uv": [ 7.0, 1.0, 13.0, 2.0 ] },
								"west": { "texture": "#case", "uv": [ 13.0, 1.0, 14.0, 2.0 ] },
								"up": { "texture": "#case", "uv": [ 0.0, 0.0, 6.0, 1.0 ] },
								"down": { "texture": "#case", "uv": [ 6.0, 0.0, 12.0, 1.0 ] }
							}
						},
						{
							"name": "Cube19",
							"from": [ 1.0, 0.001, -6.2 ], 
							"to": [ 7.0, 1.001, -5.2 ], 
							"uv": [ 0.0, 0.0 ],
							"rotationOrigin": [ 4.0, 0.0, 1.0 ],
							"rotationY": 90.0,
							"faces": {
								"north": { "texture": "#case", "uv": [ 0.0, 1.0, 6.0, 2.0 ] },
								"east": { "texture": "#case", "uv": [ 6.0, 1.0, 7.0, 2.0 ] },
								"south": { "texture": "#case", "uv": [ 7.0, 1.0, 13.0, 2.0 ] },
								"west": { "texture": "#case", "uv": [ 13.0, 1.0, 14.0, 2.0 ] },
								"up": { "texture": "#case", "uv": [ 0.0, 0.0, 6.0, 1.0 ] },
								"down": { "texture": "#case", "uv": [ 6.0, 0.0, 12.0, 1.0 ] }
							}
						},
						{
							"name": "Cube20",
							"from": [ 1.0, 0.0, -6.2 ], 
							"to": [ 7.0, 1.0, -5.2 ], 
							"uv": [ 0.0, 0.0 ],
							"rotationOrigin": [ 4.0, 0.0, 1.0 ],
							"rotationY": 45.0,
							"faces": {
								"north": { "texture": "#case", "uv": [ 0.0, 1.0, 6.0, 2.0 ] },
								"east": { "texture": "#case", "uv": [ 6.0, 1.0, 7.0, 2.0 ] },
								"south": { "texture": "#case", "uv": [ 7.0, 1.0, 13.0, 2.0 ] },
								"west": { "texture": "#case", "uv": [ 13.0, 1.0, 14.0, 2.0 ] },
								"up": { "texture": "#case", "uv": [ 0.0, 0.0, 6.0, 1.0 ] },
								"down": { "texture": "#case", "uv": [ 6.0, 0.0, 12.0, 1.0 ] }
							}
						}
					]
				}
			]
		}
	]}