{"GameVersion":"1.18.1","SizeX":1,"SizeY":5,"SizeZ":1,"BlockCodes":{"9241":"game:meta-underground","3164":"game:soil-verylow-normal","8801":"game:chest-east","9234":"game:clutter"},"ItemCodes":{"347":"game:stackrandomizer-fuel","367":"game:stackrandomizer-clayproducts","357":"game:stackrandomizer-gear","1734":"game:firestarter","1781":"game:knife-generic-boneobsidian","353":"game:stackrandomizer-resource"},"Indices":[0,1048576,2097152,3145728,4194304],"BlockIds":[9241,3164,8801,9241,9234],"DecorIndices":[],"DecorIds":[],"BlockEntities":{"2097152":"!<d@[F*Kmq#64c-E,TfC\"TSN&!<d@[F*cEa#64o6@VfsmCI<#NAI;p\\ATMrFARTY%\"po!]G%GQ5DfU+(#'\"^#Dfg%+!!!!'\"`nKuFE7Zf0E;+R!!$4(!!!$\"!!!!(!AOQT!!!\";!<<*#!!!!%$Zp</@;J;E@;]Rd!!!!`!!`N[!!*'\"!+c02!!*'\"!!!6)1B7FU!!$p<!!!$\"!!!-0FDl80CdVlEDI[5X!!#4`#6?X]!<<*\"`WcDC!<<*\"!!`N^!!*'\"!;-Nr!!*'\"!!!6)2?3aX!!$F.!!!$\"!!!-0FDl80CdVlEDI[5X!.[65#6?a`!<<*\"@0$?.!<<*\"\":K<iFCAuQBOPdgAH2^\\4obQ_\"Uo!]E^FS\\@r\"GMA7Z*XBOu7,/S/@3F9MehH#R=%@rH1\"@;p:!A2+2nD.Rd%6#L=OAH2]1!!!","4194304":"!<d@[F*Kmq#64c-E,TfC#64`(!<d@[F*cEa#64o6@VfsmCI<#NAHu^]F`__:EWlSfH#R='B6%F(ATMs3DIkCT\":&scFCB9&=9&=$!!EUFATMNNDJ*csz\":&scFCB9&=o\\O&!!rsADes6$@ru9m!!!"},"Entities":[],"ReplaceMode":2,"EntranceRotation":-1}