{"GameVersion":"1.18.1","SizeX":1,"SizeY":5,"SizeZ":1,"BlockCodes":{"8955":"game:pan-wooden","9241":"game:meta-underground","3149":"game:soil-verylow-none","8801":"game:chest-east","9234":"game:clutter"},"ItemCodes":{"346":"game:stackrandomizer-ore","357":"game:stackrandomizer-gear","338":"game:stackrandomizer-accessory-lowstatus"},"Indices":[0,1048576,2097152,3145728,4194304],"BlockIds":[9241,3149,8801,9241,9234],"DecorIndices":[],"DecorIds":[],"BlockEntities":{"2097152":"!<d@[F*Kmq#64c-E,TfC\"TSN&!<d@[F*dB'#64o6@VfsmCI<#NAI;p\\ATMrFARTY%\"po!]G%GQ5DfU+(#'\"^#Dfg%+!!!!'\"`nKuFE7Zf0E;+R!!$1'!!!$\"!!!-0FDl80CdVlEDI[5X!!#4`#6?OZ!<<*\"=oeU'!<<*\"\":K<iFCAuQBOPdgAH2]156(oh1&q=T!!$R2!!!$\"!!!!(!Aa]V!!!!s!<<*#z#6?^_zq]Z\"?!<<*\"!!!!&$taEu6>URMCI<#NAI;p\\ATMrFARTY%\"U&pmE+KAdDes5uE-#T$0a%f\"ATMNNDJ*csz!!","4194304":"!<d@[F*Kmq#64c-E,TfC#64`(!<d@[F*dB'#64o6@VfsmCI<#NAHu^]F`__:EWlSfH#R='B6%F(ATMs3DIkCT\":&scFCB9&=9&=$!!EUFATMNNDJ*csz\":&scFCB9&=o\\O&!!rsADes6$@ru9m!!!"},"Entities":[],"ReplaceMode":2,"EntranceRotation":-1}