{"GameVersion":"1.18.1","SizeX":1,"SizeY":5,"SizeZ":1,"BlockCodes":{"8955":"game:pan-wooden","9241":"game:meta-underground","3154":"game:soil-verylow-verysparse","8801":"game:chest-east","9234":"game:clutter"},"ItemCodes":{"338":"game:stackrandomizer-accessory-lowstatus","346":"game:stackrandomizer-ore","353":"game:stackrandomizer-resource","357":"game:stackrandomizer-gear"},"Indices":[0,1048576,2097152,3145728,4194304],"BlockIds":[9241,3154,8801,9241,9234],"DecorIndices":[],"DecorIds":[],"BlockEntities":{"2097152":"!<d@[F*Kmq#64c-E,TfC\"TSN&!<d@[F*dW.#64o6@VfsmCI<#NAI;p\\ATMrFARTY%\"po!]G%GQ5DfU+(#'\"^#Dfg%+!!!!'\"`nKuFE7Zf0`V4S!!#mt!!!$\"!!!!(!AXWU!!!\"&!<<*#!!!!%$Zp</@;J;E@;]Rd!!!!`!!`N\\!!*'\"!+>m.!!*'\"!!E[ODffE(6YKnG@q>W?J3Er<!AjcW!!!\"-!<<*#!!!!%$Zp</@;J;E@;]Rd!!%O5!!`N^!!*'\"!*TC'!!*'\"!!E[ODffE(6YKnG@q>W?!'^Gg!B'oX!!!#r+ohTDz#6?a`!<<*\"AH;c2!<<*\"!!!!&$taEu6>URMCI<#NAI;p\\ATMrFARTY%\"U&pmE+KAdDes5uE-#T$0a%f\"ATMNNDJ*csz!!","4194304":"!<d@[F*Kmq#64c-E,TfC#64`(!<d@[F*dW.#64o6@VfsmCI<#NAHu^]F`__:EWlSfH#R='B6%F(ATMs3DIkCT\":&scFCB9&=9&=$!!EUFATMNNDJ*csz\":&scFCB9&=o\\O&!!rsADes6$@ru9m!!!"},"Entities":[],"ReplaceMode":2,"EntranceRotation":-1}