{
	"editor": {
		"allAngles": true,
		"entityTextureMode": true
	},
	"textureWidth": 32,
	"textureHeight": 16,
	"textureSizes": {
	},
	"textures": {
		"discus1": "entity/water/discus/discus1"
	},
	"elements": [
		{
			"name": "origin",
			"from": [ 8.0, 0.0, 8.0 ], 
			"to": [ 8.0, 0.0, 8.0 ], 
			"uv": [ 999.0, 999.0 ],
			"rotationOrigin": [ 8.0, 0.0, 8.0 ],
			"faces": {
				"north": { "texture": "#null", "uv": [ 0.0, 0.0, 0.5, 0.5 ], "enabled": false },
				"east": { "texture": "#null", "uv": [ 0.0, 0.0, 0.5, 0.5 ], "enabled": false },
				"south": { "texture": "#null", "uv": [ 0.0, 0.0, 0.5, 0.5 ], "enabled": false },
				"west": { "texture": "#null", "uv": [ 0.0, 0.0, 0.5, 0.5 ], "enabled": false },
				"up": { "texture": "#null", "uv": [ 0.0, 0.0, 0.5, 0.5 ], "enabled": false },
				"down": { "texture": "#null", "uv": [ 0.0, 0.0, 0.5, 0.5 ], "enabled": false }
			},
			"children": [
				{
					"name": "Head",
					"from": [ -2.5, 1.6, -0.7 ], 
					"to": [ 0.4, 4.6, 0.7 ], 
					"unwrapMode": 7,
					"unwrapRotation": 1,
					"uv": [ 0.0, 0.0 ],
					"rotationOrigin": [ -1.0, 3.1, -0.1 ],
					"rotationZ": 45.0,
					"faces": {
						"north": { "texture": "#discus1", "uv": [ 4.0, 3.0, 7.0, 5.75 ], "rotation": 90 },
						"east": { "texture": "#discus1", "uv": [ 3.0, 5.75, 4.0, 8.75 ] },
						"south": { "texture": "#discus1", "uv": [ 0.0, 3.0, 3.0, 5.75 ], "rotation": 270 },
						"west": { "texture": "#discus1", "uv": [ 3.0, 0.0, 4.0, 3.0 ], "rotation": 180 },
						"up": { "texture": "#discus1", "uv": [ 3.0, 3.0, 4.0, 5.75 ], "rotation": 270 },
						"down": { "texture": "#discus1", "uv": [ 7.0, 3.0, 8.0, 5.75 ], "rotation": 90 }
					},
					"children": [
						{
							"name": "Jaw",
							"from": [ -0.2, 1.1, 0.4 ], 
							"to": [ 0.3, 2.6, 1.1 ], 
							"unwrapMode": 7,
							"unwrapRotation": 1,
							"uv": [ 0.0, 7.5 ],
							"rotationOrigin": [ 0.3, 1.1, 1.0 ],
							"rotationZ": 20.0,
							"faces": {
								"north": { "texture": "#discus1", "uv": [ 2.0, 9.0, 3.5, 9.5 ], "rotation": 90 },
								"east": { "texture": "#discus1", "uv": [ 1.5, 9.5, 2.0, 11.0 ] },
								"south": { "texture": "#discus1", "uv": [ 0.0, 9.0, 1.5, 9.5 ], "rotation": 270 },
								"west": { "texture": "#discus1", "uv": [ 1.5, 7.5, 2.0, 9.0 ], "rotation": 180 },
								"up": { "texture": "#discus1", "uv": [ 1.5, 9.0, 2.0, 9.5 ], "rotation": 270 },
								"down": { "texture": "#discus1", "uv": [ 3.5, 9.0, 4.0, 9.5 ], "rotation": 90 }
							}
						},
						{
							"name": "Eye",
							"from": [ 1.0, 2.0, -0.1 ], 
							"to": [ 1.5, 2.5, 1.5 ], 
							"autoUnwrap": false,
							"uv": [ 14.0, 4.25 ],
							"rotationOrigin": [ 1.0, 2.0, -0.1 ],
							"faces": {
								"north": { "texture": "#discus1", "uv": [ 7.0, 5.75, 7.5, 6.25 ] },
								"east": { "texture": "#discus1", "uv": [ 5.5, 6.25, 7.0, 6.75 ] },
								"south": { "texture": "#discus1", "uv": [ 6.5, 5.75, 7.0, 6.25 ] },
								"west": { "texture": "#discus1", "uv": [ 5.5, 5.75, 7.0, 6.25 ] },
								"up": { "texture": "#discus1", "uv": [ 7.0, 5.25, 7.5, 6.75 ] },
								"down": { "texture": "#discus1", "uv": [ 7.0, 5.25, 7.5, 6.75 ] }
							}
						},
						{
							"name": "Butt",
							"from": [ 1.0586, -0.1, 0.1 ], 
							"to": [ 4.0586, 3.1, 1.3 ], 
							"unwrapMode": 7,
							"unwrapRotation": 1,
							"uv": [ 14.0, 7.25 ],
							"rotationOrigin": [ 1.3586, 1.5, 0.6 ],
							"rotationZ": -45.0,
							"faces": {
								"north": { "texture": "#discus1", "uv": [ 18.0, 7.25, 21.0, 10.25 ], "rotation": 90 },
								"east": { "texture": "#discus1", "uv": [ 17.0, 10.25, 18.0, 13.25 ] },
								"south": { "texture": "#discus1", "uv": [ 14.0, 7.25, 17.0, 10.25 ], "rotation": 270 },
								"west": { "texture": "#discus1", "uv": [ 17.0, 7.25, 18.0, 10.25 ], "rotation": 180, "enabled": false },
								"up": { "texture": "#discus1", "uv": [ 17.0, 7.25, 18.0, 10.25 ], "rotation": 270 },
								"down": { "texture": "#discus1", "uv": [ 21.0, 7.25, 22.0, 10.25 ], "rotation": 90 }
							},
							"children": [
								{
									"name": "Tail",
									"from": [ 2.0, 0.4, 0.1 ], 
									"to": [ 4.0, 2.8, 1.1 ], 
									"unwrapMode": 7,
									"unwrapRotation": 1,
									"uv": [ 9.0, 9.25 ],
									"rotationOrigin": [ 3.0, 1.6, 0.7 ],
									"faces": {
										"north": { "texture": "#discus1", "uv": [ 12.0, 9.25, 14.0, 11.25 ], "rotation": 90 },
										"east": { "texture": "#discus1", "uv": [ 11.0, 11.25, 12.0, 13.5 ] },
										"south": { "texture": "#discus1", "uv": [ 9.0, 9.25, 11.0, 11.25 ], "rotation": 270 },
										"west": { "texture": "#discus1", "uv": [ 11.0, 9.25, 12.0, 11.5 ], "rotation": 180, "enabled": false },
										"up": { "texture": "#discus1", "uv": [ 11.0, 9.25, 12.0, 11.25 ], "rotation": 270 },
										"down": { "texture": "#discus1", "uv": [ 14.0, 9.25, 15.0, 11.25 ], "rotation": 90 }
									},
									"children": [
										{
											"name": "TailFin",
											"from": [ 1.0, -0.8, 0.5 ], 
											"to": [ 4.0, 2.2, 0.5 ], 
											"uv": [ 22.0, 8.25 ],
											"rotationOrigin": [ 3.0, 1.2, 0.5 ],
											"rotationZ": -45.0,
											"faces": {
												"north": { "texture": "#discus1", "uv": [ 22.0, 8.25, 25.0, 11.25 ] },
												"east": { "texture": "#discus1", "uv": [ 0.0, 0.0, 0.5, 4.0 ], "enabled": false },
												"south": { "texture": "#discus1", "uv": [ 0.0, 0.0, 4.0, 4.0 ], "enabled": false },
												"west": { "texture": "#discus1", "uv": [ 0.0, 0.0, 0.5, 4.0 ], "enabled": false },
												"up": { "texture": "#discus1", "uv": [ 0.0, 0.0, 4.0, 0.5 ], "enabled": false },
												"down": { "texture": "#discus1", "uv": [ 0.0, 0.0, 4.0, 0.5 ], "enabled": false }
											}
										}
									]
								},
								{
									"name": "BackFin",
									"from": [ 1.5, 1.8, 0.6 ], 
									"to": [ 3.7, 3.8, 0.6 ], 
									"uv": [ 2.5, 9.5 ],
									"rotationOrigin": [ 1.5, 1.7, 0.7 ],
									"rotationZ": 50.0,
									"faces": {
										"north": { "texture": "#discus1", "uv": [ 2.5, 9.5, 4.5, 11.5 ] },
										"east": { "texture": "#discus1", "uv": [ 0.0, 0.0, 0.5, 1.0 ], "enabled": false },
										"south": { "texture": "#discus1", "uv": [ 0.0, 0.0, 1.0, 1.0 ], "enabled": false },
										"west": { "texture": "#discus1", "uv": [ 0.0, 0.0, 0.5, 1.0 ], "enabled": false },
										"up": { "texture": "#discus1", "uv": [ 0.0, 0.0, 1.0, 0.5 ], "enabled": false },
										"down": { "texture": "#discus1", "uv": [ 0.0, 0.0, 1.0, 0.5 ], "enabled": false }
									}
								},
								{
									"name": "FinVentral",
									"from": [ 0.5, 0.1, 0.6 ], 
									"to": [ 2.5, 2.3, 0.6 ], 
									"uv": [ 6.0, 6.75 ],
									"rotationOrigin": [ 0.0, 0.6, 0.6 ],
									"rotationZ": -36.0,
									"faces": {
										"north": { "texture": "#discus1", "uv": [ 6.0, 6.75, 8.0, 8.75 ] },
										"east": { "texture": "#discus1", "uv": [ 0.0, 0.0, 0.5, 1.0 ], "enabled": false },
										"south": { "texture": "#discus1", "uv": [ 0.0, 0.0, 2.0, 1.0 ], "enabled": false },
										"west": { "texture": "#discus1", "uv": [ 0.0, 0.0, 0.5, 1.0 ], "enabled": false },
										"up": { "texture": "#discus1", "uv": [ 0.0, 0.0, 2.0, 0.5 ], "enabled": false },
										"down": { "texture": "#discus1", "uv": [ 0.0, 0.0, 2.0, 0.5 ], "enabled": false }
									}
								},
								{
									"name": "FinRight",
									"from": [ 0.7, 1.0, 0.6 ], 
									"to": [ 2.7, 2.4, 0.6 ], 
									"uv": [ 25.0, 11.25 ],
									"rotationOrigin": [ 0.7, 1.7, 0.6 ],
									"rotationY": 36.0,
									"rotationZ": -3.0,
									"faces": {
										"north": { "texture": "#discus1", "uv": [ 25.0, 11.25, 27.0, 12.5 ] },
										"east": { "texture": "#discus1", "uv": [ 0.0, 0.0, 0.5, 1.0 ], "enabled": false },
										"south": { "texture": "#discus1", "uv": [ 0.0, 0.0, 2.0, 1.0 ], "enabled": false },
										"west": { "texture": "#discus1", "uv": [ 0.0, 0.0, 0.5, 1.0 ], "enabled": false },
										"up": { "texture": "#discus1", "uv": [ 0.0, 0.0, 2.0, 0.5 ], "enabled": false },
										"down": { "texture": "#discus1", "uv": [ 0.0, 0.0, 2.0, 0.5 ], "enabled": false }
									}
								},
								{
									"name": "FinLeft",
									"from": [ 0.7, 1.0, 0.6 ], 
									"to": [ 2.7, 2.4, 0.6 ], 
									"uv": [ 27.0, 11.25 ],
									"rotationOrigin": [ 0.7, 1.7, 0.6 ],
									"rotationY": -36.0,
									"rotationZ": 3.0,
									"faces": {
										"north": { "texture": "#discus1", "uv": [ 27.0, 11.25, 29.0, 12.5 ] },
										"east": { "texture": "#discus1", "uv": [ 0.0, 0.0, 0.5, 1.0 ], "enabled": false },
										"south": { "texture": "#discus1", "uv": [ 0.0, 0.0, 2.0, 1.0 ], "enabled": false },
										"west": { "texture": "#discus1", "uv": [ 0.0, 0.0, 0.5, 1.0 ], "enabled": false },
										"up": { "texture": "#discus1", "uv": [ 0.0, 0.0, 2.0, 0.5 ], "enabled": false },
										"down": { "texture": "#discus1", "uv": [ 0.0, 0.0, 2.0, 0.5 ], "enabled": false }
									}
								}
							]
						}
					]
				}
			]
		}
	],
	"animations": [
		{
			"name": "swim",
			"code": "swim",
			"quantityframes": 30,
			"onActivityStopped": "EaseOut",
			"onAnimationEnd": "Repeat",
			"keyframes": [
				{
					"frame": 0,
					"elements": {
						"origin": {  },
						"Head": {  },
						"Butt": {  },
						"FinRight": { "rotationX": 0.0, "rotationY": 25.0, "rotationZ": -3.0 },
						"FinLeft": { "rotationX": 0.0, "rotationY": -25.0, "rotationZ": 0.0 },
						"Tail": { "rotationX": 0.0, "rotationY": 11.0, "rotationZ": 0.0 }
					}
				},
				{
					"frame": 7,
					"elements": {
						"origin": {  },
						"Head": {  },
						"Butt": { "rotationX": 0.0, "rotationY": -8.0, "rotationZ": 0.0 },
						"FinLeft": { "rotationX": 0.0, "rotationY": 0.0, "rotationZ": 0.0 },
						"FinRight": { "rotationX": 0.0, "rotationY": 0.0, "rotationZ": 0.0 }
					}
				},
				{
					"frame": 10,
					"elements": {
						"origin": {  },
						"Head": {  },
						"Butt": {  },
						"FinRight": { "rotationX": 0.0, "rotationY": 0.0, "rotationZ": 0.0 },
						"FinLeft": { "rotationX": 0.0, "rotationY": 0.0, "rotationZ": 0.0 }
					}
				},
				{
					"frame": 15,
					"elements": {
						"origin": {  },
						"Head": {  },
						"Butt": {  },
						"FinLeft": { "rotationX": 0.0, "rotationY": -25.0, "rotationZ": 0.0 },
						"FinRight": { "rotationX": 0.0, "rotationY": 25.0, "rotationZ": 0.0 },
						"Tail": { "rotationX": 0.0, "rotationY": -11.0, "rotationZ": 0.0 }
					}
				},
				{
					"frame": 20,
					"elements": {
						"origin": {  },
						"Head": {  },
						"Butt": { "rotationX": 0.0, "rotationY": 8.0, "rotationZ": 0.0 },
						"FinLeft": { "rotationX": 0.0, "rotationY": 0.0, "rotationZ": 0.0 },
						"FinRight": { "rotationX": 0.0, "rotationY": 0.0, "rotationZ": 0.0 }
					}
				},
				{
					"frame": 25,
					"elements": {
						"origin": {  },
						"Head": {  },
						"Butt": {  },
						"FinRight": { "rotationX": 0.0, "rotationY": 0.0, "rotationZ": 0.0 },
						"FinLeft": { "rotationX": 0.0, "rotationY": 0.0, "rotationZ": 0.0 }
					}
				},
				{
					"frame": 29,
					"elements": {
						"origin": {  },
						"Head": {  },
						"Butt": {  },
						"FinRight": { "rotationX": 0.0, "rotationY": 25.0, "rotationZ": 0.0 },
						"FinLeft": { "rotationX": 0.0, "rotationY": -25.0, "rotationZ": 0.0 }
					}
				}
			]
		},

		{
			"name": "idle",
			"code": "idle",
			"quantityframes": 30,
			"onActivityStopped": "PlayTillEnd",
			"onAnimationEnd": "Repeat",
			"keyframes": [
				{
					"frame": 0,
					"elements": {

					}
				},
				{
					"frame": 10,
					"elements": {

					}
				},
				{
					"frame": 15,
					"elements": {

					}
				},
				{
					"frame": 20,
					"elements": {

					}
				}
			]
		},

		{
			"name": "dead-floating",
			"code": "death",
			"quantityframes": 30,
			"onActivityStopped": "PlayTillEnd",
			"onAnimationEnd": "Hold",
			"keyframes": [
				{
					"frame": 0,
					"elements": {
						"origin": {  },
						"Head": { "offsetX": 0.0, "offsetY": 0.0, "offsetZ": 0.0, "rotationX": 22.0, "rotationY": 0.0, "rotationZ": 0.0 },
						"Butt": { "offsetX": 0.0, "offsetY": 0.0, "offsetZ": 0.0, "rotationX": 0.0, "rotationY": 0.0, "rotationZ": 0.0 }
					}
				},
				{
					"frame": 12,
					"elements": {
						"origin": {  },
						"Head": { "offsetX": 0.0, "offsetY": 0.0, "offsetZ": -2.0, "rotationX": 58.0, "rotationY": 0.0, "rotationZ": 0.0 }
					}
				},
				{
					"frame": 28,
					"elements": {
						"origin": {  },
						"Head": { "offsetX": 0.0, "offsetY": 0.0, "offsetZ": -3.0, "rotationX": 91.0, "rotationY": 25.0, "rotationZ": 0.0 },
						"Butt": { "rotationX": -25.0, "rotationY": -25.0, "rotationZ": 3.0 }
					}
				}
			]
		},

		{
			"name": "dead-land",
			"code": "dead",
			"quantityframes": 10,
			"onActivityStopped": "PlayTillEnd",
			"onAnimationEnd": "Hold",
			"keyframes": [
				{
					"frame": 0,
					"elements": {
						"origin": {  },
						"Head": { "offsetX": 0.0, "offsetY": 0.0, "offsetZ": 2.5 },
						"Butt": { "rotationX": 0.0, "rotationY": 0.0, "rotationZ": 0.0 }
					}
				},
				{
					"frame": 1,
					"elements": {
						"origin": {  },
						"Head": { "offsetX": 0.0, "offsetY": 0.0, "offsetZ": 2.5, "rotationX": 91.0, "rotationY": 6.0, "rotationZ": -3.0 },
						"Jaw": { "rotationX": 0.0, "rotationY": 0.0, "rotationZ": 8.0 },
						"Butt": { "offsetX": 0.0, "offsetY": 0.0, "offsetZ": 0.0, "rotationX": 0.0, "rotationY": 0.0, "rotationZ": 0.0 },
						"Tail": { "rotationX": 0.0, "rotationY": -11.0, "rotationZ": 0.0 },
						"TailFin": { "rotationX": 0.0, "rotationY": 14.0, "rotationZ": 0.0 },
						"BackFin": { "rotationX": -50.0, "rotationY": 0.0, "rotationZ": 0.0 },
						"FinVentral": { "rotationX": 0.0, "rotationY": -8.0, "rotationZ": 0.0 },
						"FinRight": { "rotationX": 0.0, "rotationY": -22.0, "rotationZ": 0.0 },
						"FinLeft": { "rotationX": 0.0, "rotationY": 19.0, "rotationZ": 0.0 }
					}
				}
			]
		},

		{
			"name": "idle-land",
			"code": "idle-land",
			"quantityframes": 20,
			"onActivityStopped": "EaseOut",
			"onAnimationEnd": "Repeat",
			"keyframes": [
				{
					"frame": 0,
					"elements": {
						"origin": {  },
						"Head": { "offsetX": 0.0, "offsetY": 0.0, "offsetZ": 2.5, "rotationX": 91.0, "rotationY": 0.0, "rotationZ": 8.0 },
						"Jaw": { "rotationX": 0.0, "rotationY": 0.0, "rotationZ": 0.0 }
					}
				},
				{
					"frame": 10,
					"elements": {
						"origin": {  },
						"Head": {  },
						"Jaw": { "rotationX": 0.0, "rotationY": 0.0, "rotationZ": -6.0 }
					}
				}
			]
		},

		{
			"name": "flopping",
			"code": "flopping",
			"quantityframes": 30,
			"onActivityStopped": "PlayTillEnd",
			"onAnimationEnd": "Repeat",
			"keyframes": [
				{
					"frame": 0,
					"elements": {
						"origin": {  },
						"Head": { "offsetX": 0.0, "offsetY": 0.0, "offsetZ": 2.5, "rotationX": 91.0, "rotationY": 0.0, "rotationZ": 0.0 }
					}
				},
				{
					"frame": 4,
					"elements": {
						"origin": {  },
						"Head": { "offsetX": 0.0, "offsetY": 0.0, "offsetZ": 0.0, "rotationX": 89.0, "rotationY": 17.0, "rotationZ": 0.0 },
						"Butt": { "rotationX": -14.0, "rotationY": -25.0, "rotationZ": 6.0 }
					}
				},
				{
					"frame": 8,
					"elements": {
						"origin": {  },
						"Head": { "offsetX": 0.0, "offsetY": 0.0, "offsetZ": 0.0, "rotationX": 94.0, "rotationY": 0.0, "rotationZ": 0.0 },
						"Butt": { "offsetX": 0.0, "offsetY": 0.0, "offsetZ": 0.0, "rotationX": 0.0, "rotationY": 0.0, "rotationZ": 0.0 }
					}
				},
				{
					"frame": 13,
					"elements": {
						"origin": {  },
						"Head": { "offsetX": 0.0, "offsetY": 0.0, "offsetZ": 1.0, "rotationX": 91.0, "rotationY": 0.0, "rotationZ": 0.0 },
						"Butt": { "rotationX": 19.0, "rotationY": 19.0, "rotationZ": 0.0 }
					}
				},
				{
					"frame": 23,
					"elements": {
						"origin": {  },
						"Head": { "offsetX": 0.0, "offsetY": 0.0, "offsetZ": 2.5, "rotationX": 94.0, "rotationY": 0.0, "rotationZ": 0.0 }
					}
				}
			]
		},

		{
			"name": "rising-eat",
			"code": "rising-eat",
			"quantityframes": 60,
			"onActivityStopped": "PlayTillEnd",
			"onAnimationEnd": "Stop",
			"keyframes": [
				{
					"frame": 0,
					"elements": {

					}
				},
				{
					"frame": 10,
					"elements": {

					}
				},
				{
					"frame": 15,
					"elements": {

					}
				},
				{
					"frame": 20,
					"elements": {
						"origin": {  },
						"Head": { "offsetX": 0.0, "offsetY": 1.0, "offsetZ": 0.0 }
					}
				},
				{
					"frame": 25,
					"elements": {

					}
				},
				{
					"frame": 30,
					"elements": {
						"origin": {  },
						"Head": { "offsetX": 0.0, "offsetY": 0.6, "offsetZ": 0.0 }
					}
				},
				{
					"frame": 32,
					"elements": {
						"origin": {  },
						"Head": { "offsetX": 0.0, "offsetY": 0.4, "offsetZ": 0.0 }
					}
				},
				{
					"frame": 35,
					"elements": {

					}
				},
				{
					"frame": 40,
					"elements": {

					}
				},
				{
					"frame": 45,
					"elements": {

					}
				},
				{
					"frame": 50,
					"elements": {

					}
				}
			]
		},

		{
			"name": "eat",
			"code": "eat",
			"quantityframes": 60,
			"onActivityStopped": "PlayTillEnd",
			"onAnimationEnd": "Stop",
			"keyframes": [
				{
					"frame": 0,
					"elements": {
						"origin": {  },
						"Head": { "offsetX": 0.0, "offsetY": 0.0, "offsetZ": 0.0, "rotationX": 0.0, "rotationY": 0.0, "rotationZ": 0.0 }
					}
				},
				{
					"frame": 10,
					"elements": {
						"origin": {  },
						"Head": {  },
						"Jaw": { "rotationX": 0.0, "rotationY": 0.0, "rotationZ": 17.0 },
						"Butt": { "rotationX": 0.0, "rotationY": -8.0, "rotationZ": 0.0 }
					}
				},
				{
					"frame": 15,
					"elements": {
						"origin": {  },
						"Head": {  },
						"Jaw": { "rotationX": 0.0, "rotationY": 0.0, "rotationZ": 0.0 }
					}
				},
				{
					"frame": 20,
					"elements": {
						"origin": {  },
						"Head": {  },
						"Butt": { "rotationX": 0.0, "rotationY": 14.0, "rotationZ": 0.0 }
					}
				},
				{
					"frame": 25,
					"elements": {

					}
				},
				{
					"frame": 30,
					"elements": {
						"origin": {  },
						"Head": {  },
						"Jaw": { "rotationX": 0.0, "rotationY": 0.0, "rotationZ": -6.0 },
						"Butt": { "rotationX": 0.0, "rotationY": -14.0, "rotationZ": 0.0 }
					}
				},
				{
					"frame": 35,
					"elements": {
						"origin": {  },
						"Head": {  },
						"Jaw": { "rotationX": 0.0, "rotationY": 0.0, "rotationZ": 0.0 }
					}
				},
				{
					"frame": 40,
					"elements": {
						"origin": {  },
						"Head": {  },
						"Jaw": { "rotationX": 0.0, "rotationY": 0.0, "rotationZ": 17.0 },
						"Butt": { "rotationX": 0.0, "rotationY": 11.0, "rotationZ": 0.0 }
					}
				},
				{
					"frame": 45,
					"elements": {
						"origin": {  },
						"Head": {  },
						"Jaw": { "rotationX": 0.0, "rotationY": 0.0, "rotationZ": 0.0 }
					}
				},
				{
					"frame": 50,
					"elements": {
						"origin": {  },
						"Head": {  },
						"Butt": { "rotationX": 0.0, "rotationY": -8.0, "rotationZ": 0.0 }
					}
				}
			]
		},

		{
			"name": "hurt",
			"code": "hurt",
			"quantityframes": 20,
			"onActivityStopped": "EaseOut",
			"onAnimationEnd": "Stop",
			"keyframes": [
				{
					"frame": 0,
					"elements": {

					}
				},
				{
					"frame": 7,
					"elements": {

					}
				},
				{
					"frame": 14,
					"elements": {

					}
				}
			]
		}
	]
}