{
	"editor": {
		"allAngles": false,
		"entityTextureMode": false
	},
	"textureWidth": 16,
	"textureHeight": 16,
	"textureSizes": {
	},
	"textures": {
		"orcaskin1": "entity/water/orca/orcaskin1"
	},
	"elements": [
		{
			"name": "Origin",
			"from": [ 6.48, 9.5, -0.41 ], 
			"to": [ 6.48, 9.5, -0.41 ], 
			"rotationOrigin": [ 7.48, 9.34, 8.59 ],
			"faces": {
				"north": { "texture": "#null", "uv": [ 0.0, 0.0, 0.5, 0.5 ] },
				"east": { "texture": "#null", "uv": [ 0.0, 0.0, 0.5, 0.5 ] },
				"south": { "texture": "#null", "uv": [ 0.0, 0.0, 0.5, 0.5 ] },
				"west": { "texture": "#null", "uv": [ 0.0, 0.0, 0.5, 0.5 ] },
				"up": { "texture": "#null", "uv": [ 0.0, 0.0, 0.5, 0.5 ] },
				"down": { "texture": "#null", "uv": [ 0.0, 0.0, 0.5, 0.5 ] }
			},
			"children": [
				{
					"name": "head",
					"from": [ -73.71, 2.43, -0.81 ], 
					"to": [ -46.98, 16.2, 20.25 ], 
					"rotationOrigin": [ -47.79, 9.72, 10.53 ],
					"faces": {
						"north": { "texture": "#orcaskin1", "uv": [ 2.2222, 10.6667, 6.03, 7.2678 ], "autoUv": false },
						"east": { "texture": "#orcaskin1", "uv": [ 0.2222, 4.4444, 3.4111, 7.4844 ], "autoUv": false },
						"south": { "texture": "#orcaskin1", "uv": [ 0.8889, 8.4444, 4.7867, 11.7911 ], "autoUv": false },
						"west": { "texture": "#orcaskin1", "uv": [ 0.8889, 4.2222, 5.0933, 6.8178 ], "autoUv": false },
						"up": { "texture": "#orcaskin1", "uv": [ 0.8889, 4.4444, 4.9556, 8.0133 ], "autoUv": false },
						"down": { "texture": "#orcaskin1", "uv": [ 0.2222, 0.6667, 3.4956, 3.4 ], "rotation": 270, "autoUv": false }
					},
					"children": [
						{
							"name": "head10",
							"from": [ -5.67, 0.0, 0.81 ], 
							"to": [ 6.48, 9.72, 20.25 ], 
							"rotationOrigin": [ 0.81, 5.67, 11.34 ],
							"rotationZ": -85.0,
							"faces": {
								"north": { "texture": "#orcaskin1", "uv": [ 1.1111, 4.6667, 5.3633, 7.2678 ], "autoUv": false },
								"east": { "texture": "#orcaskin1", "uv": [ 0.0, 1.5556, 3.8556, 4.3733 ], "autoUv": false },
								"south": { "texture": "#orcaskin1", "uv": [ 1.1111, 4.8889, 6.12, 7.3467 ], "autoUv": false },
								"west": { "texture": "#orcaskin1", "uv": [ 1.3333, 4.8889, 6.4267, 7.2622 ], "autoUv": false },
								"up": { "texture": "#orcaskin1", "uv": [ 0.6667, 4.6667, 5.8444, 7.7911 ], "autoUv": false },
								"down": { "texture": "#orcaskin1", "uv": [ 1.1111, 4.8889, 6.6067, 7.8444 ], "autoUv": false }
							}
						},
						{
							"name": "eyes",
							"from": [ 8.1, 4.86, -0.243 ], 
							"to": [ 10.53, 7.29, 21.222 ], 
							"rotationOrigin": [ 8.1, 4.86, 11.34 ],
							"faces": {
								"north": { "texture": "#orcaskin1", "uv": [ 0.2222, 14.0, 0.4444, 14.4444 ], "autoUv": false },
								"east": { "texture": "#orcaskin1", "uv": [ 0.4444, 14.0, 0.6667, 14.4444 ], "autoUv": false },
								"south": { "texture": "#orcaskin1", "uv": [ 0.4444, 14.0, 0.6667, 14.4444 ], "autoUv": false },
								"west": { "texture": "#orcaskin1", "uv": [ 0.2222, 14.2222, 0.4444, 14.4444 ], "autoUv": false },
								"up": { "texture": "#orcaskin1", "uv": [ 0.4444, 13.7778, 0.6667, 14.0 ], "autoUv": false },
								"down": { "texture": "#orcaskin1", "uv": [ 0.4444, 14.0, 0.6667, 14.2222 ], "autoUv": false }
							}
						},
						{
							"name": "frontbody",
							"from": [ 26.73, -7.29, -3.24 ], 
							"to": [ 61.56, 17.82, 24.3 ], 
							"rotationOrigin": [ 26.73, 6.48, 10.53 ],
							"faces": {
								"north": { "texture": "#orcaskin1", "uv": [ 10.6667, 10.2222, 5.6661, 14.1644 ], "autoUv": false },
								"east": { "texture": "#orcaskin1", "uv": [ 0.6667, 4.4444, 4.4906, 8.0856 ], "autoUv": false },
								"south": { "texture": "#orcaskin1", "uv": [ 5.3333, 10.0, 10.6339, 14.3867 ], "autoUv": false },
								"west": { "texture": "#orcaskin1", "uv": [ 1.7778, 10.8889, 5.34, 13.8883 ], "autoUv": false },
								"up": { "texture": "#orcaskin1", "uv": [ 0.8889, 4.4444, 6.15, 8.0067 ], "autoUv": false },
								"down": { "texture": "#orcaskin1", "uv": [ 2.6667, 13.3333, 5.6017, 15.5372 ], "autoUv": false }
							},
							"children": [
								{
									"name": "throat",
									"from": [ -9.72, 0.81, 4.86 ], 
									"to": [ 5.67, 23.49, 22.68 ], 
									"rotationOrigin": [ 4.86, 8.91, 15.39 ],
									"faces": {
										"north": { "texture": "#orcaskin1", "uv": [ 0.8889, 11.3333, 4.9456, 13.7911 ], "autoUv": false },
										"east": { "texture": "#orcaskin1", "uv": [ 0.4444, 4.4444, 4.0, 7.3333 ], "autoUv": false },
										"south": { "texture": "#orcaskin1", "uv": [ 5.3333, 11.1111, 8.0, 14.8889 ], "autoUv": false },
										"west": { "texture": "#orcaskin1", "uv": [ 1.7778, 11.1111, 5.1111, 13.5556 ], "autoUv": false },
										"up": { "texture": "#orcaskin1", "uv": [ 0.6667, 4.2222, 4.8889, 6.6667 ], "autoUv": false },
										"down": { "texture": "#orcaskin1", "uv": [ 2.2222, 13.1111, 4.8889, 15.1111 ], "autoUv": false }
									}
								},
								{
									"name": "rflipper",
									"from": [ 9.72, 2.43, -23.49 ], 
									"to": [ 28.35, 5.67, 0.0 ], 
									"rotationOrigin": [ 18.63, 4.05, 0.0 ],
									"rotationX": -22.5,
									"faces": {
										"north": { "texture": "#orcaskin1", "uv": [ 0.4444, 4.4444, 4.5422, 5.9067 ], "autoUv": false },
										"east": { "texture": "#orcaskin1", "uv": [ 0.4444, 4.2222, 5.1111, 7.5556 ], "autoUv": false },
										"south": { "texture": "#orcaskin1", "uv": [ 0.8889, 4.8889, 6.6489, 7.5889 ], "autoUv": false },
										"west": { "texture": "#orcaskin1", "uv": [ 0.6667, 4.4444, 2.2867, 7.6844 ], "autoUv": false },
										"up": { "texture": "#orcaskin1", "uv": [ 0.4444, 4.4444, 5.18, 7.5778 ], "autoUv": false },
										"down": { "texture": "#orcaskin1", "uv": [ 0.4444, 4.2222, 4.6933, 7.3556 ], "autoUv": false }
									}
								},
								{
									"name": "lflipper",
									"from": [ 9.72, 2.43, 27.54 ], 
									"to": [ 28.35, 5.67, 51.03 ], 
									"rotationOrigin": [ 18.63, 4.05, 27.54 ],
									"rotationX": 22.5,
									"faces": {
										"north": { "texture": "#orcaskin1", "uv": [ 0.2222, 4.0, 3.6533, 5.6844 ], "autoUv": false },
										"east": { "texture": "#orcaskin1", "uv": [ 0.8889, 4.6667, 4.8889, 7.1111 ], "autoUv": false },
										"south": { "texture": "#orcaskin1", "uv": [ 0.4444, 4.8889, 3.76, 6.4778 ], "autoUv": false },
										"west": { "texture": "#orcaskin1", "uv": [ 0.6667, 4.8889, 2.2867, 8.1289 ], "autoUv": false },
										"up": { "texture": "#orcaskin1", "uv": [ 0.6667, 4.6667, 3.8467, 7.5778 ], "autoUv": false },
										"down": { "texture": "#orcaskin1", "uv": [ 0.2222, 4.6667, 3.8044, 6.4667 ], "autoUv": false }
									}
								},
								{
									"name": "stomach",
									"from": [ 6.8516, -6.2317, 0.81 ], 
									"to": [ 34.3916, 5.1083, 26.73 ], 
									"rotationOrigin": [ 21.4316, 1.8683, 11.34 ],
									"faces": {
										"north": { "texture": "#orcaskin1", "uv": [ 2.4444, 13.3333, 5.9844, 15.1178 ], "autoUv": false },
										"east": { "texture": "#orcaskin1", "uv": [ 2.0, 12.6667, 5.7778, 14.8889 ], "autoUv": false },
										"south": { "texture": "#orcaskin1", "uv": [ 2.0, 12.8889, 5.7778, 15.1111 ], "autoUv": false },
										"west": { "texture": "#orcaskin1", "uv": [ 2.4444, 13.3333, 5.7778, 15.1111 ], "autoUv": false },
										"up": { "texture": "#orcaskin1", "uv": [ 2.2222, 13.3333, 5.7778, 15.1111 ], "autoUv": false },
										"down": { "texture": "#orcaskin1", "uv": [ 1.7778, 13.5556, 5.7778, 15.1111 ], "autoUv": false }
									}
								},
								{
									"name": "midbody",
									"from": [ 34.83, -0.81, -1.62 ], 
									"to": [ 77.76, 27.54, 29.16 ], 
									"rotationOrigin": [ 34.83, 13.77, 13.77 ],
									"faces": {
										"north": { "texture": "#orcaskin1", "uv": [ 7.5556, 10.0, 3.5967, 13.4611 ], "autoUv": false },
										"east": { "texture": "#orcaskin1", "uv": [ 0.6667, 4.2222, 3.7778, 6.8889 ], "autoUv": false },
										"south": { "texture": "#orcaskin1", "uv": [ 3.7778, 10.2222, 8.2222, 13.7778 ], "autoUv": false },
										"west": { "texture": "#orcaskin1", "uv": [ 6.6667, 9.7778, 10.8889, 14.6667 ], "autoUv": false },
										"up": { "texture": "#orcaskin1", "uv": [ 6.6667, 3.1111, 14.4444, 8.8889 ], "autoUv": false },
										"down": { "texture": "#orcaskin1", "uv": [ 6.0, 14.2222, 11.1111, 15.3333 ], "autoUv": false }
									},
									"children": [
										{
											"name": "sail",
											"from": [ 1.62, 24.3, 11.34 ], 
											"to": [ 25.11, 40.5, 20.25 ], 
											"rotationOrigin": [ 12.96, 25.92, 16.2 ],
											"rotationZ": -22.5,
											"faces": {
												"north": { "texture": "#orcaskin1", "uv": [ 4.4444, 0.4444, 8.8233, 5.7556 ], "autoUv": false },
												"east": { "texture": "#orcaskin1", "uv": [ 4.6667, 0.2222, 8.6667, 4.6667 ], "autoUv": false },
												"south": { "texture": "#orcaskin1", "uv": [ 4.6667, 0.4444, 9.1111, 5.3333 ], "autoUv": false },
												"west": { "texture": "#orcaskin1", "uv": [ 5.3333, 0.6667, 7.7778, 5.3333 ], "autoUv": false },
												"up": { "texture": "#orcaskin1", "uv": [ 4.4444, 0.4444, 8.0, 5.5556 ], "autoUv": false },
												"down": { "texture": "#orcaskin1", "uv": [ 4.6667, 0.6667, 8.2222, 4.8889 ], "autoUv": false }
											},
											"children": [
												{
													"name": "sail1",
													"from": [ 8.338, 39.7131, 3.24 ], 
													"to": [ 15.628, 52.6731, 5.67 ], 
													"rotationOrigin": [ 15.223, 40.9281, 5.67 ],
													"rotationZ": -37.5,
													"faces": {
														"north": { "texture": "#orcaskin1", "uv": [ 5.5556, 0.8889, 7.5122, 5.1822 ], "autoUv": false },
														"east": { "texture": "#orcaskin1", "uv": [ 5.1111, 1.1111, 6.6667, 5.7778 ], "autoUv": false },
														"south": { "texture": "#orcaskin1", "uv": [ 4.8889, 0.8889, 7.7778, 4.8889 ], "autoUv": false },
														"west": { "texture": "#orcaskin1", "uv": [ 5.7778, 0.8889, 7.1111, 4.2222 ], "autoUv": false },
														"up": { "texture": "#orcaskin1", "uv": [ 5.5556, 0.8889, 8.2222, 3.3333 ], "autoUv": false },
														"down": { "texture": "#orcaskin1", "uv": [ 5.5556, 0.8889, 7.5556, 4.0 ], "autoUv": false }
													},
													"children": [
														{
															"name": "sail2",
															"from": [ 9.5165, -24.3716, -1.62 ], 
															"to": [ 28.1465, -7.3616, 4.05 ], 
															"rotationOrigin": [ 19.2365, -22.7516, 0.81 ],
															"rotationZ": 30.0,
															"faces": {
																"north": { "texture": "#orcaskin1", "uv": [ 4.6667, 0.2222, 8.1856, 4.7878 ], "autoUv": false },
																"east": { "texture": "#orcaskin1", "uv": [ 4.2222, 0.2222, 8.2222, 6.0 ], "autoUv": false },
																"south": { "texture": "#orcaskin1", "uv": [ 4.6667, 0.6667, 9.5556, 5.3333 ], "autoUv": false },
																"west": { "texture": "#orcaskin1", "uv": [ 4.6667, 0.8889, 8.4444, 5.1111 ], "autoUv": false },
																"up": { "texture": "#orcaskin1", "uv": [ 5.1111, 1.1111, 8.8889, 5.7778 ], "autoUv": false },
																"down": { "texture": "#orcaskin1", "uv": [ 4.6667, 0.4444, 9.1111, 4.8889 ], "autoUv": false }
															},
															"children": [
																{
																	"name": "sail3",
																	"from": [ 0.5639, 14.3552, 0.81 ], 
																	"to": [ 11.9039, 31.3652, 4.86 ], 
																	"rotationOrigin": [ 7.0439, 15.9752, 3.24 ],
																	"rotationZ": -15.0,
																	"faces": {
																		"north": { "texture": "#orcaskin1", "uv": [ 6.0, 0.2222, 7.5622, 4.7878 ], "autoUv": false },
																		"east": { "texture": "#orcaskin1", "uv": [ 5.1111, 0.6667, 8.2222, 5.1111 ], "autoUv": false },
																		"south": { "texture": "#orcaskin1", "uv": [ 4.8889, 0.6667, 8.6667, 4.6667 ], "autoUv": false },
																		"west": { "texture": "#orcaskin1", "uv": [ 4.4444, 0.2222, 8.0, 5.3333 ], "autoUv": false },
																		"up": { "texture": "#orcaskin1", "uv": [ 4.6667, 0.8889, 8.6667, 4.0 ], "autoUv": false },
																		"down": { "texture": "#orcaskin1", "uv": [ 5.3333, 0.4444, 8.6667, 4.0 ], "autoUv": false }
																	}
																}
															]
														}
													]
												},
												{
													"name": "Cube1",
													"from": [ 13.9239, 14.7582, 3.645 ], 
													"to": [ 21.2139, 47.9682, 5.265 ], 
													"rotationOrigin": [ 14.7321, 14.7582, 3.24 ],
													"faces": {
														"north": { "texture": "#orcaskin1", "uv": [ 4.8889, 1.1111, 7.3156, 5.7844 ], "autoUv": false },
														"east": { "texture": "#orcaskin1", "uv": [ 4.8889, 0.8889, 7.0489, 8.0889 ], "autoUv": false },
														"south": { "texture": "#orcaskin1", "uv": [ 4.4444, 0.8889, 8.1511, 6.0911 ], "autoUv": false },
														"west": { "texture": "#orcaskin1", "uv": [ 5.1111, 0.6667, 6.7311, 6.7867 ], "autoUv": false },
														"up": { "texture": "#orcaskin1", "uv": [ 0.4444, 5.5556, 7.5556, 7.1111 ] },
														"down": { "texture": "#orcaskin1", "uv": [ 0.2222, 4.6667, 7.3333, 6.2222 ] }
													}
												}
											]
										},
										{
											"name": "stomach27",
											"from": [ -1.2474, -4.8, 3.24 ], 
											"to": [ 36.8226, 5.73, 27.54 ], 
											"rotationOrigin": [ 13.3316, 3.2983, 13.77 ],
											"faces": {
												"north": { "texture": "#orcaskin1", "uv": [ 2.2222, 13.7778, 6.7367, 14.9744 ], "autoUv": false },
												"east": { "texture": "#orcaskin1", "uv": [ 1.7778, 12.8889, 5.5556, 15.3333 ], "autoUv": false },
												"south": { "texture": "#orcaskin1", "uv": [ 2.4444, 12.8889, 5.7778, 15.3333 ], "autoUv": false },
												"west": { "texture": "#orcaskin1", "uv": [ 5.1111, 14.2222, 8.8889, 15.7778 ], "autoUv": false },
												"up": { "texture": "#orcaskin1", "uv": [ 2.4444, 13.3333, 5.1111, 14.8889 ], "autoUv": false },
												"down": { "texture": "#orcaskin1", "uv": [ 1.7778, 13.5556, 6.0, 15.1111 ], "autoUv": false }
											}
										},
										{
											"name": "stomach28",
											"from": [ -11.7774, -2.1789, 4.05 ], 
											"to": [ 7.6626, 23.7411, 26.73 ], 
											"rotationOrigin": [ 2.8016, 5.9183, 14.58 ],
											"faces": {
												"north": { "texture": "#orcaskin1", "uv": [ 4.6667, 1.7778, 8.3289, 5.92 ], "autoUv": false },
												"east": { "texture": "#orcaskin1", "uv": [ 4.8889, 1.3333, 8.6667, 7.1111 ], "autoUv": false },
												"south": { "texture": "#orcaskin1", "uv": [ 4.8889, 0.6667, 8.6667, 7.1111 ], "autoUv": false },
												"west": { "texture": "#orcaskin1", "uv": [ 4.6667, 0.4444, 8.4444, 5.7778 ], "autoUv": false },
												"up": { "texture": "#orcaskin1", "uv": [ 4.6667, 0.2222, 8.6667, 6.0 ], "autoUv": false },
												"down": { "texture": "#orcaskin1", "uv": [ 5.3333, 0.6667, 8.6667, 5.5556 ], "autoUv": false }
											}
										},
										{
											"name": "backbody",
											"from": [ 41.93, 0.81, 1.62 ], 
											"to": [ 76.76, 25.92, 29.16 ], 
											"rotationOrigin": [ 41.12, 14.58, 15.39 ],
											"faces": {
												"north": { "texture": "#orcaskin1", "uv": [ 5.3333, 9.5556, 9.0522, 13.7767 ], "autoUv": false },
												"east": { "texture": "#orcaskin1", "uv": [ 1.5556, 10.4444, 4.8889, 13.5556 ], "autoUv": false },
												"south": { "texture": "#orcaskin1", "uv": [ 9.3333, 9.1111, 5.3333, 13.7778 ], "autoUv": false },
												"west": { "texture": "#orcaskin1", "uv": [ 3.7778, 2.4444, 9.5556, 8.2222 ], "autoUv": false },
												"up": { "texture": "#orcaskin1", "uv": [ 4.8889, 1.3333, 8.8889, 5.5556 ], "autoUv": false },
												"down": { "texture": "#orcaskin1", "uv": [ 6.6667, 14.4444, 10.2222, 15.7778 ], "autoUv": false }
											},
											"children": [
												{
													"name": "tail",
													"from": [ 33.83, 1.62, 1.62 ], 
													"to": [ 61.37, 19.44, 25.92 ], 
													"rotationOrigin": [ 33.02, 10.53, 15.39 ],
													"faces": {
														"north": { "texture": "#orcaskin1", "uv": [ 1.5556, 10.4444, 6.4444, 14.2222 ], "autoUv": false },
														"east": { "texture": "#orcaskin1", "uv": [ 1.5556, 11.5556, 5.3333, 13.5556 ], "autoUv": false },
														"south": { "texture": "#orcaskin1", "uv": [ 6.0, 11.3333, 1.7622, 13.5978 ], "autoUv": false },
														"west": { "texture": "#orcaskin1", "uv": [ 4.8889, 1.3333, 8.2222, 5.7778 ], "autoUv": false },
														"up": { "texture": "#orcaskin1", "uv": [ 4.6667, 0.8889, 8.0, 5.1111 ], "autoUv": false },
														"down": { "texture": "#orcaskin1", "uv": [ 6.0, 14.2222, 10.0, 15.5556 ], "autoUv": false }
													},
													"children": [
														{
															"name": "tail2",
															"from": [ 27.54, 1.62, 1.62 ], 
															"to": [ 39.69, 15.39, 21.87 ], 
															"rotationOrigin": [ 26.73, 8.1, 11.34 ],
															"rotationX": 0.0,
															"rotationY": 0.0,
															"rotationZ": 0.0,
															"faces": {
																"north": { "texture": "#orcaskin1", "uv": [ 5.7778, 11.1111, 2.8167, 13.3256 ], "autoUv": false },
																"east": { "texture": "#orcaskin1", "uv": [ 2.2222, 10.8889, 5.1111, 13.1111 ], "autoUv": false },
																"south": { "texture": "#orcaskin1", "uv": [ 1.7778, 10.6667, 5.7778, 13.7778 ], "autoUv": false },
																"west": { "texture": "#orcaskin1", "uv": [ 5.3333, 1.1111, 8.0, 3.3333 ], "autoUv": false },
																"up": { "texture": "#orcaskin1", "uv": [ 4.8889, 0.6667, 8.8889, 5.1111 ], "autoUv": false },
																"down": { "texture": "#orcaskin1", "uv": [ 2.2222, 13.3333, 6.2222, 15.5556 ], "autoUv": false }
															},
															"children": [
																{
																	"name": "tail3",
																	"from": [ 10.53, 0.81, 1.62 ], 
																	"to": [ 22.68, 9.72, 18.63 ], 
																	"rotationOrigin": [ 9.72, 7.29, 11.34 ],
																	"rotationX": 0.0,
																	"rotationY": 0.0,
																	"rotationZ": 0.0,
																	"faces": {
																		"north": { "texture": "#orcaskin1", "uv": [ 0.8889, 10.8889, 5.3333, 13.1111 ], "autoUv": false },
																		"east": { "texture": "#orcaskin1", "uv": [ 1.5556, 10.6667, 4.8889, 13.3333 ], "autoUv": false },
																		"south": { "texture": "#orcaskin1", "uv": [ 1.5556, 10.4444, 5.7778, 13.1111 ], "autoUv": false },
																		"west": { "texture": "#orcaskin1", "uv": [ 4.8889, 0.8889, 8.6667, 4.4444 ], "autoUv": false },
																		"up": { "texture": "#orcaskin1", "uv": [ 4.6667, 0.2222, 7.9278, 4.3433 ], "autoUv": false },
																		"down": { "texture": "#orcaskin1", "uv": [ 2.2222, 13.1111, 5.7778, 15.5556 ], "autoUv": false }
																	},
																	"children": [
																		{
																			"name": "Cube26",
																			"from": [ 9.72, 0.81, 2.43 ], 
																			"to": [ 21.87, 6.48, 14.58 ], 
																			"rotationOrigin": [ 11.34, 4.05, 8.91 ],
																			"rotationZ": -5.0,
																			"faces": {
																				"north": { "texture": "#orcaskin1", "uv": [ 4.6667, 0.8889, 7.5556, 3.7778 ], "autoUv": false },
																				"east": { "texture": "#orcaskin1", "uv": [ 5.5556, 0.6667, 7.9278, 3.0033 ], "autoUv": false },
																				"south": { "texture": "#orcaskin1", "uv": [ 4.2222, 0.6667, 8.0, 3.3333 ], "autoUv": false },
																				"west": { "texture": "#orcaskin1", "uv": [ 4.8889, 0.6667, 7.5556, 3.3333 ], "autoUv": false },
																				"up": { "texture": "#orcaskin1", "uv": [ 4.4444, 0.8889, 7.7778, 4.0 ], "autoUv": false },
																				"down": { "texture": "#orcaskin1", "uv": [ 2.4444, 13.1111, 4.8889, 14.8889 ], "rotation": 270, "autoUv": false }
																			},
																			"children": [
																				{
																					"name": "Cube23",
																					"from": [ 0.0061, 1.4788, -5.67 ], 
																					"to": [ 21.8761, 3.9088, 8.1 ], 
																					"rotationOrigin": [ 0.0062, 3.0988, 0.81 ],
																					"rotationX": -2.434,
																					"rotationY": 25.894,
																					"rotationZ": -9.44,
																					"faces": {
																						"north": { "texture": "#orcaskin1", "uv": [ 4.4444, 0.6667, 9.1111, 2.6667 ], "autoUv": false },
																						"east": { "texture": "#orcaskin1", "uv": [ 5.3333, 0.6667, 10.0, 2.4444 ], "autoUv": false },
																						"south": { "texture": "#orcaskin1", "uv": [ 5.1111, 0.6667, 8.6667, 2.2222 ], "autoUv": false },
																						"west": { "texture": "#orcaskin1", "uv": [ 5.5556, 0.6667, 9.1111, 2.6667 ], "autoUv": false },
																						"up": { "texture": "#orcaskin1", "uv": [ 4.8889, 0.4444, 8.4444, 4.4444 ], "autoUv": false },
																						"down": { "texture": "#orcaskin1", "uv": [ 2.0, 13.3333, 5.87, 15.5478 ], "autoUv": false }
																					},
																					"children": [
																						{
																							"name": "Cube24",
																							"from": [ 15.0945, 0.6331, 2.3328 ], 
																							"to": [ 30.4845, 2.2531, 16.1028 ], 
																							"rotationOrigin": [ 15.0945, 0.6331, 8.8161 ],
																							"rotationY": 45.0,
																							"faces": {
																								"north": { "texture": "#orcaskin1", "uv": [ 4.8889, 0.2222, 9.1678, 1.8422 ], "autoUv": false },
																								"east": { "texture": "#orcaskin1", "uv": [ 4.6667, 0.4444, 9.3333, 2.0 ], "autoUv": false },
																								"south": { "texture": "#orcaskin1", "uv": [ 4.4444, 0.8889, 8.6667, 2.8889 ], "autoUv": false },
																								"west": { "texture": "#orcaskin1", "uv": [ 5.5556, 0.4444, 8.4444, 1.3333 ], "autoUv": false },
																								"up": { "texture": "#orcaskin1", "uv": [ 4.8889, 0.4444, 7.7778, 3.3333 ], "autoUv": false },
																								"down": { "texture": "#orcaskin1", "uv": [ 2.4444, 13.3333, 4.8889, 15.3333 ], "autoUv": false }
																							}
																						}
																					]
																				},
																				{
																					"name": "Cube21",
																					"from": [ 0.0062, 1.4788, 3.24 ], 
																					"to": [ 21.8762, 3.9088, 17.01 ], 
																					"rotationOrigin": [ 0.0062, 3.0988, 9.72 ],
																					"rotationX": 1.817,
																					"rotationY": -19.921,
																					"rotationZ": -9.681,
																					"faces": {
																						"north": { "texture": "#orcaskin1", "uv": [ 4.6667, 0.2222, 7.5556, 2.4444 ], "autoUv": false },
																						"east": { "texture": "#orcaskin1", "uv": [ 4.6667, 0.8889, 8.0, 2.6667 ], "autoUv": false },
																						"south": { "texture": "#orcaskin1", "uv": [ 4.8889, 1.1111, 7.87, 3.3189 ], "autoUv": false },
																						"west": { "texture": "#orcaskin1", "uv": [ 4.6667, 0.8889, 9.1111, 2.6667 ], "autoUv": false },
																						"up": { "texture": "#orcaskin1", "uv": [ 4.8889, 0.8889, 8.0, 4.2222 ], "autoUv": false },
																						"down": { "texture": "#orcaskin1", "uv": [ 1.7778, 12.8889, 5.1111, 15.3333 ], "autoUv": false }
																					},
																					"children": [
																						{
																							"name": "Cube22",
																							"from": [ 15.9084, 0.486, -1.7172 ], 
																							"to": [ 31.2984, 2.106, 12.0528 ], 
																							"rotationOrigin": [ 15.9045, -0.1769, 4.7661 ],
																							"rotationY": -45.0,
																							"faces": {
																								"north": { "texture": "#orcaskin1", "uv": [ 4.6667, 0.4444, 7.7778, 1.7778 ], "autoUv": false },
																								"east": { "texture": "#orcaskin1", "uv": [ 5.5556, 0.6667, 8.8889, 2.2222 ], "autoUv": false },
																								"south": { "texture": "#orcaskin1", "uv": [ 4.8889, 0.6667, 8.4444, 2.0 ], "autoUv": false },
																								"west": { "texture": "#orcaskin1", "uv": [ 4.6667, 0.6667, 8.8889, 1.7778 ], "autoUv": false },
																								"up": { "texture": "#orcaskin1", "uv": [ 4.4444, 0.4444, 8.0, 3.7778 ], "autoUv": false },
																								"down": { "texture": "#orcaskin1", "uv": [ 2.0, 12.6667, 5.6122, 15.3256 ], "autoUv": false }
																							}
																						}
																					]
																				}
																			]
																		}
																	]
																}
															]
														}
													]
												},
												{
													"name": "stomach29",
													"from": [ -5.18, -4.61, 1.62 ], 
													"to": [ 27.89, 2.92, 25.92 ], 
													"rotationOrigin": [ 9.4016, 3.4883, 12.15 ],
													"faces": {
														"north": { "texture": "#orcaskin1", "uv": [ 2.2222, 13.7778, 6.7367, 14.9744 ], "autoUv": false },
														"east": { "texture": "#orcaskin1", "uv": [ 1.7778, 12.8889, 5.5556, 15.3333 ], "autoUv": false },
														"south": { "texture": "#orcaskin1", "uv": [ 2.4444, 12.8889, 5.7778, 15.3333 ], "autoUv": false },
														"west": { "texture": "#orcaskin1", "uv": [ 5.1111, 14.2222, 8.8889, 15.7778 ], "autoUv": false },
														"up": { "texture": "#orcaskin1", "uv": [ 2.4444, 13.3333, 5.1111, 14.8889 ], "autoUv": false },
														"down": { "texture": "#orcaskin1", "uv": [ 1.7778, 13.5556, 6.0, 15.1111 ], "autoUv": false }
													}
												}
											]
										}
									]
								}
							]
						},
						{
							"name": "botmouth",
							"from": [ 1.62, -4.86, 0.81 ], 
							"to": [ 21.87, 0.0, 20.25 ], 
							"rotationOrigin": [ 22.68, -1.62, 11.34 ],
							"faces": {
								"north": { "texture": "#orcaskin1", "uv": [ 2.2222, 13.1111, 5.5556, 15.3333 ], "autoUv": false },
								"east": { "texture": "#orcaskin1", "uv": [ 2.6667, 13.1111, 5.3333, 15.7778 ], "autoUv": false },
								"south": { "texture": "#orcaskin1", "uv": [ 1.7778, 13.1111, 6.0, 15.5556 ], "autoUv": false },
								"west": { "texture": "#orcaskin1", "uv": [ 2.6667, 12.8889, 5.3333, 15.1111 ], "autoUv": false },
								"up": { "texture": "#orcaskin1", "uv": [ 0.0, 0.2222, 3.5556, 3.3333 ], "rotation": 90, "autoUv": false },
								"down": { "texture": "#orcaskin1", "uv": [ 2.2222, 13.5556, 5.5556, 15.3333 ], "autoUv": false }
							},
							"children": [
								{
									"name": "botmouth11",
									"from": [ -4.05, 0.81, 0.81 ], 
									"to": [ 0.0, 4.86, 18.63 ], 
									"rotationOrigin": [ 1.62, 4.05, 11.34 ],
									"faces": {
										"north": { "texture": "#orcaskin1", "uv": [ 1.7778, 13.1111, 5.7778, 15.1111 ], "autoUv": false },
										"east": { "texture": "#orcaskin1", "uv": [ 2.0, 13.1111, 6.2222, 15.7778 ], "autoUv": false },
										"south": { "texture": "#orcaskin1", "uv": [ 1.7778, 12.8889, 5.5556, 15.1111 ], "autoUv": false },
										"west": { "texture": "#orcaskin1", "uv": [ 1.3333, 13.3333, 6.8889, 15.3333 ], "autoUv": false },
										"up": { "texture": "#orcaskin1", "uv": [ 0.0, 2.6667, 3.5556, 4.2222 ], "rotation": 90, "autoUv": false },
										"down": { "texture": "#orcaskin1", "uv": [ 2.0, 13.1111, 5.7778, 15.7778 ], "autoUv": false }
									}
								},
								{
									"name": "Cube59",
									"from": [ -0.4677, 4.2735, 16.19 ], 
									"to": [ 0.5323, 6.2735, 17.19 ], 
									"rotationOrigin": [ -0.4677, 5.5735, 16.19 ],
									"rotationZ": 0.0,
									"faces": {
										"north": { "texture": "#orcaskin1", "uv": [ 0.2222, 15.3333, 0.4444, 15.5556 ], "autoUv": false },
										"east": { "texture": "#orcaskin1", "uv": [ 0.2222, 15.1111, 0.8889, 15.5556 ], "autoUv": false },
										"south": { "texture": "#orcaskin1", "uv": [ 0.2222, 15.3333, 0.6667, 15.5556 ], "autoUv": false },
										"west": { "texture": "#orcaskin1", "uv": [ 0.2222, 15.5556, 0.6667, 16.0 ], "autoUv": false },
										"up": { "texture": "#orcaskin1", "uv": [ 0.2222, 15.5556, 0.6667, 16.0 ], "autoUv": false },
										"down": { "texture": "#orcaskin1", "uv": [ 0.2222, 15.1111, 0.6667, 15.5556 ], "autoUv": false }
									},
									"children": [
										{
											"name": "Cube60",
											"from": [ 2.0, -0.2, 0.0 ], 
											"to": [ 3.0, 1.8, 1.0 ], 
											"rotationOrigin": [ 2.0, 1.3, 0.0 ],
											"faces": {
												"north": { "texture": "#orcaskin1", "uv": [ 0.2222, 15.3333, 0.4444, 15.5556 ], "autoUv": false },
												"east": { "texture": "#orcaskin1", "uv": [ 0.2222, 15.1111, 0.8889, 15.5556 ], "autoUv": false },
												"south": { "texture": "#orcaskin1", "uv": [ 0.2222, 15.3333, 0.6667, 15.5556 ], "autoUv": false },
												"west": { "texture": "#orcaskin1", "uv": [ 0.2222, 15.5556, 0.6667, 16.0 ], "autoUv": false },
												"up": { "texture": "#orcaskin1", "uv": [ 0.2222, 15.5556, 0.6667, 16.0 ], "autoUv": false },
												"down": { "texture": "#orcaskin1", "uv": [ 0.2222, 15.1111, 0.6667, 15.5556 ], "autoUv": false }
											},
											"children": [
												{
													"name": "Cube61",
													"from": [ 2.0, 0.5, 0.0 ], 
													"to": [ 3.0, 2.5, 1.0 ], 
													"rotationOrigin": [ 2.0, 1.5, 0.0 ],
													"faces": {
														"north": { "texture": "#orcaskin1", "uv": [ 0.2222, 15.3333, 0.4444, 15.5556 ], "autoUv": false },
														"east": { "texture": "#orcaskin1", "uv": [ 0.2222, 15.1111, 0.8889, 15.5556 ], "autoUv": false },
														"south": { "texture": "#orcaskin1", "uv": [ 0.2222, 15.3333, 0.6667, 15.5556 ], "autoUv": false },
														"west": { "texture": "#orcaskin1", "uv": [ 0.2222, 15.5556, 0.6667, 16.0 ], "autoUv": false },
														"up": { "texture": "#orcaskin1", "uv": [ 0.2222, 15.5556, 0.6667, 16.0 ], "autoUv": false },
														"down": { "texture": "#orcaskin1", "uv": [ 0.2222, 15.1111, 0.6667, 15.5556 ], "autoUv": false }
													}
												},
												{
													"name": "Cube62",
													"from": [ 4.0, 0.5, 0.0 ], 
													"to": [ 5.0, 2.5, 1.0 ], 
													"rotationOrigin": [ 4.0, 1.5, 0.0 ],
													"faces": {
														"north": { "texture": "#orcaskin1", "uv": [ 0.2222, 15.3333, 0.4444, 15.5556 ], "autoUv": false },
														"east": { "texture": "#orcaskin1", "uv": [ 0.2222, 15.1111, 0.8889, 15.5556 ], "autoUv": false },
														"south": { "texture": "#orcaskin1", "uv": [ 0.2222, 15.3333, 0.6667, 15.5556 ], "autoUv": false },
														"west": { "texture": "#orcaskin1", "uv": [ 0.2222, 15.5556, 0.6667, 16.0 ], "autoUv": false },
														"up": { "texture": "#orcaskin1", "uv": [ 0.2222, 15.5556, 0.6667, 16.0 ], "autoUv": false },
														"down": { "texture": "#orcaskin1", "uv": [ 0.2222, 15.1111, 0.6667, 15.5556 ], "autoUv": false }
													},
													"children": [
														{
															"name": "Cube63",
															"from": [ 2.0, 0.0, 0.0 ], 
															"to": [ 3.0, 2.0, 1.0 ], 
															"rotationOrigin": [ 2.0, 1.5, 0.0 ],
															"faces": {
																"north": { "texture": "#orcaskin1", "uv": [ 0.2222, 15.3333, 0.4444, 15.5556 ], "autoUv": false },
																"east": { "texture": "#orcaskin1", "uv": [ 0.2222, 15.1111, 0.8889, 15.5556 ], "autoUv": false },
																"south": { "texture": "#orcaskin1", "uv": [ 0.2222, 15.3333, 0.6667, 15.5556 ], "autoUv": false },
																"west": { "texture": "#orcaskin1", "uv": [ 0.2222, 15.5556, 0.6667, 16.0 ], "autoUv": false },
																"up": { "texture": "#orcaskin1", "uv": [ 0.2222, 15.5556, 0.6667, 16.0 ], "autoUv": false },
																"down": { "texture": "#orcaskin1", "uv": [ 0.2222, 15.1111, 0.6667, 15.5556 ], "autoUv": false }
															}
														}
													]
												},
												{
													"name": "Cube64",
													"from": [ 8.0, 0.0, 0.0 ], 
													"to": [ 9.0, 2.0, 1.0 ], 
													"rotationOrigin": [ 8.0, 1.5, 0.0 ],
													"faces": {
														"north": { "texture": "#orcaskin1", "uv": [ 0.2222, 15.3333, 0.4444, 15.5556 ], "autoUv": false },
														"east": { "texture": "#orcaskin1", "uv": [ 0.2222, 15.1111, 0.8889, 15.5556 ], "autoUv": false },
														"south": { "texture": "#orcaskin1", "uv": [ 0.2222, 15.3333, 0.6667, 15.5556 ], "autoUv": false },
														"west": { "texture": "#orcaskin1", "uv": [ 0.2222, 15.5556, 0.6667, 16.0 ], "autoUv": false },
														"up": { "texture": "#orcaskin1", "uv": [ 0.2222, 15.5556, 0.6667, 16.0 ], "autoUv": false },
														"down": { "texture": "#orcaskin1", "uv": [ 0.2222, 15.1111, 0.6667, 15.5556 ], "autoUv": false }
													},
													"children": [
														{
															"name": "Cube65",
															"from": [ 2.0, -0.5, 0.0 ], 
															"to": [ 3.0, 1.5, 1.0 ], 
															"rotationOrigin": [ 2.0, 0.5, 0.0 ],
															"faces": {
																"north": { "texture": "#orcaskin1", "uv": [ 0.2222, 15.3333, 0.4444, 15.5556 ], "autoUv": false },
																"east": { "texture": "#orcaskin1", "uv": [ 0.2222, 15.1111, 0.8889, 15.5556 ], "autoUv": false },
																"south": { "texture": "#orcaskin1", "uv": [ 0.2222, 15.3333, 0.6667, 15.5556 ], "autoUv": false },
																"west": { "texture": "#orcaskin1", "uv": [ 0.2222, 15.5556, 0.6667, 16.0 ], "autoUv": false },
																"up": { "texture": "#orcaskin1", "uv": [ 0.2222, 15.5556, 0.6667, 16.0 ], "autoUv": false },
																"down": { "texture": "#orcaskin1", "uv": [ 0.2222, 15.1111, 0.6667, 15.5556 ], "autoUv": false }
															}
														}
													]
												}
											]
										},
										{
											"name": "Cube52",
											"from": [ 0.0, 0.0, -14.0 ], 
											"to": [ 1.0, 2.0, -13.0 ], 
											"rotationOrigin": [ 13.0, 1.3, -5.0 ],
											"rotationZ": 0.0,
											"faces": {
												"north": { "texture": "#orcaskin1", "uv": [ 0.2222, 15.3333, 0.4444, 15.5556 ], "autoUv": false },
												"east": { "texture": "#orcaskin1", "uv": [ 0.2222, 15.1111, 0.8889, 15.5556 ], "autoUv": false },
												"south": { "texture": "#orcaskin1", "uv": [ 0.2222, 15.3333, 0.6667, 15.5556 ], "autoUv": false },
												"west": { "texture": "#orcaskin1", "uv": [ 0.2222, 15.5556, 0.6667, 16.0 ], "autoUv": false },
												"up": { "texture": "#orcaskin1", "uv": [ 0.2222, 15.5556, 0.6667, 16.0 ], "autoUv": false },
												"down": { "texture": "#orcaskin1", "uv": [ 0.2222, 15.1111, 0.6667, 15.5556 ], "autoUv": false }
											},
											"children": [
												{
													"name": "Cube53",
													"from": [ 2.0, -0.2, 0.0 ], 
													"to": [ 3.0, 1.8, 1.0 ], 
													"rotationOrigin": [ 2.0, 1.3, 0.0 ],
													"faces": {
														"north": { "texture": "#orcaskin1", "uv": [ 0.2222, 15.3333, 0.4444, 15.5556 ], "autoUv": false },
														"east": { "texture": "#orcaskin1", "uv": [ 0.2222, 15.1111, 0.8889, 15.5556 ], "autoUv": false },
														"south": { "texture": "#orcaskin1", "uv": [ 0.2222, 15.3333, 0.6667, 15.5556 ], "autoUv": false },
														"west": { "texture": "#orcaskin1", "uv": [ 0.2222, 15.5556, 0.6667, 16.0 ], "autoUv": false },
														"up": { "texture": "#orcaskin1", "uv": [ 0.2222, 15.5556, 0.6667, 16.0 ], "autoUv": false },
														"down": { "texture": "#orcaskin1", "uv": [ 0.2222, 15.1111, 0.6667, 15.5556 ], "autoUv": false }
													},
													"children": [
														{
															"name": "Cube54",
															"from": [ 2.0, 0.4, 0.0 ], 
															"to": [ 3.0, 2.4, 1.0 ], 
															"rotationOrigin": [ 2.0, 1.5, 0.0 ],
															"faces": {
																"north": { "texture": "#orcaskin1", "uv": [ 0.2222, 15.3333, 0.4444, 15.5556 ], "autoUv": false },
																"east": { "texture": "#orcaskin1", "uv": [ 0.2222, 15.1111, 0.8889, 15.5556 ], "autoUv": false },
																"south": { "texture": "#orcaskin1", "uv": [ 0.2222, 15.3333, 0.6667, 15.5556 ], "autoUv": false },
																"west": { "texture": "#orcaskin1", "uv": [ 0.2222, 15.5556, 0.6667, 16.0 ], "autoUv": false },
																"up": { "texture": "#orcaskin1", "uv": [ 0.2222, 15.5556, 0.6667, 16.0 ], "autoUv": false },
																"down": { "texture": "#orcaskin1", "uv": [ 0.2222, 15.1111, 0.6667, 15.5556 ], "autoUv": false }
															}
														},
														{
															"name": "Cube55",
															"from": [ 4.0, 0.4, 0.0 ], 
															"to": [ 5.0, 2.4, 1.0 ], 
															"rotationOrigin": [ 4.0, 1.5, 0.0 ],
															"faces": {
																"north": { "texture": "#orcaskin1", "uv": [ 0.2222, 15.3333, 0.4444, 15.5556 ], "autoUv": false },
																"east": { "texture": "#orcaskin1", "uv": [ 0.2222, 15.1111, 0.8889, 15.5556 ], "autoUv": false },
																"south": { "texture": "#orcaskin1", "uv": [ 0.2222, 15.3333, 0.6667, 15.5556 ], "autoUv": false },
																"west": { "texture": "#orcaskin1", "uv": [ 0.2222, 15.5556, 0.6667, 16.0 ], "autoUv": false },
																"up": { "texture": "#orcaskin1", "uv": [ 0.2222, 15.5556, 0.6667, 16.0 ], "autoUv": false },
																"down": { "texture": "#orcaskin1", "uv": [ 0.2222, 15.1111, 0.6667, 15.5556 ], "autoUv": false }
															},
															"children": [
																{
																	"name": "Cube56",
																	"from": [ 2.0, 0.0, 0.0 ], 
																	"to": [ 3.0, 2.0, 1.0 ], 
																	"rotationOrigin": [ 2.0, 1.5, 0.0 ],
																	"faces": {
																		"north": { "texture": "#orcaskin1", "uv": [ 0.2222, 15.3333, 0.4444, 15.5556 ], "autoUv": false },
																		"east": { "texture": "#orcaskin1", "uv": [ 0.2222, 15.1111, 0.8889, 15.5556 ], "autoUv": false },
																		"south": { "texture": "#orcaskin1", "uv": [ 0.2222, 15.3333, 0.6667, 15.5556 ], "autoUv": false },
																		"west": { "texture": "#orcaskin1", "uv": [ 0.2222, 15.5556, 0.6667, 16.0 ], "autoUv": false },
																		"up": { "texture": "#orcaskin1", "uv": [ 0.2222, 15.5556, 0.6667, 16.0 ], "autoUv": false },
																		"down": { "texture": "#orcaskin1", "uv": [ 0.2222, 15.1111, 0.6667, 15.5556 ], "autoUv": false }
																	}
																}
															]
														},
														{
															"name": "Cube57",
															"from": [ 8.0, 0.0, 0.0 ], 
															"to": [ 9.0, 2.0, 1.0 ], 
															"rotationOrigin": [ 8.0, 1.5, 0.0 ],
															"faces": {
																"north": { "texture": "#orcaskin1", "uv": [ 0.2222, 15.3333, 0.4444, 15.5556 ], "autoUv": false },
																"east": { "texture": "#orcaskin1", "uv": [ 0.2222, 15.1111, 0.8889, 15.5556 ], "autoUv": false },
																"south": { "texture": "#orcaskin1", "uv": [ 0.2222, 15.3333, 0.6667, 15.5556 ], "autoUv": false },
																"west": { "texture": "#orcaskin1", "uv": [ 0.2222, 15.5556, 0.6667, 16.0 ], "autoUv": false },
																"up": { "texture": "#orcaskin1", "uv": [ 0.2222, 15.5556, 0.6667, 16.0 ], "autoUv": false },
																"down": { "texture": "#orcaskin1", "uv": [ 0.2222, 15.1111, 0.6667, 15.5556 ], "autoUv": false }
															},
															"children": [
																{
																	"name": "Cube58",
																	"from": [ 2.0, -0.5, 0.0 ], 
																	"to": [ 3.0, 1.5, 1.0 ], 
																	"rotationOrigin": [ 2.0, 1.5, 0.0 ],
																	"faces": {
																		"north": { "texture": "#orcaskin1", "uv": [ 0.2222, 15.3333, 0.4444, 15.5556 ], "autoUv": false },
																		"east": { "texture": "#orcaskin1", "uv": [ 0.2222, 15.1111, 0.8889, 15.5556 ], "autoUv": false },
																		"south": { "texture": "#orcaskin1", "uv": [ 0.2222, 15.3333, 0.6667, 15.5556 ], "autoUv": false },
																		"west": { "texture": "#orcaskin1", "uv": [ 0.2222, 15.5556, 0.6667, 16.0 ], "autoUv": false },
																		"up": { "texture": "#orcaskin1", "uv": [ 0.2222, 15.5556, 0.6667, 16.0 ], "autoUv": false },
																		"down": { "texture": "#orcaskin1", "uv": [ 0.2222, 15.1111, 0.6667, 15.5556 ], "autoUv": false }
																	}
																}
															]
														}
													]
												}
											]
										},
										{
											"name": "Cube69",
											"from": [ -2.1421, 0.1, -8.0 ], 
											"to": [ -1.1421, 1.1, -7.0 ], 
											"rotationOrigin": [ -2.1421, 1.1, -8.0 ],
											"rotationZ": 0.0,
											"faces": {
												"north": { "texture": "#orcaskin1", "uv": [ 0.2222, 15.3333, 0.4444, 15.5556 ], "autoUv": false },
												"east": { "texture": "#orcaskin1", "uv": [ 0.2222, 15.1111, 0.8889, 15.5556 ], "autoUv": false },
												"south": { "texture": "#orcaskin1", "uv": [ 0.2222, 15.3333, 0.6667, 15.5556 ], "autoUv": false },
												"west": { "texture": "#orcaskin1", "uv": [ 0.2222, 15.5556, 0.6667, 16.0 ], "autoUv": false },
												"up": { "texture": "#orcaskin1", "uv": [ 0.2222, 15.5556, 0.6667, 16.0 ], "autoUv": false },
												"down": { "texture": "#orcaskin1", "uv": [ 0.2222, 15.1111, 0.6667, 15.5556 ], "autoUv": false }
											},
											"children": [
												{
													"name": "Cube70",
													"from": [ 0.0, 0.0, 2.0 ], 
													"to": [ 1.0, 1.0, 3.0 ], 
													"rotationOrigin": [ 0.0, 1.0, 2.0 ],
													"faces": {
														"north": { "texture": "#orcaskin1", "uv": [ 0.2222, 15.3333, 0.4444, 15.5556 ], "autoUv": false },
														"east": { "texture": "#orcaskin1", "uv": [ 0.2222, 15.1111, 0.8889, 15.5556 ], "autoUv": false },
														"south": { "texture": "#orcaskin1", "uv": [ 0.2222, 15.3333, 0.6667, 15.5556 ], "autoUv": false },
														"west": { "texture": "#orcaskin1", "uv": [ 0.2222, 15.5556, 0.6667, 16.0 ], "autoUv": false },
														"up": { "texture": "#orcaskin1", "uv": [ 0.2222, 15.5556, 0.6667, 16.0 ], "autoUv": false },
														"down": { "texture": "#orcaskin1", "uv": [ 0.2222, 15.1111, 0.6667, 15.5556 ], "autoUv": false }
													}
												},
												{
													"name": "Cube71",
													"from": [ 0.0, 0.0, 4.0 ], 
													"to": [ 1.0, 1.0, 5.0 ], 
													"rotationOrigin": [ 0.0, 1.0, 4.0 ],
													"faces": {
														"north": { "texture": "#orcaskin1", "uv": [ 0.2222, 15.3333, 0.4444, 15.5556 ], "autoUv": false },
														"east": { "texture": "#orcaskin1", "uv": [ 0.2222, 15.1111, 0.8889, 15.5556 ], "autoUv": false },
														"south": { "texture": "#orcaskin1", "uv": [ 0.2222, 15.3333, 0.6667, 15.5556 ], "autoUv": false },
														"west": { "texture": "#orcaskin1", "uv": [ 0.2222, 15.5556, 0.6667, 16.0 ], "autoUv": false },
														"up": { "texture": "#orcaskin1", "uv": [ 0.2222, 15.5556, 0.6667, 16.0 ], "autoUv": false },
														"down": { "texture": "#orcaskin1", "uv": [ 0.2222, 15.1111, 0.6667, 15.5556 ], "autoUv": false }
													},
													"children": [
														{
															"name": "Cube72",
															"from": [ 1.0, 0.5, 2.0 ], 
															"to": [ 2.0, 1.5, 3.0 ], 
															"rotationOrigin": [ 1.0, 1.0, 2.0 ],
															"faces": {
																"north": { "texture": "#orcaskin1", "uv": [ 0.2222, 15.3333, 0.4444, 15.5556 ], "autoUv": false },
																"east": { "texture": "#orcaskin1", "uv": [ 0.2222, 15.1111, 0.8889, 15.5556 ], "autoUv": false },
																"south": { "texture": "#orcaskin1", "uv": [ 0.2222, 15.3333, 0.6667, 15.5556 ], "autoUv": false },
																"west": { "texture": "#orcaskin1", "uv": [ 0.2222, 15.5556, 0.6667, 16.0 ], "autoUv": false },
																"up": { "texture": "#orcaskin1", "uv": [ 0.2222, 15.5556, 0.6667, 16.0 ], "autoUv": false },
																"down": { "texture": "#orcaskin1", "uv": [ 0.2222, 15.1111, 0.6667, 15.5556 ], "autoUv": false }
															}
														}
													]
												}
											]
										},
										{
											"name": "Cube68",
											"from": [ -2.1421, 0.1, -10.0 ], 
											"to": [ -1.1421, 1.1, -9.0 ], 
											"rotationOrigin": [ -2.1421, 1.1, -10.0 ],
											"rotationZ": 0.0,
											"faces": {
												"north": { "texture": "#orcaskin1", "uv": [ 0.2222, 15.3333, 0.4444, 15.5556 ], "autoUv": false },
												"east": { "texture": "#orcaskin1", "uv": [ 0.2222, 15.1111, 0.8889, 15.5556 ], "autoUv": false },
												"south": { "texture": "#orcaskin1", "uv": [ 0.2222, 15.3333, 0.6667, 15.5556 ], "autoUv": false },
												"west": { "texture": "#orcaskin1", "uv": [ 0.2222, 15.5556, 0.6667, 16.0 ], "autoUv": false },
												"up": { "texture": "#orcaskin1", "uv": [ 0.2222, 15.5556, 0.6667, 16.0 ], "autoUv": false },
												"down": { "texture": "#orcaskin1", "uv": [ 0.2222, 15.1111, 0.6667, 15.5556 ], "autoUv": false }
											}
										},
										{
											"name": "Cube67",
											"from": [ -1.4393, 0.5556, -12.0 ], 
											"to": [ -0.4393, 1.5556, -11.0 ], 
											"rotationOrigin": [ -1.435, 1.8071, -12.0 ],
											"faces": {
												"north": { "texture": "#orcaskin1", "uv": [ 0.2222, 15.3333, 0.4444, 15.5556 ], "autoUv": false },
												"east": { "texture": "#orcaskin1", "uv": [ 0.2222, 15.1111, 0.8889, 15.5556 ], "autoUv": false },
												"south": { "texture": "#orcaskin1", "uv": [ 0.2222, 15.3333, 0.6667, 15.5556 ], "autoUv": false },
												"west": { "texture": "#orcaskin1", "uv": [ 0.2222, 15.5556, 0.6667, 16.0 ], "autoUv": false },
												"up": { "texture": "#orcaskin1", "uv": [ 0.2222, 15.5556, 0.6667, 16.0 ], "autoUv": false },
												"down": { "texture": "#orcaskin1", "uv": [ 0.2222, 15.1111, 0.6667, 15.5556 ], "autoUv": false }
											}
										}
									]
								},
								{
									"name": "tongue",
									"from": [ 2.0, 4.2, 4.5 ], 
									"to": [ 15.0, 5.2, 14.5 ], 
									"rotationOrigin": [ 16.0, 4.0, 9.5 ],
									"faces": {
										"north": { "texture": "#orcaskin1", "uv": [ 0.6667, 0.0, 2.6667, 0.2222 ], "autoUv": false },
										"east": { "texture": "#orcaskin1", "uv": [ 1.1111, 0.0, 2.6667, 0.4444 ], "autoUv": false },
										"south": { "texture": "#orcaskin1", "uv": [ 0.8889, 0.0, 2.6667, 0.4444 ], "autoUv": false },
										"west": { "texture": "#orcaskin1", "uv": [ 0.6667, 0.0, 3.1111, 0.4444 ], "autoUv": false },
										"up": { "texture": "#orcaskin1", "uv": [ 1.1111, 0.0, 2.6667, 0.4444 ], "rotation": 90, "autoUv": false },
										"down": { "texture": "#orcaskin1", "uv": [ 0.8889, 0.0, 2.6667, 0.2222 ], "autoUv": false }
									},
									"children": [
										{
											"name": "Cube74",
											"from": [ -2.0, 0.0, 1.0 ], 
											"to": [ 0.0, 1.0, 9.0 ], 
											"rotationOrigin": [ 0.0, -0.2, 6.0 ],
											"faces": {
												"north": { "texture": "#orcaskin1", "uv": [ 0.6667, 0.0, 2.6667, 0.2222 ], "autoUv": false },
												"east": { "texture": "#orcaskin1", "uv": [ 1.1111, 0.0, 2.6667, 0.4444 ], "autoUv": false },
												"south": { "texture": "#orcaskin1", "uv": [ 0.8889, 0.0, 2.6667, 0.4444 ], "autoUv": false },
												"west": { "texture": "#orcaskin1", "uv": [ 0.6667, 0.0, 3.1111, 0.4444 ], "autoUv": false },
												"up": { "texture": "#orcaskin1", "uv": [ 1.1111, 0.0, 2.4444, 0.4444 ], "rotation": 90, "autoUv": false },
												"down": { "texture": "#orcaskin1", "uv": [ 0.8889, 0.0, 2.6667, 0.2222 ], "autoUv": false }
											}
										}
									]
								}
							]
						},
						{
							"name": "Cube30",
							"from": [ 0.0, -1.0, 3.0 ], 
							"to": [ 1.0, 0.0, 4.0 ], 
							"rotationOrigin": [ 0.0, 0.0, 11.0 ],
							"faces": {
								"north": { "texture": "#orcaskin1", "uv": [ 0.2222, 15.3333, 0.4444, 15.5556 ], "autoUv": false },
								"east": { "texture": "#orcaskin1", "uv": [ 0.2222, 15.1111, 0.8889, 15.5556 ], "autoUv": false },
								"south": { "texture": "#orcaskin1", "uv": [ 0.2222, 15.3333, 0.6667, 15.5556 ], "autoUv": false },
								"west": { "texture": "#orcaskin1", "uv": [ 0.2222, 15.5556, 0.6667, 16.0 ], "autoUv": false },
								"up": { "texture": "#orcaskin1", "uv": [ 0.2222, 15.5556, 0.6667, 16.0 ], "autoUv": false },
								"down": { "texture": "#orcaskin1", "uv": [ 0.2222, 15.1111, 0.6667, 15.5556 ], "autoUv": false }
							},
							"children": [
								{
									"name": "Cube45",
									"from": [ -1.0, 0.0, 2.0 ], 
									"to": [ 0.0, 1.0, 3.0 ], 
									"rotationOrigin": [ -1.0, 1.0, 2.0 ],
									"faces": {
										"north": { "texture": "#orcaskin1", "uv": [ 0.2222, 15.3333, 0.4444, 15.5556 ], "autoUv": false },
										"east": { "texture": "#orcaskin1", "uv": [ 0.2222, 15.1111, 0.8889, 15.5556 ], "autoUv": false },
										"south": { "texture": "#orcaskin1", "uv": [ 0.2222, 15.3333, 0.6667, 15.5556 ], "autoUv": false },
										"west": { "texture": "#orcaskin1", "uv": [ 0.2222, 15.5556, 0.6667, 16.0 ], "autoUv": false },
										"up": { "texture": "#orcaskin1", "uv": [ 0.2222, 15.5556, 0.6667, 16.0 ], "autoUv": false },
										"down": { "texture": "#orcaskin1", "uv": [ 0.2222, 15.1111, 0.6667, 15.5556 ], "autoUv": false }
									},
									"children": [
										{
											"name": "Cube46",
											"from": [ 0.0, 0.0, 2.0 ], 
											"to": [ 1.0, 1.0, 3.0 ], 
											"rotationOrigin": [ 0.0, 1.0, 2.0 ],
											"faces": {
												"north": { "texture": "#orcaskin1", "uv": [ 0.2222, 15.3333, 0.4444, 15.5556 ], "autoUv": false },
												"east": { "texture": "#orcaskin1", "uv": [ 0.2222, 15.1111, 0.8889, 15.5556 ], "autoUv": false },
												"south": { "texture": "#orcaskin1", "uv": [ 0.2222, 15.3333, 0.6667, 15.5556 ], "autoUv": false },
												"west": { "texture": "#orcaskin1", "uv": [ 0.2222, 15.5556, 0.6667, 16.0 ], "autoUv": false },
												"up": { "texture": "#orcaskin1", "uv": [ 0.2222, 15.5556, 0.6667, 16.0 ], "autoUv": false },
												"down": { "texture": "#orcaskin1", "uv": [ 0.2222, 15.1111, 0.6667, 15.5556 ], "autoUv": false }
											}
										},
										{
											"name": "Cube47",
											"from": [ 0.0, 0.0, 4.0 ], 
											"to": [ 1.0, 1.0, 5.0 ], 
											"rotationOrigin": [ 0.0, 1.0, 4.0 ],
											"faces": {
												"north": { "texture": "#orcaskin1", "uv": [ 0.2222, 15.3333, 0.4444, 15.5556 ], "autoUv": false },
												"east": { "texture": "#orcaskin1", "uv": [ 0.2222, 15.1111, 0.8889, 15.5556 ], "autoUv": false },
												"south": { "texture": "#orcaskin1", "uv": [ 0.2222, 15.3333, 0.6667, 15.5556 ], "autoUv": false },
												"west": { "texture": "#orcaskin1", "uv": [ 0.2222, 15.5556, 0.6667, 16.0 ], "autoUv": false },
												"up": { "texture": "#orcaskin1", "uv": [ 0.2222, 15.5556, 0.6667, 16.0 ], "autoUv": false },
												"down": { "texture": "#orcaskin1", "uv": [ 0.2222, 15.1111, 0.6667, 15.5556 ], "autoUv": false }
											},
											"children": [
												{
													"name": "Cube48",
													"from": [ 0.0, 0.0, 2.0 ], 
													"to": [ 1.0, 1.0, 3.0 ], 
													"rotationOrigin": [ 0.0, 1.0, 2.0 ],
													"faces": {
														"north": { "texture": "#orcaskin1", "uv": [ 0.2222, 15.3333, 0.4444, 15.5556 ], "autoUv": false },
														"east": { "texture": "#orcaskin1", "uv": [ 0.2222, 15.1111, 0.8889, 15.5556 ], "autoUv": false },
														"south": { "texture": "#orcaskin1", "uv": [ 0.2222, 15.3333, 0.6667, 15.5556 ], "autoUv": false },
														"west": { "texture": "#orcaskin1", "uv": [ 0.2222, 15.5556, 0.6667, 16.0 ], "autoUv": false },
														"up": { "texture": "#orcaskin1", "uv": [ 0.2222, 15.5556, 0.6667, 16.0 ], "autoUv": false },
														"down": { "texture": "#orcaskin1", "uv": [ 0.2222, 15.1111, 0.6667, 15.5556 ], "autoUv": false }
													}
												},
												{
													"name": "Cube49",
													"from": [ 0.0, 0.0, 4.0 ], 
													"to": [ 1.0, 1.0, 5.0 ], 
													"rotationOrigin": [ 0.0, 1.0, 4.0 ],
													"faces": {
														"north": { "texture": "#orcaskin1", "uv": [ 0.2222, 15.3333, 0.4444, 15.5556 ], "autoUv": false },
														"east": { "texture": "#orcaskin1", "uv": [ 0.2222, 15.1111, 0.8889, 15.5556 ], "autoUv": false },
														"south": { "texture": "#orcaskin1", "uv": [ 0.2222, 15.3333, 0.6667, 15.5556 ], "autoUv": false },
														"west": { "texture": "#orcaskin1", "uv": [ 0.2222, 15.5556, 0.6667, 16.0 ], "autoUv": false },
														"up": { "texture": "#orcaskin1", "uv": [ 0.2222, 15.5556, 0.6667, 16.0 ], "autoUv": false },
														"down": { "texture": "#orcaskin1", "uv": [ 0.2222, 15.1111, 0.6667, 15.5556 ], "autoUv": false }
													},
													"children": [
														{
															"name": "Cube50",
															"from": [ 0.0, 0.0, 2.0 ], 
															"to": [ 1.0, 1.0, 3.0 ], 
															"rotationOrigin": [ 0.0, 1.0, 2.0 ],
															"faces": {
																"north": { "texture": "#orcaskin1", "uv": [ 0.2222, 15.3333, 0.4444, 15.5556 ], "autoUv": false },
																"east": { "texture": "#orcaskin1", "uv": [ 0.2222, 15.1111, 0.8889, 15.5556 ], "autoUv": false },
																"south": { "texture": "#orcaskin1", "uv": [ 0.2222, 15.3333, 0.6667, 15.5556 ], "autoUv": false },
																"west": { "texture": "#orcaskin1", "uv": [ 0.2222, 15.5556, 0.6667, 16.0 ], "autoUv": false },
																"up": { "texture": "#orcaskin1", "uv": [ 0.2222, 15.5556, 0.6667, 16.0 ], "autoUv": false },
																"down": { "texture": "#orcaskin1", "uv": [ 0.2222, 15.1111, 0.6667, 15.5556 ], "autoUv": false }
															}
														},
														{
															"name": "Cube51",
															"from": [ 1.0, 0.0, 4.0 ], 
															"to": [ 2.0, 1.0, 5.0 ], 
															"rotationOrigin": [ 1.0, 1.0, 4.0 ],
															"faces": {
																"north": { "texture": "#orcaskin1", "uv": [ 0.2222, 15.3333, 0.4444, 15.5556 ], "autoUv": false },
																"east": { "texture": "#orcaskin1", "uv": [ 0.2222, 15.1111, 0.8889, 15.5556 ], "autoUv": false },
																"south": { "texture": "#orcaskin1", "uv": [ 0.2222, 15.3333, 0.6667, 15.5556 ], "autoUv": false },
																"west": { "texture": "#orcaskin1", "uv": [ 0.2222, 15.5556, 0.6667, 16.0 ], "autoUv": false },
																"up": { "texture": "#orcaskin1", "uv": [ 0.2222, 15.5556, 0.6667, 16.0 ], "autoUv": false },
																"down": { "texture": "#orcaskin1", "uv": [ 0.2222, 15.1111, 0.6667, 15.5556 ], "autoUv": false }
															}
														}
													]
												}
											]
										}
									]
								},
								{
									"name": "Cube31",
									"from": [ 2.0, -0.3, -1.0 ], 
									"to": [ 3.0, 1.7, 0.0 ], 
									"rotationOrigin": [ 2.0, 1.0, -1.0 ],
									"faces": {
										"north": { "texture": "#orcaskin1", "uv": [ 0.2222, 15.3333, 0.4444, 15.5556 ], "autoUv": false },
										"east": { "texture": "#orcaskin1", "uv": [ 0.2222, 15.1111, 0.8889, 15.5556 ], "autoUv": false },
										"south": { "texture": "#orcaskin1", "uv": [ 0.2222, 15.3333, 0.6667, 15.5556 ], "autoUv": false },
										"west": { "texture": "#orcaskin1", "uv": [ 0.2222, 15.5556, 0.6667, 16.0 ], "autoUv": false },
										"up": { "texture": "#orcaskin1", "uv": [ 0.2222, 15.5556, 0.6667, 16.0 ], "autoUv": false },
										"down": { "texture": "#orcaskin1", "uv": [ 0.2222, 15.1111, 0.6667, 15.5556 ], "autoUv": false }
									},
									"children": [
										{
											"name": "Cube32",
											"from": [ 2.0, -0.2, 0.0 ], 
											"to": [ 3.0, 1.8, 1.0 ], 
											"rotationOrigin": [ 2.0, 1.3, 0.0 ],
											"faces": {
												"north": { "texture": "#orcaskin1", "uv": [ 0.2222, 15.3333, 0.4444, 15.5556 ], "autoUv": false },
												"east": { "texture": "#orcaskin1", "uv": [ 0.2222, 15.1111, 0.8889, 15.5556 ], "autoUv": false },
												"south": { "texture": "#orcaskin1", "uv": [ 0.2222, 15.3333, 0.6667, 15.5556 ], "autoUv": false },
												"west": { "texture": "#orcaskin1", "uv": [ 0.2222, 15.5556, 0.6667, 16.0 ], "autoUv": false },
												"up": { "texture": "#orcaskin1", "uv": [ 0.2222, 15.5556, 0.6667, 16.0 ], "autoUv": false },
												"down": { "texture": "#orcaskin1", "uv": [ 0.2222, 15.1111, 0.6667, 15.5556 ], "autoUv": false }
											},
											"children": [
												{
													"name": "Cube33",
													"from": [ 2.0, 0.0, 0.0 ], 
													"to": [ 3.0, 2.0, 1.0 ], 
													"rotationOrigin": [ 2.0, 1.5, 0.0 ],
													"faces": {
														"north": { "texture": "#orcaskin1", "uv": [ 0.2222, 15.3333, 0.4444, 15.5556 ], "autoUv": false },
														"east": { "texture": "#orcaskin1", "uv": [ 0.2222, 15.1111, 0.8889, 15.5556 ], "autoUv": false },
														"south": { "texture": "#orcaskin1", "uv": [ 0.2222, 15.3333, 0.6667, 15.5556 ], "autoUv": false },
														"west": { "texture": "#orcaskin1", "uv": [ 0.2222, 15.5556, 0.6667, 16.0 ], "autoUv": false },
														"up": { "texture": "#orcaskin1", "uv": [ 0.2222, 15.5556, 0.6667, 16.0 ], "autoUv": false },
														"down": { "texture": "#orcaskin1", "uv": [ 0.2222, 15.1111, 0.6667, 15.5556 ], "autoUv": false }
													}
												},
												{
													"name": "Cube34",
													"from": [ 4.0, 0.0, 0.0 ], 
													"to": [ 5.0, 2.0, 1.0 ], 
													"rotationOrigin": [ 4.0, 1.5, 0.0 ],
													"faces": {
														"north": { "texture": "#orcaskin1", "uv": [ 0.2222, 15.3333, 0.4444, 15.5556 ], "autoUv": false },
														"east": { "texture": "#orcaskin1", "uv": [ 0.2222, 15.1111, 0.8889, 15.5556 ], "autoUv": false },
														"south": { "texture": "#orcaskin1", "uv": [ 0.2222, 15.3333, 0.6667, 15.5556 ], "autoUv": false },
														"west": { "texture": "#orcaskin1", "uv": [ 0.2222, 15.5556, 0.6667, 16.0 ], "autoUv": false },
														"up": { "texture": "#orcaskin1", "uv": [ 0.2222, 15.5556, 0.6667, 16.0 ], "autoUv": false },
														"down": { "texture": "#orcaskin1", "uv": [ 0.2222, 15.1111, 0.6667, 15.5556 ], "autoUv": false }
													},
													"children": [
														{
															"name": "Cube35",
															"from": [ 2.0, 0.0, 0.0 ], 
															"to": [ 3.0, 2.0, 1.0 ], 
															"rotationOrigin": [ 2.0, 1.5, 0.0 ],
															"faces": {
																"north": { "texture": "#orcaskin1", "uv": [ 0.2222, 15.3333, 0.4444, 15.5556 ], "autoUv": false },
																"east": { "texture": "#orcaskin1", "uv": [ 0.2222, 15.1111, 0.8889, 15.5556 ], "autoUv": false },
																"south": { "texture": "#orcaskin1", "uv": [ 0.2222, 15.3333, 0.6667, 15.5556 ], "autoUv": false },
																"west": { "texture": "#orcaskin1", "uv": [ 0.2222, 15.5556, 0.6667, 16.0 ], "autoUv": false },
																"up": { "texture": "#orcaskin1", "uv": [ 0.2222, 15.5556, 0.6667, 16.0 ], "autoUv": false },
																"down": { "texture": "#orcaskin1", "uv": [ 0.2222, 15.1111, 0.6667, 15.5556 ], "autoUv": false }
															}
														}
													]
												},
												{
													"name": "Cube36",
													"from": [ 8.0, 0.0, 0.0 ], 
													"to": [ 9.0, 2.0, 1.0 ], 
													"rotationOrigin": [ 8.0, 1.5, 0.0 ],
													"faces": {
														"north": { "texture": "#orcaskin1", "uv": [ 0.2222, 15.3333, 0.4444, 15.5556 ], "autoUv": false },
														"east": { "texture": "#orcaskin1", "uv": [ 0.2222, 15.1111, 0.8889, 15.5556 ], "autoUv": false },
														"south": { "texture": "#orcaskin1", "uv": [ 0.2222, 15.3333, 0.6667, 15.5556 ], "autoUv": false },
														"west": { "texture": "#orcaskin1", "uv": [ 0.2222, 15.5556, 0.6667, 16.0 ], "autoUv": false },
														"up": { "texture": "#orcaskin1", "uv": [ 0.2222, 15.5556, 0.6667, 16.0 ], "autoUv": false },
														"down": { "texture": "#orcaskin1", "uv": [ 0.2222, 15.1111, 0.6667, 15.5556 ], "autoUv": false }
													},
													"children": [
														{
															"name": "Cube37",
															"from": [ 2.0, 0.5, 0.0 ], 
															"to": [ 3.0, 2.5, 1.0 ], 
															"rotationOrigin": [ 2.0, 1.5, 0.0 ],
															"faces": {
																"north": { "texture": "#orcaskin1", "uv": [ 0.2222, 15.3333, 0.4444, 15.5556 ], "autoUv": false },
																"east": { "texture": "#orcaskin1", "uv": [ 0.2222, 15.1111, 0.8889, 15.5556 ], "autoUv": false },
																"south": { "texture": "#orcaskin1", "uv": [ 0.2222, 15.3333, 0.6667, 15.5556 ], "autoUv": false },
																"west": { "texture": "#orcaskin1", "uv": [ 0.2222, 15.5556, 0.6667, 16.0 ], "autoUv": false },
																"up": { "texture": "#orcaskin1", "uv": [ 0.2222, 15.5556, 0.6667, 16.0 ], "autoUv": false },
																"down": { "texture": "#orcaskin1", "uv": [ 0.2222, 15.1111, 0.6667, 15.5556 ], "autoUv": false }
															}
														}
													]
												}
											]
										},
										{
											"name": "Cube38",
											"from": [ 0.0, 0.0, 16.0 ], 
											"to": [ 1.0, 2.0, 17.0 ], 
											"rotationOrigin": [ 0.0, 1.3, 16.0 ],
											"faces": {
												"north": { "texture": "#orcaskin1", "uv": [ 0.2222, 15.3333, 0.4444, 15.5556 ], "autoUv": false },
												"east": { "texture": "#orcaskin1", "uv": [ 0.2222, 15.1111, 0.8889, 15.5556 ], "autoUv": false },
												"south": { "texture": "#orcaskin1", "uv": [ 0.2222, 15.3333, 0.6667, 15.5556 ], "autoUv": false },
												"west": { "texture": "#orcaskin1", "uv": [ 0.2222, 15.5556, 0.6667, 16.0 ], "autoUv": false },
												"up": { "texture": "#orcaskin1", "uv": [ 0.2222, 15.5556, 0.6667, 16.0 ], "autoUv": false },
												"down": { "texture": "#orcaskin1", "uv": [ 0.2222, 15.1111, 0.6667, 15.5556 ], "autoUv": false }
											},
											"children": [
												{
													"name": "Cube39",
													"from": [ 2.0, -0.2, 0.0 ], 
													"to": [ 3.0, 1.8, 1.0 ], 
													"rotationOrigin": [ 2.0, 1.3, 0.0 ],
													"faces": {
														"north": { "texture": "#orcaskin1", "uv": [ 0.2222, 15.3333, 0.4444, 15.5556 ], "autoUv": false },
														"east": { "texture": "#orcaskin1", "uv": [ 0.2222, 15.1111, 0.8889, 15.5556 ], "autoUv": false },
														"south": { "texture": "#orcaskin1", "uv": [ 0.2222, 15.3333, 0.6667, 15.5556 ], "autoUv": false },
														"west": { "texture": "#orcaskin1", "uv": [ 0.2222, 15.5556, 0.6667, 16.0 ], "autoUv": false },
														"up": { "texture": "#orcaskin1", "uv": [ 0.2222, 15.5556, 0.6667, 16.0 ], "autoUv": false },
														"down": { "texture": "#orcaskin1", "uv": [ 0.2222, 15.1111, 0.6667, 15.5556 ], "autoUv": false }
													},
													"children": [
														{
															"name": "Cube40",
															"from": [ 2.0, 0.0, 0.0 ], 
															"to": [ 3.0, 2.0, 1.0 ], 
															"rotationOrigin": [ 2.0, 1.5, 0.0 ],
															"faces": {
																"north": { "texture": "#orcaskin1", "uv": [ 0.2222, 15.3333, 0.4444, 15.5556 ], "autoUv": false },
																"east": { "texture": "#orcaskin1", "uv": [ 0.2222, 15.1111, 0.8889, 15.5556 ], "autoUv": false },
																"south": { "texture": "#orcaskin1", "uv": [ 0.2222, 15.3333, 0.6667, 15.5556 ], "autoUv": false },
																"west": { "texture": "#orcaskin1", "uv": [ 0.2222, 15.5556, 0.6667, 16.0 ], "autoUv": false },
																"up": { "texture": "#orcaskin1", "uv": [ 0.2222, 15.5556, 0.6667, 16.0 ], "autoUv": false },
																"down": { "texture": "#orcaskin1", "uv": [ 0.2222, 15.1111, 0.6667, 15.5556 ], "autoUv": false }
															}
														},
														{
															"name": "Cube41",
															"from": [ 4.0, 0.0, 0.0 ], 
															"to": [ 5.0, 2.0, 1.0 ], 
															"rotationOrigin": [ 4.0, 1.5, 0.0 ],
															"faces": {
																"north": { "texture": "#orcaskin1", "uv": [ 0.2222, 15.3333, 0.4444, 15.5556 ], "autoUv": false },
																"east": { "texture": "#orcaskin1", "uv": [ 0.2222, 15.1111, 0.8889, 15.5556 ], "autoUv": false },
																"south": { "texture": "#orcaskin1", "uv": [ 0.2222, 15.3333, 0.6667, 15.5556 ], "autoUv": false },
																"west": { "texture": "#orcaskin1", "uv": [ 0.2222, 15.5556, 0.6667, 16.0 ], "autoUv": false },
																"up": { "texture": "#orcaskin1", "uv": [ 0.2222, 15.5556, 0.6667, 16.0 ], "autoUv": false },
																"down": { "texture": "#orcaskin1", "uv": [ 0.2222, 15.1111, 0.6667, 15.5556 ], "autoUv": false }
															},
															"children": [
																{
																	"name": "Cube42",
																	"from": [ 2.0, 0.0, 0.0 ], 
																	"to": [ 3.0, 2.0, 1.0 ], 
																	"rotationOrigin": [ 2.0, 1.5, 0.0 ],
																	"faces": {
																		"north": { "texture": "#orcaskin1", "uv": [ 0.2222, 15.3333, 0.4444, 15.5556 ], "autoUv": false },
																		"east": { "texture": "#orcaskin1", "uv": [ 0.2222, 15.1111, 0.8889, 15.5556 ], "autoUv": false },
																		"south": { "texture": "#orcaskin1", "uv": [ 0.2222, 15.3333, 0.6667, 15.5556 ], "autoUv": false },
																		"west": { "texture": "#orcaskin1", "uv": [ 0.2222, 15.5556, 0.6667, 16.0 ], "autoUv": false },
																		"up": { "texture": "#orcaskin1", "uv": [ 0.2222, 15.5556, 0.6667, 16.0 ], "autoUv": false },
																		"down": { "texture": "#orcaskin1", "uv": [ 0.2222, 15.1111, 0.6667, 15.5556 ], "autoUv": false }
																	}
																}
															]
														},
														{
															"name": "Cube43",
															"from": [ 8.0, 0.0, 0.0 ], 
															"to": [ 9.0, 2.0, 1.0 ], 
															"rotationOrigin": [ 8.0, 1.5, 0.0 ],
															"faces": {
																"north": { "texture": "#orcaskin1", "uv": [ 0.2222, 15.3333, 0.4444, 15.5556 ], "autoUv": false },
																"east": { "texture": "#orcaskin1", "uv": [ 0.2222, 15.1111, 0.8889, 15.5556 ], "autoUv": false },
																"south": { "texture": "#orcaskin1", "uv": [ 0.2222, 15.3333, 0.6667, 15.5556 ], "autoUv": false },
																"west": { "texture": "#orcaskin1", "uv": [ 0.2222, 15.5556, 0.6667, 16.0 ], "autoUv": false },
																"up": { "texture": "#orcaskin1", "uv": [ 0.2222, 15.5556, 0.6667, 16.0 ], "autoUv": false },
																"down": { "texture": "#orcaskin1", "uv": [ 0.2222, 15.1111, 0.6667, 15.5556 ], "autoUv": false }
															},
															"children": [
																{
																	"name": "Cube44",
																	"from": [ 2.0, 0.5, 0.0 ], 
																	"to": [ 3.0, 2.5, 1.0 ], 
																	"rotationOrigin": [ 2.0, 1.5, 0.0 ],
																	"faces": {
																		"north": { "texture": "#orcaskin1", "uv": [ 0.2222, 15.3333, 0.4444, 15.5556 ], "autoUv": false },
																		"east": { "texture": "#orcaskin1", "uv": [ 0.2222, 15.1111, 0.8889, 15.5556 ], "autoUv": false },
																		"south": { "texture": "#orcaskin1", "uv": [ 0.2222, 15.3333, 0.6667, 15.5556 ], "autoUv": false },
																		"west": { "texture": "#orcaskin1", "uv": [ 0.2222, 15.5556, 0.6667, 16.0 ], "autoUv": false },
																		"up": { "texture": "#orcaskin1", "uv": [ 0.2222, 15.5556, 0.6667, 16.0 ], "autoUv": false },
																		"down": { "texture": "#orcaskin1", "uv": [ 0.2222, 15.1111, 0.6667, 15.5556 ], "autoUv": false }
																	}
																}
															]
														}
													]
												}
											]
										}
									]
								}
							]
						}
					]
				}
			]
		}
	],
	"animations": [
		{
			"name": "swim",
			"code": "swim",
			"quantityframes": 65,
			"onActivityStopped": "EaseOut",
			"onAnimationEnd": "Repeat",
			"keyframes": [
				{
					"frame": 8,
					"elements": {
						"Origin": {  },
						"head": { "offsetX": 0.0, "offsetY": 0.0, "offsetZ": 0.0, "rotationX": 0.0, "rotationY": 0.0, "rotationZ": 10.0 },
						"frontbody": { "rotationX": 0.0, "rotationY": 0.0, "rotationZ": 5.0 },
						"midbody": { "rotationX": 0.0, "rotationY": 0.0, "rotationZ": 0.0 },
						"backbody": { "rotationX": 0.0, "rotationY": 0.0, "rotationZ": 5.0 },
						"tail": { "rotationX": 0.0, "rotationY": 0.0, "rotationZ": 5.0 },
						"tail2": { "rotationX": 0.0, "rotationY": 0.0, "rotationZ": 5.0 },
						"tail3": { "rotationX": 0.0, "rotationY": 0.0, "rotationZ": 5.0 },
						"Cube26": { "rotationX": 0.0, "rotationY": 0.0, "rotationZ": 22.5 },
						"lflipper": { "rotationX": 0.0, "rotationY": 0.0, "rotationZ": 0.0 },
						"rflipper": { "rotationX": 0.0, "rotationY": 0.0, "rotationZ": 0.0 }
					}
				},
				{
					"frame": 17,
					"elements": {
						"Origin": {  },
						"head": { "offsetX": 0.0, "offsetY": 3.0, "offsetZ": 0.0, "rotationX": 0.0, "rotationY": 0.0, "rotationZ": 0.0 },
						"frontbody": { "rotationX": 0.0, "rotationY": 0.0, "rotationZ": 5.0 },
						"midbody": { "rotationX": 0.0, "rotationY": 0.0, "rotationZ": 0.0 },
						"backbody": { "rotationX": 0.0, "rotationY": 0.0, "rotationZ": 5.0 },
						"tail": { "rotationX": 0.0, "rotationY": 0.0, "rotationZ": 10.0 },
						"tail2": { "rotationX": 0.0, "rotationY": 0.0, "rotationZ": 8.0 },
						"tail3": { "rotationX": 0.0, "rotationY": 0.0, "rotationZ": 5.0 },
						"Cube26": { "rotationX": 0.0, "rotationY": 0.0, "rotationZ": 22.5 }
					}
				},
				{
					"frame": 29,
					"elements": {
						"Origin": {  },
						"head": { "offsetX": -16.0, "offsetY": 24.0, "offsetZ": 0.0, "rotationX": 0.0, "rotationY": 0.0, "rotationZ": -15.0 },
						"frontbody": { "rotationX": 0.0, "rotationY": 0.0, "rotationZ": 5.0 },
						"rflipper": { "rotationX": -10.0, "rotationY": 0.0, "rotationZ": 0.0 },
						"lflipper": { "rotationX": 10.0, "rotationY": 0.0, "rotationZ": 0.0 },
						"midbody": { "rotationX": 0.0, "rotationY": 0.0, "rotationZ": 0.0 },
						"backbody": { "rotationX": 0.0, "rotationY": 0.0, "rotationZ": 5.0 },
						"tail": { "rotationX": 0.0, "rotationY": 0.0, "rotationZ": 10.0 },
						"tail2": { "rotationX": 0.0, "rotationY": 0.0, "rotationZ": 8.0 },
						"tail3": { "rotationX": 0.0, "rotationY": 0.0, "rotationZ": 5.0 },
						"Cube26": { "rotationX": 0.0, "rotationY": 0.0, "rotationZ": 22.5 }
					}
				},
				{
					"frame": 38,
					"elements": {
						"Origin": {  },
						"head": { "offsetX": -22.0, "offsetY": 28.0, "offsetZ": 0.0, "rotationX": 0.0, "rotationY": 0.0, "rotationZ": -15.0 },
						"frontbody": { "rotationX": 0.0, "rotationY": 0.0, "rotationZ": 5.0 },
						"rflipper": { "rotationX": -15.0, "rotationY": 0.0, "rotationZ": 0.0 },
						"lflipper": { "rotationX": 15.0, "rotationY": 0.0, "rotationZ": 0.0 },
						"midbody": { "rotationX": 0.0, "rotationY": 0.0, "rotationZ": 0.0 },
						"backbody": { "rotationX": 0.0, "rotationY": 0.0, "rotationZ": 5.0 },
						"tail": { "rotationX": 0.0, "rotationY": 0.0, "rotationZ": 0.0 },
						"tail2": { "rotationX": 0.0, "rotationY": 0.0, "rotationZ": 8.0 },
						"tail3": { "rotationX": 0.0, "rotationY": 0.0, "rotationZ": 5.0 },
						"Cube26": { "rotationX": 0.0, "rotationY": 0.0, "rotationZ": 22.5 }
					}
				},
				{
					"frame": 43,
					"elements": {
						"Origin": {  },
						"head": { "offsetX": -22.0, "offsetY": 28.0, "offsetZ": 0.0, "rotationX": 0.0, "rotationY": 0.0, "rotationZ": -5.0 },
						"frontbody": { "rotationX": 0.0, "rotationY": 0.0, "rotationZ": 5.0 },
						"rflipper": { "rotationX": -15.0, "rotationY": 0.0, "rotationZ": 0.0 },
						"lflipper": { "rotationX": 15.0, "rotationY": 0.0, "rotationZ": 0.0 },
						"midbody": { "rotationX": 0.0, "rotationY": 0.0, "rotationZ": 0.0 },
						"backbody": { "rotationX": 0.0, "rotationY": 0.0, "rotationZ": 0.0 },
						"tail": { "rotationX": 0.0, "rotationY": 0.0, "rotationZ": 0.0 },
						"tail2": { "rotationX": 0.0, "rotationY": 0.0, "rotationZ": 0.0 },
						"tail3": { "rotationX": 0.0, "rotationY": 0.0, "rotationZ": 5.0 },
						"Cube26": { "rotationX": 0.0, "rotationY": 0.0, "rotationZ": 22.5 }
					}
				},
				{
					"frame": 50,
					"elements": {
						"Origin": {  },
						"head": { "offsetX": -4.0, "offsetY": 19.0, "offsetZ": 0.0, "rotationX": 0.0, "rotationY": 0.0, "rotationZ": 10.0 },
						"frontbody": { "rotationX": 0.0, "rotationY": 0.0, "rotationZ": 5.0 },
						"rflipper": { "rotationX": -10.0, "rotationY": 0.0, "rotationZ": 0.0 },
						"lflipper": { "rotationX": 10.0, "rotationY": 0.0, "rotationZ": 0.0 },
						"midbody": { "rotationX": 0.0, "rotationY": 0.0, "rotationZ": -5.0 },
						"backbody": { "rotationX": 0.0, "rotationY": 0.0, "rotationZ": 0.0 },
						"tail": { "rotationX": 0.0, "rotationY": 0.0, "rotationZ": -5.0 },
						"tail2": { "rotationX": 0.0, "rotationY": 0.0, "rotationZ": -5.0 },
						"tail3": { "rotationX": 0.0, "rotationY": 0.0, "rotationZ": -5.0 },
						"Cube26": { "rotationX": 0.0, "rotationY": 0.0, "rotationZ": 0.0 }
					}
				},
				{
					"frame": 60,
					"elements": {
						"Origin": {  },
						"head": { "offsetX": 0.0, "offsetY": 5.0, "offsetZ": 0.0, "rotationX": 0.0, "rotationY": 0.0, "rotationZ": 15.0 },
						"frontbody": { "rotationX": 0.0, "rotationY": 0.0, "rotationZ": 5.0 },
						"rflipper": { "rotationX": 5.0, "rotationY": 0.0, "rotationZ": 0.0 },
						"lflipper": { "rotationX": -5.0, "rotationY": 0.0, "rotationZ": 0.0 },
						"midbody": { "rotationX": 0.0, "rotationY": 0.0, "rotationZ": 0.0 },
						"backbody": { "rotationX": 0.0, "rotationY": 0.0, "rotationZ": -5.0 },
						"tail": { "rotationX": 0.0, "rotationY": 0.0, "rotationZ": -5.0 },
						"tail2": { "rotationX": 0.0, "rotationY": 0.0, "rotationZ": -5.0 },
						"tail3": { "rotationX": 0.0, "rotationY": 0.0, "rotationZ": -5.0 },
						"Cube26": { "rotationX": 0.0, "rotationY": 0.0, "rotationZ": 0.0 }
					}
				}
			]
		},

		{
			"name": "idle",
			"code": "idle",
			"quantityframes": 40,
			"onActivityStopped": "PlayTillEnd",
			"onAnimationEnd": "Repeat",
			"keyframes": [
				{
					"frame": 10,
					"elements": {
						"Origin": {  },
						"head": {  },
						"frontbody": { "offsetX": 0.0, "offsetY": 0.0, "offsetZ": 0.0 },
						"midbody": {  },
						"backbody": {  },
						"tail": {  },
						"tail2": { "rotationX": 0.0, "rotationY": 0.0, "rotationZ": 0.0 },
						"tail3": {  },
						"Cube26": { "rotationX": 0.0, "rotationY": 0.0, "rotationZ": 0.0 }
					}
				},
				{
					"frame": 18,
					"elements": {
						"Origin": {  },
						"head": {  },
						"frontbody": { "offsetX": 0.0, "offsetY": 0.5, "offsetZ": 0.0 },
						"midbody": {  },
						"backbody": {  },
						"tail": {  },
						"tail2": { "rotationX": 0.0, "rotationY": 0.0, "rotationZ": 5.0 },
						"tail3": {  },
						"Cube26": { "rotationX": 0.0, "rotationY": 0.0, "rotationZ": 10.0 }
					}
				},
				{
					"frame": 25,
					"elements": {
						"Origin": {  },
						"head": {  },
						"frontbody": { "offsetX": 0.0, "offsetY": 0.5, "offsetZ": 0.0 },
						"midbody": {  },
						"backbody": {  },
						"tail": {  },
						"tail2": { "rotationX": 0.0, "rotationY": 0.0, "rotationZ": 5.0 },
						"tail3": {  },
						"Cube26": { "rotationX": 0.0, "rotationY": 0.0, "rotationZ": 22.5 }
					}
				},
				{
					"frame": 30,
					"elements": {
						"Origin": {  },
						"head": {  },
						"frontbody": { "offsetX": 0.0, "offsetY": 0.5, "offsetZ": 0.0 },
						"midbody": {  },
						"backbody": {  },
						"tail": {  },
						"tail2": { "rotationX": 0.0, "rotationY": 0.0, "rotationZ": 5.0 },
						"tail3": {  },
						"Cube26": { "rotationX": 0.0, "rotationY": 0.0, "rotationZ": 10.0 }
					}
				},
				{
					"frame": 35,
					"elements": {
						"Origin": {  },
						"head": {  },
						"frontbody": { "offsetX": 0.0, "offsetY": 0.0, "offsetZ": 0.0 },
						"midbody": {  },
						"backbody": {  },
						"tail": {  },
						"tail2": { "rotationX": 0.0, "rotationY": 0.0, "rotationZ": 2.778 },
						"tail3": {  },
						"Cube26": { "rotationX": 0.0, "rotationY": 0.0, "rotationZ": 0.0 }
					}
				}
			]
		},

		{
			"name": "death-floating",
			"code": "death",
			"quantityframes": 30,
			"onActivityStopped": "PlayTillEnd",
			"onAnimationEnd": "Hold",
			"keyframes": [
				{
					"frame": 0,
					"elements": {
						"Origin": {  },
						"head": { "offsetX": 0.0, "offsetY": 0.0, "offsetZ": 0.0, "rotationX": 0.0, "rotationY": 0.0, "rotationZ": 10.0 },
						"frontbody": { "rotationX": 0.0, "rotationY": 0.0, "rotationZ": 0.0 },
						"rflipper": { "rotationX": 0.0, "rotationY": 0.0, "rotationZ": 0.0 },
						"lflipper": { "rotationX": 0.0, "rotationY": 0.0, "rotationZ": 0.0 },
						"midbody": { "rotationX": 0.0, "rotationY": 0.0, "rotationZ": 0.0 },
						"backbody": { "rotationX": 0.0, "rotationY": 0.0, "rotationZ": 0.0 },
						"tail": {  },
						"tail2": { "rotationX": 0.0, "rotationY": 0.0, "rotationZ": 0.0 },
						"botmouth": { "rotationX": 0.0, "rotationY": 0.0, "rotationZ": 10.0 }
					}
				},
				{
					"frame": 12,
					"elements": {
						"Origin": {  },
						"head": { "offsetX": 3.0, "offsetY": 5.0, "offsetZ": 0.0, "rotationX": 0.0, "rotationY": 0.0, "rotationZ": 22.5 },
						"frontbody": { "rotationX": 0.0, "rotationY": 0.0, "rotationZ": -10.0 },
						"rflipper": { "rotationX": -10.0, "rotationY": 0.0, "rotationZ": 0.0 },
						"lflipper": { "rotationX": 10.0, "rotationY": 0.0, "rotationZ": 0.0 },
						"midbody": { "rotationX": 0.0, "rotationY": 0.0, "rotationZ": 0.0 },
						"backbody": { "rotationX": 0.0, "rotationY": 0.0, "rotationZ": -10.0 },
						"tail": {  },
						"tail2": { "rotationX": 0.0, "rotationY": 0.0, "rotationZ": 0.0 },
						"botmouth": { "rotationX": 0.0, "rotationY": 0.0, "rotationZ": 10.0 }
					}
				},
				{
					"frame": 28,
					"elements": {
						"Origin": {  },
						"head": { "offsetX": 4.0, "offsetY": 7.0, "offsetZ": 0.0, "rotationX": 0.0, "rotationY": 0.0, "rotationZ": 22.5 },
						"frontbody": { "rotationX": 0.0, "rotationY": 0.0, "rotationZ": -10.0 },
						"rflipper": { "rotationX": -22.5, "rotationY": 0.0, "rotationZ": 0.0 },
						"lflipper": { "rotationX": 22.5, "rotationY": 0.0, "rotationZ": 0.0 },
						"midbody": { "rotationX": 0.0, "rotationY": 0.0, "rotationZ": -5.0 },
						"backbody": { "rotationX": 0.0, "rotationY": 0.0, "rotationZ": -10.0 },
						"tail": {  },
						"tail2": { "rotationX": 0.0, "rotationY": 0.0, "rotationZ": -5.0 },
						"botmouth": { "rotationX": 0.0, "rotationY": 0.0, "rotationZ": 5.0 }
					}
				}
			]
		},

		{
			"name": "dead-land",
			"code": "dead",
			"quantityframes": 30,
			"onActivityStopped": "PlayTillEnd",
			"onAnimationEnd": "Hold",
			"keyframes": [
				{
					"frame": 0,
					"elements": {
						"Origin": {  },
						"head": { "offsetX": 0.0, "offsetY": 0.0, "offsetZ": 15.0, "rotationX": 90.0, "rotationY": 22.5, "rotationZ": 0.0 },
						"frontbody": { "rotationX": -22.5, "rotationY": -15.0, "rotationZ": 0.0 },
						"midbody": { "rotationX": 0.0, "rotationY": -5.0, "rotationZ": 0.0 },
						"backbody": { "rotationX": 0.0, "rotationY": -15.0, "rotationZ": 0.0 },
						"rflipper": { "rotationX": -45.0, "rotationY": 0.0, "rotationZ": 0.0 },
						"lflipper": { "rotationX": 67.5, "rotationY": 0.0, "rotationZ": 0.0 },
						"botmouth": { "rotationX": 0.0, "rotationY": 0.0, "rotationZ": 10.0 }
					}
				}
			]
		},

		{
			"name": "idle-land",
			"code": "idle-land",
			"quantityframes": 30,
			"onActivityStopped": "EaseOut",
			"onAnimationEnd": "Repeat",
			"keyframes": [
				{
					"frame": 0,
					"elements": {
						"Origin": {  },
						"head": { "offsetX": 0.0, "offsetY": 0.0, "offsetZ": 6.0, "rotationX": 90.0, "rotationY": 0.0, "rotationZ": 0.0 },
						"frontbody": { "rotationX": 0.0, "rotationY": 0.0, "rotationZ": 0.0 },
						"rflipper": { "rotationX": -52.0, "rotationY": 0.0, "rotationZ": 0.0 },
						"lflipper": { "rotationX": 67.5, "rotationY": 0.0, "rotationZ": 0.0 },
						"midbody": {  },
						"backbody": {  },
						"tail": { "rotationX": 0.0, "rotationY": 0.0, "rotationZ": 0.0 }
					}
				},
				{
					"frame": 10,
					"elements": {
						"Origin": {  },
						"head": { "offsetX": 0.0, "offsetY": 0.0, "offsetZ": 6.0, "rotationX": 90.0, "rotationY": 0.0, "rotationZ": 0.0 },
						"frontbody": { "rotationX": 0.0, "rotationY": 0.0, "rotationZ": -1.0 },
						"rflipper": { "rotationX": -55.0, "rotationY": 0.0, "rotationZ": 0.0 },
						"lflipper": { "rotationX": 67.5, "rotationY": 0.0, "rotationZ": 0.0 },
						"midbody": {  },
						"backbody": {  },
						"tail": { "rotationX": 0.0, "rotationY": 0.0, "rotationZ": -2.0 }
					}
				}
			]
		},

		{
			"name": "flopping",
			"code": "flopping",
			"quantityframes": 30,
			"onActivityStopped": "PlayTillEnd",
			"onAnimationEnd": "Repeat",
			"keyframes": [
				{
					"frame": 0,
					"elements": {
						"Origin": {  },
						"head": { "offsetX": 0.0, "offsetY": 0.0, "offsetZ": 5.0, "rotationX": 90.0, "rotationY": 0.0, "rotationZ": 0.0 },
						"frontbody": { "rotationX": 0.0, "rotationY": 0.0, "rotationZ": 0.0 },
						"midbody": { "offsetX": 0.0, "offsetY": 0.0, "offsetZ": 0.0, "rotationX": 0.0, "rotationY": 0.0, "rotationZ": 0.0 },
						"backbody": { "rotationX": 0.0, "rotationY": 0.0, "rotationZ": 0.0 },
						"tail": { "rotationX": 0.0, "rotationY": -5.0, "rotationZ": 0.0 },
						"lflipper": { "rotationX": 67.5, "rotationY": 0.0, "rotationZ": 0.0 },
						"rflipper": { "rotationX": -45.0, "rotationY": 0.0, "rotationZ": 0.0 }
					}
				},
				{
					"frame": 4,
					"elements": {
						"Origin": {  },
						"head": { "offsetX": 0.0, "offsetY": 0.0, "offsetZ": 5.0, "rotationX": 90.0, "rotationY": -5.0, "rotationZ": 0.0 },
						"frontbody": { "rotationX": 0.0, "rotationY": 5.0, "rotationZ": 0.0 },
						"rflipper": { "rotationX": -35.0, "rotationY": 0.0, "rotationZ": 0.0 },
						"lflipper": { "rotationX": 67.5, "rotationY": 0.0, "rotationZ": 0.0 },
						"midbody": {  },
						"backbody": { "rotationX": 0.0, "rotationY": 5.0, "rotationZ": 0.0 },
						"tail": { "rotationX": 0.0, "rotationY": 5.0, "rotationZ": 0.0 }
					}
				},
				{
					"frame": 8,
					"elements": {
						"Origin": {  },
						"head": { "offsetX": 0.0, "offsetY": 0.0, "offsetZ": 5.0, "rotationX": 90.0, "rotationY": 5.0, "rotationZ": 0.0 },
						"frontbody": { "rotationX": 0.0, "rotationY": 0.0, "rotationZ": 0.0 },
						"rflipper": { "rotationX": -22.5, "rotationY": 0.0, "rotationZ": 0.0 },
						"lflipper": { "rotationX": 67.5, "rotationY": 0.0, "rotationZ": 0.0 },
						"midbody": { "offsetX": 0.0, "offsetY": 0.0, "offsetZ": 0.0, "rotationX": 0.0, "rotationY": -5.0, "rotationZ": 0.0 },
						"backbody": { "rotationX": 0.0, "rotationY": 0.0, "rotationZ": 0.0 },
						"tail": { "rotationX": 0.0, "rotationY": 0.0, "rotationZ": 0.0 }
					}
				},
				{
					"frame": 13,
					"elements": {
						"Origin": {  },
						"head": { "offsetX": 0.0, "offsetY": 0.0, "offsetZ": 7.0, "rotationX": 90.0, "rotationY": 10.0, "rotationZ": 0.0 },
						"frontbody": { "rotationX": 0.0, "rotationY": 0.0, "rotationZ": 0.0 },
						"rflipper": { "rotationX": -22.5, "rotationY": 0.0, "rotationZ": 0.0 },
						"lflipper": { "rotationX": 67.5, "rotationY": 0.0, "rotationZ": 0.0 },
						"midbody": { "offsetX": 0.0, "offsetY": 0.0, "offsetZ": 0.0, "rotationX": 0.0, "rotationY": -5.0, "rotationZ": 0.0 },
						"backbody": { "rotationX": 0.0, "rotationY": -5.0, "rotationZ": 0.0 },
						"tail": { "rotationX": 0.0, "rotationY": -5.0, "rotationZ": 0.0 }
					}
				}
			]
		},

		{
			"name": "attack",
			"code": "attack",
			"quantityframes": 35,
			"onActivityStopped": "PlayTillEnd",
			"onAnimationEnd": "Stop",
			"keyframes": [
				{
					"frame": 0,
					"elements": {
						"Origin": {  },
						"head": { "offsetX": -2.0, "offsetY": 4.0, "offsetZ": 0.0, "rotationX": 0.0, "rotationY": 0.0, "rotationZ": -10.0 },
						"botmouth": { "rotationX": 0.0, "rotationY": 0.0, "rotationZ": 5.0 },
						"frontbody": { "rotationX": 0.0, "rotationY": 0.0, "rotationZ": 5.0 },
						"midbody": { "rotationX": 0.0, "rotationY": 0.0, "rotationZ": 5.0 },
						"backbody": { "rotationX": 0.0, "rotationY": 0.0, "rotationZ": 0.0 },
						"tail": { "rotationX": 0.0, "rotationY": 0.0, "rotationZ": 5.0 },
						"tail2": { "rotationX": 0.0, "rotationY": 0.0, "rotationZ": 0.0 },
						"tail3": { "rotationX": 0.0, "rotationY": 0.0, "rotationZ": 0.0 },
						"Cube26": { "rotationX": 0.0, "rotationY": 0.0, "rotationZ": 22.5 },
						"lflipper": { "rotationX": 0.0, "rotationY": 0.0, "rotationZ": 0.0 },
						"rflipper": { "rotationX": 0.0, "rotationY": 0.0, "rotationZ": 0.0 }
					}
				},
				{
					"frame": 10,
					"elements": {
						"Origin": {  },
						"head": { "offsetX": -12.0, "offsetY": 15.0, "offsetZ": 0.0, "rotationX": 0.0, "rotationY": 0.0, "rotationZ": -22.5 },
						"frontbody": { "rotationX": 0.0, "rotationY": 0.0, "rotationZ": 5.0 },
						"midbody": { "rotationX": 0.0, "rotationY": 0.0, "rotationZ": 5.0 },
						"backbody": { "rotationX": 0.0, "rotationY": 0.0, "rotationZ": 5.0 },
						"tail": { "rotationX": 0.0, "rotationY": 0.0, "rotationZ": 0.0 },
						"tail2": { "rotationX": 0.0, "rotationY": 0.0, "rotationZ": 5.0 },
						"tail3": { "rotationX": 0.0, "rotationY": 0.0, "rotationZ": 5.0 },
						"Cube26": { "rotationX": 0.0, "rotationY": 0.0, "rotationZ": 22.5 },
						"botmouth": { "rotationX": 0.0, "rotationY": 0.0, "rotationZ": 15.0 }
					}
				},
				{
					"frame": 15,
					"elements": {
						"Origin": {  },
						"head": { "offsetX": -12.0, "offsetY": 19.0, "offsetZ": 0.0, "rotationX": 0.0, "rotationY": 0.0, "rotationZ": 0.0 },
						"frontbody": { "rotationX": 0.0, "rotationY": 0.0, "rotationZ": 5.0 },
						"rflipper": { "rotationX": -22.5, "rotationY": 0.0, "rotationZ": 0.0 },
						"lflipper": { "rotationX": 22.5, "rotationY": 0.0, "rotationZ": 0.0 },
						"midbody": { "rotationX": 0.0, "rotationY": 0.0, "rotationZ": 0.0 },
						"backbody": { "rotationX": 0.0, "rotationY": 0.0, "rotationZ": 0.0 },
						"tail": { "rotationX": 0.0, "rotationY": 0.0, "rotationZ": -5.0 },
						"tail2": { "rotationX": 0.0, "rotationY": 0.0, "rotationZ": 5.0 },
						"tail3": { "rotationX": 0.0, "rotationY": 0.0, "rotationZ": -22.5 },
						"Cube26": { "rotationX": 0.0, "rotationY": 0.0, "rotationZ": 0.0 },
						"botmouth": { "rotationX": 0.0, "rotationY": 0.0, "rotationZ": 22.5 }
					}
				},
				{
					"frame": 20,
					"elements": {
						"Origin": {  },
						"head": { "offsetX": -12.0, "offsetY": 19.0, "offsetZ": 0.0, "rotationX": 0.0, "rotationY": 0.0, "rotationZ": 10.0 },
						"frontbody": { "rotationX": 0.0, "rotationY": 0.0, "rotationZ": 5.0 },
						"rflipper": { "rotationX": -22.5, "rotationY": 0.0, "rotationZ": 0.0 },
						"lflipper": { "rotationX": 22.5, "rotationY": 0.0, "rotationZ": 0.0 },
						"midbody": { "rotationX": 0.0, "rotationY": 0.0, "rotationZ": 0.0 },
						"backbody": { "rotationX": 0.0, "rotationY": 0.0, "rotationZ": 0.0 },
						"tail": { "rotationX": 0.0, "rotationY": 0.0, "rotationZ": -5.0 },
						"tail2": { "rotationX": 0.0, "rotationY": 0.0, "rotationZ": -5.0 },
						"tail3": { "rotationX": 0.0, "rotationY": 0.0, "rotationZ": -5.0 },
						"Cube26": { "rotationX": 0.0, "rotationY": 0.0, "rotationZ": -22.5 },
						"botmouth": { "rotationX": 0.0, "rotationY": 0.0, "rotationZ": 10.0 }
					}
				},
				{
					"frame": 25,
					"elements": {
						"Origin": {  },
						"head": { "offsetX": -12.0, "offsetY": 3.0, "offsetZ": 0.0, "rotationX": 0.0, "rotationY": 0.0, "rotationZ": 0.0 },
						"frontbody": { "rotationX": 0.0, "rotationY": 0.0, "rotationZ": 5.0 },
						"rflipper": { "rotationX": -10.0, "rotationY": 0.0, "rotationZ": 0.0 },
						"lflipper": { "rotationX": 10.0, "rotationY": 0.0, "rotationZ": 0.0 },
						"midbody": { "rotationX": 0.0, "rotationY": 0.0, "rotationZ": 0.0 },
						"backbody": { "rotationX": 0.0, "rotationY": 0.0, "rotationZ": 0.0 },
						"tail": { "rotationX": 0.0, "rotationY": 0.0, "rotationZ": 0.0 },
						"tail2": { "rotationX": 0.0, "rotationY": 0.0, "rotationZ": 5.0 },
						"tail3": { "rotationX": 0.0, "rotationY": 0.0, "rotationZ": 5.0 },
						"Cube26": { "rotationX": 0.0, "rotationY": 0.0, "rotationZ": 22.5 },
						"botmouth": { "rotationX": 0.0, "rotationY": 0.0, "rotationZ": 0.0 }
					}
				}
			]
		},

		{
			"name": "hurt",
			"code": "hurt",
			"quantityframes": 30,
			"onActivityStopped": "EaseOut",
			"onAnimationEnd": "Stop",
			"keyframes": [
				{
					"frame": 0,
					"elements": {
						"Origin": {  },
						"head": { "rotationX": 0.0, "rotationY": 0.0, "rotationZ": 0.0 },
						"botmouth": { "rotationX": 0.0, "rotationY": 0.0, "rotationZ": 0.0 },
						"frontbody": {  },
						"midbody": {  },
						"backbody": {  },
						"tail": {  },
						"tail2": { "rotationX": 0.0, "rotationY": 0.0, "rotationZ": 0.0 },
						"tail3": {  },
						"Cube26": { "rotationX": 0.0, "rotationY": 0.0, "rotationZ": 0.0 },
						"rflipper": { "rotationX": 0.0, "rotationY": 0.0, "rotationZ": 0.0 },
						"lflipper": { "rotationX": 22.5, "rotationY": 0.0, "rotationZ": 0.0 }
					}
				},
				{
					"frame": 7,
					"elements": {
						"Origin": {  },
						"head": { "rotationX": 10.0, "rotationY": 0.0, "rotationZ": 0.0 },
						"frontbody": {  },
						"rflipper": { "rotationX": 10.0, "rotationY": 0.0, "rotationZ": 0.0 },
						"lflipper": { "rotationX": 0.0, "rotationY": 0.0, "rotationZ": 0.0 },
						"midbody": {  },
						"backbody": {  },
						"tail": { "rotationX": 0.0, "rotationY": 0.0, "rotationZ": 5.0 },
						"botmouth": { "rotationX": 0.0, "rotationY": 0.0, "rotationZ": 10.0 }
					}
				},
				{
					"frame": 14,
					"elements": {
						"Origin": {  },
						"head": { "rotationX": -22.5, "rotationY": 0.0, "rotationZ": 0.0 },
						"frontbody": {  },
						"rflipper": { "rotationX": -22.5, "rotationY": 0.0, "rotationZ": 0.0 },
						"lflipper": { "rotationX": 5.0, "rotationY": 0.0, "rotationZ": 0.0 },
						"midbody": {  },
						"backbody": {  },
						"tail": { "rotationX": 0.0, "rotationY": 0.0, "rotationZ": 5.0 },
						"tail2": { "rotationX": 0.0, "rotationY": 0.0, "rotationZ": 5.0 },
						"tail3": {  },
						"Cube26": { "rotationX": 0.0, "rotationY": 0.0, "rotationZ": 22.5 },
						"botmouth": { "rotationX": 0.0, "rotationY": 0.0, "rotationZ": 10.0 }
					}
				}
			]
		}
	]
}