[
	{
    "op": "add",
    "path": "/villageTypes/-",
    "value": {
      "code": "impoverishedvillage",
      "chance": 0.0012,
			"generator": "CloselyGrouped",
			"group": "trader",
			"minGroupDistance": 500,
			"quantityStructures": { avg: 5, var: 2 },
      "schematics": [
				{ path: "caravans/caravan1", offsetY: -1, weight: 100 },
				{ path: "caravans/caravan2", offsetY: 0, weight: 80 },
				{ path: "caravans/caravan3", offsetY: -1, weight: 90 },
				{ path: "caravans/caravan4", offsetY: -1, weight: 50 },
				{ path: "caravans/caravan5", offsetY: -1, weight: 90 },
				{ path: "caravans/caravan6", offsetY: 0, weight: 50 },
				{ path: "caravans/caravan7", offsetY: -1, weight: 70 },
				{ path: "caravans/caravan8", offsetY: 0, weight: 100 },
				{ path: "caravans/caravan9", offsetY: -1, weight: 60 },
				{ path: "caravans/caravanclutter1", offsetY: -1, weight: 50 },
				{ path: "caravans/caravanclutter2", offsetY: -1, weight: 50 },
				{ path: "caravans/caravanclutter3", offsetY: -4, weight: 40 },
				{ path: "caravans/caravanclutter4", offsetY: -5, weight: 20 },
				{ path: "caravans/caravanclutter5", offsetY: -1, weight: 40 },
				{ path: "caravans/caravanclutter6", offsetY: -1, weight: 35 },
				{ path: "caravans/caravanclutter7", offsetY: -1, weight: 30 },
				{ path: "caravans/caravanclutter8", offsetY: -1, weight: 40 },
				{ path: "caravans/caravanclutter9", offsetY: -1, weight: 50 }
      ],
			"buildProtected": true,
			"buildProtectionName": "Trader",
			"buildProtectionDesc": "Trader Perimeter",
			"replacewithblocklayers": ["soil-low-normal", "soil-low-none"],
			"minTemp": -3,
			"maxY": 0.7,
			"minRain": 0.2
			
    },
    "file": "worldgen/villages.json"
  }

]

