[
  {
    "op": "add",
    "path": "/structures/-",
    "value": {
      "code": "andesite1",
      "chance": 0.003,
      "placement": "surface",
      "schematics": [
        "overground/andesite1"
      ],
      "offsetY": 0
    },
    "file": "worldgen/structures.json"
  },
	{
    "op": "add",
    "path": "/structures/-",
    "value": {
      "code": "andesite2",
      "chance": 0.004,
      "placement": "surface",
      "schematics": [
        "overground/andesite2"
      ],
      "offsetY": -4,
			replacewithblocklayers: ["soil-low-normal", "soil-low-none"]
    },
    "file": "worldgen/structures.json"
  },
	{
    "op": "add",
    "path": "/structures/-",
    "value": {
      "code": "basalt1",
      "chance": 0.006,
      "placement": "surface",
      "schematics": [
        "overground/basalt1"
      ],
      "offsetY": -1
    },
    "file": "worldgen/structures.json"
  },
	{
    "op": "add",
    "path": "/structures/-",
    "value": {
      "code": "basalt2",
      "chance": 0.002,
      "placement": "surface",
      "schematics": [
        "overground/basalt2"
      ],
      "offsetY": -1
    },
    "file": "worldgen/structures.json"
  },
	{
    "op": "add",
    "path": "/structures/-",
    "value": {
      "code": "bauxite1",
      "chance": 0.003,
      "placement": "surface",
      "schematics": [
        "overground/bauxite1"
      ],
      "offsetY": -1
    },
    "file": "worldgen/structures.json"
  },
	{
    "op": "add",
    "path": "/structures/-",
    "value": {
      "code": "bauxite2",
      "chance": 0.007,
      "placement": "surface",
      "schematics": [
        "overground/bauxite2"
      ],
      "offsetY": -1
    },
    "file": "worldgen/structures.json"
  },
	{
    "op": "add",
    "path": "/structures/-",
    "value": {
      "code": "chalk1",
      "chance": 0.004,
      "placement": "surface",
      "schematics": [
        "overground/chalk1"
      ],
      "offsetY": -1
    },
    "file": "worldgen/structures.json"
  },
	{
    "op": "add",
    "path": "/structures/-",
    "value": {
      "code": "chalk2",
      "chance": 0.002,
      "placement": "surface",
      "schematics": [
        "overground/chalk2"
      ],
      "offsetY": -4,
			replacewithblocklayers: ["soil-low-normal", "soil-low-none"]
    },
    "file": "worldgen/structures.json"
  },
	{
    "op": "add",
    "path": "/structures/-",
    "value": {
      "code": "chert1",
      "chance": 0.003,
      "placement": "surface",
      "schematics": [
        "overground/chert1"
      ],
      "offsetY": -5,
			replacewithblocklayers: ["soil-low-normal", "soil-low-none"]
    },
    "file": "worldgen/structures.json"
  },
	{
    "op": "add",
    "path": "/structures/-",
    "value": {
      "code": "chert2",
      "chance": 0.007,
      "placement": "surface",
      "schematics": [
        "overground/chert2"
      ],
      "offsetY": -1
    },
    "file": "worldgen/structures.json"
  },{
    "op": "add",
    "path": "/structures/-",
    "value": {
      "code": "claystone1",
      "chance": 0.0028,
      "placement": "surface",
      "schematics": [
        "overground/claystone1"
      ],
      "offsetY": -1
    },
    "file": "worldgen/structures.json"
  },
	{
    "op": "add",
    "path": "/structures/-",
    "value": {
      "code": "claystone2",
      "chance": 0.006,
      "placement": "surface",
      "schematics": [
        "overground/claystone2"
      ],
      "offsetY": -2
    },
    "file": "worldgen/structures.json"
  },
	{
    "op": "add",
    "path": "/structures/-",
    "value": {
      "code": "conglomerate1",
      "chance": 0.0035,
      "placement": "surface",
      "schematics": [
        "overground/conglomerate1"
      ],
      "offsetY": -6,
			replacewithblocklayers: ["soil-low-normal", "soil-low-none"]
    },
    "file": "worldgen/structures.json"
  },
	{
    "op": "add",
    "path": "/structures/-",
    "value": {
      "code": "conglomerate2",
      "chance": 0.005,
      "placement": "surface",
      "schematics": [
        "overground/conglomerate2"
      ],
      "offsetY": -4,
			replacewithblocklayers: ["soil-low-normal", "soil-low-none"]
    },
    "file": "worldgen/structures.json"
  },
	{
    "op": "add",
    "path": "/structures/-",
    "value": {
      "code": "granite1",
      "chance": 0.004,
      "placement": "surface",
      "schematics": [
        "overground/granite1"
      ],
      "offsetY": -1
    },
    "file": "worldgen/structures.json"
  },
	{
    "op": "add",
    "path": "/structures/-",
    "value": {
      "code": "granite2",
      "chance": 0.006,
      "placement": "surface",
      "schematics": [
        "overground/granite2"
      ],
      "offsetY": -1
    },
    "file": "worldgen/structures.json"
  },
	{
    "op": "add",
    "path": "/structures/-",
    "value": {
      "code": "kimberlite1",
      "chance": 0.0025,
      "placement": "surface",
      "schematics": [
        "overground/kimberlite1"
      ],
      "offsetY": 0
    },
    "file": "worldgen/structures.json"
  },
	{
    "op": "add",
    "path": "/structures/-",
    "value": {
      "code": "kimberlite2",
      "chance": 0.001,
      "placement": "surface",
      "schematics": [
        "overground/kimberlite2"
      ],
      "offsetY": -2
    },
    "file": "worldgen/structures.json"
  },
	{
    "op": "add",
    "path": "/structures/-",
    "value": {
      "code": "limestone1",
      "chance": 0.005,
      "placement": "surface",
      "schematics": [
        "overground/limestone1"
      ],
      "offsetY": 0
    },
    "file": "worldgen/structures.json"
  },
	{
    "op": "add",
    "path": "/structures/-",
    "value": {
      "code": "limestone2",
      "chance": 0.005,
      "placement": "surface",
      "schematics": [
        "overground/limestone2"
      ],
      "offsetY": -1
    },
    "file": "worldgen/structures.json"
  },{
    "op": "add",
    "path": "/structures/-",
    "value": {
      "code": "marble1",
      "chance": 0.0022,
      "placement": "surface",
      "schematics": [
        "overground/marble1"
      ],
      "offsetY": -1
    },
    "file": "worldgen/structures.json"
  },
	{
    "op": "add",
    "path": "/structures/-",
    "value": {
      "code": "peridotite1",
      "chance": 0.003,
      "placement": "surface",
      "schematics": [
        "overground/peridotite1"
      ],
      "offsetY": -4,
			replacewithblocklayers: ["soil-low-normal", "soil-low-none"]
    },
    "file": "worldgen/structures.json"
  },
	{
    "op": "add",
    "path": "/structures/-",
    "value": {
      "code": "peridotite2",
      "chance": 0.008,
      "placement": "surface",
      "schematics": [
        "overground/peridotite2"
      ],
      "offsetY": -1
    },
    "file": "worldgen/structures.json"
  },
	{
    "op": "add",
    "path": "/structures/-",
    "value": {
      "code": "phyllite1",
      "chance": 0.005,
      "placement": "surface",
      "schematics": [
        "overground/phyllite1"
      ],
      "offsetY": -1
    },
    "file": "worldgen/structures.json"
  },
	{
    "op": "add",
    "path": "/structures/-",
    "value": {
      "code": "phyllite2",
      "chance": 0.0025,
      "placement": "surface",
      "schematics": [
        "overground/phyllite2"
      ],
      "offsetY": -6,
			replacewithblocklayers: ["soil-low-normal", "soil-low-none"]
    },
    "file": "worldgen/structures.json"
  },
	{
    "op": "add",
    "path": "/structures/-",
    "value": {
      "code": "sandstone1",
      "chance": 0.003,
      "placement": "surface",
      "schematics": [
        "overground/sandstone1"
      ],
      "offsetY": -3,
			replacewithblocklayers: ["soil-low-normal", "soil-low-none"]
    },
    "file": "worldgen/structures.json"
  },
	{
    "op": "add",
    "path": "/structures/-",
    "value": {
      "code": "sandstone2",
      "chance": 0.005,
      "placement": "surface",
      "schematics": [
        "overground/sandstone2"
      ],
      "offsetY": -1,
			"minTemp": 3
    },
    "file": "worldgen/structures.json"
  },
	{
    "op": "add",
    "path": "/structures/-",
    "value": {
      "code": "shale1",
      "chance": 0.005,
      "placement": "surface",
      "schematics": [
        "overground/shale1"
      ],
      "offsetY": -4,
			replacewithblocklayers: ["soil-low-normal", "soil-low-none"]
    },
    "file": "worldgen/structures.json"
  },
	{
    "op": "add",
    "path": "/structures/-",
    "value": {
      "code": "shale2",
      "chance": 0.0025,
      "placement": "surface",
      "schematics": [
        "overground/shale2"
      ],
      "offsetY": -1
    },
    "file": "worldgen/structures.json"
  },
	{
    "op": "add",
    "path": "/structures/-",
    "value": {
      "code": "slate1",
      "chance": 0.002,
      "placement": "surface",
      "schematics": [
        "overground/slate1"
      ],
      "offsetY": -2
    },
    "file": "worldgen/structures.json"
  },{
    "op": "add",
    "path": "/structures/-",
    "value": {
      "code": "slate2",
      "chance": 0.004,
      "placement": "surface",
      "schematics": [
        "overground/slate2"
      ],
      "offsetY": 0
    },
    "file": "worldgen/structures.json"
  },
	{
    "op": "add",
    "path": "/structures/-",
    "value": {
      "code": "suevite1",
      "chance": 0.003,
      "placement": "surface",
      "schematics": [
        "overground/suevite1"
      ],
      "offsetY": -4
    },
    "file": "worldgen/structures.json"
  },
	{
    "op": "add",
    "path": "/structures/-",
    "value": {
      "code": "suevite2",
      "chance": 0.0022,
      "placement": "surface",
      "schematics": [
        "overground/suevite2"
      ],
      "offsetY": -1
    },
    "file": "worldgen/structures.json"
  },
	{
    "op": "add",
    "path": "/structures/-",
    "value": {
      "code": "broken-trader-cart1",
      "chance": 0.003,
      "placement": "surface",
      "schematics": [
        "overground/broken-trader-cart1"
      ],
      "offsetY": 0
    },
    "file": "worldgen/structures.json"
  },
	{
    "op": "add",
    "path": "/structures/-",
    "value": {
      "code": "bear1",
      "chance": 0.0024,
      "placement": "surface",
      "schematics": [
        "overground/bear1"
      ],
      "offsetY": 0,
			"minTemp": -20,
			"maxTemp": 11,
			"minRain": 0.25
    },
    "file": "worldgen/structures.json"
  },
	{
    "op": "add",
    "path": "/structures/-",
    "value": {
      "code": "wolf1",
      "chance": 0.0032,
      "placement": "surface",
      "schematics": [
        "overground/wolf1"
      ],
      "offsetY": -2,
			"minTemp": -5,
			"maxTemp": 25,
			"minRain": 0.15
    },
    "file": "worldgen/structures.json"
  },
	{
    "op": "add",
    "path": "/structures/-",
    "value": {
      "code": "vixic",
      "chance": 0.003,
      "placement": "surface",
      "schematics": [
        "overground/vixic"
      ],
      "offsetY": -5
    },
    "file": "worldgen/structures.json"
  },
	{
    "op": "add",
    "path": "/structures/-",
    "value": {
      "code": "burnttower",
      "chance": 0.0032,
      "placement": "surface",
      "schematics": [
        "overground/burnttower"
      ],
      "offsetY": -3
    },
    "file": "worldgen/structures.json"
  },
	{
    "op": "add",
    "path": "/structures/-",
    "value": {
      "code": "sandpeat",
      "chance": 0.0022,
      "placement": "surface",
      "schematics": [
        "overground/sandpeat"
      ],
      "offsetY": -5
    },
    "file": "worldgen/structures.json"
  },
	{
    "op": "add",
    "path": "/structures/-",
    "value": {
      "code": "skulltower",
      "chance": 0.0025,
      "placement": "surface",
      "schematics": [
        "overground/skulltower"
      ],
      "offsetY": -2
    },
    "file": "worldgen/structures.json"
  },
	{
    "op": "add",
    "path": "/structures/-",
    "value": {
      "code": "laboratory",
      "chance": 0.0025,
      "placement": "surface",
      "schematics": [
        "overground/laboratory"
      ],
      "offsetY": -1
    },
    "file": "worldgen/structures.json"
  },
	{
    "op": "add",
    "path": "/structures/-",
    "value": {
      "code": "zengarden",
      "chance": 0.0055,
      "placement": "surface",
      "schematics": [
        "overground/zengarden"
      ],
      "offsetY": -4
    },
    "file": "worldgen/structures.json"
  },
	{
    "op": "add",
    "path": "/structures/-",
    "value": {
      "code": "windmill",
      "chance": 0.005,
      "placement": "surface",
      "schematics": [
        "overground/windmill"
      ],
      "offsetY": -1
    },
    "file": "worldgen/structures.json"
  }
]