[
	{
    "op": "add",
    "path": "/villageTypes/-",
    "value": {
      "code": "battleground",
      "chance": 0.0008,
			"generator": "CloselyGrouped",
			"minGroupDistance": 1000,
			"quantityStructures": { avg: 7, var: 3 },
      "schematics": [
				{ path: "battleground/battlefield-locusts", offsetY: 0, weight: 70 },
				{	path: "battleground/battlefield-trunk", offsetY: 0, weight: 30 },
				{	path: "battleground/battleground-banner-fish", offsetY: -2, weight: 40 },
				{	path: "battleground/battleground-banner-keys", offsetY: -1, weight: 40 },
				{	path: "battleground/battleground-supplies", offsetY: -1, weight: 55 },
				{	path: "battleground/bigbow", offsetY: 0, weight: 35 },
				{	path: "battleground/brass-staff", offsetY: 0, weight: 75 },
				{	path: "battleground/copper-shield", offsetY: 0, weight: 50 },
				{	path: "battleground/dead-eidolon", offsetY: 0, weight: 45 },
				{	path: "battleground/dirt-cube", offsetY: -3, weight: 40 },
				{	path: "battleground/giant-arrow", offsetY: 0, weight: 80 },
				{	path: "battleground/giant-axe", offsetY: 0, weight: 30 },
				{	path: "battleground/giant-belt", offsetY: 0, weight: 40 },
				{	path: "battleground/obsidian-sword", offsetY: -3, weight: 70 }
				
      ],
			"buildProtected": false,
			"replacewithblocklayers": ["soil-low-normal", "soil-low-none"],
			"minTemp": -10,
			"maxY": 0.8
			
    },
    "file": "worldgen/villages.json"
  }

]

