{
	"editor": {
		"allAngles": false,
		"entityTextureMode": false
	},
	"textureWidth": 16,
	"textureHeight": 16,
	"textureSizes": {
	},
	"textures": {
		"wood": "game:item/tool/material/wood"
	},
	"elements": [
		{
			"name": "Stick",
			"from": [ -3.0, 0.0, 7.75 ], 
			"to": [ -2.0, 0.5, 8.25 ], 
			"rotationOrigin": [ 4.0, 0.5, 8.0 ],
			"faces": {
				"north": { "texture": "#wood", "uv": [ 0.0, 14.5, 1.0, 15.0 ] },
				"east": { "texture": "#wood", "uv": [ 8.0, 7.0, 8.5, 7.5 ] },
				"south": { "texture": "#wood", "uv": [ 0.0, 7.5, 1.0, 8.0 ] },
				"west": { "texture": "#wood", "uv": [ 3.0, 2.0, 3.5, 2.5 ], "enabled": false },
				"up": { "texture": "#wood", "uv": [ 0.0, 6.5, 1.0, 7.0 ] },
				"down": { "texture": "#wood", "uv": [ 0.0, 0.5, 1.0, 1.0 ] }
			},
			"children": [
				{
					"name": "Tip",
					"from": [ 1.0, 0.1, 0.1 ], 
					"to": [ 6.0, 0.4, 0.4 ], 
					"rotationOrigin": [ 16.0, 0.2, 0.0 ],
					"faces": {
						"north": { "texture": "#wood", "uv": [ 4.0, 14.0, 9.0, 14.5 ] },
						"east": { "texture": "#wood", "uv": [ 11.0, 12.5, 11.25, 13.0 ] },
						"south": { "texture": "#wood", "uv": [ 7.5, 13.5, 12.5, 14.0 ] },
						"west": { "texture": "#wood", "uv": [ 9.5, 12.0, 9.75, 12.5 ], "enabled": false },
						"up": { "texture": "#wood", "uv": [ 8.75, 10.5, 13.75, 11.0 ] },
						"down": { "texture": "#wood", "uv": [ 10.0, 12.0, 15.0, 12.5 ] }
					}
				},
				{
					"name": "Plug",
					"from": [ 0.0, -0.1, -0.1 ], 
					"to": [ 0.4, 0.6, 0.6 ], 
					"rotationOrigin": [ 0.9, 0.2, -1.1 ],
					"faces": {
						"north": { "texture": "#wood", "uv": [ 4.0, 14.0, 4.5, 14.5 ] },
						"east": { "texture": "#wood", "uv": [ 10.5, 10.0, 11.0, 10.5 ] },
						"south": { "texture": "#wood", "uv": [ 3.5, 10.0, 4.0, 10.5 ] },
						"west": { "texture": "#wood", "uv": [ 10.5, 8.0, 11.0, 8.5 ] },
						"up": { "texture": "#wood", "uv": [ 9.0, 9.0, 9.5, 9.5 ] },
						"down": { "texture": "#wood", "uv": [ 8.5, 8.0, 9.0, 8.5 ] }
					}
				}
			]
		}
	]}
