{
	"editor": {
		"allAngles": false,
		"entityTextureMode": false
	},
	"textureWidth": 16,
	"textureHeight": 16,
	"textureSizes": {
	},
	"textures": {
		"ceramic": "game:block/clay/ceramic",
		"floor": "game:block/clay/ceramic-dark"
	},
	"elements": [
		{
			"name": "Cube1",
			"from": [ 1.0, 0.0, 1.0 ], 
			"to": [ 15.0, 1.0, 15.0 ], 
			"rotationOrigin": [ -5.0, 0.0, -1.0 ],
			"faces": {
				"north": { "texture": "#ceramic", "uv": [ 0.0, 12.0, 14.0, 13.0 ] },
				"east": { "texture": "#ceramic", "uv": [ 2.0, 12.0, 16.0, 13.0 ] },
				"south": { "texture": "#ceramic", "uv": [ 2.0, 15.0, 16.0, 16.0 ] },
				"west": { "texture": "#ceramic", "uv": [ 2.0, 15.0, 16.0, 16.0 ] },
				"up": { "texture": "#ceramic", "uv": [ 1.0, 0.5, 15.0, 14.5 ] },
				"down": { "texture": "#floor", "uv": [ 1.0, 0.5, 15.0, 14.5 ] }
			},
			"children": [
				{
					"name": "Cube13",
					"from": [ 1.0, 1.0, 4.0 ], 
					"to": [ 13.0, 5.0, 5.0 ], 
					"rotationOrigin": [ 3.0, 1.0, -3.0 ],
					"faces": {
						"north": { "texture": "#ceramic", "uv": [ 1.5, 7.5, 13.5, 11.5 ] },
						"east": { "texture": "#ceramic", "uv": [ 2.0, 5.5, 3.0, 9.5 ] },
						"south": { "texture": "#ceramic", "uv": [ 1.0, 5.5, 13.0, 9.5 ] },
						"west": { "texture": "#ceramic", "uv": [ 2.5, 6.0, 3.5, 10.0 ] },
						"up": { "texture": "#ceramic", "uv": [ 2.5, 2.0, 14.5, 3.0 ] },
						"down": { "texture": "#ceramic", "uv": [ 1.0, 7.5, 13.0, 8.5 ], "enabled": false }
					}
				},
				{
					"name": "Cube14",
					"from": [ 2.0, 2.0, 6.0 ], 
					"to": [ 10.0, 4.0, 8.0 ], 
					"rotationOrigin": [ 4.0, 2.0, -6.0 ],
					"faces": {
						"north": { "texture": "#ceramic", "uv": [ 1.5, 7.5, 9.5, 9.5 ] },
						"east": { "texture": "#ceramic", "uv": [ 2.0, 5.5, 4.0, 7.5 ] },
						"south": { "texture": "#ceramic", "uv": [ 1.0, 5.5, 9.0, 7.5 ] },
						"west": { "texture": "#ceramic", "uv": [ 2.5, 6.0, 4.5, 8.0 ] },
						"up": { "texture": "#ceramic", "uv": [ 2.5, 2.0, 10.5, 4.0 ] },
						"down": { "texture": "#ceramic", "uv": [ 1.0, 7.5, 9.0, 9.5 ], "enabled": false }
					}
				},
				{
					"name": "Cube15",
					"from": [ 1.0, 1.0, 5.0 ], 
					"to": [ 2.0, 5.0, 9.0 ], 
					"rotationOrigin": [ 3.0, 1.0, -6.0 ],
					"faces": {
						"north": { "texture": "#ceramic", "uv": [ 1.5, 7.5, 2.5, 11.5 ] },
						"east": { "texture": "#ceramic", "uv": [ 2.0, 5.5, 6.0, 9.5 ] },
						"south": { "texture": "#ceramic", "uv": [ 1.0, 5.5, 2.0, 9.5 ] },
						"west": { "texture": "#ceramic", "uv": [ 2.5, 6.0, 6.5, 10.0 ] },
						"up": { "texture": "#ceramic", "uv": [ 2.5, 2.0, 3.5, 6.0 ] },
						"down": { "texture": "#ceramic", "uv": [ 1.0, 7.5, 2.0, 11.5 ], "enabled": false }
					}
				},
				{
					"name": "Cube16",
					"from": [ 1.0, 1.0, 9.0 ], 
					"to": [ 13.0, 5.0, 10.0 ], 
					"rotationOrigin": [ 3.0, 1.0, 1.0 ],
					"faces": {
						"north": { "texture": "#ceramic", "uv": [ 1.5, 7.5, 13.5, 11.5 ] },
						"east": { "texture": "#ceramic", "uv": [ 2.0, 5.5, 3.0, 9.5 ] },
						"south": { "texture": "#ceramic", "uv": [ 1.0, 5.5, 13.0, 9.5 ] },
						"west": { "texture": "#ceramic", "uv": [ 2.5, 6.0, 3.5, 10.0 ] },
						"up": { "texture": "#ceramic", "uv": [ 2.5, 2.0, 14.5, 3.0 ] },
						"down": { "texture": "#ceramic", "uv": [ 1.0, 7.5, 13.0, 8.5 ], "enabled": false }
					}
				},
				{
					"name": "Cube6",
					"from": [ 12.0, 1.0, 5.0 ], 
					"to": [ 13.0, 5.0, 9.0 ], 
					"rotationOrigin": [ 14.0, 1.0, -6.0 ],
					"faces": {
						"north": { "texture": "#ceramic", "uv": [ 1.5, 7.5, 2.5, 11.5 ] },
						"east": { "texture": "#ceramic", "uv": [ 2.0, 5.5, 6.0, 9.5 ] },
						"south": { "texture": "#ceramic", "uv": [ 1.0, 5.5, 2.0, 9.5 ] },
						"west": { "texture": "#ceramic", "uv": [ 2.5, 6.0, 6.5, 10.0 ] },
						"up": { "texture": "#ceramic", "uv": [ 2.5, 2.0, 3.5, 6.0 ] },
						"down": { "texture": "#ceramic", "uv": [ 1.0, 7.5, 2.0, 11.5 ], "enabled": false }
					}
				},
				{
					"name": "Cube7",
					"from": [ 11.0, 2.0, 6.0 ], 
					"to": [ 12.0, 4.0, 8.0 ], 
					"rotationOrigin": [ 13.0, 2.0, -6.0 ],
					"faces": {
						"north": { "texture": "#ceramic", "uv": [ 1.5, 7.5, 2.5, 9.5 ] },
						"east": { "texture": "#ceramic", "uv": [ 2.0, 5.5, 4.0, 7.5 ] },
						"south": { "texture": "#ceramic", "uv": [ 1.0, 5.5, 2.0, 7.5 ] },
						"west": { "texture": "#ceramic", "uv": [ 2.5, 6.0, 4.5, 8.0 ] },
						"up": { "texture": "#ceramic", "uv": [ 2.5, 2.0, 3.5, 4.0 ] },
						"down": { "texture": "#ceramic", "uv": [ 1.0, 7.5, 2.0, 9.5 ], "enabled": false }
					}
				}
			]
		}
	]}
