{
	"editor": {
		"allAngles": false,
		"entityTextureMode": false
	},
	"textureWidth": 16,
	"textureHeight": 16,
	"textureSizes": {
	},
	"textures": {
		"handle": "game:item/tool/material/handle",
		"brass": "game:block/metal/ingot/brass",
		"linen": "game:block/linen",
		"fire": "game:block/fire",
	},
	"elements": [
		{
			"name": "Handle",
			"from": [ -15.0, -16.0, 14.0 ], 
			"to": [ 35.0, -14.0, 16.0 ], 
			"rotationOrigin": [ 9.0, -16.0, 14.0 ],
			"rotationX": 67.5,
			"rotationY": -90.0,
			"faces": {
				"north": { "texture": "#handle", "uv": [ 0.0, 0.0, 16.0, 2.0 ], "autoUv": false },
				"east": { "texture": "#handle", "uv": [ 0.0, 0.0, 2.0, 2.0 ] },
				"south": { "texture": "#handle", "uv": [ 0.0, 7.0, 16.0, 9.0 ], "autoUv": false },
				"west": { "texture": "#handle", "uv": [ 0.0, 0.0, 2.0, 2.0 ] },
				"up": { "texture": "#handle", "uv": [ 0.0, 3.5, 16.0, 5.5 ], "autoUv": false },
				"down": { "texture": "#handle", "uv": [ 0.0, 2.0, 16.0, 4.0 ], "autoUv": false }
			},
			"children": [
				{
					"name": "Barrel",
					"from": [ -16.01, -0.51, -0.5 ], 
					"to": [ 6.99, 0.3, 2.5 ], 
					"rotationOrigin": [ -16.0, -1.0, -1.0 ],
					"faces": {
						"north": { "texture": "#brass", "uv": [ 0.0, 0.0, 16.0, 0.5 ], "enabled": false, "autoUv": false },
						"east": { "texture": "#brass", "uv": [ 0.0, 0.0, 3.0, 0.5 ] },
						"south": { "texture": "#brass", "uv": [ 0.0, 0.0, 16.0, 0.5 ], "enabled": false, "autoUv": false },
						"west": { "texture": "#brass", "uv": [ 0.0, 0.0, 3.0, 0.5 ] },
						"up": { "texture": "#brass", "uv": [ 0.0, 0.0, 16.0, 3.0 ], "autoUv": false },
						"down": { "texture": "#brass", "uv": [ 0.0, 0.0, 16.0, 3.0 ], "autoUv": false }
					}
				},
				{
					"name": "Barrel3",
					"from": [ -16.0, 1.5, -0.5 ], 
					"to": [ 7.0, 2.31, 2.5 ], 
					"rotationOrigin": [ -16.0, 1.0, -1.0 ],
					"faces": {
						"north": { "texture": "#brass", "uv": [ 0.0, 0.0, 16.0, 0.5 ], "enabled": false, "autoUv": false },
						"east": { "texture": "#brass", "uv": [ 0.0, 0.0, 3.0, 0.5 ] },
						"south": { "texture": "#brass", "uv": [ 0.0, 0.0, 16.0, 0.5 ], "enabled": false, "autoUv": false },
						"west": { "texture": "#brass", "uv": [ 0.0, 0.0, 3.0, 0.5 ] },
						"up": { "texture": "#brass", "uv": [ 0.0, 0.0, 16.0, 3.0 ], "autoUv": false },
						"down": { "texture": "#brass", "uv": [ 0.0, 0.0, 16.0, 3.0 ], "autoUv": false }
					}
				},
				{
					"name": "Barrel4",
					"from": [ -16.0, -0.5, -0.6 ], 
					"to": [ 7.0, 2.3, 0.2 ], 
					"rotationOrigin": [ -16.0, -1.0, -1.1 ],
					"faces": {
						"north": { "texture": "#brass", "uv": [ 0.0, 0.0, 16.0, 2.5 ], "autoUv": false },
						"east": { "texture": "#brass", "uv": [ 0.0, 0.0, 0.5, 2.5 ] },
						"south": { "texture": "#brass", "uv": [ 0.0, 0.0, 16.0, 2.5 ], "autoUv": false },
						"west": { "texture": "#brass", "uv": [ 0.0, 0.0, 0.5, 2.5 ] },
						"up": { "texture": "#brass", "uv": [ 0.0, 0.0, 16.0, 0.5 ], "autoUv": false },
						"down": { "texture": "#brass", "uv": [ 0.0, 0.0, 16.0, 0.5 ], "autoUv": false }
					}
				},
				{
					"name": "Barrel5",
					"from": [ -16.0, -0.5, 1.7 ], 
					"to": [ 7.0, 2.3, 2.5 ], 
					"rotationOrigin": [ -16.0, -1.0, 1.2 ],
					"faces": {
						"north": { "texture": "#brass", "uv": [ 0.0, 0.0, 16.0, 2.5 ], "autoUv": false },
						"east": { "texture": "#brass", "uv": [ 0.0, 0.0, 0.5, 2.5 ] },
						"south": { "texture": "#brass", "uv": [ 0.0, 0.0, 16.0, 2.5 ], "autoUv": false },
						"west": { "texture": "#brass", "uv": [ 0.0, 0.0, 0.5, 2.5 ] },
						"up": { "texture": "#brass", "uv": [ 0.0, 0.0, 16.0, 0.5 ], "autoUv": false },
						"down": { "texture": "#brass", "uv": [ 0.0, 0.0, 16.0, 0.5 ], "autoUv": false }
					},
					"children": [
						{
							"name": "frontRing",
							"from": [ 0.0, 0.0, 0.0 ], 
							"to": [ 0.0, 0.0, 0.0 ], 
							"faces": {
								"north": { "texture": "#brass", "uv": [ 0.0, 0.0, 0.5, 0.5 ] },
								"east": { "texture": "#brass", "uv": [ 0.0, 0.0, 0.5, 0.5 ] },
								"south": { "texture": "#brass", "uv": [ 0.0, 0.0, 0.5, 0.5 ] },
								"west": { "texture": "#brass", "uv": [ 0.0, 0.0, 0.5, 0.5 ] },
								"up": { "texture": "#brass", "uv": [ 0.0, 0.0, 0.5, 0.5 ] },
								"down": { "texture": "#brass", "uv": [ 0.0, 0.0, 0.5, 0.5 ] }
							},
							"children": [
								{
									"name": "Cube1",
									"from": [ -0.11, -0.1, 0.0 ], 
									"to": [ 1.89, 2.9, 1.1 ], 
									"rotationOrigin": [ -0.1, -0.1, 0.0 ],
									"faces": {
										"north": { "texture": "#brass", "uv": [ 0.0, 0.0, 2.0, 3.0 ], "enabled": false },
										"east": { "texture": "#brass", "uv": [ 0.0, 0.0, 1.0, 3.0 ] },
										"south": { "texture": "#brass", "uv": [ 0.0, 0.0, 2.0, 3.0 ] },
										"west": { "texture": "#brass", "uv": [ 0.0, 0.0, 1.0, 3.0 ] },
										"up": { "texture": "#brass", "uv": [ 0.0, 0.0, 2.0, 1.0 ] },
										"down": { "texture": "#brass", "uv": [ 0.0, 0.0, 2.0, 1.0 ] }
									}
								},
								{
									"name": "Cube7",
									"from": [ -0.11, -0.1, -2.6 ], 
									"to": [ 1.89, 2.9, -1.6 ], 
									"rotationOrigin": [ -0.1, -0.1, -3.6 ],
									"faces": {
										"north": { "texture": "#brass", "uv": [ 0.0, 0.0, 2.0, 3.0 ] },
										"east": { "texture": "#brass", "uv": [ 0.0, 0.0, 1.0, 3.0 ] },
										"south": { "texture": "#brass", "uv": [ 0.0, 0.0, 2.0, 3.0 ], "enabled": false },
										"west": { "texture": "#brass", "uv": [ 0.0, 0.0, 1.0, 3.0 ] },
										"up": { "texture": "#brass", "uv": [ 0.0, 0.0, 2.0, 1.0 ] },
										"down": { "texture": "#brass", "uv": [ 0.0, 0.0, 2.0, 1.0 ] }
									}
								},
								{
									"name": "Cube8",
									"from": [ -0.1, -0.3, -2.3 ], 
									"to": [ 1.9, 0.7, 0.7 ], 
									"rotationOrigin": [ -0.1, -0.3, -1.3 ],
									"faces": {
										"north": { "texture": "#brass", "uv": [ 0.0, 0.0, 2.0, 1.0 ] },
										"east": { "texture": "#brass", "uv": [ 0.0, 0.0, 3.0, 1.0 ] },
										"south": { "texture": "#brass", "uv": [ 0.0, 0.0, 2.0, 1.0 ] },
										"west": { "texture": "#brass", "uv": [ 0.0, 0.0, 3.0, 1.0 ] },
										"up": { "texture": "#brass", "uv": [ 0.0, 0.0, 2.0, 3.0 ] },
										"down": { "texture": "#brass", "uv": [ 0.0, 0.0, 2.0, 3.0 ] }
									}
								},
								{
									"name": "Cube9",
									"from": [ -0.1, 2.0, -2.3 ], 
									"to": [ 1.9, 3.2, 0.7 ], 
									"rotationOrigin": [ -0.1, 2.0, -1.3 ],
									"faces": {
										"north": { "texture": "#brass", "uv": [ 0.0, 0.0, 2.0, 1.0 ] },
										"east": { "texture": "#brass", "uv": [ 0.0, 0.0, 3.0, 1.0 ] },
										"south": { "texture": "#brass", "uv": [ 0.0, 0.0, 2.0, 1.0 ] },
										"west": { "texture": "#brass", "uv": [ 0.0, 0.0, 3.0, 1.0 ] },
										"up": { "texture": "#brass", "uv": [ 0.0, 0.0, 2.0, 3.0 ] },
										"down": { "texture": "#brass", "uv": [ 0.0, 0.0, 2.0, 3.0 ], "enabled": false }
									}
								}
							]
						},
						{
							"name": "middleRing",
							"from": [ 14.0, 0.0, 0.0 ], 
							"to": [ 14.0, 0.0, 0.0 ], 
							"rotationOrigin": [ 14.0, 0.0, 0.0 ],
							"faces": {
								"north": { "texture": "#brass", "uv": [ 0.0, 0.0, 0.5, 0.5 ] },
								"east": { "texture": "#brass", "uv": [ 0.0, 0.0, 0.5, 0.5 ] },
								"south": { "texture": "#brass", "uv": [ 0.0, 0.0, 0.5, 0.5 ] },
								"west": { "texture": "#brass", "uv": [ 0.0, 0.0, 0.5, 0.5 ] },
								"up": { "texture": "#brass", "uv": [ 0.0, 0.0, 0.5, 0.5 ] },
								"down": { "texture": "#brass", "uv": [ 0.0, 0.0, 0.5, 0.5 ] }
							},
							"children": [
								{
									"name": "Cube12",
									"from": [ 0.01, -0.2, 0.0 ], 
									"to": [ 2.01, 3.0, 1.2 ], 
									"rotationOrigin": [ 0.0, -0.2, 0.0 ],
									"faces": {
										"north": { "texture": "#brass", "uv": [ 0.0, 0.0, 2.0, 3.0 ], "enabled": false },
										"east": { "texture": "#brass", "uv": [ 0.0, 0.0, 1.0, 3.0 ] },
										"south": { "texture": "#brass", "uv": [ 0.0, 0.0, 2.0, 3.0 ] },
										"west": { "texture": "#brass", "uv": [ 0.0, 0.0, 1.0, 3.0 ] },
										"up": { "texture": "#brass", "uv": [ 0.0, 0.0, 2.0, 1.0 ] },
										"down": { "texture": "#brass", "uv": [ 0.0, 0.0, 2.0, 1.0 ] }
									}
								},
								{
									"name": "Cube15",
									"from": [ 0.0, 2.0, -2.4 ], 
									"to": [ 2.0, 3.3, 0.9 ], 
									"rotationOrigin": [ 0.0, 2.0, -1.4 ],
									"faces": {
										"north": { "texture": "#brass", "uv": [ 0.0, 0.0, 2.0, 1.0 ] },
										"east": { "texture": "#brass", "uv": [ 0.0, 0.0, 3.0, 1.0 ] },
										"south": { "texture": "#brass", "uv": [ 0.0, 0.0, 2.0, 1.0 ] },
										"west": { "texture": "#brass", "uv": [ 0.0, 0.0, 3.0, 1.0 ] },
										"up": { "texture": "#brass", "uv": [ 0.0, 0.0, 2.0, 3.0 ] },
										"down": { "texture": "#brass", "uv": [ 0.0, 0.0, 2.0, 3.0 ] }
									}
								},
								{
									"name": "Cube21",
									"from": [ 0.0, -0.4, -2.4 ], 
									"to": [ 2.0, 0.9, 0.9 ], 
									"rotationOrigin": [ 0.0, -0.4, -1.4 ],
									"faces": {
										"north": { "texture": "#brass", "uv": [ 0.0, 0.0, 2.0, 1.0 ] },
										"east": { "texture": "#brass", "uv": [ 0.0, 0.0, 3.0, 1.0 ] },
										"south": { "texture": "#brass", "uv": [ 0.0, 0.0, 2.0, 1.0 ] },
										"west": { "texture": "#brass", "uv": [ 0.0, 0.0, 3.0, 1.0 ] },
										"up": { "texture": "#brass", "uv": [ 0.0, 0.0, 2.0, 3.0 ], "enabled": false },
										"down": { "texture": "#brass", "uv": [ 0.0, 0.0, 2.0, 3.0 ] }
									}
								},
								{
									"name": "Cube22",
									"from": [ 0.01, -0.2, -2.7 ], 
									"to": [ 2.01, 3.0, -1.5 ], 
									"rotationOrigin": [ 0.0, -0.2, -2.7 ],
									"faces": {
										"north": { "texture": "#brass", "uv": [ 0.0, 0.0, 2.0, 3.0 ] },
										"east": { "texture": "#brass", "uv": [ 0.0, 0.0, 1.0, 3.0 ] },
										"south": { "texture": "#brass", "uv": [ 0.0, 0.0, 2.0, 3.0 ], "enabled": false },
										"west": { "texture": "#brass", "uv": [ 0.0, 0.0, 1.0, 3.0 ] },
										"up": { "texture": "#brass", "uv": [ 0.0, 0.0, 2.0, 1.0 ] },
										"down": { "texture": "#brass", "uv": [ 0.0, 0.0, 2.0, 1.0 ], "enabled": false }
									}
								}
							]
						},
						{
							"name": "backRing",
							"from": [ 21.0, 0.0, 0.0 ], 
							"to": [ 21.0, 0.0, 0.0 ], 
							"rotationOrigin": [ 21.0, 0.0, 0.0 ],
							"faces": {
								"north": { "texture": "#brass", "uv": [ 0.0, 0.0, 0.5, 0.5 ] },
								"east": { "texture": "#brass", "uv": [ 0.0, 0.0, 0.5, 0.5 ] },
								"south": { "texture": "#brass", "uv": [ 0.0, 0.0, 0.5, 0.5 ] },
								"west": { "texture": "#brass", "uv": [ 0.0, 0.0, 0.5, 0.5 ] },
								"up": { "texture": "#brass", "uv": [ 0.0, 0.0, 0.5, 0.5 ] },
								"down": { "texture": "#brass", "uv": [ 0.0, 0.0, 0.5, 0.5 ] }
							},
							"children": [
								{
									"name": "Cube17",
									"from": [ 0.01, -0.1, 0.0 ], 
									"to": [ 2.01, 2.9, 1.0 ], 
									"rotationOrigin": [ 0.0, -0.1, 0.0 ],
									"faces": {
										"north": { "texture": "#brass", "uv": [ 0.0, 0.0, 2.0, 3.0 ], "enabled": false },
										"east": { "texture": "#brass", "uv": [ 0.0, 0.0, 1.0, 3.0 ] },
										"south": { "texture": "#brass", "uv": [ 0.0, 0.0, 2.0, 3.0 ] },
										"west": { "texture": "#brass", "uv": [ 0.0, 0.0, 1.0, 3.0 ] },
										"up": { "texture": "#brass", "uv": [ 0.0, 0.0, 2.0, 1.0 ] },
										"down": { "texture": "#brass", "uv": [ 0.0, 0.0, 2.0, 1.0 ] }
									}
								},
								{
									"name": "Cube18",
									"from": [ 0.01, -0.1, -2.5 ], 
									"to": [ 2.01, 2.9, -1.5 ], 
									"rotationOrigin": [ 0.0, -0.1, -3.5 ],
									"faces": {
										"north": { "texture": "#brass", "uv": [ 0.0, 0.0, 2.0, 3.0 ] },
										"east": { "texture": "#brass", "uv": [ 0.0, 0.0, 1.0, 3.0 ] },
										"south": { "texture": "#brass", "uv": [ 0.0, 0.0, 2.0, 3.0 ], "enabled": false },
										"west": { "texture": "#brass", "uv": [ 0.0, 0.0, 1.0, 3.0 ] },
										"up": { "texture": "#brass", "uv": [ 0.0, 0.0, 2.0, 1.0 ] },
										"down": { "texture": "#brass", "uv": [ 0.0, 0.0, 2.0, 1.0 ] }
									}
								},
								{
									"name": "Cube19",
									"from": [ 0.0, -0.2, -2.3 ], 
									"to": [ 2.0, 0.8, 0.7 ], 
									"rotationOrigin": [ 0.0, -0.2, -1.3 ],
									"faces": {
										"north": { "texture": "#brass", "uv": [ 0.0, 0.0, 2.0, 1.0 ] },
										"east": { "texture": "#brass", "uv": [ 0.0, 0.0, 3.0, 1.0 ] },
										"south": { "texture": "#brass", "uv": [ 0.0, 0.0, 2.0, 1.0 ] },
										"west": { "texture": "#brass", "uv": [ 0.0, 0.0, 3.0, 1.0 ] },
										"up": { "texture": "#brass", "uv": [ 0.0, 0.0, 2.0, 3.0 ], "enabled": false },
										"down": { "texture": "#brass", "uv": [ 0.0, 0.0, 2.0, 3.0 ] }
									}
								},
								{
									"name": "Cube20",
									"from": [ 0.0, 2.0, -2.3 ], 
									"to": [ 2.0, 3.0, 0.7 ], 
									"rotationOrigin": [ 0.0, 2.0, -1.3 ],
									"faces": {
										"north": { "texture": "#brass", "uv": [ 0.0, 0.0, 2.0, 1.0 ] },
										"east": { "texture": "#brass", "uv": [ 0.0, 0.0, 3.0, 1.0 ] },
										"south": { "texture": "#brass", "uv": [ 0.0, 0.0, 2.0, 1.0 ] },
										"west": { "texture": "#brass", "uv": [ 0.0, 0.0, 3.0, 1.0 ] },
										"up": { "texture": "#brass", "uv": [ 0.0, 0.0, 2.0, 3.0 ] },
										"down": { "texture": "#brass", "uv": [ 0.0, 0.0, 2.0, 3.0 ], "enabled": false }
									}
								}
							]
						}
					]
				}
			]
		}
	]}
