{
	"editor": {
		"allAngles": false,
		"entityTextureMode": false
	},
	"textureWidth": 16,
	"textureHeight": 16,
	"textureSizes": {
	},
	"textures": {
		"iron": "game:item/tool/material/iron"
	},
	"elements": [
		{
			"name": "Barrel",
			"from": [ 7.7, 0.0, 0.0 ], 
			"to": [ 8.7, 1.0, 14.0 ], 
			"rotationOrigin": [ 8.2, 0.0, 12.0 ],
			"faces": {
				"north": { "texture": "#iron", "uv": [ 0.0, 0.0, 1.0, 1.0 ], "enabled": false },
				"east": { "texture": "#iron", "uv": [ 0.0, 0.0, 14.0, 1.0 ] },
				"south": { "texture": "#iron", "uv": [ 0.0, 0.0, 1.0, 1.0 ] },
				"west": { "texture": "#iron", "uv": [ 0.0, 0.0, 14.0, 1.0 ] },
				"up": { "texture": "#iron", "uv": [ 0.0, 0.0, 1.0, 14.0 ] },
				"down": { "texture": "#iron", "uv": [ 0.0, 0.0, 1.0, 14.0 ] }
			},
			"children": [
				{
					"name": "Serpentine",
					"from": [ 0.9, 0.3, 11.0 ], 
					"to": [ 1.3, 1.8, 11.4 ], 
					"rotationOrigin": [ 0.9, 0.3, 12.0 ],
					"rotationX": -45.0,
					"faces": {
						"north": { "texture": "#iron", "uv": [ 0.0, 0.0, 0.25, 1.5 ] },
						"east": { "texture": "#iron", "uv": [ 0.0, 0.0, 0.25, 1.5 ] },
						"south": { "texture": "#iron", "uv": [ 0.0, 0.0, 0.25, 1.5 ] },
						"west": { "texture": "#iron", "uv": [ 0.0, 0.0, 0.25, 1.5 ] },
						"up": { "texture": "#iron", "uv": [ 0.0, 0.0, 0.25, 0.5 ] },
						"down": { "texture": "#iron", "uv": [ 0.0, 0.0, 0.25, 0.5 ] }
					},
					"children": [
						{
							"name": "FuseHolder",
							"from": [ 0.0, 1.0, 0.0 ], 
							"to": [ 0.4, 1.5, 1.2 ], 
							"rotationOrigin": [ 0.0, 1.0, 0.0 ],
							"faces": {
								"north": { "texture": "#iron", "uv": [ 0.0, 0.0, 0.25, 0.5 ] },
								"east": { "texture": "#iron", "uv": [ 0.0, 0.0, 1.0, 0.5 ] },
								"south": { "texture": "#iron", "uv": [ 0.0, 0.0, 0.25, 0.5 ] },
								"west": { "texture": "#iron", "uv": [ 0.0, 0.0, 1.0, 0.5 ] },
								"up": { "texture": "#iron", "uv": [ 0.0, 0.0, 0.25, 1.0 ] },
								"down": { "texture": "#iron", "uv": [ 0.0, 0.0, 0.25, 1.0 ] }
							}
						}
					]
				}
			]
		}
	]}
