{
	"editor": {
		"allAngles": false,
		"entityTextureMode": false
	},
	"textureWidth": 16,
	"textureHeight": 16,
	"textureSizes": {
	},
	"textures": {
		"iron": "game:item/tool/material/iron",
		"wood": "game:item/tool/material/wood"
	},
	"elements": [
		{
			"name": "Barrel",
			"from": [ 7.7, 0.0, 0.0 ], 
			"to": [ 8.7, 1.0, 14.0 ], 
			"rotationOrigin": [ 8.2, 0.0, 12.0 ],
			"faces": {
				"north": { "texture": "#iron", "uv": [ 0.0, 0.0, 1.0, 1.0 ], "enabled": false },
				"east": { "texture": "#iron", "uv": [ 0.0, 0.0, 14.0, 1.0 ] },
				"south": { "texture": "#iron", "uv": [ 0.0, 0.0, 1.0, 1.0 ] },
				"west": { "texture": "#iron", "uv": [ 0.0, 0.0, 14.0, 1.0 ] },
				"up": { "texture": "#iron", "uv": [ 0.0, 0.0, 1.0, 14.0 ] },
				"down": { "texture": "#iron", "uv": [ 0.0, 0.0, 1.0, 14.0 ] }
			},
			"children": [
				{
					"name": "UnderBarrel",
					"from": [ 0.1, -0.7, 3.0 ], 
					"to": [ 0.9, 0.0, 14.0 ], 
					"rotationOrigin": [ 0.6, -0.7, 3.0 ],
					"faces": {
						"north": { "texture": "#wood", "uv": [ 0.0, 0.0, 0.75, 0.5 ] },
						"east": { "texture": "#wood", "uv": [ 0.0, 0.0, 11.0, 0.5 ] },
						"south": { "texture": "#wood", "uv": [ 0.0, 0.0, 0.75, 0.5 ] },
						"west": { "texture": "#wood", "uv": [ 0.0, 0.0, 11.0, 0.5 ] },
						"up": { "texture": "#wood", "uv": [ 0.0, 0.0, 0.75, 11.0 ], "enabled": false },
						"down": { "texture": "#wood", "uv": [ 0.0, 0.0, 0.75, 11.0 ] }
					}
				},
				{
					"name": "Handle",
					"from": [ -0.1, -0.8, 13.2 ], 
					"to": [ 1.1, 1.2, 18.2 ], 
					"rotationOrigin": [ 0.4, -0.8, 13.2 ],
					"rotationX": 22.5,
					"faces": {
						"north": { "texture": "#wood", "uv": [ 0.0, 0.0, 1.0, 2.0 ] },
						"east": { "texture": "#wood", "uv": [ 4.25, 6.5, 9.25, 8.5 ] },
						"south": { "texture": "#wood", "uv": [ 0.0, 0.0, 1.0, 2.0 ] },
						"west": { "texture": "#wood", "uv": [ 4.5, 6.5, 9.5, 8.5 ] },
						"up": { "texture": "#wood", "uv": [ 13.5, 0.0, 14.5, 5.0 ] },
						"down": { "texture": "#wood", "uv": [ 10.0, 5.0, 11.0, 10.0 ] }
					}
				},
				{
					"name": "Serpentine",
					"from": [ 0.9, 0.3, 11.0 ], 
					"to": [ 1.3, 1.8, 11.4 ], 
					"rotationOrigin": [ 0.9, 0.3, 12.0 ],
					"rotationX": -45.0,
					"faces": {
						"north": { "texture": "#iron", "uv": [ 0.0, 0.0, 0.25, 1.5 ] },
						"east": { "texture": "#iron", "uv": [ 0.0, 0.0, 0.25, 1.5 ] },
						"south": { "texture": "#iron", "uv": [ 0.0, 0.0, 0.25, 1.5 ] },
						"west": { "texture": "#iron", "uv": [ 0.0, 0.0, 0.25, 1.5 ] },
						"up": { "texture": "#iron", "uv": [ 0.0, 0.0, 0.25, 0.5 ] },
						"down": { "texture": "#iron", "uv": [ 0.0, 0.0, 0.25, 0.5 ] }
					},
					"children": [
						{
							"name": "FuseHolder",
							"from": [ 0.0, 1.0, 0.0 ], 
							"to": [ 0.4, 1.5, 1.2 ], 
							"rotationOrigin": [ 0.0, 1.0, 0.0 ],
							"faces": {
								"north": { "texture": "#iron", "uv": [ 0.0, 0.0, 0.25, 0.5 ] },
								"east": { "texture": "#iron", "uv": [ 0.0, 0.0, 1.0, 0.5 ] },
								"south": { "texture": "#iron", "uv": [ 0.0, 0.0, 0.25, 0.5 ] },
								"west": { "texture": "#iron", "uv": [ 0.0, 0.0, 1.0, 0.5 ] },
								"up": { "texture": "#iron", "uv": [ 0.0, 0.0, 0.25, 1.0 ] },
								"down": { "texture": "#iron", "uv": [ 0.0, 0.0, 0.25, 1.0 ] }
							}
						}
					]
				},
				{
					"name": "Trigger",
					"from": [ 0.3, -1.6, 12.5 ], 
					"to": [ 0.7, -0.6, 12.6 ], 
					"rotationOrigin": [ 0.3, -1.6, 12.5 ],
					"faces": {
						"north": { "texture": "#iron", "uv": [ 0.0, 0.0, 0.25, 1.0 ] },
						"east": { "texture": "#iron", "uv": [ 0.0, 0.0, 0.25, 1.0 ] },
						"south": { "texture": "#iron", "uv": [ 0.0, 0.0, 0.25, 1.0 ] },
						"west": { "texture": "#iron", "uv": [ 0.0, 0.0, 0.25, 1.0 ] },
						"up": { "texture": "#iron", "uv": [ 0.0, 0.0, 0.25, 0.5 ] },
						"down": { "texture": "#iron", "uv": [ 0.0, 0.0, 0.25, 0.5 ] }
					},
					"children": [
						{
							"name": "Trigger38",
							"from": [ 0.0, 0.1, 0.15 ], 
							"to": [ 0.4, 1.1, 0.25 ], 
							"rotationOrigin": [ 0.0, 0.1, 0.1 ],
							"rotationX": 135.0,
							"faces": {
								"north": { "texture": "#iron", "uv": [ 0.0, 0.0, 0.25, 1.0 ] },
								"east": { "texture": "#iron", "uv": [ 0.0, 0.0, 0.25, 1.0 ] },
								"south": { "texture": "#iron", "uv": [ 0.0, 0.0, 0.25, 1.0 ] },
								"west": { "texture": "#iron", "uv": [ 0.0, 0.0, 0.25, 1.0 ] },
								"up": { "texture": "#iron", "uv": [ 0.0, 0.0, 0.25, 0.5 ] },
								"down": { "texture": "#iron", "uv": [ 0.0, 0.0, 0.25, 0.5 ] }
							}
						}
					]
				},
				{
					"name": "Handle8",
					"from": [ -0.09, -0.9, 14.9 ], 
					"to": [ 1.09, 0.6, 18.5 ], 
					"rotationOrigin": [ -0.09, -0.9, 14.9 ],
					"faces": {
						"north": { "texture": "#wood", "uv": [ 0.0, 0.0, 1.0, 1.5 ] },
						"east": { "texture": "#wood", "uv": [ 4.25, 6.5, 7.75, 8.0 ] },
						"south": { "texture": "#wood", "uv": [ 0.0, 0.0, 1.0, 1.5 ] },
						"west": { "texture": "#wood", "uv": [ 4.5, 6.5, 8.0, 8.0 ] },
						"up": { "texture": "#wood", "uv": [ 13.5, 0.0, 14.5, 3.5 ] },
						"down": { "texture": "#wood", "uv": [ 10.0, 5.0, 11.0, 8.5 ] }
					}
				},
				{
					"name": "ForkMain",
					"from": [ 0.3, -1.1, 4.0 ], 
					"to": [ 0.7, 8.9, 4.4 ], 
					"rotationOrigin": [ 0.8, -1.1, 4.0 ],
					"rotationX": 180.0,
					"faces": {
						"north": { "texture": "#wood", "uv": [ 0.0, 0.0, 0.25, 10.0 ] },
						"east": { "texture": "#wood", "uv": [ 0.0, 0.0, 0.25, 10.0 ] },
						"south": { "texture": "#wood", "uv": [ 0.0, 0.0, 0.25, 10.0 ] },
						"west": { "texture": "#wood", "uv": [ 0.0, 0.0, 0.25, 10.0 ] },
						"up": { "texture": "#wood", "uv": [ 0.0, 0.0, 0.25, 0.5 ], "enabled": false },
						"down": { "texture": "#wood", "uv": [ 0.0, 0.0, 0.25, 0.5 ] }
					},
					"children": [
						{
							"name": "Cube1",
							"from": [ -0.4, -0.4, 0.0 ], 
							"to": [ 0.8, 0.0, 0.4 ], 
							"rotationOrigin": [ -0.4, -0.4, 0.0 ],
							"faces": {
								"north": { "texture": "#wood", "uv": [ 0.0, 0.0, 1.0, 0.5 ] },
								"east": { "texture": "#wood", "uv": [ 0.0, 0.0, 0.25, 0.5 ] },
								"south": { "texture": "#wood", "uv": [ 0.0, 0.0, 1.0, 0.5 ] },
								"west": { "texture": "#wood", "uv": [ 0.0, 0.0, 0.25, 0.5 ] },
								"up": { "texture": "#wood", "uv": [ 0.0, 0.0, 1.0, 0.5 ] },
								"down": { "texture": "#wood", "uv": [ 0.0, 0.0, 1.0, 0.5 ] }
							}
						},
						{
							"name": "Cube11",
							"from": [ 0.6, -0.29, -0.01 ], 
							"to": [ 2.0, 0.09, 0.37 ], 
							"rotationOrigin": [ 0.6, -0.09, -0.01 ],
							"rotationZ": -67.5,
							"faces": {
								"north": { "texture": "#wood", "uv": [ 0.0, 0.0, 1.25, 0.5 ] },
								"east": { "texture": "#wood", "uv": [ 0.0, 0.0, 0.25, 0.5 ] },
								"south": { "texture": "#wood", "uv": [ 0.0, 0.0, 1.25, 0.5 ] },
								"west": { "texture": "#wood", "uv": [ 0.0, 0.0, 0.25, 0.5 ] },
								"up": { "texture": "#wood", "uv": [ 0.0, 0.0, 1.25, 0.5 ] },
								"down": { "texture": "#wood", "uv": [ 0.0, 0.0, 1.25, 0.5 ] }
							}
						},
						{
							"name": "Cube12",
							"from": [ -0.2, -0.29, -0.01 ], 
							"to": [ 1.2, 0.09, 0.37 ], 
							"rotationOrigin": [ -0.2, -0.09, -0.01 ],
							"rotationZ": -112.5,
							"faces": {
								"north": { "texture": "#wood", "uv": [ 0.0, 0.0, 1.25, 0.5 ] },
								"east": { "texture": "#wood", "uv": [ 0.0, 0.0, 0.25, 0.5 ] },
								"south": { "texture": "#wood", "uv": [ 0.0, 0.0, 1.25, 0.5 ] },
								"west": { "texture": "#wood", "uv": [ 0.0, 0.0, 0.25, 0.5 ] },
								"up": { "texture": "#wood", "uv": [ 0.0, 0.0, 1.25, 0.5 ] },
								"down": { "texture": "#wood", "uv": [ 0.0, 0.0, 1.25, 0.5 ] }
							}
						}
					]
				}
			]
		}
	]}
