{
	"editor": {
		"allAngles": false,
		"entityTextureMode": false
	},
	"textureWidth": 16,
	"textureHeight": 16,
	"textureSizes": {
	},
	"textures": {
		"iron": "game:item/tool/material/iron"
	},
	"elements": [
		{
			"name": "Barrel",
			"from": [ 7.7, 0.0, 0.0 ], 
			"to": [ 8.5, 0.8, 8.0 ], 
			"rotationOrigin": [ 8.2, 0.0, 12.0 ],
			"faces": {
				"north": { "texture": "#iron", "uv": [ 0.0, 0.0, 0.5, 0.5 ], "enabled": false },
				"east": { "texture": "#iron", "uv": [ 0.0, 0.0, 12.0, 0.5 ] },
				"south": { "texture": "#iron", "uv": [ 0.0, 0.0, 0.5, 0.5 ] },
				"west": { "texture": "#iron", "uv": [ 0.0, 0.0, 12.0, 0.5 ] },
				"up": { "texture": "#iron", "uv": [ 0.0, 0.0, 0.5, 12.0 ] },
				"down": { "texture": "#iron", "uv": [ 0.0, 0.0, 0.5, 12.0 ] }
			}
		}
	]}
