{
	"editor": {
		"allAngles": false,
		"entityTextureMode": false
	},
	"textureWidth": 16,
	"textureHeight": 16,
	"textureSizes": {
	},
	"textures": {
		"iron": "game:item/tool/material/iron",
		"wood": "game:item/tool/material/wood"
	},
	"elements": [
		{
			"name": "Barrel",
			"from": [ 7.7, 0.0, 4.0 ], 
			"to": [ 8.5, 0.8, 10.0 ], 
			"rotationOrigin": [ 8.2, 0.0, 10.0 ],
			"rotationX": 90.0,
			"faces": {
				"north": { "texture": "#iron", "uv": [ 0.0, 0.0, 0.75, 0.5 ], "enabled": false },
				"east": { "texture": "#iron", "uv": [ 3.5, 2.5, 6.5, 3.0 ], "autoUv": false },
				"south": { "texture": "#iron", "uv": [ 0.0, 0.0, 0.75, 0.5 ] },
				"west": { "texture": "#iron", "uv": [ 4.25, 6.0, 8.25, 6.5 ], "autoUv": false },
				"up": { "texture": "#iron", "uv": [ 0.0, 0.0, 0.75, 6.0 ] },
				"down": { "texture": "#iron", "uv": [ 0.0, 0.0, 0.75, 6.0 ] }
			},
			"children": [
				{
					"name": "UnderBarrel",
					"from": [ 0.0, -0.7, 1.0 ], 
					"to": [ 0.8, 0.0, 6.0 ], 
					"rotationOrigin": [ 0.5, -0.7, 1.0 ],
					"faces": {
						"north": { "texture": "#wood", "uv": [ 0.0, 0.0, 0.75, 0.5 ] },
						"east": { "texture": "#wood", "uv": [ 0.0, 0.0, 5.0, 0.5 ] },
						"south": { "texture": "#wood", "uv": [ 0.0, 0.0, 0.75, 0.5 ] },
						"west": { "texture": "#wood", "uv": [ 0.0, 0.0, 5.0, 0.5 ] },
						"up": { "texture": "#wood", "uv": [ 0.0, 0.0, 0.75, 5.0 ], "enabled": false },
						"down": { "texture": "#wood", "uv": [ 0.0, 0.0, 0.75, 5.0 ] }
					}
				},
				{
					"name": "Handle",
					"from": [ -0.2, -0.6, 5.4 ], 
					"to": [ 1.0, 0.6, 7.3 ], 
					"rotationOrigin": [ 0.3, -0.6, 5.4 ],
					"rotationX": 22.5,
					"faces": {
						"north": { "texture": "#wood", "uv": [ 0.0, 0.0, 1.0, 1.0 ] },
						"east": { "texture": "#wood", "uv": [ 4.25, 6.5, 6.0, 7.5 ] },
						"south": { "texture": "#wood", "uv": [ 0.0, 0.0, 1.0, 1.0 ] },
						"west": { "texture": "#wood", "uv": [ 4.5, 6.5, 6.25, 7.5 ] },
						"up": { "texture": "#wood", "uv": [ 13.5, 0.0, 14.5, 1.5 ] },
						"down": { "texture": "#wood", "uv": [ 10.0, 5.0, 11.0, 6.5 ] }
					},
					"children": [
						{
							"name": "Knob",
							"from": [ -0.2, -0.2, 3.0 ], 
							"to": [ 1.4, 1.4, 4.0 ], 
							"rotationOrigin": [ 0.3, -0.2, 3.0 ],
							"faces": {
								"north": { "texture": "#wood", "uv": [ 0.0, 0.0, 1.5, 1.5 ] },
								"east": { "texture": "#wood", "uv": [ 4.25, 6.5, 5.25, 8.0 ] },
								"south": { "texture": "#wood", "uv": [ 0.0, 0.0, 1.5, 1.5 ] },
								"west": { "texture": "#wood", "uv": [ 4.5, 6.5, 5.5, 8.0 ] },
								"up": { "texture": "#wood", "uv": [ 13.5, 0.0, 15.0, 1.0 ] },
								"down": { "texture": "#wood", "uv": [ 10.0, 5.0, 11.5, 6.0 ] }
							}
						},
						{
							"name": "Handle2",
							"from": [ 0.1, 0.1, 1.8 ], 
							"to": [ 1.1, 1.1, 3.2 ], 
							"rotationOrigin": [ 0.6, 0.1, 1.8 ],
							"faces": {
								"north": { "texture": "#wood", "uv": [ 0.0, 0.0, 1.0, 1.0 ] },
								"east": { "texture": "#wood", "uv": [ 4.25, 6.5, 5.5, 7.5 ] },
								"south": { "texture": "#wood", "uv": [ 0.0, 0.0, 1.0, 1.0 ] },
								"west": { "texture": "#wood", "uv": [ 4.5, 6.5, 5.75, 7.5 ] },
								"up": { "texture": "#wood", "uv": [ 13.5, 0.0, 14.5, 1.0 ] },
								"down": { "texture": "#wood", "uv": [ 10.0, 5.0, 11.0, 6.0 ] }
							}
						}
					]
				},
				{
					"name": "Lock",
					"from": [ 0.8, 0.5, 3.5 ], 
					"to": [ 1.2, 2.5, 4.3 ], 
					"rotationOrigin": [ 0.8, 0.5, 3.5 ],
					"rotationX": 90.0,
					"faces": {
						"north": { "texture": "#iron", "uv": [ 0.0, 0.0, 0.25, 2.0 ] },
						"east": { "texture": "#iron", "uv": [ 0.0, 0.0, 0.75, 2.0 ] },
						"south": { "texture": "#iron", "uv": [ 0.0, 0.0, 0.25, 2.0 ] },
						"west": { "texture": "#iron", "uv": [ 0.0, 0.0, 0.75, 2.0 ] },
						"up": { "texture": "#iron", "uv": [ 0.0, 0.0, 0.25, 0.5 ] },
						"down": { "texture": "#iron", "uv": [ 0.0, 0.0, 0.25, 0.5 ] }
					},
					"children": [
						{
							"name": "FuseHolder",
							"from": [ 0.0, 1.6, 0.7 ], 
							"to": [ 0.41, 2.4, 2.7 ], 
							"rotationOrigin": [ 0.0, 1.6, 0.7 ],
							"rotationX": -67.5,
							"faces": {
								"north": { "texture": "#iron", "uv": [ 0.0, 0.0, 0.25, 0.5 ] },
								"east": { "texture": "#iron", "uv": [ 0.0, 0.0, 2.0, 0.5 ] },
								"south": { "texture": "#iron", "uv": [ 0.0, 0.0, 0.25, 0.5 ] },
								"west": { "texture": "#iron", "uv": [ 0.0, 0.0, 2.0, 0.5 ] },
								"up": { "texture": "#iron", "uv": [ 0.0, 0.0, 0.25, 2.0 ] },
								"down": { "texture": "#iron", "uv": [ 0.0, 0.0, 0.25, 2.0 ] }
							}
						},
						{
							"name": "Wheel",
							"from": [ 0.0, 1.2, -0.1 ], 
							"to": [ 0.6, 2.2, 0.9 ], 
							"rotationOrigin": [ 0.0, 1.2, -0.1 ],
							"faces": {
								"north": { "texture": "#iron", "uv": [ 0.0, 0.0, 0.5, 1.0 ] },
								"east": { "texture": "#iron", "uv": [ 0.0, 0.0, 1.0, 1.0 ] },
								"south": { "texture": "#iron", "uv": [ 0.0, 0.0, 0.5, 1.0 ] },
								"west": { "texture": "#iron", "uv": [ 0.0, 0.0, 1.0, 1.0 ] },
								"up": { "texture": "#iron", "uv": [ 0.0, 0.0, 0.5, 1.0 ] },
								"down": { "texture": "#iron", "uv": [ 0.0, 0.0, 0.5, 1.0 ] }
							}
						},
						{
							"name": "Serpentine",
							"from": [ 0.0, 0.9, -0.7 ], 
							"to": [ 0.3, 1.2, 0.3 ], 
							"rotationOrigin": [ 0.0, 0.9, -0.7 ],
							"rotationX": 45.0,
							"faces": {
								"north": { "texture": "#iron", "uv": [ 0.0, 0.0, 0.25, 0.5 ] },
								"east": { "texture": "#iron", "uv": [ 0.0, 0.0, 1.0, 0.5 ] },
								"south": { "texture": "#iron", "uv": [ 0.0, 0.0, 0.25, 0.5 ] },
								"west": { "texture": "#iron", "uv": [ 0.0, 0.0, 1.0, 0.5 ] },
								"up": { "texture": "#iron", "uv": [ 0.0, 0.0, 0.25, 1.0 ] },
								"down": { "texture": "#iron", "uv": [ 0.0, 0.0, 0.25, 1.0 ] }
							}
						}
					]
				},
				{
					"name": "Trigger",
					"from": [ 0.2, -1.5, 6.2 ], 
					"to": [ 0.6, -0.8, 6.4 ], 
					"rotationOrigin": [ 0.0, -1.5, 6.2 ],
					"faces": {
						"north": { "texture": "#iron", "uv": [ 0.0, 0.0, 0.25, 0.5 ] },
						"east": { "texture": "#iron", "uv": [ 0.0, 0.0, 0.25, 0.5 ] },
						"south": { "texture": "#iron", "uv": [ 0.0, 0.0, 0.25, 0.5 ] },
						"west": { "texture": "#iron", "uv": [ 0.0, 0.0, 0.25, 0.5 ] },
						"up": { "texture": "#iron", "uv": [ 0.0, 0.0, 0.25, 0.5 ] },
						"down": { "texture": "#iron", "uv": [ 0.0, 0.0, 0.25, 0.5 ] }
					},
					"children": [
						{
							"name": "Trigger8",
							"from": [ -0.01, -0.2, -0.3 ], 
							"to": [ 0.41, 0.3, -0.1 ], 
							"rotationOrigin": [ -0.2, -0.2, -0.3 ],
							"rotationX": 45.0,
							"faces": {
								"north": { "texture": "#iron", "uv": [ 0.0, 0.0, 0.25, 0.5 ] },
								"east": { "texture": "#iron", "uv": [ 0.0, 0.0, 0.25, 0.5 ] },
								"south": { "texture": "#iron", "uv": [ 0.0, 0.0, 0.25, 0.5 ] },
								"west": { "texture": "#iron", "uv": [ 0.0, 0.0, 0.25, 0.5 ] },
								"up": { "texture": "#iron", "uv": [ 0.0, 0.0, 0.25, 0.5 ] },
								"down": { "texture": "#iron", "uv": [ 0.0, 0.0, 0.25, 0.5 ] }
							}
						}
					]
				}
			]
		}
	]}
