{
	"editor": {
		"allAngles": false,
		"entityTextureMode": false
	},
	"textureWidth": 16,
	"textureHeight": 16,
	"textureSizes": {
	},
	"textures": {
		"lath": "game:block/metal/ingot/copper",
		"linen": "game:block/linen",
		"wood": "game:item/tool/material/handle",
		"handle": "game:item/tool/material/handle",
		"copper": "game:block/metal/ingot/iron"
	},
	"elements": [
		{
			"name": "Stock",
			"from": [ 7.5, 0.0, 8.0 ], 
			"to": [ 8.5, 1.0, 10.0 ], 
			"rotationOrigin": [ 8.5, 0.0, 8.0 ],
			"faces": {
				"north": { "texture": "#wood", "uv": [ 0.0, 0.0, 2.0, 2.0 ], "autoUv": false },
				"east": { "texture": "#wood", "uv": [ 0.0, 0.0, 4.0, 2.0 ], "autoUv": false },
				"south": { "texture": "#wood", "uv": [ 0.0, 0.0, 2.0, 2.0 ], "autoUv": false },
				"west": { "texture": "#wood", "uv": [ 0.0, 0.0, 4.0, 2.0 ], "autoUv": false },
				"up": { "texture": "#wood", "uv": [ 0.0, 0.0, 2.0, 4.0 ], "autoUv": false },
				"down": { "texture": "#wood", "uv": [ 0.0, 0.0, 2.0, 4.0 ], "autoUv": false }
			},
			"children": [
				{
					"name": "Lath",
					"from": [ -2.5, 0.3, -0.5 ], 
					"to": [ 3.5, 1.0, 0.0 ], 
					"rotationOrigin": [ 0.5, 0.3, -0.5 ],
					"faces": {
						"north": { "texture": "#lath", "uv": [ 0.0, 0.0, 6.0, 0.5 ] },
						"east": { "texture": "#lath", "uv": [ 0.0, 0.0, 0.5, 0.5 ] },
						"south": { "texture": "#lath", "uv": [ 0.0, 0.0, 6.0, 0.5 ] },
						"west": { "texture": "#lath", "uv": [ 0.0, 0.0, 0.5, 0.5 ] },
						"up": { "texture": "#lath", "uv": [ 0.0, 0.0, 6.0, 0.5 ] },
						"down": { "texture": "#lath", "uv": [ 0.0, 0.0, 6.0, 0.5 ] }
					},
					"children": [
						{
							"name": "LathLeft",
							"from": [ -3.9, 0.0, 0.0 ], 
							"to": [ 0.1, 0.7, 0.5 ], 
							"rotationOrigin": [ 0.1, 0.0, 0.0 ],
							"rotationY": 22.5,
							"faces": {
								"north": { "texture": "#lath", "uv": [ 0.0, 0.0, 4.0, 0.5 ] },
								"east": { "texture": "#lath", "uv": [ 0.0, 0.0, 0.5, 0.5 ] },
								"south": { "texture": "#lath", "uv": [ 0.0, 0.0, 4.0, 0.5 ] },
								"west": { "texture": "#lath", "uv": [ 0.0, 0.0, 0.5, 0.5 ] },
								"up": { "texture": "#lath", "uv": [ 0.0, 0.0, 4.0, 0.5 ] },
								"down": { "texture": "#lath", "uv": [ 0.0, 0.0, 4.0, 0.5 ] }
							},
							"children": [
								{
									"name": "StringLeft",
									"from": [ 0.0, 0.7, 0.3 ], 
									"to": [ 6.5, 0.9, 0.5 ], 
									"rotationOrigin": [ 0.0, 1.0, 0.3 ],
									"rotationY": -22.5,
									"faces": {
										"north": { "texture": "#linen", "uv": [ 0.0, 0.0, 6.5, 0.5 ] },
										"east": { "texture": "#linen", "uv": [ 0.0, 0.0, 0.5, 0.5 ] },
										"south": { "texture": "#linen", "uv": [ 0.0, 0.0, 6.5, 0.5 ] },
										"west": { "texture": "#linen", "uv": [ 0.0, 0.0, 0.5, 0.5 ] },
										"up": { "texture": "#linen", "uv": [ 0.0, 0.0, 6.5, 0.5 ] },
										"down": { "texture": "#linen", "uv": [ 0.0, 0.0, 6.5, 0.5 ] }
									}
								}
							]
						},
						{
							"name": "LathRight",
							"from": [ 5.9, 0.0, 0.0 ], 
							"to": [ 9.9, 0.7, 0.5 ], 
							"rotationOrigin": [ 5.9, 0.0, 0.0 ],
							"rotationY": -22.5,
							"faces": {
								"north": { "texture": "#lath", "uv": [ 0.0, 0.0, 4.0, 0.5 ] },
								"east": { "texture": "#lath", "uv": [ 0.0, 0.0, 0.5, 0.5 ] },
								"south": { "texture": "#lath", "uv": [ 0.0, 0.0, 4.0, 0.5 ] },
								"west": { "texture": "#lath", "uv": [ 0.0, 0.0, 0.5, 0.5 ] },
								"up": { "texture": "#lath", "uv": [ 0.0, 0.0, 4.0, 0.5 ] },
								"down": { "texture": "#lath", "uv": [ 0.0, 0.0, 4.0, 0.5 ] }
							},
							"children": [
								{
									"name": "StringRight",
									"from": [ 4.0, 0.7, 0.5 ], 
									"to": [ 10.5, 0.9, 0.7 ], 
									"rotationOrigin": [ 4.0, 1.0, 0.5 ],
									"rotationY": -157.5,
									"faces": {
										"north": { "texture": "#linen", "uv": [ 0.0, 0.0, 6.5, 0.5 ] },
										"east": { "texture": "#linen", "uv": [ 0.0, 0.0, 0.5, 0.5 ] },
										"south": { "texture": "#linen", "uv": [ 0.0, 0.0, 6.5, 0.5 ] },
										"west": { "texture": "#linen", "uv": [ 0.0, 0.0, 0.5, 0.5 ] },
										"up": { "texture": "#linen", "uv": [ 0.0, 0.0, 6.5, 0.5 ] },
										"down": { "texture": "#linen", "uv": [ 0.0, 0.0, 6.5, 0.5 ] }
									}
								}
							]
						}
					]
				},
				{
					"name": "Stock7",
					"from": [ 0.0, 0.4, 2.0 ], 
					"to": [ 1.0, 1.0, 5.2 ], 
					"rotationOrigin": [ 1.0, 0.0, 2.0 ],
					"faces": {
						"north": { "texture": "#wood", "uv": [ 0.0, 0.0, 2.0, 1.0 ], "autoUv": false },
						"east": { "texture": "#wood", "uv": [ 0.0, 0.0, 6.0, 1.0 ], "autoUv": false },
						"south": { "texture": "#wood", "uv": [ 0.0, 0.0, 2.0, 1.0 ], "autoUv": false },
						"west": { "texture": "#wood", "uv": [ 0.0, 0.0, 6.0, 1.0 ], "autoUv": false },
						"up": { "texture": "#wood", "uv": [ 0.0, 0.0, 2.0, 6.0 ], "autoUv": false },
						"down": { "texture": "#wood", "uv": [ 0.0, 0.0, 2.0, 6.0 ], "autoUv": false }
					}
				},
				{
					"name": "Stock8",
					"from": [ 0.05, 0.4, 5.0 ], 
					"to": [ 0.95, 1.0, 8.0 ], 
					"rotationOrigin": [ 1.0, 0.0, 5.0 ],
					"rotationX": 10.0,
					"faces": {
						"north": { "texture": "#wood", "uv": [ 0.0, 0.0, 2.0, 1.0 ], "autoUv": false },
						"east": { "texture": "#wood", "uv": [ 0.0, 0.0, 6.0, 1.0 ], "autoUv": false },
						"south": { "texture": "#wood", "uv": [ 0.0, 0.0, 2.0, 1.0 ], "autoUv": false },
						"west": { "texture": "#wood", "uv": [ 0.0, 0.0, 6.0, 1.0 ], "autoUv": false },
						"up": { "texture": "#wood", "uv": [ 0.0, 0.0, 2.0, 6.0 ], "autoUv": false },
						"down": { "texture": "#wood", "uv": [ 0.0, 0.0, 2.0, 6.0 ], "autoUv": false }
					}
				},
				{
					"name": "Stock9",
					"from": [ 0.05, 0.01, 2.16 ], 
					"to": [ 0.95, 0.61, 3.26 ], 
					"rotationOrigin": [ 1.0, -0.4, 2.1 ],
					"rotationX": -22.5,
					"faces": {
						"north": { "texture": "#wood", "uv": [ 0.0, 0.0, 1.0, 1.0 ], "autoUv": false },
						"east": { "texture": "#wood", "uv": [ 0.0, 0.0, 2.0, 1.0 ], "autoUv": false },
						"south": { "texture": "#wood", "uv": [ 0.0, 0.0, 1.0, 1.0 ], "autoUv": false },
						"west": { "texture": "#wood", "uv": [ 0.0, 0.0, 2.0, 1.0 ], "autoUv": false },
						"up": { "texture": "#wood", "uv": [ 0.0, 0.0, 1.0, 2.0 ], "autoUv": false },
						"down": { "texture": "#wood", "uv": [ 0.0, 0.0, 1.0, 2.0 ], "autoUv": false }
					}
				},
				{
					"name": "Trigger",
					"from": [ 0.35, -0.5, 5.5 ], 
					"to": [ 0.65, 0.8, 5.7 ], 
					"rotationOrigin": [ 0.2, -0.5, 5.5 ],
					"rotationX": -45.0,
					"faces": {
						"north": { "texture": "#lath", "uv": [ 0.0, 0.0, 0.5, 1.0 ] },
						"east": { "texture": "#lath", "uv": [ 0.0, 0.0, 0.5, 1.0 ] },
						"south": { "texture": "#lath", "uv": [ 0.0, 0.0, 0.5, 1.0 ] },
						"west": { "texture": "#lath", "uv": [ 0.0, 0.0, 0.5, 1.0 ] },
						"up": { "texture": "#lath", "uv": [ 0.0, 0.0, 0.5, 0.5 ] },
						"down": { "texture": "#lath", "uv": [ 0.0, 0.0, 0.5, 0.5 ] }
					}
				}
			]
		}
	]}
