[	
	{
		"op": "add",
		"file": "game:blocktypes/wood/trough-small.json",
        "path": "/attributes/contentConfig/0/foodFor/-",
        "value": "feverstonewilds:ostrich-*",
        "condition": { "when": "FSWOstrichEnabled", "isValue": "true" }
	},
	{
		"op": "add",
		"file": "game:blocktypes/wood/trough-small.json",
        "path": "/attributes/contentConfig/1/foodFor/-",
        "value": "feverstonewilds:ostrich-*",
        "condition": { "when": "FSWOstrichEnabled", "isValue": "true" }
	},
	{
		"op": "add",
		"file": "game:blocktypes/wood/trough-small.json",
        "path": "/attributes/contentConfig/2/foodFor/-",
        "value": "feverstonewilds:ostrich-*",
        "condition": { "when": "FSWOstrichEnabled", "isValue": "true" }
	},
	{
		"op": "add",
		"file": "game:blocktypes/wood/trough-small.json",
        "path": "/attributes/contentConfig/3/foodFor/-",
        "value": "feverstonewilds:ostrich-*",
        "condition": { "when": "FSWOstrichEnabled", "isValue": "true" }
	},
	{
		"op": "add",
		"file": "game:blocktypes/wood/trough-small.json",
        "path": "/attributes/contentConfig/4/foodFor/-",
        "value": "feverstonewilds:ostrich-*",
        "condition": { "when": "FSWOstrichEnabled", "isValue": "true" }
	},
	{
		"op": "add",
		"file": "game:blocktypes/wood/trough-small.json",
        "path": "/attributes/contentConfig/5/foodFor/-",
        "value": "feverstonewilds:ostrich-*",
        "condition": { "when": "FSWOstrichEnabled", "isValue": "true" }
	}
]