[
    // Horses
    {
        "op": "add",
        "path": "/attributes/contentConfig/0/foodFor/0",
        "value": "feverstonewilds:horse-*",
        "file": "game:blocktypes/wood/trough-large.json",
        "condition": { "when": "FSWHorseEnabled", "isValue": "true" }
    },
    {
        "op": "add",
        "path": "/attributes/contentConfig/2/foodFor/0",
        "value": "feverstonewilds:horse-*",
        "file": "game:blocktypes/wood/trough-large.json",
        "condition": { "when": "FSWHorseEnabled", "isValue": "true" }
    },
    {
        "op": "add",
        "path": "/attributes/contentConfig/3/foodFor/0",
        "value": "feverstonewilds:horse-*",
        "file": "game:blocktypes/wood/trough-large.json",
        "condition": { "when": "FSWHorseEnabled", "isValue": "true" }
    },
    {
        "op": "add",
        "path": "/attributes/contentConfig/8/foodFor/0",
        "value": "feverstonewilds:horse-*",
        "file": "game:blocktypes/wood/trough-large.json",
        "condition": { "when": "FSWHorseEnabled", "isValue": "true" }
    },
    {
        "op": "add",
        "path": "/attributes/contentConfig/16/foodFor/0",
        "value": "feverstonewilds:horse-*",
        "file": "game:blocktypes/wood/trough-large.json",
        "condition": { "when": "FSWHorseEnabled", "isValue": "true" }
    },
    {
        "op": "add",
        "path": "/attributes/contentConfig/17/foodFor/0",
        "value": "feverstonewilds:horse-*",
        "file": "game:blocktypes/wood/trough-large.json",
        "condition": { "when": "FSWHorseEnabled", "isValue": "true" }
    },

    // Bison
    {
        "op": "add",
        "path": "/attributes/contentConfig/0/foodFor/0",
        "value": "feverstonewilds:bison-*",
        "file": "game:blocktypes/wood/trough-large.json",
        "condition": { "when": "FSWBisonEnabled", "isValue": "true" }
    },
    {
        "op": "add",
        "path": "/attributes/contentConfig/2/foodFor/0",
        "value": "feverstonewilds:bison-*",
        "file": "game:blocktypes/wood/trough-large.json",
        "condition": { "when": "FSWBisonEnabled", "isValue": "true" }
    },
    {
        "op": "add",
        "path": "/attributes/contentConfig/3/foodFor/0",
        "value": "feverstonewilds:bison-*",
        "file": "game:blocktypes/wood/trough-large.json",
        "condition": { "when": "FSWBisonEnabled", "isValue": "true" }
    },
    {
        "op": "add",
        "path": "/attributes/contentConfig/8/foodFor/0",
        "value": "feverstonewilds:bison-*",
        "file": "game:blocktypes/wood/trough-large.json",
        "condition": { "when": "FSWBisonEnabled", "isValue": "true" }
    },
    {
        "op": "add",
        "path": "/attributes/contentConfig/16/foodFor/0",
        "value": "feverstonewilds:bison-*",
        "file": "game:blocktypes/wood/trough-large.json",
        "condition": { "when": "FSWBisonEnabled", "isValue": "true" }
    },
    {
        "op": "add",
        "path": "/attributes/contentConfig/17/foodFor/0",
        "value": "feverstonewilds:bison-*",
        "file": "game:blocktypes/wood/trough-large.json",
        "condition": { "when": "FSWBisonEnabled", "isValue": "true" }
    }
]