﻿{
	"code": "candiedfruit",
	"maxstacksize": 64,
	"variantgroups": [
		{ "code": "fruit",  "loadFromProperties": "block/fruit", "states": ["apple"] }
	],
	"skipVariants": ["*-pinkapple", "*-redapple", "*-yellowapple"],
	"shape": { "base": "item/food/candy/fruit/{fruit}" },
	"creativeinventory": { "general": ["*"], "items": ["*"], "expandedfoods": ["*"] },
	"materialDensity": 600,
	"heldTpIdleAnimation":"holdbothhands",
	nutritionPropsByType: {
		"*-saguaro": { satiety: 180, health: 3, foodcategory: "Fruit" },
		"*-cranberry": { satiety: 180, health: 1, foodcategory: "Fruit" },
		"*-cherry": { satiety: 160, health: 1, foodcategory: "Fruit" },
		"*-lychee": { satiety: 160, health: 1, foodcategory: "Fruit" },
		"*-breadfruit": { satiety: 320, health: 1, foodcategory: "Fruit" },
		"*": { satiety: 200, health: 1, foodcategory: "Fruit" }
	},
	transitionablePropsByType: {
		"*-cranberry": [{
			type: "Perish",
			freshHours: { avg: 1440 },
			transitionHours: { avg: 12 },
			transitionedStack: { type: "item", code: "game:rot" },
			transitionRatio: 0.25
		}],
        "@*-(orange|mango|lychee|pomegranate)": [{
            type: "Perish",
            freshHours: { avg: 5400 },
            transitionHours: { avg: 48 },
            transitionedStack: { type: "item", code: "game:rot" },
            transitionRatio: 0.25
        }],
        "@*-(apple|pear|breadfruit)": [{
            type: "Perish",
            freshHours: { avg: 9600 },
            transitionHours: { avg: 48 },
            transitionedStack: { type: "item", code: "game:rot" },
            transitionRatio: 0.25
        }],
		"*": [{
			type: "Perish",
			freshHours: { avg: 720 },
			transitionHours: { avg: 12 },
			transitionedStack: { type: "item", code: "game:rot" },
			transitionRatio: 0.25
		}]
	},
	guiTransformByType: {
		"*-pomegranate": {
			rotation: { x: 180, y: -86, z: 36 },
			origin: { x: 0.5, y: 0.1, z: 0.5 },
			scale: 2
		},
		"*-lychee": {
			rotation: { x: 151, y: 31, z: -14 },
			origin: { x: 0.4, y: 0.05, z: 0.5 },
			scale: 2.8
		},
		"*-breadfruit": {
			rotation: { x: 172, y: -63, z: 33 },
			origin: { x: 0.5, y: 0.1, z: 0.55 },
			scale: 2.25
		},
		"*-pineapple": {
			translation: { x: 2, y: 3, z: 0 },
			rotation: { x: 127, y: 180, z: 23 },
			origin: { x: 0.55, y: 0.05, z: 0.5 },
			scale: 2
		},
		"*-blueberry": {
			translation: { x: 0, y: 0, z: 0 },
			rotation: { x: 128, y: 33, z: 14 },
			origin: { x: 0.5, y: 0.0, z: 0.6 },
			scale: 2.6
		},
		"@*-(redcurrant|whitecurrant|blackcurrant)": {
			translation: { x: 0, y: 0, z: 0 },
			rotation: { x: 83, y: -103, z: -55 },
			origin: { x: 0.53, y: 0.05, z: 0.53 },
			scale: 2.6
		},
		"*-cranberry": {
			translation: { x: -3, y: 0, z: 0 },
			rotation: { x: 134, y: -39, z: 18 },
			origin: { x: 0.5, y: 0, z: 0.6 },
			scale: 2.6
		},
		"*-saguaro": {
			translation: { x: 3, y: 0, z: 0 },
			rotation: { x: -59, y: -112, z: 180 },
			origin: { x: 0.5, y: 0.1, z: 0.5 },
			scale: 2
		},
		"@*(-apple|-cherry|-orange)": {
			translation: { x: 0, y: 3, z: 0 },
			rotation: { x: 171, y: -63, z: 33 },
			origin: { x: 0.5, y: 0, z: 0.5 },
			scale: 2.6
		},
		"*-mango": {
			translation: { x: 3, y: 3, z: 0 },
			rotation: { x: 171, y: -63, z: 33 },
			origin: { x: 0.5, y: 0, z: 0.5 },
			scale: 2.5
		},
		"*-cherry": {
			translation: { x: 2, y: 6, z: 0 },
			rotation: { x: 159, y: -2, z: 28 },
			origin: { x: 0.5, y: 0, z: 0.5 },
			scale: 2.6
		},
		"*-peach": {
			translation: { x: 3, y: 3, z: 0 },
			rotation: { x: 171, y: -63, z: 33 },
			origin: { x: 0.5, y: 0, z: 0.5 },
			scale: 2.6
		},
		"*-pear": {
			translation: { x: 0, y: 0, z: 0 },
			rotation: { x: 171, y: -63, z: 33 },
			origin: { x: 0.5, y: 0.05, z: 0.55 },
			scale: 2.6
		}
	},
	fpHandTransformByType: {
		"*-pomegranate": {
			rotation: { x: 180, y: -90, z: 180 },
			origin: { x: 0.5, y: 0, z: 0.5 },
			scale: 1.8
		},
		"*-lychee": {
			translation: { x: 0, y: 0.12, z: 0 },
			rotation: { x: 0, y: 47, z: 2 },
			origin: { x: 0.6, y: 0.1, z: 0.5 },
			scale: 1.2
		},
		"*-breadfruit": {
			translation: { x: 0.3, y: -0.1, z: 0 },
			rotation: { x: 0, y: 85, z: 0 },
			origin: { x: 0.5, y: 1.2, z: 0.5 },
			scale: 2
		},
		"*-pineapple": {
			translation: { x: 0, y: 0.22, z: 0 },
			rotation: { x: 31, y: 10, z: 2 },
			origin: { x: 0.7, y: 0.1, z: 0.5 },
			scale: 1.74
		},
		"@*-(blueberry|cranberry)": {
			rotation: { x: -1, y: -1, z: 0 },
			origin: { x: 0.2, y: 0.3, z: 0.7 }
		},
		"@*-saguaro": {
			translation: { x: 0, y: 0.24, z: 0.3 },
			rotation: { x: 15, y: 0, z: 0 },
			scale: 1.5
		},
		"@*-(redcurrant|whitecurrant|blackcurrant)": {
			translation: { x: 0, y: 0, z: 0 },
			rotation: { x: 13, y: 24, z: 0 },
			origin: { x: 0.3, y: 0.2, z: 0.3 }
		},
		"@*(-apple|-cherry|-peach|-pear|-orange|-mango)": {
			translation: { x: 0, y: -0.05, z: 0 },
			rotation: { x: 33, y: 90, z: -32 },
			origin: { x: 0.5, y: 1.2, z: 0.5 },
			scale: 2
		},
		"*-cherry": {
			translation: { x: 0, y: -0.05, z: 0 },
			rotation: { x: 3, y: 12, z: 9 },
			origin: { x: 0.5, y: 2, z: 0.5 },
			scale: 2
		}
	},
	tpHandTransformByType: {
		"*-pomegranate": {
			translation: { x: -1.28, y: -0.2, z: -1.24 },
			rotation: { x: -137, y: -62, z: -14 },
			origin: { x: 0.5, y: 0, z: 0.5 },
			scale: 0.4
		},
		"*-lychee": {
			translation: { x: -1.6, y: -0.43, z: -1.65 },
			rotation: { x: 103, y: -90, z: 78 },
			origin: { x: 0.7, y: 0.1, z: 0.7 },
			scale: 0.38
		},
		"*-breadfruit": {
			translation: { x: -1.75, y: -0.43, z: -1.51 },
			rotation: { x: 40, y: 3, z: -180 },
			origin: { x: 0.8, y: 0.1, z: 0.6 },
			scale: 0.42
		},
		"*-pineapple": {
			translation: { x: -1.25, y: -0.6, z: -1.3 },
			rotation: { x: -136, y: 0, z: -25 },
			origin: { x: 0.5, y: 0.1, z: 0.5 },
			scale: 0.4
		},
		"*-saguaro": {
			translation: { x: -1.3, y: -1.2, z: -1.4 },
			rotation: { x: -142, y: 0, z: -11 },
			origin: { x: 0.5, y: 0.3, z: 0.5 },
			scale: 0.4
		},
		"*-blueberry": {
			translation: { x: -1.5, y: -1.85, z: -1.5 },
			rotation: { x: -2, y: -57, z: -140 },
			scale: 0.4
		},
		"@*-(cranberry|redcurrant|whitecurrant|blackcurrant)": {
			translation: { x: -1.5, y: -1.75, z: -1.5 },
			rotation: { x: 180, y: -124, z: 54 },
			scale: 0.4
		},
		"@*(-apple|-cherry|-peach|-pear|-orange|-mango)": {
			translation: { x: -1.18, y: -1.17, z: -1.04 },
			rotation: { x: 36, y: -62, z: 10 },
			scale: 0.4
		}
	},
	groundTransformByType: {
		"*-pomegranate": {
			translation: { x: 0, y: 0.07, z: 0 },
			rotation: { x: 90, y: 0, z: 0 },
			origin: { x: 0.5, y: 0.5, z: 0.53 },
			scale: 1.8
		},
		"*-lychee": {
			translation: { x: 0, y: 0, z: 0 },
			rotation: { x: 0, y: 0, z: -3 },
			origin: { x: 0.47, y: 0, z: 0.5 },
			scale: 3.5
		},
		"*-breadfruit": {
			translation: { x: 0, y: 0, z: 0 },
			rotation: { x: 0, y: 0, z: -3 },
			origin: { x: 0.5, y: 0, z: 0.5 },
			scale: 2.3
		},
		"*-pineapple": {
			translation: { x: 0, y: 0, z: 0 },
			rotation: { x: 0, y: 0, z: -3 },
			origin: { x: 0.47, y: 0, z: 0.5 },
			scale: 2.35
		},
		"*-saguaro": {
			translation: { x: 0, y: 0, z: 0 },
			rotation: { x: 0, y: 0, z: 0 },
			origin: { x: 0.5, y: 0, z: 0.5 },
			scale: 2.3
		},
		"@*-(apple|cherry|peach|pear|orange|mango)": {
			translation: { x: 0, y: 0, z: 0 },
			rotation: { x: 0, y: 0, z: 0 },
			origin: { x: 0.5, y: 0, z: 0.5 },
			scale: 3.4
		},
		"@*-(redcurrant|whitecurrant|blackcurrant|breadfruit)": {
			translation: { x: 0, y: 0.05, z: 0 },
			rotation: { x: 0, y: 0, z: 0 },
			origin: { x: 0.5, y: 0, z: 0.5 },
			scale: 2.3
		},
		"@*-(blueberry|cranberry)": {
			translation: { x: 0, y: 0.05, z: 0 },
			rotation: { x: 0, y: 0, z: 0 },
			origin: { x: 0.5, y: 0, z: 0.5 },
			scale: 2.3
		},
		"*": { 
			scale: 2.3
		}
	}
}