﻿{
	code: "limeegg",
	"class": "EggCrack",
	maxstacksize: 32,
	variantgroups: [
		{ code: "source", states: ["chicken", "pheasant", "goldenpheasant", "capercaillie"] },
	],
	texture: { base: "item/food/limeegg" },
	creativeinventory: { "general": ["*"], "items": ["*"], "expandedfoods": ["*"] },
	attributes: {
		"nutritionPropsWhenInMealByType": {
			"@*-(pheasant|goldenpheasant|capercaillie)": {
				saturation: 280,
				foodcategory: "Protein"
			},
			"*-chicken": {
				saturation: 200,
				foodcategory: "Protein"
			},
		},
		"inPieProperties": {
			"texture": "game:block/food/pie/fill-egg",
			"partType": "Filling"
		}
	},
	materialDensity: 200,
	fpHandTransform: {
		translation: { x: 0, y: -0.1, z: 0 },
		rotation: { x: 180, y: 90, z: 22 }
	},
	transitionableProps: [{
		type: "Perish",
		freshHours: { avg: 168 },
		transitionHours: { avg: 36 },
		transitionedStack: { type: "item", code: "game:rot" },
		transitionRatio: 0.5
	}]
}