﻿[
	{
		"op": "add",
		"path": "/server/behaviors/6/quantitySlots",
		"value": 8,
		"file": "game:entities/land/raccoon-male",
		"side": "Server"
	},
	{
		"op": "add",
		"path": "/server/behaviors/6/quantitySlots",
		"value": 8,
		"file": "game:entities/land/raccoon-female",
		"side": "Server"
	},
	{
		"op": "add",
		"path": "/server/behaviors/6/drops/-",
		"value": {
			type: "item",
			code: "ancienttools:brain",
			quantity: { avg: 0.25, var: 0 } 
		},
		"file": "game:entities/land/raccoon-male",
		"side": "Server"
	},
	{
		"op": "add",
		"path": "/server/behaviors/6/drops/-",
		"value": {
			type: "item",
			code: "ancienttools:brain",
			quantity: { avg: 0.25, var: 0 } 
		},
		"file": "game:entities/land/raccoon-female",
		"side": "Server"
	},
	{
		"op": "add",
		"path": "/client/behaviors/4/quantitySlots",
		"value": 8,
		"file": "game:entities/land/raccoon-male",
		"side": "Server"
	},
	{
		"op": "add",
		"path": "/client/behaviors/4/quantitySlots",
		"value": 8,
		"file": "game:entities/land/raccoon-female",
		"side": "Server"
	},
]